weak_area,video_title,video_url,video_duration,difficulty_level,content_quality_score,student_suitability_score,recommendation_score
Multiplication,Understanding Multiplication,https://youtu.be/_PyA3CJ-V98?si=mTi02JfyOo0ydPLR,13:18,Intermediate,8.8,7.461,7.833
Ordering Fractions,How to Order Fractions,https://www.youtube.com/watch?v=i2PfHDs88YE,6:33,Beginner,8.8,9.334,8.592
Ordering Fractions,Introduction to Ordering Fractions,https://youtu.be/rL18ZMgCeKU?si=nixffH9YSe3hdGgm,12:04,Beginner,8.2,9.509,8.392
Subtraction,Smart Subtraction,https://youtu.be/3fYgZgbOJmM?si=0Xq66JMU0XrVlOsn,13:38,Intermediate,7.9,9.065,7.855
Subtraction,Subtracting Whole Numbers,https://www.youtube.com/watch?v=z4bTlVxU9C0,8:40,Beginner,8.7,8.212,8.213
Addition,Multi-Digit Addition,https://youtu.be/mAvuom42NyY?si=3Om627A44-sGimLU,6:28,Beginner,8.5,9.356,8.722
Addition,Add Numbers Faster,https://youtu.be/-x2yAOt_XFY?si=9WXX46kdbQDVhgO8,4:48,Advanced,8.8,9.831,8.706
Division,Smart Long Division,https://youtu.be/HJYHNxS64f0?si=PJiPytkuwiCJhiuV,14:40,Advanced,8.9,7.947,7.838
Division,Smart Long Division,https://youtu.be/HJYHNxS64f0?si=PJiPytkuwiCJhiuV,14:40,Advanced,8.9,9.479,8.381
Multiplication,Understanding Multiplication,https://youtu.be/_PyA3CJ-V98?si=mTi02JfyOo0ydPLR,13:18,Intermediate,8.8,8.114,7.985
Division,Smart Long Division,https://youtu.be/HJYHNxS64f0?si=PJiPytkuwiCJhiuV,14:40,Advanced,8.9,7.319,7.646
Addition,Adding Three Decimals,https://youtu.be/sQ1W919fgq8?si=V7TgnmmWgHYc_A5P,4:55,Beginner,8.2,8.42,8.025
Subtraction,Subtracting Large Numbers,https://youtu.be/HlxqCdDrbdc?si=1RAFlZfZuuD3LnjX,5:04,Intermediate,8.0,8.282,7.937
Subtraction,Multi-Digit Subtraction,https://youtu.be/Y6M89-6106I?si=6dT-roRnqAH6OHdl,6:56,Beginner,8.3,7.522,7.966
Ordering Fractions,Mastering Fractions,https://youtu.be/XvjQcHbUNNw?si=Xyv5SPufpJclBZIf,8:00,Advanced,8.7,8.805,8.31
Fractions to Decimals,Introduction to Fractions to Decimals,https://youtu.be/pDs4a4ijqh0?si=ktPINIYpIFYNILOV,8:00,Intermediate,8.0,7.708,7.553
Subtraction,Smart Subtraction,https://youtu.be/3fYgZgbOJmM?si=0Xq66JMU0XrVlOsn,13:38,Intermediate,7.9,7.654,7.398
Fractions to Decimals,Convert any Fraction to a Decimal,https://youtu.be/do_IbHId2Os?si=WyTbHiTgY6AaEz_L,6:43,Beginner,8.4,7.444,8.001
Multiplication,Box Method Multiplication,https://youtu.be/n3q3XzzIGSY?si=goczDT3wCWGEkSvm,7:19,Intermediate,8.0,8.969,7.985
Subtraction,Smart Subtraction,https://youtu.be/3fYgZgbOJmM?si=0Xq66JMU0XrVlOsn,13:38,Intermediate,7.9,9.367,8.004
Subtraction,Subtracting Large Numbers,https://youtu.be/HlxqCdDrbdc?si=1RAFlZfZuuD3LnjX,5:04,Intermediate,8.0,9.955,8.587
Ordering Fractions,Mastering Fractions,https://youtu.be/XvjQcHbUNNw?si=Xyv5SPufpJclBZIf,8:00,Advanced,8.7,9.528,8.35
Subtraction,Smart Subtraction,https://youtu.be/3fYgZgbOJmM?si=0Xq66JMU0XrVlOsn,13:38,Intermediate,7.9,8.022,7.55
Subtraction,Subtracting Whole Numbers,https://www.youtube.com/watch?v=z4bTlVxU9C0,8:40,Beginner,8.7,8.055,8.311
Simplifying Fractions,Learn Fraction Simplification,https://youtu.be/IuB8yTJ0-hk?si=8-bnaKA-irwAua1m,6:20,Intermediate,8.0,8.982,8.073
Addition,Add Numbers Faster,https://youtu.be/-x2yAOt_XFY?si=9WXX46kdbQDVhgO8,4:48,Advanced,8.8,8.703,8.25
Comparing Fractions,Comparing Fractions with different Denominators,https://youtu.be/d6fCqzuWjbo?si=eVQb7MoRlFCtsvGj,10:11,Intermediate,8.6,8.991,8.268
Addition,Decimal Arithmetic,https://www.youtube.com/watch?v=kwh4SD1ToFc,12:14,Intermediate,9.0,9.242,8.279
Simplifying Fractions,How to Simplify Fractions,https://youtu.be/R-FXE3g8GpU?si=TcmelTK3iD3Nzco1,16:06,Intermediate,8.7,7.565,7.639
Addition,Adding Large Numbers,https://youtu.be/T9asFgfN5bg?si=CI2z3n21hND5aFvQ,5:03,Intermediate,7.8,9.167,8.111
Division,Long Division for Grade 7,https://www.youtube.com/watch?v=J15nbHRpSiQ,19:57,Beginner,9.0,9.599,8.409
Addition,Adding Large Numbers,https://youtu.be/T9asFgfN5bg?si=CI2z3n21hND5aFvQ,5:03,Intermediate,7.8,8.802,8.07
Simplifying Fractions,Learn Fraction Simplification,https://youtu.be/IuB8yTJ0-hk?si=8-bnaKA-irwAua1m,6:20,Intermediate,8.0,7.764,7.725
Simplifying Fractions,Learn Fraction Simplification,https://youtu.be/IuB8yTJ0-hk?si=8-bnaKA-irwAua1m,6:20,Intermediate,8.0,8.723,8.117
Multiplication,Multi-Digit Multiplication,https://youtu.be/dNSrfoYLQZU?si=fjPUGvSBAA5fmj_V,5:02,Advanced,8.3,7.991,7.727
Ordering Fractions,How to Order Fractions,https://www.youtube.com/watch?v=i2PfHDs88YE,6:33,Beginner,8.8,8.629,8.561
Fractions to Decimals,Introduction to Fractions to Decimals,https://youtu.be/pDs4a4ijqh0?si=ktPINIYpIFYNILOV,8:00,Intermediate,8.0,8.459,8.032
Comparing Fractions,Mastering Comparing Fractions,https://youtu.be/PEqV48jMeXw?si=55QJueBjYIoAgbk0,11:09,Advanced,8.7,7.175,7.39
Simplifying Fractions,Reducing Fractions to Simplest Form,https://youtu.be/gVls1-gjIn0?si=vXNqJqUYBvTrC8xT,11:19,Advanced,8.5,7.075,7.466
Division,Basic Division,https://youtu.be/KGMf314LUc0?si=jxaKi8tja1iw8LUl,9:57,Beginner,8.4,7.203,7.768
Fractions to Decimals,Introduction to Fractions to Decimals,https://youtu.be/pDs4a4ijqh0?si=ktPINIYpIFYNILOV,8:00,Intermediate,8.0,7.121,7.356
Comparing Fractions,Comparing Fractions with different Denominators,https://youtu.be/d6fCqzuWjbo?si=eVQb7MoRlFCtsvGj,10:11,Intermediate,8.6,8.212,8.058
Addition,Multi-Digit Addition,https://youtu.be/mAvuom42NyY?si=3Om627A44-sGimLU,6:28,Beginner,8.5,9.424,8.779
Addition,Multi-Digit Addition,https://youtu.be/mAvuom42NyY?si=3Om627A44-sGimLU,6:28,Beginner,8.5,8.283,8.119
Subtraction,Multi-Digit Subtraction,https://youtu.be/Y6M89-6106I?si=6dT-roRnqAH6OHdl,6:56,Beginner,8.3,8.771,8.348
Comparing Fractions,Introduction to Comparing Fractions,https://www.youtube.com/watch?v=KNdUJQ_qd4U,6:30,Beginner,8.3,8.101,8.008
Comparing Fractions,Comparing Fractions,https://www.youtube.com/watch?v=u_QTuWj107o,7:42,Beginner,8.9,8.817,8.57
Simplifying Fractions,How to Simplify Fractions,https://youtu.be/R-FXE3g8GpU?si=TcmelTK3iD3Nzco1,16:06,Intermediate,8.7,9.674,8.476
Fractions to Decimals,How to Convert Fractions to Decimals,https://www.youtube.com/watch?v=guBVW5PiHLs&list=PPSV,8:29,Beginner,9.1,7.482,8.233
Ordering Fractions,Introduction to Ordering Fractions,https://youtu.be/rL18ZMgCeKU?si=nixffH9YSe3hdGgm,12:04,Beginner,8.2,7.854,7.926
Simplifying Fractions,Introduction to Simplifying Fractions,https://youtu.be/k73w_yZb9SM?si=sIcPAuwAjD24B_pV,7:30,Beginner,8.4,9.505,8.666
Simplifying Fractions,How to Simplify Fractions,https://youtu.be/R-FXE3g8GpU?si=TcmelTK3iD3Nzco1,16:06,Intermediate,8.7,9.176,8.106
Division,Smart Long Division,https://youtu.be/HJYHNxS64f0?si=PJiPytkuwiCJhiuV,14:40,Advanced,8.9,8.831,8.036
Ordering Fractions,Learn Ordering Fractions,https://youtu.be/QECYScPz4sA?si=qJW4l4BvbXma1lOP,10:15,Intermediate,8.5,7.74,7.889
Subtraction,Introduction to Subtraction,https://youtu.be/r3qKojj4g4g?si=-XA75LAElZS8jQOy,10:42,Advanced,8.6,8.25,7.846
Ordering Fractions,Mastering Fractions,https://youtu.be/XvjQcHbUNNw?si=Xyv5SPufpJclBZIf,8:00,Advanced,8.7,9.45,8.618
Subtraction,Smart Subtraction,https://youtu.be/3fYgZgbOJmM?si=0Xq66JMU0XrVlOsn,13:38,Intermediate,7.9,8.838,7.913
Addition,Adding Three Decimals,https://youtu.be/sQ1W919fgq8?si=V7TgnmmWgHYc_A5P,4:55,Beginner,8.2,8.516,8.459
Multiplication,Box Method Multiplication,https://youtu.be/n3q3XzzIGSY?si=goczDT3wCWGEkSvm,7:19,Intermediate,8.0,7.205,7.457
Ordering Fractions,How to Order Fractions,https://www.youtube.com/watch?v=i2PfHDs88YE,6:33,Beginner,8.8,7.026,7.985
Division,Smart Long Division,https://youtu.be/HJYHNxS64f0?si=PJiPytkuwiCJhiuV,14:40,Advanced,8.9,9.176,8.17
Simplifying Fractions,Simplifying Fractions,https://www.youtube.com/watch?v=AtBUQH8Tkqc&t=67s,8:30,Beginner,9.0,8.802,8.398
Comparing Fractions,Mastering Comparing Fractions,https://youtu.be/PEqV48jMeXw?si=55QJueBjYIoAgbk0,11:09,Advanced,8.7,9.298,8.183
Comparing Fractions,Comparing Fractions,https://www.youtube.com/watch?v=u_QTuWj107o,7:42,Beginner,8.9,8.752,8.685
Addition,Multi-Digit Addition,https://youtu.be/mAvuom42NyY?si=3Om627A44-sGimLU,6:28,Beginner,8.5,9.314,8.601
Ordering Fractions,Introduction to Ordering Fractions,https://youtu.be/rL18ZMgCeKU?si=nixffH9YSe3hdGgm,12:04,Beginner,8.2,7.969,7.825
Fractions to Decimals,Convert any Fraction to a Decimal,https://youtu.be/do_IbHId2Os?si=WyTbHiTgY6AaEz_L,6:43,Beginner,8.4,9.239,8.586
Division,Division Basics for Beginners,https://youtu.be/InIKW_tfhs4?si=i3EqqM2A_6JHTQYh,3:44,Intermediate,7.8,7.499,7.401
Fractions to Decimals,Mastering Fractions to Decimals,https://youtu.be/Mpv7AzOUOqg?si=dMjxnFwXU98D4MpH,9:06,Advanced,8.5,7.681,7.562
Simplifying Fractions,How to Simplify Fractions,https://youtu.be/R-FXE3g8GpU?si=TcmelTK3iD3Nzco1,16:06,Intermediate,8.7,7.856,7.743
Division,Long Division for Grade 7,https://www.youtube.com/watch?v=J15nbHRpSiQ,19:57,Beginner,9.0,8.05,8.253
Addition,Multi-Digit Addition,https://youtu.be/mAvuom42NyY?si=3Om627A44-sGimLU,6:28,Beginner,8.5,8.526,8.599
Addition,Adding Three Decimals,https://youtu.be/sQ1W919fgq8?si=V7TgnmmWgHYc_A5P,4:55,Beginner,8.2,8.423,8.165
Addition,Decimal Arithmetic,https://www.youtube.com/watch?v=kwh4SD1ToFc,12:14,Intermediate,9.0,7.336,7.801
Subtraction,Smart Subtraction,https://youtu.be/3fYgZgbOJmM?si=0Xq66JMU0XrVlOsn,13:38,Intermediate,7.9,8.03,7.642
Division,Division Basics for Beginners,https://youtu.be/InIKW_tfhs4?si=i3EqqM2A_6JHTQYh,3:44,Intermediate,7.8,8.271,7.785
Subtraction,Subtracting Whole Numbers,https://www.youtube.com/watch?v=z4bTlVxU9C0,8:40,Beginner,8.7,9.59,8.775
Ordering Fractions,Learn Ordering Fractions,https://youtu.be/QECYScPz4sA?si=qJW4l4BvbXma1lOP,10:15,Intermediate,8.5,9.571,8.373
Ordering Fractions,How to Order Fractions,https://www.youtube.com/watch?v=i2PfHDs88YE,6:33,Beginner,8.8,9.439,8.905
Comparing Fractions,Comparing Fractions,https://www.youtube.com/watch?v=u_QTuWj107o,7:42,Beginner,8.9,8.114,8.323
Fractions to Decimals,Convert any Fraction to a Decimal,https://youtu.be/do_IbHId2Os?si=WyTbHiTgY6AaEz_L,6:43,Beginner,8.4,7.358,7.817
Fractions to Decimals,How to Convert Fractions to Decimals,https://www.youtube.com/watch?v=guBVW5PiHLs&list=PPSV,8:29,Beginner,9.1,9.842,9.13
Comparing Fractions,Comparing Like Fractions,https://youtu.be/H3N5To5fO5U?si=Y3IFqQaqTK2GalSa,4:45,Intermediate,7.8,9.498,8.283
Multiplication,Understanding Multiplication,https://youtu.be/_PyA3CJ-V98?si=mTi02JfyOo0ydPLR,13:18,Intermediate,8.8,9.411,8.531
Ordering Fractions,Mastering Fractions,https://youtu.be/XvjQcHbUNNw?si=Xyv5SPufpJclBZIf,8:00,Advanced,8.7,9.314,8.359
Multiplication,Master Long Multiplication,https://youtu.be/GKetIwxaenA?si=9tvgkeqmmfUZ80xX,6:25,Beginner,8.5,8.682,8.472
Subtraction,Multi-Digit Subtraction,https://youtu.be/Y6M89-6106I?si=6dT-roRnqAH6OHdl,6:56,Beginner,8.3,9.198,8.603
Subtraction,Subtracting Whole Numbers,https://www.youtube.com/watch?v=z4bTlVxU9C0,8:40,Beginner,8.7,8.49,8.251
Simplifying Fractions,Learn Fraction Simplification,https://youtu.be/IuB8yTJ0-hk?si=8-bnaKA-irwAua1m,6:20,Intermediate,8.0,7.9,7.713
Comparing Fractions,Comparing Fractions,https://www.youtube.com/watch?v=u_QTuWj107o,7:42,Beginner,8.9,7.868,8.211
Comparing Fractions,Comparing Like Fractions,https://youtu.be/H3N5To5fO5U?si=Y3IFqQaqTK2GalSa,4:45,Intermediate,7.8,9.863,8.401
Addition,Adding Large Numbers,https://youtu.be/T9asFgfN5bg?si=CI2z3n21hND5aFvQ,5:03,Intermediate,7.8,7.883,7.819
Addition,Adding Three Decimals,https://youtu.be/sQ1W919fgq8?si=V7TgnmmWgHYc_A5P,4:55,Beginner,8.2,9.687,8.718
Multiplication,Long Multiplication for Grade 7,https://www.youtube.com/watch?v=r85EMNbWMiE,21:00,Beginner,9.2,7.586,7.867
Addition,Adding Large Numbers,https://youtu.be/T9asFgfN5bg?si=CI2z3n21hND5aFvQ,5:03,Intermediate,7.8,7.033,7.41
Simplifying Fractions,How to Simplify Fractions,https://youtu.be/R-FXE3g8GpU?si=TcmelTK3iD3Nzco1,16:06,Intermediate,8.7,9.603,8.243
Ordering Fractions,Fraction Ordering,https://youtu.be/76s8ZzK87rA?si=F0Z4GtJkicWyq5_A,14:40,Intermediate,7.9,7.492,7.388
Fractions to Decimals,Converting Fractions to Decimals,https://youtu.be/UtHGpx_yp4U?si=tVG8XzrdqWBZp_hs,7:54,Intermediate,8.7,9.773,8.697
Addition,Decimal Arithmetic,https://www.youtube.com/watch?v=kwh4SD1ToFc,12:14,Intermediate,9.0,7.155,7.647
Addition,Multi-Digit Addition,https://youtu.be/mAvuom42NyY?si=3Om627A44-sGimLU,6:28,Beginner,8.5,9.053,8.433
Multiplication,Understanding Multiplication,https://youtu.be/_PyA3CJ-V98?si=mTi02JfyOo0ydPLR,13:18,Intermediate,8.8,9.278,8.292
Multiplication,Box Method Multiplication,https://youtu.be/n3q3XzzIGSY?si=goczDT3wCWGEkSvm,7:19,Intermediate,8.0,7.254,7.476
Division,Division Basics for Beginners,https://youtu.be/InIKW_tfhs4?si=i3EqqM2A_6JHTQYh,3:44,Intermediate,7.8,8.395,7.99
Simplifying Fractions,Simplifying Fractions,https://www.youtube.com/watch?v=AtBUQH8Tkqc&t=67s,8:30,Beginner,9.0,7.681,8.304
Addition,Adding Large Numbers,https://youtu.be/T9asFgfN5bg?si=CI2z3n21hND5aFvQ,5:03,Intermediate,7.8,9.084,8.013
Addition,Adding Three Decimals,https://youtu.be/sQ1W919fgq8?si=V7TgnmmWgHYc_A5P,4:55,Beginner,8.2,7.033,7.602
Subtraction,Subtracting Large Numbers,https://youtu.be/HlxqCdDrbdc?si=1RAFlZfZuuD3LnjX,5:04,Intermediate,8.0,9.647,8.409
Multiplication,Long Multiplication for Grade 7,https://www.youtube.com/watch?v=r85EMNbWMiE,21:00,Beginner,9.2,9.111,8.413
Simplifying Fractions,Introduction to Simplifying Fractions,https://youtu.be/k73w_yZb9SM?si=sIcPAuwAjD24B_pV,7:30,Beginner,8.4,9.366,8.624
Multiplication,Long Multiplication for Grade 7,https://www.youtube.com/watch?v=r85EMNbWMiE,21:00,Beginner,9.2,9.718,8.568
Multiplication,Master Long Multiplication,https://youtu.be/GKetIwxaenA?si=9tvgkeqmmfUZ80xX,6:25,Beginner,8.5,8.671,8.293
Subtraction,Smart Subtraction,https://youtu.be/3fYgZgbOJmM?si=0Xq66JMU0XrVlOsn,13:38,Intermediate,7.9,8.021,7.556
Comparing Fractions,Comparing Like Fractions,https://youtu.be/H3N5To5fO5U?si=Y3IFqQaqTK2GalSa,4:45,Intermediate,7.8,9.2,8.1
Subtraction,Subtracting Whole Numbers,https://www.youtube.com/watch?v=z4bTlVxU9C0,8:40,Beginner,8.7,9.588,8.668
Division,Long Division with 2-Digit Divisors,https://youtu.be/HdU_rf7eMTI?si=Pr40TqBRgGXrpLxG,13:04,Intermediate,8.6,7.837,7.834
Fractions to Decimals,Introduction to Fractions to Decimals,https://youtu.be/pDs4a4ijqh0?si=ktPINIYpIFYNILOV,8:00,Intermediate,8.0,8.225,7.883
Division,Basic Division,https://youtu.be/KGMf314LUc0?si=jxaKi8tja1iw8LUl,9:57,Beginner,8.4,7.963,8.104
Division,Basic Division,https://youtu.be/KGMf314LUc0?si=jxaKi8tja1iw8LUl,9:57,Beginner,8.4,8.267,8.201
Addition,Adding Three Decimals,https://youtu.be/sQ1W919fgq8?si=V7TgnmmWgHYc_A5P,4:55,Beginner,8.2,8.022,8.03
Division,Long Division with 2-Digit Divisors,https://youtu.be/HdU_rf7eMTI?si=Pr40TqBRgGXrpLxG,13:04,Intermediate,8.6,7.164,7.68
Multiplication,Long Multiplication for Grade 7,https://www.youtube.com/watch?v=r85EMNbWMiE,21:00,Beginner,9.2,7.076,7.613
Subtraction,Smart Subtraction,https://youtu.be/3fYgZgbOJmM?si=0Xq66JMU0XrVlOsn,13:38,Intermediate,7.9,9.269,8.104
Simplifying Fractions,Learn Fraction Simplification,https://youtu.be/IuB8yTJ0-hk?si=8-bnaKA-irwAua1m,6:20,Intermediate,8.0,7.126,7.367
Addition,Adding Three Decimals,https://youtu.be/sQ1W919fgq8?si=V7TgnmmWgHYc_A5P,4:55,Beginner,8.2,7.212,7.685
Division,Long Division with 2-Digit Divisors,https://youtu.be/HdU_rf7eMTI?si=Pr40TqBRgGXrpLxG,13:04,Intermediate,8.6,7.29,7.626
Simplifying Fractions,How to Simplify Fractions,https://youtu.be/R-FXE3g8GpU?si=TcmelTK3iD3Nzco1,16:06,Intermediate,8.7,8.58,8.055
Division,Division Basics for Beginners,https://youtu.be/InIKW_tfhs4?si=i3EqqM2A_6JHTQYh,3:44,Intermediate,7.8,7.612,7.809
Simplifying Fractions,Learn Fraction Simplification,https://youtu.be/IuB8yTJ0-hk?si=8-bnaKA-irwAua1m,6:20,Intermediate,8.0,8.692,7.887
Ordering Fractions,Learn Ordering Fractions,https://youtu.be/QECYScPz4sA?si=qJW4l4BvbXma1lOP,10:15,Intermediate,8.5,7.834,7.649
Fractions to Decimals,How to Convert Fractions to Decimals,https://www.youtube.com/watch?v=guBVW5PiHLs&list=PPSV,8:29,Beginner,9.1,9.585,8.831
Comparing Fractions,Mastering Comparing Fractions,https://youtu.be/PEqV48jMeXw?si=55QJueBjYIoAgbk0,11:09,Advanced,8.7,9.283,8.312
Ordering Fractions,Mastering Fractions,https://youtu.be/XvjQcHbUNNw?si=Xyv5SPufpJclBZIf,8:00,Advanced,8.7,9.246,8.016
Division,Long Division for Grade 7,https://www.youtube.com/watch?v=J15nbHRpSiQ,19:57,Beginner,9.0,7.49,7.896
Multiplication,Master Long Multiplication,https://youtu.be/GKetIwxaenA?si=9tvgkeqmmfUZ80xX,6:25,Beginner,8.5,7.725,7.915
Comparing Fractions,Introduction to Comparing Fractions,https://www.youtube.com/watch?v=KNdUJQ_qd4U,6:30,Beginner,8.3,7.264,7.874
Comparing Fractions,Comparing Fractions with different Denominators,https://youtu.be/d6fCqzuWjbo?si=eVQb7MoRlFCtsvGj,10:11,Intermediate,8.6,7.3,7.596
Simplifying Fractions,Simplifying Fractions,https://www.youtube.com/watch?v=AtBUQH8Tkqc&t=67s,8:30,Beginner,9.0,7.056,7.885
Fractions to Decimals,Introduction to Fractions to Decimals,https://youtu.be/pDs4a4ijqh0?si=ktPINIYpIFYNILOV,8:00,Intermediate,8.0,9.192,8.137
Subtraction,Subtracting Large Numbers,https://youtu.be/HlxqCdDrbdc?si=1RAFlZfZuuD3LnjX,5:04,Intermediate,8.0,9.524,8.34
Addition,Adding Three Decimals,https://youtu.be/sQ1W919fgq8?si=V7TgnmmWgHYc_A5P,4:55,Beginner,8.2,9.888,8.576
Fractions to Decimals,Mastering Fractions to Decimals,https://youtu.be/Mpv7AzOUOqg?si=dMjxnFwXU98D4MpH,9:06,Advanced,8.5,9.291,8.346
Comparing Fractions,Comparing Fractions,https://www.youtube.com/watch?v=u_QTuWj107o,7:42,Beginner,8.9,8.301,8.384
Simplifying Fractions,Reducing Fractions to Simplest Form,https://youtu.be/gVls1-gjIn0?si=vXNqJqUYBvTrC8xT,11:19,Advanced,8.5,7.197,7.44
Comparing Fractions,Introduction to Comparing Fractions,https://www.youtube.com/watch?v=KNdUJQ_qd4U,6:30,Beginner,8.3,8.128,8.166
Simplifying Fractions,Simplifying Fractions,https://www.youtube.com/watch?v=AtBUQH8Tkqc&t=67s,8:30,Beginner,9.0,9.149,8.432
Fractions to Decimals,How to Convert Fractions to Decimals,https://www.youtube.com/watch?v=guBVW5PiHLs&list=PPSV,8:29,Beginner,9.1,7.644,7.974
Ordering Fractions,Fraction Ordering,https://youtu.be/76s8ZzK87rA?si=F0Z4GtJkicWyq5_A,14:40,Intermediate,7.9,8.686,7.746
Fractions to Decimals,Introduction to Fractions to Decimals,https://youtu.be/pDs4a4ijqh0?si=ktPINIYpIFYNILOV,8:00,Intermediate,8.0,9.928,8.423
Ordering Fractions,Fraction Ordering,https://youtu.be/76s8ZzK87rA?si=F0Z4GtJkicWyq5_A,14:40,Intermediate,7.9,8.689,7.756
Ordering Fractions,How to Order Fractions,https://www.youtube.com/watch?v=i2PfHDs88YE,6:33,Beginner,8.8,8.084,8.275
Multiplication,Master Long Multiplication,https://youtu.be/GKetIwxaenA?si=9tvgkeqmmfUZ80xX,6:25,Beginner,8.5,8.623,8.447
Comparing Fractions,Introduction to Comparing Fractions,https://www.youtube.com/watch?v=KNdUJQ_qd4U,6:30,Beginner,8.3,8.731,8.423
Simplifying Fractions,How to Simplify Fractions,https://youtu.be/R-FXE3g8GpU?si=TcmelTK3iD3Nzco1,16:06,Intermediate,8.7,9.315,8.26
Simplifying Fractions,Reducing Fractions to Simplest Form,https://youtu.be/gVls1-gjIn0?si=vXNqJqUYBvTrC8xT,11:19,Advanced,8.5,9.192,8.229
Multiplication,Multi-Digit Multiplication,https://youtu.be/dNSrfoYLQZU?si=fjPUGvSBAA5fmj_V,5:02,Advanced,8.3,9.048,8.253
Addition,Multi-Digit Addition,https://youtu.be/mAvuom42NyY?si=3Om627A44-sGimLU,6:28,Beginner,8.5,8.796,8.326
Ordering Fractions,Fraction Ordering,https://youtu.be/76s8ZzK87rA?si=F0Z4GtJkicWyq5_A,14:40,Intermediate,7.9,8.055,7.368
Ordering Fractions,Learn Ordering Fractions,https://youtu.be/QECYScPz4sA?si=qJW4l4BvbXma1lOP,10:15,Intermediate,8.5,7.493,7.736
Fractions to Decimals,Mastering Fractions to Decimals,https://youtu.be/Mpv7AzOUOqg?si=dMjxnFwXU98D4MpH,9:06,Advanced,8.5,9.835,8.527
Addition,Adding Three Decimals,https://youtu.be/sQ1W919fgq8?si=V7TgnmmWgHYc_A5P,4:55,Beginner,8.2,8.567,8.305
Division,Basic Division,https://youtu.be/KGMf314LUc0?si=jxaKi8tja1iw8LUl,9:57,Beginner,8.4,7.164,7.566
Fractions to Decimals,How to Convert Fractions to Decimals,https://www.youtube.com/watch?v=guBVW5PiHLs&list=PPSV,8:29,Beginner,9.1,8.918,8.795
Subtraction,Multi-Digit Subtraction,https://youtu.be/Y6M89-6106I?si=6dT-roRnqAH6OHdl,6:56,Beginner,8.3,9.954,8.735
Subtraction,Introduction to Subtraction,https://youtu.be/r3qKojj4g4g?si=-XA75LAElZS8jQOy,10:42,Advanced,8.6,7.501,7.507
Addition,Adding Three Decimals,https://youtu.be/sQ1W919fgq8?si=V7TgnmmWgHYc_A5P,4:55,Beginner,8.2,9.884,8.867
Fractions to Decimals,Introduction to Fractions to Decimals,https://youtu.be/pDs4a4ijqh0?si=ktPINIYpIFYNILOV,8:00,Intermediate,8.0,7.142,7.343
Subtraction,Smart Subtraction,https://youtu.be/3fYgZgbOJmM?si=0Xq66JMU0XrVlOsn,13:38,Intermediate,7.9,9.077,7.97
Multiplication,Understanding Multiplication,https://youtu.be/_PyA3CJ-V98?si=mTi02JfyOo0ydPLR,13:18,Intermediate,8.8,7.378,7.621
Ordering Fractions,Mastering Fractions,https://youtu.be/XvjQcHbUNNw?si=Xyv5SPufpJclBZIf,8:00,Advanced,8.7,8.494,8.107
Division,Basic Division,https://youtu.be/KGMf314LUc0?si=jxaKi8tja1iw8LUl,9:57,Beginner,8.4,9.927,8.64
Fractions to Decimals,Converting Fractions to Decimals,https://youtu.be/UtHGpx_yp4U?si=tVG8XzrdqWBZp_hs,7:54,Intermediate,8.7,7.162,7.742
Multiplication,Multi-Digit Multiplication,https://youtu.be/dNSrfoYLQZU?si=fjPUGvSBAA5fmj_V,5:02,Advanced,8.3,8.949,8.329
Ordering Fractions,Introduction to Ordering Fractions,https://youtu.be/rL18ZMgCeKU?si=nixffH9YSe3hdGgm,12:04,Beginner,8.2,7.151,7.531
Ordering Fractions,Mastering Fractions,https://youtu.be/XvjQcHbUNNw?si=Xyv5SPufpJclBZIf,8:00,Advanced,8.7,7.839,7.836
Addition,Adding Large Numbers,https://youtu.be/T9asFgfN5bg?si=CI2z3n21hND5aFvQ,5:03,Intermediate,7.8,8.003,7.577
Fractions to Decimals,Convert any Fraction to a Decimal,https://youtu.be/do_IbHId2Os?si=WyTbHiTgY6AaEz_L,6:43,Beginner,8.4,7.165,7.663
Comparing Fractions,Comparing Fractions with different Denominators,https://youtu.be/d6fCqzuWjbo?si=eVQb7MoRlFCtsvGj,10:11,Intermediate,8.6,8.489,8.08
Fractions to Decimals,Converting Fractions to Decimals,https://youtu.be/UtHGpx_yp4U?si=tVG8XzrdqWBZp_hs,7:54,Intermediate,8.7,7.771,7.818
Addition,Decimal Arithmetic,https://www.youtube.com/watch?v=kwh4SD1ToFc,12:14,Intermediate,9.0,9.43,8.633
Multiplication,Box Method Multiplication,https://youtu.be/n3q3XzzIGSY?si=goczDT3wCWGEkSvm,7:19,Intermediate,8.0,8.985,8.077
Simplifying Fractions,Introduction to Simplifying Fractions,https://youtu.be/k73w_yZb9SM?si=sIcPAuwAjD24B_pV,7:30,Beginner,8.4,7.966,8.05
Ordering Fractions,Fraction Ordering,https://youtu.be/76s8ZzK87rA?si=F0Z4GtJkicWyq5_A,14:40,Intermediate,7.9,9.696,7.906
Division,Long Division for Grade 7,https://www.youtube.com/watch?v=J15nbHRpSiQ,19:57,Beginner,9.0,7.556,7.738
Addition,Multi-Digit Addition,https://youtu.be/mAvuom42NyY?si=3Om627A44-sGimLU,6:28,Beginner,8.5,8.368,8.342
Ordering Fractions,Learn Ordering Fractions,https://youtu.be/QECYScPz4sA?si=qJW4l4BvbXma1lOP,10:15,Intermediate,8.5,9.324,8.177
Fractions to Decimals,Introduction to Fractions to Decimals,https://youtu.be/pDs4a4ijqh0?si=ktPINIYpIFYNILOV,8:00,Intermediate,8.0,8.965,7.813
Fractions to Decimals,Mastering Fractions to Decimals,https://youtu.be/Mpv7AzOUOqg?si=dMjxnFwXU98D4MpH,9:06,Advanced,8.5,7.425,7.636
Fractions to Decimals,Mastering Fractions to Decimals,https://youtu.be/Mpv7AzOUOqg?si=dMjxnFwXU98D4MpH,9:06,Advanced,8.5,7.351,7.546
Addition,Add Numbers Faster,https://youtu.be/-x2yAOt_XFY?si=9WXX46kdbQDVhgO8,4:48,Advanced,8.8,9.39,8.595
Division,Long Division for Grade 7,https://www.youtube.com/watch?v=J15nbHRpSiQ,19:57,Beginner,9.0,9.399,8.464
Subtraction,Subtracting Whole Numbers,https://www.youtube.com/watch?v=z4bTlVxU9C0,8:40,Beginner,8.7,9.086,8.633
Comparing Fractions,Comparing Fractions,https://www.youtube.com/watch?v=u_QTuWj107o,7:42,Beginner,8.9,9.597,8.803
Comparing Fractions,Introduction to Comparing Fractions,https://www.youtube.com/watch?v=KNdUJQ_qd4U,6:30,Beginner,8.3,7.986,8.06
Simplifying Fractions,How to Simplify Fractions,https://youtu.be/R-FXE3g8GpU?si=TcmelTK3iD3Nzco1,16:06,Intermediate,8.7,7.894,7.726
Division,Basic Division,https://youtu.be/KGMf314LUc0?si=jxaKi8tja1iw8LUl,9:57,Beginner,8.4,7.503,7.924
Subtraction,Smart Subtraction,https://youtu.be/3fYgZgbOJmM?si=0Xq66JMU0XrVlOsn,13:38,Intermediate,7.9,7.426,7.341
Subtraction,Multi-Digit Subtraction,https://youtu.be/Y6M89-6106I?si=6dT-roRnqAH6OHdl,6:56,Beginner,8.3,8.968,8.372
Ordering Fractions,Learn Ordering Fractions,https://youtu.be/QECYScPz4sA?si=qJW4l4BvbXma1lOP,10:15,Intermediate,8.5,9.906,8.507
Comparing Fractions,Comparing Fractions,https://www.youtube.com/watch?v=u_QTuWj107o,7:42,Beginner,8.9,7.791,8.216
Simplifying Fractions,Simplifying Fractions,https://www.youtube.com/watch?v=AtBUQH8Tkqc&t=67s,8:30,Beginner,9.0,7.911,8.188
Comparing Fractions,Introduction to Comparing Fractions,https://www.youtube.com/watch?v=KNdUJQ_qd4U,6:30,Beginner,8.3,8.168,8.086
Subtraction,Multi-Digit Subtraction,https://youtu.be/Y6M89-6106I?si=6dT-roRnqAH6OHdl,6:56,Beginner,8.3,7.247,7.63
Ordering Fractions,Learn Ordering Fractions,https://youtu.be/QECYScPz4sA?si=qJW4l4BvbXma1lOP,10:15,Intermediate,8.5,8.622,7.959
Comparing Fractions,Mastering Comparing Fractions,https://youtu.be/PEqV48jMeXw?si=55QJueBjYIoAgbk0,11:09,Advanced,8.7,9.087,8.076
Fractions to Decimals,Convert any Fraction to a Decimal,https://youtu.be/do_IbHId2Os?si=WyTbHiTgY6AaEz_L,6:43,Beginner,8.4,7.537,7.944
Division,Division Basics for Beginners,https://youtu.be/InIKW_tfhs4?si=i3EqqM2A_6JHTQYh,3:44,Intermediate,7.8,7.648,7.8
Division,Long Division with 2-Digit Divisors,https://youtu.be/HdU_rf7eMTI?si=Pr40TqBRgGXrpLxG,13:04,Intermediate,8.6,8.408,8.004
Fractions to Decimals,Converting Fractions to Decimals,https://youtu.be/UtHGpx_yp4U?si=tVG8XzrdqWBZp_hs,7:54,Intermediate,8.7,7.321,7.78
Comparing Fractions,Introduction to Comparing Fractions,https://www.youtube.com/watch?v=KNdUJQ_qd4U,6:30,Beginner,8.3,7.917,7.928
Subtraction,Subtracting Large Numbers,https://youtu.be/HlxqCdDrbdc?si=1RAFlZfZuuD3LnjX,5:04,Intermediate,8.0,7.604,7.652
Fractions to Decimals,How to Convert Fractions to Decimals,https://www.youtube.com/watch?v=guBVW5PiHLs&list=PPSV,8:29,Beginner,9.1,8.189,8.187
Subtraction,Subtracting Large Numbers,https://youtu.be/HlxqCdDrbdc?si=1RAFlZfZuuD3LnjX,5:04,Intermediate,8.0,8.073,7.889
Fractions to Decimals,Mastering Fractions to Decimals,https://youtu.be/Mpv7AzOUOqg?si=dMjxnFwXU98D4MpH,9:06,Advanced,8.5,8.75,8.155
Division,Smart Long Division,https://youtu.be/HJYHNxS64f0?si=PJiPytkuwiCJhiuV,14:40,Advanced,8.9,8.066,7.941
Comparing Fractions,Comparing Fractions with different Denominators,https://youtu.be/d6fCqzuWjbo?si=eVQb7MoRlFCtsvGj,10:11,Intermediate,8.6,9.203,8.298
Division,Long Division with 2-Digit Divisors,https://youtu.be/HdU_rf7eMTI?si=Pr40TqBRgGXrpLxG,13:04,Intermediate,8.6,8.168,7.978
Simplifying Fractions,Learn Fraction Simplification,https://youtu.be/IuB8yTJ0-hk?si=8-bnaKA-irwAua1m,6:20,Intermediate,8.0,7.642,7.581
Addition,Multi-Digit Addition,https://youtu.be/mAvuom42NyY?si=3Om627A44-sGimLU,6:28,Beginner,8.5,8.909,8.468
Comparing Fractions,Comparing Fractions,https://www.youtube.com/watch?v=u_QTuWj107o,7:42,Beginner,8.9,7.107,8.022
Subtraction,Smart Subtraction,https://youtu.be/3fYgZgbOJmM?si=0Xq66JMU0XrVlOsn,13:38,Intermediate,7.9,8.732,7.823
Multiplication,Box Method Multiplication,https://youtu.be/n3q3XzzIGSY?si=goczDT3wCWGEkSvm,7:19,Intermediate,8.0,9.695,8.373
Subtraction,Subtracting Whole Numbers,https://www.youtube.com/watch?v=z4bTlVxU9C0,8:40,Beginner,8.7,8.81,8.304
Simplifying Fractions,Introduction to Simplifying Fractions,https://youtu.be/k73w_yZb9SM?si=sIcPAuwAjD24B_pV,7:30,Beginner,8.4,8.925,8.435
Fractions to Decimals,Convert any Fraction to a Decimal,https://youtu.be/do_IbHId2Os?si=WyTbHiTgY6AaEz_L,6:43,Beginner,8.4,8.991,8.365
Multiplication,Understanding Multiplication,https://youtu.be/_PyA3CJ-V98?si=mTi02JfyOo0ydPLR,13:18,Intermediate,8.8,7.201,7.74
Fractions to Decimals,How to Convert Fractions to Decimals,https://www.youtube.com/watch?v=guBVW5PiHLs&list=PPSV,8:29,Beginner,9.1,9.737,8.903
Ordering Fractions,Introduction to Ordering Fractions,https://youtu.be/rL18ZMgCeKU?si=nixffH9YSe3hdGgm,12:04,Beginner,8.2,7.809,7.825
Ordering Fractions,Introduction to Ordering Fractions,https://youtu.be/rL18ZMgCeKU?si=nixffH9YSe3hdGgm,12:04,Beginner,8.2,9.328,8.425
Addition,Decimal Arithmetic,https://www.youtube.com/watch?v=kwh4SD1ToFc,12:14,Intermediate,9.0,8.382,8.154
Division,Long Division with 2-Digit Divisors,https://youtu.be/HdU_rf7eMTI?si=Pr40TqBRgGXrpLxG,13:04,Intermediate,8.6,8.262,8.034
Subtraction,Subtracting Whole Numbers,https://www.youtube.com/watch?v=z4bTlVxU9C0,8:40,Beginner,8.7,8.872,8.333
Comparing Fractions,Comparing Fractions,https://www.youtube.com/watch?v=u_QTuWj107o,7:42,Beginner,8.9,8.768,8.581
Multiplication,Long Multiplication for Grade 7,https://www.youtube.com/watch?v=r85EMNbWMiE,21:00,Beginner,9.2,9.188,8.564
Simplifying Fractions,Introduction to Simplifying Fractions,https://youtu.be/k73w_yZb9SM?si=sIcPAuwAjD24B_pV,7:30,Beginner,8.4,8.625,8.453
Addition,Adding Three Decimals,https://youtu.be/sQ1W919fgq8?si=V7TgnmmWgHYc_A5P,4:55,Beginner,8.2,9.566,8.687
Fractions to Decimals,Convert any Fraction to a Decimal,https://youtu.be/do_IbHId2Os?si=WyTbHiTgY6AaEz_L,6:43,Beginner,8.4,9.521,8.681
Fractions to Decimals,How to Convert Fractions to Decimals,https://www.youtube.com/watch?v=guBVW5PiHLs&list=PPSV,8:29,Beginner,9.1,9.167,8.513
Subtraction,Subtracting Whole Numbers,https://www.youtube.com/watch?v=z4bTlVxU9C0,8:40,Beginner,8.7,7.922,8.067
Ordering Fractions,Learn Ordering Fractions,https://youtu.be/QECYScPz4sA?si=qJW4l4BvbXma1lOP,10:15,Intermediate,8.5,8.397,8.054
Simplifying Fractions,Learn Fraction Simplification,https://youtu.be/IuB8yTJ0-hk?si=8-bnaKA-irwAua1m,6:20,Intermediate,8.0,9.493,8.255
Subtraction,Subtracting Large Numbers,https://youtu.be/HlxqCdDrbdc?si=1RAFlZfZuuD3LnjX,5:04,Intermediate,8.0,9.246,8.198
Subtraction,Subtracting Whole Numbers,https://www.youtube.com/watch?v=z4bTlVxU9C0,8:40,Beginner,8.7,9.347,8.519
Comparing Fractions,Comparing Fractions with different Denominators,https://youtu.be/d6fCqzuWjbo?si=eVQb7MoRlFCtsvGj,10:11,Intermediate,8.6,7.389,7.634
Comparing Fractions,Comparing Fractions with different Denominators,https://youtu.be/d6fCqzuWjbo?si=eVQb7MoRlFCtsvGj,10:11,Intermediate,8.6,9.727,8.553
Multiplication,Long Multiplication for Grade 7,https://www.youtube.com/watch?v=r85EMNbWMiE,21:00,Beginner,9.2,7.395,7.982
Multiplication,Multi-Digit Multiplication,https://youtu.be/dNSrfoYLQZU?si=fjPUGvSBAA5fmj_V,5:02,Advanced,8.3,8.986,8.063
Division,Division Basics for Beginners,https://youtu.be/InIKW_tfhs4?si=i3EqqM2A_6JHTQYh,3:44,Intermediate,7.8,9.574,8.348
Multiplication,Master Long Multiplication,https://youtu.be/GKetIwxaenA?si=9tvgkeqmmfUZ80xX,6:25,Beginner,8.5,8.598,8.456
Multiplication,Multi-Digit Multiplication,https://youtu.be/dNSrfoYLQZU?si=fjPUGvSBAA5fmj_V,5:02,Advanced,8.3,8.166,7.741
Simplifying Fractions,How to Simplify Fractions,https://youtu.be/R-FXE3g8GpU?si=TcmelTK3iD3Nzco1,16:06,Intermediate,8.7,8.355,7.792
Simplifying Fractions,How to Simplify Fractions,https://youtu.be/R-FXE3g8GpU?si=TcmelTK3iD3Nzco1,16:06,Intermediate,8.7,9.727,8.337
Comparing Fractions,Comparing Fractions with different Denominators,https://youtu.be/d6fCqzuWjbo?si=eVQb7MoRlFCtsvGj,10:11,Intermediate,8.6,8.536,8.333
Multiplication,Box Method Multiplication,https://youtu.be/n3q3XzzIGSY?si=goczDT3wCWGEkSvm,7:19,Intermediate,8.0,9.052,8.047
Multiplication,Master Long Multiplication,https://youtu.be/GKetIwxaenA?si=9tvgkeqmmfUZ80xX,6:25,Beginner,8.5,9.612,8.72
Division,Long Division with 2-Digit Divisors,https://youtu.be/HdU_rf7eMTI?si=Pr40TqBRgGXrpLxG,13:04,Intermediate,8.6,9.323,8.328
Subtraction,Subtracting Large Numbers,https://youtu.be/HlxqCdDrbdc?si=1RAFlZfZuuD3LnjX,5:04,Intermediate,8.0,7.344,7.652
Fractions to Decimals,Introduction to Fractions to Decimals,https://youtu.be/pDs4a4ijqh0?si=ktPINIYpIFYNILOV,8:00,Intermediate,8.0,9.335,7.975
Division,Basic Division,https://youtu.be/KGMf314LUc0?si=jxaKi8tja1iw8LUl,9:57,Beginner,8.4,7.939,8.043
Addition,Adding Large Numbers,https://youtu.be/T9asFgfN5bg?si=CI2z3n21hND5aFvQ,5:03,Intermediate,7.8,9.452,8.231
Subtraction,Subtracting Whole Numbers,https://www.youtube.com/watch?v=z4bTlVxU9C0,8:40,Beginner,8.7,8.307,8.334
Multiplication,Understanding Multiplication,https://youtu.be/_PyA3CJ-V98?si=mTi02JfyOo0ydPLR,13:18,Intermediate,8.8,8.084,7.839
Division,Division Basics for Beginners,https://youtu.be/InIKW_tfhs4?si=i3EqqM2A_6JHTQYh,3:44,Intermediate,7.8,7.984,7.749
Division,Division Basics for Beginners,https://youtu.be/InIKW_tfhs4?si=i3EqqM2A_6JHTQYh,3:44,Intermediate,7.8,8.693,7.989
Simplifying Fractions,Simplifying Fractions,https://www.youtube.com/watch?v=AtBUQH8Tkqc&t=67s,8:30,Beginner,9.0,8.536,8.517
Multiplication,Master Long Multiplication,https://youtu.be/GKetIwxaenA?si=9tvgkeqmmfUZ80xX,6:25,Beginner,8.5,9.88,8.751
Multiplication,Box Method Multiplication,https://youtu.be/n3q3XzzIGSY?si=goczDT3wCWGEkSvm,7:19,Intermediate,8.0,9.801,8.448
Division,Smart Long Division,https://youtu.be/HJYHNxS64f0?si=PJiPytkuwiCJhiuV,14:40,Advanced,8.9,8.932,8.202
Ordering Fractions,How to Order Fractions,https://www.youtube.com/watch?v=i2PfHDs88YE,6:33,Beginner,8.8,9.154,8.625
Ordering Fractions,Fraction Ordering,https://youtu.be/76s8ZzK87rA?si=F0Z4GtJkicWyq5_A,14:40,Intermediate,7.9,8.04,7.615
Addition,Adding Three Decimals,https://youtu.be/sQ1W919fgq8?si=V7TgnmmWgHYc_A5P,4:55,Beginner,8.2,8.509,8.365
Subtraction,Subtracting Whole Numbers,https://www.youtube.com/watch?v=z4bTlVxU9C0,8:40,Beginner,8.7,8.458,8.219
Multiplication,Long Multiplication for Grade 7,https://www.youtube.com/watch?v=r85EMNbWMiE,21:00,Beginner,9.2,9.138,8.298
Simplifying Fractions,Reducing Fractions to Simplest Form,https://youtu.be/gVls1-gjIn0?si=vXNqJqUYBvTrC8xT,11:19,Advanced,8.5,7.083,7.247
Addition,Multi-Digit Addition,https://youtu.be/mAvuom42NyY?si=3Om627A44-sGimLU,6:28,Beginner,8.5,7.195,7.753
Multiplication,Multi-Digit Multiplication,https://youtu.be/dNSrfoYLQZU?si=fjPUGvSBAA5fmj_V,5:02,Advanced,8.3,9.553,8.562
Fractions to Decimals,How to Convert Fractions to Decimals,https://www.youtube.com/watch?v=guBVW5PiHLs&list=PPSV,8:29,Beginner,9.1,8.58,8.667
Multiplication,Master Long Multiplication,https://youtu.be/GKetIwxaenA?si=9tvgkeqmmfUZ80xX,6:25,Beginner,8.5,9.411,8.771
Ordering Fractions,Introduction to Ordering Fractions,https://youtu.be/rL18ZMgCeKU?si=nixffH9YSe3hdGgm,12:04,Beginner,8.2,7.615,7.72
Fractions to Decimals,Mastering Fractions to Decimals,https://youtu.be/Mpv7AzOUOqg?si=dMjxnFwXU98D4MpH,9:06,Advanced,8.5,7.846,7.587
Multiplication,Master Long Multiplication,https://youtu.be/GKetIwxaenA?si=9tvgkeqmmfUZ80xX,6:25,Beginner,8.5,9.156,8.43
Simplifying Fractions,Introduction to Simplifying Fractions,https://youtu.be/k73w_yZb9SM?si=sIcPAuwAjD24B_pV,7:30,Beginner,8.4,8.819,8.248
Simplifying Fractions,Introduction to Simplifying Fractions,https://youtu.be/k73w_yZb9SM?si=sIcPAuwAjD24B_pV,7:30,Beginner,8.4,9.709,8.722
Subtraction,Subtracting Whole Numbers,https://www.youtube.com/watch?v=z4bTlVxU9C0,8:40,Beginner,8.7,8.355,8.413
Subtraction,Introduction to Subtraction,https://youtu.be/r3qKojj4g4g?si=-XA75LAElZS8jQOy,10:42,Advanced,8.6,8.557,8.078
Multiplication,Box Method Multiplication,https://youtu.be/n3q3XzzIGSY?si=goczDT3wCWGEkSvm,7:19,Intermediate,8.0,9.073,8.218
Comparing Fractions,Introduction to Comparing Fractions,https://www.youtube.com/watch?v=KNdUJQ_qd4U,6:30,Beginner,8.3,8.553,8.453
Subtraction,Introduction to Subtraction,https://youtu.be/r3qKojj4g4g?si=-XA75LAElZS8jQOy,10:42,Advanced,8.6,9.928,8.508
Fractions to Decimals,Convert any Fraction to a Decimal,https://youtu.be/do_IbHId2Os?si=WyTbHiTgY6AaEz_L,6:43,Beginner,8.4,8.742,8.277
Division,Long Division for Grade 7,https://www.youtube.com/watch?v=J15nbHRpSiQ,19:57,Beginner,9.0,9.87,8.852
Addition,Add Numbers Faster,https://youtu.be/-x2yAOt_XFY?si=9WXX46kdbQDVhgO8,4:48,Advanced,8.8,8.193,8.069
Addition,Adding Large Numbers,https://youtu.be/T9asFgfN5bg?si=CI2z3n21hND5aFvQ,5:03,Intermediate,7.8,9.313,8.239
Ordering Fractions,Fraction Ordering,https://youtu.be/76s8ZzK87rA?si=F0Z4GtJkicWyq5_A,14:40,Intermediate,7.9,9.422,7.992
Division,Long Division with 2-Digit Divisors,https://youtu.be/HdU_rf7eMTI?si=Pr40TqBRgGXrpLxG,13:04,Intermediate,8.6,8.514,8.031
Division,Division Basics for Beginners,https://youtu.be/InIKW_tfhs4?si=i3EqqM2A_6JHTQYh,3:44,Intermediate,7.8,7.727,7.726
Ordering Fractions,Mastering Fractions,https://youtu.be/XvjQcHbUNNw?si=Xyv5SPufpJclBZIf,8:00,Advanced,8.7,7.093,7.711
Subtraction,Subtracting Whole Numbers,https://www.youtube.com/watch?v=z4bTlVxU9C0,8:40,Beginner,8.7,8.858,8.593
Division,Long Division with 2-Digit Divisors,https://youtu.be/HdU_rf7eMTI?si=Pr40TqBRgGXrpLxG,13:04,Intermediate,8.6,8.527,7.85
Division,Division Basics for Beginners,https://youtu.be/InIKW_tfhs4?si=i3EqqM2A_6JHTQYh,3:44,Intermediate,7.8,8.301,7.89
Comparing Fractions,Mastering Comparing Fractions,https://youtu.be/PEqV48jMeXw?si=55QJueBjYIoAgbk0,11:09,Advanced,8.7,7.759,7.83
Subtraction,Introduction to Subtraction,https://youtu.be/r3qKojj4g4g?si=-XA75LAElZS8jQOy,10:42,Advanced,8.6,7.004,7.367
Addition,Adding Three Decimals,https://youtu.be/sQ1W919fgq8?si=V7TgnmmWgHYc_A5P,4:55,Beginner,8.2,8.397,8.267
Addition,Adding Large Numbers,https://youtu.be/T9asFgfN5bg?si=CI2z3n21hND5aFvQ,5:03,Intermediate,7.8,7.816,7.562
Fractions to Decimals,How to Convert Fractions to Decimals,https://www.youtube.com/watch?v=guBVW5PiHLs&list=PPSV,8:29,Beginner,9.1,8.478,8.484
Multiplication,Master Long Multiplication,https://youtu.be/GKetIwxaenA?si=9tvgkeqmmfUZ80xX,6:25,Beginner,8.5,8.985,8.466
Ordering Fractions,Fraction Ordering,https://youtu.be/76s8ZzK87rA?si=F0Z4GtJkicWyq5_A,14:40,Intermediate,7.9,8.254,7.566
Simplifying Fractions,Introduction to Simplifying Fractions,https://youtu.be/k73w_yZb9SM?si=sIcPAuwAjD24B_pV,7:30,Beginner,8.4,8.539,8.091
Simplifying Fractions,How to Simplify Fractions,https://youtu.be/R-FXE3g8GpU?si=TcmelTK3iD3Nzco1,16:06,Intermediate,8.7,7.349,7.648
Ordering Fractions,Learn Ordering Fractions,https://youtu.be/QECYScPz4sA?si=qJW4l4BvbXma1lOP,10:15,Intermediate,8.5,8.992,8.28
Addition,Decimal Arithmetic,https://www.youtube.com/watch?v=kwh4SD1ToFc,12:14,Intermediate,9.0,7.967,8.105
Multiplication,Multi-Digit Multiplication,https://youtu.be/dNSrfoYLQZU?si=fjPUGvSBAA5fmj_V,5:02,Advanced,8.3,8.647,8.269
Ordering Fractions,Mastering Fractions,https://youtu.be/XvjQcHbUNNw?si=Xyv5SPufpJclBZIf,8:00,Advanced,8.7,8.471,8.104
Fractions to Decimals,Mastering Fractions to Decimals,https://youtu.be/Mpv7AzOUOqg?si=dMjxnFwXU98D4MpH,9:06,Advanced,8.5,7.398,7.554
Division,Long Division with 2-Digit Divisors,https://youtu.be/HdU_rf7eMTI?si=Pr40TqBRgGXrpLxG,13:04,Intermediate,8.6,7.553,7.656
Simplifying Fractions,Reducing Fractions to Simplest Form,https://youtu.be/gVls1-gjIn0?si=vXNqJqUYBvTrC8xT,11:19,Advanced,8.5,7.025,7.488
Multiplication,Understanding Multiplication,https://youtu.be/_PyA3CJ-V98?si=mTi02JfyOo0ydPLR,13:18,Intermediate,8.8,9.225,8.441
Subtraction,Subtracting Large Numbers,https://youtu.be/HlxqCdDrbdc?si=1RAFlZfZuuD3LnjX,5:04,Intermediate,8.0,7.716,7.822
Multiplication,Multi-Digit Multiplication,https://youtu.be/dNSrfoYLQZU?si=fjPUGvSBAA5fmj_V,5:02,Advanced,8.3,9.937,8.638
Ordering Fractions,Introduction to Ordering Fractions,https://youtu.be/rL18ZMgCeKU?si=nixffH9YSe3hdGgm,12:04,Beginner,8.2,8.619,7.962
Simplifying Fractions,Learn Fraction Simplification,https://youtu.be/IuB8yTJ0-hk?si=8-bnaKA-irwAua1m,6:20,Intermediate,8.0,8.571,7.955
Fractions to Decimals,Introduction to Fractions to Decimals,https://youtu.be/pDs4a4ijqh0?si=ktPINIYpIFYNILOV,8:00,Intermediate,8.0,7.354,7.486
Simplifying Fractions,Learn Fraction Simplification,https://youtu.be/IuB8yTJ0-hk?si=8-bnaKA-irwAua1m,6:20,Intermediate,8.0,9.035,8.274
Comparing Fractions,Introduction to Comparing Fractions,https://www.youtube.com/watch?v=KNdUJQ_qd4U,6:30,Beginner,8.3,7.223,7.978
Division,Basic Division,https://youtu.be/KGMf314LUc0?si=jxaKi8tja1iw8LUl,9:57,Beginner,8.4,8.179,8.041
Ordering Fractions,Mastering Fractions,https://youtu.be/XvjQcHbUNNw?si=Xyv5SPufpJclBZIf,8:00,Advanced,8.7,8.15,7.963
Addition,Adding Large Numbers,https://youtu.be/T9asFgfN5bg?si=CI2z3n21hND5aFvQ,5:03,Intermediate,7.8,7.257,7.392
Subtraction,Subtracting Large Numbers,https://youtu.be/HlxqCdDrbdc?si=1RAFlZfZuuD3LnjX,5:04,Intermediate,8.0,8.188,7.877
Division,Smart Long Division,https://youtu.be/HJYHNxS64f0?si=PJiPytkuwiCJhiuV,14:40,Advanced,8.9,7.699,7.57
Addition,Add Numbers Faster,https://youtu.be/-x2yAOt_XFY?si=9WXX46kdbQDVhgO8,4:48,Advanced,8.8,7.202,7.853
Comparing Fractions,Comparing Like Fractions,https://youtu.be/H3N5To5fO5U?si=Y3IFqQaqTK2GalSa,4:45,Intermediate,7.8,8.323,7.658
Comparing Fractions,Mastering Comparing Fractions,https://youtu.be/PEqV48jMeXw?si=55QJueBjYIoAgbk0,11:09,Advanced,8.7,8.016,7.828
Comparing Fractions,Introduction to Comparing Fractions,https://www.youtube.com/watch?v=KNdUJQ_qd4U,6:30,Beginner,8.3,7.94,8.079
Addition,Adding Large Numbers,https://youtu.be/T9asFgfN5bg?si=CI2z3n21hND5aFvQ,5:03,Intermediate,7.8,7.693,7.464
Comparing Fractions,Comparing Like Fractions,https://youtu.be/H3N5To5fO5U?si=Y3IFqQaqTK2GalSa,4:45,Intermediate,7.8,8.634,7.965
Subtraction,Introduction to Subtraction,https://youtu.be/r3qKojj4g4g?si=-XA75LAElZS8jQOy,10:42,Advanced,8.6,9.888,8.364
Addition,Adding Large Numbers,https://youtu.be/T9asFgfN5bg?si=CI2z3n21hND5aFvQ,5:03,Intermediate,7.8,8.149,7.84
Subtraction,Subtracting Large Numbers,https://youtu.be/HlxqCdDrbdc?si=1RAFlZfZuuD3LnjX,5:04,Intermediate,8.0,8.387,7.979
Subtraction,Multi-Digit Subtraction,https://youtu.be/Y6M89-6106I?si=6dT-roRnqAH6OHdl,6:56,Beginner,8.3,9.94,8.775
Addition,Add Numbers Faster,https://youtu.be/-x2yAOt_XFY?si=9WXX46kdbQDVhgO8,4:48,Advanced,8.8,8.44,8.34
Comparing Fractions,Comparing Fractions,https://www.youtube.com/watch?v=u_QTuWj107o,7:42,Beginner,8.9,7.788,8.207
Subtraction,Introduction to Subtraction,https://youtu.be/r3qKojj4g4g?si=-XA75LAElZS8jQOy,10:42,Advanced,8.6,7.227,7.556
Comparing Fractions,Mastering Comparing Fractions,https://youtu.be/PEqV48jMeXw?si=55QJueBjYIoAgbk0,11:09,Advanced,8.7,7.541,7.8
Comparing Fractions,Comparing Fractions with different Denominators,https://youtu.be/d6fCqzuWjbo?si=eVQb7MoRlFCtsvGj,10:11,Intermediate,8.6,9.461,8.463
Multiplication,Long Multiplication for Grade 7,https://www.youtube.com/watch?v=r85EMNbWMiE,21:00,Beginner,9.2,7.857,7.989
Division,Division Basics for Beginners,https://youtu.be/InIKW_tfhs4?si=i3EqqM2A_6JHTQYh,3:44,Intermediate,7.8,7.618,7.452
Fractions to Decimals,Introduction to Fractions to Decimals,https://youtu.be/pDs4a4ijqh0?si=ktPINIYpIFYNILOV,8:00,Intermediate,8.0,8.245,7.722
Fractions to Decimals,Mastering Fractions to Decimals,https://youtu.be/Mpv7AzOUOqg?si=dMjxnFwXU98D4MpH,9:06,Advanced,8.5,9.942,8.476
Simplifying Fractions,Learn Fraction Simplification,https://youtu.be/IuB8yTJ0-hk?si=8-bnaKA-irwAua1m,6:20,Intermediate,8.0,8.115,8.149
Ordering Fractions,Mastering Fractions,https://youtu.be/XvjQcHbUNNw?si=Xyv5SPufpJclBZIf,8:00,Advanced,8.7,7.06,7.802
Division,Basic Division,https://youtu.be/KGMf314LUc0?si=jxaKi8tja1iw8LUl,9:57,Beginner,8.4,8.517,8.262
Division,Division Basics for Beginners,https://youtu.be/InIKW_tfhs4?si=i3EqqM2A_6JHTQYh,3:44,Intermediate,7.8,9.0,8.166
Ordering Fractions,Mastering Fractions,https://youtu.be/XvjQcHbUNNw?si=Xyv5SPufpJclBZIf,8:00,Advanced,8.7,7.141,7.64
Comparing Fractions,Introduction to Comparing Fractions,https://www.youtube.com/watch?v=KNdUJQ_qd4U,6:30,Beginner,8.3,7.324,7.933
Multiplication,Long Multiplication for Grade 7,https://www.youtube.com/watch?v=r85EMNbWMiE,21:00,Beginner,9.2,9.936,8.593
Addition,Decimal Arithmetic,https://www.youtube.com/watch?v=kwh4SD1ToFc,12:14,Intermediate,9.0,8.715,8.477
Simplifying Fractions,Learn Fraction Simplification,https://youtu.be/IuB8yTJ0-hk?si=8-bnaKA-irwAua1m,6:20,Intermediate,8.0,9.078,7.989
Addition,Decimal Arithmetic,https://www.youtube.com/watch?v=kwh4SD1ToFc,12:14,Intermediate,9.0,7.118,7.755
Fractions to Decimals,How to Convert Fractions to Decimals,https://www.youtube.com/watch?v=guBVW5PiHLs&list=PPSV,8:29,Beginner,9.1,7.646,8.24
Addition,Decimal Arithmetic,https://www.youtube.com/watch?v=kwh4SD1ToFc,12:14,Intermediate,9.0,8.068,8.02
Subtraction,Introduction to Subtraction,https://youtu.be/r3qKojj4g4g?si=-XA75LAElZS8jQOy,10:42,Advanced,8.6,7.044,7.39
Division,Long Division for Grade 7,https://www.youtube.com/watch?v=J15nbHRpSiQ,19:57,Beginner,9.0,9.492,8.615
Addition,Adding Large Numbers,https://youtu.be/T9asFgfN5bg?si=CI2z3n21hND5aFvQ,5:03,Intermediate,7.8,8.577,7.748
Addition,Multi-Digit Addition,https://youtu.be/mAvuom42NyY?si=3Om627A44-sGimLU,6:28,Beginner,8.5,7.935,8.123
Fractions to Decimals,Mastering Fractions to Decimals,https://youtu.be/Mpv7AzOUOqg?si=dMjxnFwXU98D4MpH,9:06,Advanced,8.5,8.191,8.126
Division,Division Basics for Beginners,https://youtu.be/InIKW_tfhs4?si=i3EqqM2A_6JHTQYh,3:44,Intermediate,7.8,9.932,8.44
Subtraction,Subtracting Whole Numbers,https://www.youtube.com/watch?v=z4bTlVxU9C0,8:40,Beginner,8.7,7.077,7.917
Ordering Fractions,Mastering Fractions,https://youtu.be/XvjQcHbUNNw?si=Xyv5SPufpJclBZIf,8:00,Advanced,8.7,8.699,8.264
Addition,Multi-Digit Addition,https://youtu.be/mAvuom42NyY?si=3Om627A44-sGimLU,6:28,Beginner,8.5,8.628,8.284
Addition,Adding Large Numbers,https://youtu.be/T9asFgfN5bg?si=CI2z3n21hND5aFvQ,5:03,Intermediate,7.8,8.699,7.918
Subtraction,Subtracting Whole Numbers,https://www.youtube.com/watch?v=z4bTlVxU9C0,8:40,Beginner,8.7,9.781,8.783
Simplifying Fractions,Simplifying Fractions,https://www.youtube.com/watch?v=AtBUQH8Tkqc&t=67s,8:30,Beginner,9.0,9.666,9.155
Comparing Fractions,Introduction to Comparing Fractions,https://www.youtube.com/watch?v=KNdUJQ_qd4U,6:30,Beginner,8.3,7.117,7.909
Fractions to Decimals,Introduction to Fractions to Decimals,https://youtu.be/pDs4a4ijqh0?si=ktPINIYpIFYNILOV,8:00,Intermediate,8.0,8.829,8.005
Multiplication,Understanding Multiplication,https://youtu.be/_PyA3CJ-V98?si=mTi02JfyOo0ydPLR,13:18,Intermediate,8.8,8.407,8.025
Division,Basic Division,https://youtu.be/KGMf314LUc0?si=jxaKi8tja1iw8LUl,9:57,Beginner,8.4,9.884,8.54
Division,Division Basics for Beginners,https://youtu.be/InIKW_tfhs4?si=i3EqqM2A_6JHTQYh,3:44,Intermediate,7.8,9.435,8.402
Comparing Fractions,Comparing Fractions with different Denominators,https://youtu.be/d6fCqzuWjbo?si=eVQb7MoRlFCtsvGj,10:11,Intermediate,8.6,8.647,8.158
Fractions to Decimals,How to Convert Fractions to Decimals,https://www.youtube.com/watch?v=guBVW5PiHLs&list=PPSV,8:29,Beginner,9.1,9.743,8.897
Addition,Decimal Arithmetic,https://www.youtube.com/watch?v=kwh4SD1ToFc,12:14,Intermediate,9.0,7.266,7.76
Subtraction,Smart Subtraction,https://youtu.be/3fYgZgbOJmM?si=0Xq66JMU0XrVlOsn,13:38,Intermediate,7.9,8.457,7.674
Simplifying Fractions,Simplifying Fractions,https://www.youtube.com/watch?v=AtBUQH8Tkqc&t=67s,8:30,Beginner,9.0,8.326,8.478
Comparing Fractions,Comparing Fractions,https://www.youtube.com/watch?v=u_QTuWj107o,7:42,Beginner,8.9,7.449,7.91
Comparing Fractions,Mastering Comparing Fractions,https://youtu.be/PEqV48jMeXw?si=55QJueBjYIoAgbk0,11:09,Advanced,8.7,9.412,8.467
Ordering Fractions,How to Order Fractions,https://www.youtube.com/watch?v=i2PfHDs88YE,6:33,Beginner,8.8,9.385,8.784
Division,Long Division with 2-Digit Divisors,https://youtu.be/HdU_rf7eMTI?si=Pr40TqBRgGXrpLxG,13:04,Intermediate,8.6,7.022,7.446
Multiplication,Long Multiplication for Grade 7,https://www.youtube.com/watch?v=r85EMNbWMiE,21:00,Beginner,9.2,8.983,8.413
Multiplication,Understanding Multiplication,https://youtu.be/_PyA3CJ-V98?si=mTi02JfyOo0ydPLR,13:18,Intermediate,8.8,8.69,8.314
Simplifying Fractions,How to Simplify Fractions,https://youtu.be/R-FXE3g8GpU?si=TcmelTK3iD3Nzco1,16:06,Intermediate,8.7,8.329,7.845
Addition,Decimal Arithmetic,https://www.youtube.com/watch?v=kwh4SD1ToFc,12:14,Intermediate,9.0,8.611,8.349
Subtraction,Introduction to Subtraction,https://youtu.be/r3qKojj4g4g?si=-XA75LAElZS8jQOy,10:42,Advanced,8.6,9.31,8.213
Division,Smart Long Division,https://youtu.be/HJYHNxS64f0?si=PJiPytkuwiCJhiuV,14:40,Advanced,8.9,8.392,8.006
Multiplication,Understanding Multiplication,https://youtu.be/_PyA3CJ-V98?si=mTi02JfyOo0ydPLR,13:18,Intermediate,8.8,9.883,8.689
Simplifying Fractions,How to Simplify Fractions,https://youtu.be/R-FXE3g8GpU?si=TcmelTK3iD3Nzco1,16:06,Intermediate,8.7,8.763,8.195
Ordering Fractions,Mastering Fractions,https://youtu.be/XvjQcHbUNNw?si=Xyv5SPufpJclBZIf,8:00,Advanced,8.7,7.021,7.533
Addition,Multi-Digit Addition,https://youtu.be/mAvuom42NyY?si=3Om627A44-sGimLU,6:28,Beginner,8.5,7.599,7.906
Subtraction,Multi-Digit Subtraction,https://youtu.be/Y6M89-6106I?si=6dT-roRnqAH6OHdl,6:56,Beginner,8.3,9.905,8.715
Ordering Fractions,Learn Ordering Fractions,https://youtu.be/QECYScPz4sA?si=qJW4l4BvbXma1lOP,10:15,Intermediate,8.5,7.195,7.706
Multiplication,Box Method Multiplication,https://youtu.be/n3q3XzzIGSY?si=goczDT3wCWGEkSvm,7:19,Intermediate,8.0,7.554,7.536
Multiplication,Box Method Multiplication,https://youtu.be/n3q3XzzIGSY?si=goczDT3wCWGEkSvm,7:19,Intermediate,8.0,8.043,7.771
Comparing Fractions,Comparing Fractions,https://www.youtube.com/watch?v=u_QTuWj107o,7:42,Beginner,8.9,8.609,8.661
Ordering Fractions,Mastering Fractions,https://youtu.be/XvjQcHbUNNw?si=Xyv5SPufpJclBZIf,8:00,Advanced,8.7,9.868,8.716
Subtraction,Smart Subtraction,https://youtu.be/3fYgZgbOJmM?si=0Xq66JMU0XrVlOsn,13:38,Intermediate,7.9,7.215,7.412
Comparing Fractions,Comparing Fractions with different Denominators,https://youtu.be/d6fCqzuWjbo?si=eVQb7MoRlFCtsvGj,10:11,Intermediate,8.6,8.566,8.218
Subtraction,Multi-Digit Subtraction,https://youtu.be/Y6M89-6106I?si=6dT-roRnqAH6OHdl,6:56,Beginner,8.3,8.909,8.452
Ordering Fractions,How to Order Fractions,https://www.youtube.com/watch?v=i2PfHDs88YE,6:33,Beginner,8.8,9.621,8.92
Fractions to Decimals,Mastering Fractions to Decimals,https://youtu.be/Mpv7AzOUOqg?si=dMjxnFwXU98D4MpH,9:06,Advanced,8.5,8.645,8.011
Division,Basic Division,https://youtu.be/KGMf314LUc0?si=jxaKi8tja1iw8LUl,9:57,Beginner,8.4,9.156,8.255
Multiplication,Multi-Digit Multiplication,https://youtu.be/dNSrfoYLQZU?si=fjPUGvSBAA5fmj_V,5:02,Advanced,8.3,8.14,7.831
Subtraction,Multi-Digit Subtraction,https://youtu.be/Y6M89-6106I?si=6dT-roRnqAH6OHdl,6:56,Beginner,8.3,8.627,8.228
Addition,Adding Large Numbers,https://youtu.be/T9asFgfN5bg?si=CI2z3n21hND5aFvQ,5:03,Intermediate,7.8,8.256,7.808
Ordering Fractions,Fraction Ordering,https://youtu.be/76s8ZzK87rA?si=F0Z4GtJkicWyq5_A,14:40,Intermediate,7.9,8.484,7.648
Subtraction,Introduction to Subtraction,https://youtu.be/r3qKojj4g4g?si=-XA75LAElZS8jQOy,10:42,Advanced,8.6,8.955,8.026
Fractions to Decimals,How to Convert Fractions to Decimals,https://www.youtube.com/watch?v=guBVW5PiHLs&list=PPSV,8:29,Beginner,9.1,7.907,8.304
Ordering Fractions,How to Order Fractions,https://www.youtube.com/watch?v=i2PfHDs88YE,6:33,Beginner,8.8,8.895,8.614
Multiplication,Long Multiplication for Grade 7,https://www.youtube.com/watch?v=r85EMNbWMiE,21:00,Beginner,9.2,8.542,8.321
Addition,Adding Large Numbers,https://youtu.be/T9asFgfN5bg?si=CI2z3n21hND5aFvQ,5:03,Intermediate,7.8,7.275,7.435
Comparing Fractions,Comparing Like Fractions,https://youtu.be/H3N5To5fO5U?si=Y3IFqQaqTK2GalSa,4:45,Intermediate,7.8,9.474,8.222
Addition,Multi-Digit Addition,https://youtu.be/mAvuom42NyY?si=3Om627A44-sGimLU,6:28,Beginner,8.5,9.313,8.708
Simplifying Fractions,Reducing Fractions to Simplest Form,https://youtu.be/gVls1-gjIn0?si=vXNqJqUYBvTrC8xT,11:19,Advanced,8.5,7.14,7.396
Fractions to Decimals,Converting Fractions to Decimals,https://youtu.be/UtHGpx_yp4U?si=tVG8XzrdqWBZp_hs,7:54,Intermediate,8.7,8.394,8.293
Ordering Fractions,Learn Ordering Fractions,https://youtu.be/QECYScPz4sA?si=qJW4l4BvbXma1lOP,10:15,Intermediate,8.5,8.618,8.264
Ordering Fractions,How to Order Fractions,https://www.youtube.com/watch?v=i2PfHDs88YE,6:33,Beginner,8.8,8.869,8.479
Ordering Fractions,Learn Ordering Fractions,https://youtu.be/QECYScPz4sA?si=qJW4l4BvbXma1lOP,10:15,Intermediate,8.5,9.843,8.494
Division,Long Division with 2-Digit Divisors,https://youtu.be/HdU_rf7eMTI?si=Pr40TqBRgGXrpLxG,13:04,Intermediate,8.6,8.029,7.716
Subtraction,Introduction to Subtraction,https://youtu.be/r3qKojj4g4g?si=-XA75LAElZS8jQOy,10:42,Advanced,8.6,8.932,8.234
Division,Division Basics for Beginners,https://youtu.be/InIKW_tfhs4?si=i3EqqM2A_6JHTQYh,3:44,Intermediate,7.8,9.021,8.085
Simplifying Fractions,Reducing Fractions to Simplest Form,https://youtu.be/gVls1-gjIn0?si=vXNqJqUYBvTrC8xT,11:19,Advanced,8.5,8.423,7.785
Addition,Add Numbers Faster,https://youtu.be/-x2yAOt_XFY?si=9WXX46kdbQDVhgO8,4:48,Advanced,8.8,7.427,7.579
Multiplication,Master Long Multiplication,https://youtu.be/GKetIwxaenA?si=9tvgkeqmmfUZ80xX,6:25,Beginner,8.5,7.251,7.811
Simplifying Fractions,Reducing Fractions to Simplest Form,https://youtu.be/gVls1-gjIn0?si=vXNqJqUYBvTrC8xT,11:19,Advanced,8.5,7.344,7.36
Addition,Add Numbers Faster,https://youtu.be/-x2yAOt_XFY?si=9WXX46kdbQDVhgO8,4:48,Advanced,8.8,7.098,7.922
Subtraction,Subtracting Whole Numbers,https://www.youtube.com/watch?v=z4bTlVxU9C0,8:40,Beginner,8.7,8.702,8.564
Simplifying Fractions,Simplifying Fractions,https://www.youtube.com/watch?v=AtBUQH8Tkqc&t=67s,8:30,Beginner,9.0,7.668,8.29
Multiplication,Multi-Digit Multiplication,https://youtu.be/dNSrfoYLQZU?si=fjPUGvSBAA5fmj_V,5:02,Advanced,8.3,7.887,7.997
Ordering Fractions,Learn Ordering Fractions,https://youtu.be/QECYScPz4sA?si=qJW4l4BvbXma1lOP,10:15,Intermediate,8.5,8.614,8.261
Division,Basic Division,https://youtu.be/KGMf314LUc0?si=jxaKi8tja1iw8LUl,9:57,Beginner,8.4,9.013,8.404
Ordering Fractions,Fraction Ordering,https://youtu.be/76s8ZzK87rA?si=F0Z4GtJkicWyq5_A,14:40,Intermediate,7.9,9.925,8.345
Division,Long Division with 2-Digit Divisors,https://youtu.be/HdU_rf7eMTI?si=Pr40TqBRgGXrpLxG,13:04,Intermediate,8.6,7.685,7.794
Comparing Fractions,Introduction to Comparing Fractions,https://www.youtube.com/watch?v=KNdUJQ_qd4U,6:30,Beginner,8.3,8.789,8.325
Addition,Adding Three Decimals,https://youtu.be/sQ1W919fgq8?si=V7TgnmmWgHYc_A5P,4:55,Beginner,8.2,8.757,8.394
Ordering Fractions,Fraction Ordering,https://youtu.be/76s8ZzK87rA?si=F0Z4GtJkicWyq5_A,14:40,Intermediate,7.9,7.692,7.421
Fractions to Decimals,Mastering Fractions to Decimals,https://youtu.be/Mpv7AzOUOqg?si=dMjxnFwXU98D4MpH,9:06,Advanced,8.5,8.818,8.199
Addition,Multi-Digit Addition,https://youtu.be/mAvuom42NyY?si=3Om627A44-sGimLU,6:28,Beginner,8.5,9.486,8.75
Ordering Fractions,How to Order Fractions,https://www.youtube.com/watch?v=i2PfHDs88YE,6:33,Beginner,8.8,9.745,8.88
Multiplication,Box Method Multiplication,https://youtu.be/n3q3XzzIGSY?si=goczDT3wCWGEkSvm,7:19,Intermediate,8.0,8.427,7.739
Multiplication,Understanding Multiplication,https://youtu.be/_PyA3CJ-V98?si=mTi02JfyOo0ydPLR,13:18,Intermediate,8.8,9.002,8.323
Multiplication,Box Method Multiplication,https://youtu.be/n3q3XzzIGSY?si=goczDT3wCWGEkSvm,7:19,Intermediate,8.0,9.482,8.388
Division,Long Division with 2-Digit Divisors,https://youtu.be/HdU_rf7eMTI?si=Pr40TqBRgGXrpLxG,13:04,Intermediate,8.6,8.258,7.814
Simplifying Fractions,Introduction to Simplifying Fractions,https://youtu.be/k73w_yZb9SM?si=sIcPAuwAjD24B_pV,7:30,Beginner,8.4,9.356,8.661
Addition,Adding Three Decimals,https://youtu.be/sQ1W919fgq8?si=V7TgnmmWgHYc_A5P,4:55,Beginner,8.2,8.068,8.091
Addition,Multi-Digit Addition,https://youtu.be/mAvuom42NyY?si=3Om627A44-sGimLU,6:28,Beginner,8.5,7.56,8.062
Ordering Fractions,How to Order Fractions,https://www.youtube.com/watch?v=i2PfHDs88YE,6:33,Beginner,8.8,9.591,8.514
Fractions to Decimals,Converting Fractions to Decimals,https://youtu.be/UtHGpx_yp4U?si=tVG8XzrdqWBZp_hs,7:54,Intermediate,8.7,9.41,8.659
Simplifying Fractions,Simplifying Fractions,https://www.youtube.com/watch?v=AtBUQH8Tkqc&t=67s,8:30,Beginner,9.0,7.409,7.954
Multiplication,Master Long Multiplication,https://youtu.be/GKetIwxaenA?si=9tvgkeqmmfUZ80xX,6:25,Beginner,8.5,9.378,8.657
Simplifying Fractions,How to Simplify Fractions,https://youtu.be/R-FXE3g8GpU?si=TcmelTK3iD3Nzco1,16:06,Intermediate,8.7,7.553,7.768
Multiplication,Long Multiplication for Grade 7,https://www.youtube.com/watch?v=r85EMNbWMiE,21:00,Beginner,9.2,9.351,8.575
Division,Division Basics for Beginners,https://youtu.be/InIKW_tfhs4?si=i3EqqM2A_6JHTQYh,3:44,Intermediate,7.8,9.768,8.317
Ordering Fractions,Fraction Ordering,https://youtu.be/76s8ZzK87rA?si=F0Z4GtJkicWyq5_A,14:40,Intermediate,7.9,7.861,7.424
Fractions to Decimals,Mastering Fractions to Decimals,https://youtu.be/Mpv7AzOUOqg?si=dMjxnFwXU98D4MpH,9:06,Advanced,8.5,7.391,7.62
Subtraction,Multi-Digit Subtraction,https://youtu.be/Y6M89-6106I?si=6dT-roRnqAH6OHdl,6:56,Beginner,8.3,8.382,8.292
Multiplication,Long Multiplication for Grade 7,https://www.youtube.com/watch?v=r85EMNbWMiE,21:00,Beginner,9.2,9.226,8.324
Subtraction,Subtracting Large Numbers,https://youtu.be/HlxqCdDrbdc?si=1RAFlZfZuuD3LnjX,5:04,Intermediate,8.0,7.991,7.909
Multiplication,Master Long Multiplication,https://youtu.be/GKetIwxaenA?si=9tvgkeqmmfUZ80xX,6:25,Beginner,8.5,9.197,8.409
Fractions to Decimals,Convert any Fraction to a Decimal,https://youtu.be/do_IbHId2Os?si=WyTbHiTgY6AaEz_L,6:43,Beginner,8.4,9.583,8.718
Ordering Fractions,How to Order Fractions,https://www.youtube.com/watch?v=i2PfHDs88YE,6:33,Beginner,8.8,9.156,8.681
Fractions to Decimals,Introduction to Fractions to Decimals,https://youtu.be/pDs4a4ijqh0?si=ktPINIYpIFYNILOV,8:00,Intermediate,8.0,8.617,7.925
Ordering Fractions,Introduction to Ordering Fractions,https://youtu.be/rL18ZMgCeKU?si=nixffH9YSe3hdGgm,12:04,Beginner,8.2,9.016,8.262
Simplifying Fractions,How to Simplify Fractions,https://youtu.be/R-FXE3g8GpU?si=TcmelTK3iD3Nzco1,16:06,Intermediate,8.7,9.631,8.423
Simplifying Fractions,Learn Fraction Simplification,https://youtu.be/IuB8yTJ0-hk?si=8-bnaKA-irwAua1m,6:20,Intermediate,8.0,9.836,8.419
Simplifying Fractions,How to Simplify Fractions,https://youtu.be/R-FXE3g8GpU?si=TcmelTK3iD3Nzco1,16:06,Intermediate,8.7,8.447,8.006
Ordering Fractions,Fraction Ordering,https://youtu.be/76s8ZzK87rA?si=F0Z4GtJkicWyq5_A,14:40,Intermediate,7.9,8.711,7.857
Ordering Fractions,Introduction to Ordering Fractions,https://youtu.be/rL18ZMgCeKU?si=nixffH9YSe3hdGgm,12:04,Beginner,8.2,8.129,8.047
Addition,Add Numbers Faster,https://youtu.be/-x2yAOt_XFY?si=9WXX46kdbQDVhgO8,4:48,Advanced,8.8,9.534,8.432
Ordering Fractions,Learn Ordering Fractions,https://youtu.be/QECYScPz4sA?si=qJW4l4BvbXma1lOP,10:15,Intermediate,8.5,9.991,8.656
Ordering Fractions,Fraction Ordering,https://youtu.be/76s8ZzK87rA?si=F0Z4GtJkicWyq5_A,14:40,Intermediate,7.9,7.34,7.228
Ordering Fractions,Learn Ordering Fractions,https://youtu.be/QECYScPz4sA?si=qJW4l4BvbXma1lOP,10:15,Intermediate,8.5,8.042,8.031
Ordering Fractions,Learn Ordering Fractions,https://youtu.be/QECYScPz4sA?si=qJW4l4BvbXma1lOP,10:15,Intermediate,8.5,8.789,8.417
Multiplication,Multi-Digit Multiplication,https://youtu.be/dNSrfoYLQZU?si=fjPUGvSBAA5fmj_V,5:02,Advanced,8.3,8.403,8.146
Subtraction,Subtracting Whole Numbers,https://www.youtube.com/watch?v=z4bTlVxU9C0,8:40,Beginner,8.7,7.13,7.804
Addition,Adding Three Decimals,https://youtu.be/sQ1W919fgq8?si=V7TgnmmWgHYc_A5P,4:55,Beginner,8.2,7.136,7.864
Comparing Fractions,Comparing Like Fractions,https://youtu.be/H3N5To5fO5U?si=Y3IFqQaqTK2GalSa,4:45,Intermediate,7.8,7.567,7.74
Comparing Fractions,Introduction to Comparing Fractions,https://www.youtube.com/watch?v=KNdUJQ_qd4U,6:30,Beginner,8.3,9.09,8.324
Multiplication,Understanding Multiplication,https://youtu.be/_PyA3CJ-V98?si=mTi02JfyOo0ydPLR,13:18,Intermediate,8.8,9.968,8.714
Fractions to Decimals,Convert any Fraction to a Decimal,https://youtu.be/do_IbHId2Os?si=WyTbHiTgY6AaEz_L,6:43,Beginner,8.4,9.968,8.591
Comparing Fractions,Introduction to Comparing Fractions,https://www.youtube.com/watch?v=KNdUJQ_qd4U,6:30,Beginner,8.3,7.825,8.116
Simplifying Fractions,How to Simplify Fractions,https://youtu.be/R-FXE3g8GpU?si=TcmelTK3iD3Nzco1,16:06,Intermediate,8.7,9.27,8.339
Addition,Multi-Digit Addition,https://youtu.be/mAvuom42NyY?si=3Om627A44-sGimLU,6:28,Beginner,8.5,8.574,8.251
Ordering Fractions,Mastering Fractions,https://youtu.be/XvjQcHbUNNw?si=Xyv5SPufpJclBZIf,8:00,Advanced,8.7,8.412,8.087
Addition,Adding Three Decimals,https://youtu.be/sQ1W919fgq8?si=V7TgnmmWgHYc_A5P,4:55,Beginner,8.2,9.508,8.685
Subtraction,Subtracting Whole Numbers,https://www.youtube.com/watch?v=z4bTlVxU9C0,8:40,Beginner,8.7,8.141,8.004
Addition,Decimal Arithmetic,https://www.youtube.com/watch?v=kwh4SD1ToFc,12:14,Intermediate,9.0,7.554,7.852
Multiplication,Master Long Multiplication,https://youtu.be/GKetIwxaenA?si=9tvgkeqmmfUZ80xX,6:25,Beginner,8.5,8.558,8.401
Subtraction,Subtracting Large Numbers,https://youtu.be/HlxqCdDrbdc?si=1RAFlZfZuuD3LnjX,5:04,Intermediate,8.0,8.636,8.13
Ordering Fractions,Learn Ordering Fractions,https://youtu.be/QECYScPz4sA?si=qJW4l4BvbXma1lOP,10:15,Intermediate,8.5,7.804,7.961
Addition,Add Numbers Faster,https://youtu.be/-x2yAOt_XFY?si=9WXX46kdbQDVhgO8,4:48,Advanced,8.8,7.971,8.144
Comparing Fractions,Introduction to Comparing Fractions,https://www.youtube.com/watch?v=KNdUJQ_qd4U,6:30,Beginner,8.3,9.681,8.659
Addition,Add Numbers Faster,https://youtu.be/-x2yAOt_XFY?si=9WXX46kdbQDVhgO8,4:48,Advanced,8.8,8.854,8.433
Addition,Decimal Arithmetic,https://www.youtube.com/watch?v=kwh4SD1ToFc,12:14,Intermediate,9.0,9.045,8.462
Multiplication,Understanding Multiplication,https://youtu.be/_PyA3CJ-V98?si=mTi02JfyOo0ydPLR,13:18,Intermediate,8.8,9.658,8.744
Fractions to Decimals,Introduction to Fractions to Decimals,https://youtu.be/pDs4a4ijqh0?si=ktPINIYpIFYNILOV,8:00,Intermediate,8.0,9.653,8.318
Fractions to Decimals,Mastering Fractions to Decimals,https://youtu.be/Mpv7AzOUOqg?si=dMjxnFwXU98D4MpH,9:06,Advanced,8.5,7.758,7.708
Comparing Fractions,Comparing Fractions,https://www.youtube.com/watch?v=u_QTuWj107o,7:42,Beginner,8.9,8.55,8.347
Addition,Adding Three Decimals,https://youtu.be/sQ1W919fgq8?si=V7TgnmmWgHYc_A5P,4:55,Beginner,8.2,8.772,8.32
Simplifying Fractions,Simplifying Fractions,https://www.youtube.com/watch?v=AtBUQH8Tkqc&t=67s,8:30,Beginner,9.0,7.42,7.925
Multiplication,Master Long Multiplication,https://youtu.be/GKetIwxaenA?si=9tvgkeqmmfUZ80xX,6:25,Beginner,8.5,7.667,7.973
Addition,Multi-Digit Addition,https://youtu.be/mAvuom42NyY?si=3Om627A44-sGimLU,6:28,Beginner,8.5,8.568,8.252
Multiplication,Long Multiplication for Grade 7,https://www.youtube.com/watch?v=r85EMNbWMiE,21:00,Beginner,9.2,9.277,8.366
Subtraction,Subtracting Whole Numbers,https://www.youtube.com/watch?v=z4bTlVxU9C0,8:40,Beginner,8.7,8.024,7.922
Multiplication,Understanding Multiplication,https://youtu.be/_PyA3CJ-V98?si=mTi02JfyOo0ydPLR,13:18,Intermediate,8.8,7.979,7.934
Division,Basic Division,https://youtu.be/KGMf314LUc0?si=jxaKi8tja1iw8LUl,9:57,Beginner,8.4,8.562,8.205
Comparing Fractions,Comparing Fractions,https://www.youtube.com/watch?v=u_QTuWj107o,7:42,Beginner,8.9,8.576,8.585
Ordering Fractions,How to Order Fractions,https://www.youtube.com/watch?v=i2PfHDs88YE,6:33,Beginner,8.8,7.253,7.965
Division,Long Division for Grade 7,https://www.youtube.com/watch?v=J15nbHRpSiQ,19:57,Beginner,9.0,8.559,8.3
Subtraction,Subtracting Large Numbers,https://youtu.be/HlxqCdDrbdc?si=1RAFlZfZuuD3LnjX,5:04,Intermediate,8.0,7.521,7.676
Addition,Multi-Digit Addition,https://youtu.be/mAvuom42NyY?si=3Om627A44-sGimLU,6:28,Beginner,8.5,7.876,8.22
Subtraction,Smart Subtraction,https://youtu.be/3fYgZgbOJmM?si=0Xq66JMU0XrVlOsn,13:38,Intermediate,7.9,9.188,7.841
Division,Smart Long Division,https://youtu.be/HJYHNxS64f0?si=PJiPytkuwiCJhiuV,14:40,Advanced,8.9,9.131,8.285
Addition,Multi-Digit Addition,https://youtu.be/mAvuom42NyY?si=3Om627A44-sGimLU,6:28,Beginner,8.5,7.103,7.906
Addition,Adding Large Numbers,https://youtu.be/T9asFgfN5bg?si=CI2z3n21hND5aFvQ,5:03,Intermediate,7.8,7.615,7.645
Comparing Fractions,Mastering Comparing Fractions,https://youtu.be/PEqV48jMeXw?si=55QJueBjYIoAgbk0,11:09,Advanced,8.7,9.871,8.634
Comparing Fractions,Comparing Fractions with different Denominators,https://youtu.be/d6fCqzuWjbo?si=eVQb7MoRlFCtsvGj,10:11,Intermediate,8.6,8.624,8.049
Fractions to Decimals,Mastering Fractions to Decimals,https://youtu.be/Mpv7AzOUOqg?si=dMjxnFwXU98D4MpH,9:06,Advanced,8.5,9.704,8.366
Subtraction,Smart Subtraction,https://youtu.be/3fYgZgbOJmM?si=0Xq66JMU0XrVlOsn,13:38,Intermediate,7.9,8.362,7.687
Ordering Fractions,Introduction to Ordering Fractions,https://youtu.be/rL18ZMgCeKU?si=nixffH9YSe3hdGgm,12:04,Beginner,8.2,7.097,7.637
Division,Division Basics for Beginners,https://youtu.be/InIKW_tfhs4?si=i3EqqM2A_6JHTQYh,3:44,Intermediate,7.8,9.184,8.076
Addition,Decimal Arithmetic,https://www.youtube.com/watch?v=kwh4SD1ToFc,12:14,Intermediate,9.0,7.459,7.905
Comparing Fractions,Mastering Comparing Fractions,https://youtu.be/PEqV48jMeXw?si=55QJueBjYIoAgbk0,11:09,Advanced,8.7,8.846,8.134
Fractions to Decimals,How to Convert Fractions to Decimals,https://www.youtube.com/watch?v=guBVW5PiHLs&list=PPSV,8:29,Beginner,9.1,8.512,8.527
Fractions to Decimals,Introduction to Fractions to Decimals,https://youtu.be/pDs4a4ijqh0?si=ktPINIYpIFYNILOV,8:00,Intermediate,8.0,8.914,8.316
Simplifying Fractions,Reducing Fractions to Simplest Form,https://youtu.be/gVls1-gjIn0?si=vXNqJqUYBvTrC8xT,11:19,Advanced,8.5,8.278,7.954
Ordering Fractions,Fraction Ordering,https://youtu.be/76s8ZzK87rA?si=F0Z4GtJkicWyq5_A,14:40,Intermediate,7.9,9.577,8.199
Subtraction,Introduction to Subtraction,https://youtu.be/r3qKojj4g4g?si=-XA75LAElZS8jQOy,10:42,Advanced,8.6,9.64,8.196
Fractions to Decimals,Introduction to Fractions to Decimals,https://youtu.be/pDs4a4ijqh0?si=ktPINIYpIFYNILOV,8:00,Intermediate,8.0,8.207,7.889
Addition,Decimal Arithmetic,https://www.youtube.com/watch?v=kwh4SD1ToFc,12:14,Intermediate,9.0,8.523,8.299
Fractions to Decimals,Mastering Fractions to Decimals,https://youtu.be/Mpv7AzOUOqg?si=dMjxnFwXU98D4MpH,9:06,Advanced,8.5,8.14,7.933
Fractions to Decimals,Introduction to Fractions to Decimals,https://youtu.be/pDs4a4ijqh0?si=ktPINIYpIFYNILOV,8:00,Intermediate,8.0,8.887,7.988
Addition,Add Numbers Faster,https://youtu.be/-x2yAOt_XFY?si=9WXX46kdbQDVhgO8,4:48,Advanced,8.8,8.8,8.506
Fractions to Decimals,Introduction to Fractions to Decimals,https://youtu.be/pDs4a4ijqh0?si=ktPINIYpIFYNILOV,8:00,Intermediate,8.0,8.99,7.952
Ordering Fractions,Introduction to Ordering Fractions,https://youtu.be/rL18ZMgCeKU?si=nixffH9YSe3hdGgm,12:04,Beginner,8.2,9.168,8.284
Simplifying Fractions,Learn Fraction Simplification,https://youtu.be/IuB8yTJ0-hk?si=8-bnaKA-irwAua1m,6:20,Intermediate,8.0,8.699,8.153
Division,Long Division for Grade 7,https://www.youtube.com/watch?v=J15nbHRpSiQ,19:57,Beginner,9.0,9.847,8.568
Ordering Fractions,Fraction Ordering,https://youtu.be/76s8ZzK87rA?si=F0Z4GtJkicWyq5_A,14:40,Intermediate,7.9,9.815,8.006
Multiplication,Understanding Multiplication,https://youtu.be/_PyA3CJ-V98?si=mTi02JfyOo0ydPLR,13:18,Intermediate,8.8,7.095,7.567
Simplifying Fractions,Introduction to Simplifying Fractions,https://youtu.be/k73w_yZb9SM?si=sIcPAuwAjD24B_pV,7:30,Beginner,8.4,7.982,8.074
Comparing Fractions,Comparing Like Fractions,https://youtu.be/H3N5To5fO5U?si=Y3IFqQaqTK2GalSa,4:45,Intermediate,7.8,8.903,7.978
Fractions to Decimals,Convert any Fraction to a Decimal,https://youtu.be/do_IbHId2Os?si=WyTbHiTgY6AaEz_L,6:43,Beginner,8.4,8.252,8.224
Fractions to Decimals,Mastering Fractions to Decimals,https://youtu.be/Mpv7AzOUOqg?si=dMjxnFwXU98D4MpH,9:06,Advanced,8.5,7.339,7.605
Comparing Fractions,Comparing Fractions with different Denominators,https://youtu.be/d6fCqzuWjbo?si=eVQb7MoRlFCtsvGj,10:11,Intermediate,8.6,7.988,8.026
Fractions to Decimals,Mastering Fractions to Decimals,https://youtu.be/Mpv7AzOUOqg?si=dMjxnFwXU98D4MpH,9:06,Advanced,8.5,8.727,8.081
Addition,Add Numbers Faster,https://youtu.be/-x2yAOt_XFY?si=9WXX46kdbQDVhgO8,4:48,Advanced,8.8,9.907,8.711
Fractions to Decimals,Convert any Fraction to a Decimal,https://youtu.be/do_IbHId2Os?si=WyTbHiTgY6AaEz_L,6:43,Beginner,8.4,7.339,7.851
Division,Long Division with 2-Digit Divisors,https://youtu.be/HdU_rf7eMTI?si=Pr40TqBRgGXrpLxG,13:04,Intermediate,8.6,8.007,7.951
Comparing Fractions,Introduction to Comparing Fractions,https://www.youtube.com/watch?v=KNdUJQ_qd4U,6:30,Beginner,8.3,9.554,8.501
Addition,Add Numbers Faster,https://youtu.be/-x2yAOt_XFY?si=9WXX46kdbQDVhgO8,4:48,Advanced,8.8,8.279,8.27
Division,Smart Long Division,https://youtu.be/HJYHNxS64f0?si=PJiPytkuwiCJhiuV,14:40,Advanced,8.9,8.586,7.944
Multiplication,Master Long Multiplication,https://youtu.be/GKetIwxaenA?si=9tvgkeqmmfUZ80xX,6:25,Beginner,8.5,8.247,8.299
Simplifying Fractions,Introduction to Simplifying Fractions,https://youtu.be/k73w_yZb9SM?si=sIcPAuwAjD24B_pV,7:30,Beginner,8.4,9.68,8.693
Simplifying Fractions,Reducing Fractions to Simplest Form,https://youtu.be/gVls1-gjIn0?si=vXNqJqUYBvTrC8xT,11:19,Advanced,8.5,7.513,7.696
Simplifying Fractions,Learn Fraction Simplification,https://youtu.be/IuB8yTJ0-hk?si=8-bnaKA-irwAua1m,6:20,Intermediate,8.0,8.071,7.823
Fractions to Decimals,How to Convert Fractions to Decimals,https://www.youtube.com/watch?v=guBVW5PiHLs&list=PPSV,8:29,Beginner,9.1,7.387,8.062
Comparing Fractions,Mastering Comparing Fractions,https://youtu.be/PEqV48jMeXw?si=55QJueBjYIoAgbk0,11:09,Advanced,8.7,9.189,8.314
Fractions to Decimals,Convert any Fraction to a Decimal,https://youtu.be/do_IbHId2Os?si=WyTbHiTgY6AaEz_L,6:43,Beginner,8.4,8.053,8.179
Fractions to Decimals,How to Convert Fractions to Decimals,https://www.youtube.com/watch?v=guBVW5PiHLs&list=PPSV,8:29,Beginner,9.1,7.161,8.132
Division,Basic Division,https://youtu.be/KGMf314LUc0?si=jxaKi8tja1iw8LUl,9:57,Beginner,8.4,9.255,8.416
Subtraction,Introduction to Subtraction,https://youtu.be/r3qKojj4g4g?si=-XA75LAElZS8jQOy,10:42,Advanced,8.6,8.08,7.863
Simplifying Fractions,Learn Fraction Simplification,https://youtu.be/IuB8yTJ0-hk?si=8-bnaKA-irwAua1m,6:20,Intermediate,8.0,9.859,8.405
Comparing Fractions,Comparing Fractions,https://www.youtube.com/watch?v=u_QTuWj107o,7:42,Beginner,8.9,9.65,9.045
Multiplication,Multi-Digit Multiplication,https://youtu.be/dNSrfoYLQZU?si=fjPUGvSBAA5fmj_V,5:02,Advanced,8.3,7.404,7.641
Ordering Fractions,How to Order Fractions,https://www.youtube.com/watch?v=i2PfHDs88YE,6:33,Beginner,8.8,8.353,8.673
Comparing Fractions,Comparing Fractions,https://www.youtube.com/watch?v=u_QTuWj107o,7:42,Beginner,8.9,9.667,8.958
Simplifying Fractions,Reducing Fractions to Simplest Form,https://youtu.be/gVls1-gjIn0?si=vXNqJqUYBvTrC8xT,11:19,Advanced,8.5,7.746,7.647
Comparing Fractions,Comparing Fractions,https://www.youtube.com/watch?v=u_QTuWj107o,7:42,Beginner,8.9,9.418,8.58
Comparing Fractions,Comparing Fractions,https://www.youtube.com/watch?v=u_QTuWj107o,7:42,Beginner,8.9,8.068,8.405
Division,Smart Long Division,https://youtu.be/HJYHNxS64f0?si=PJiPytkuwiCJhiuV,14:40,Advanced,8.9,8.576,8.033
Addition,Multi-Digit Addition,https://youtu.be/mAvuom42NyY?si=3Om627A44-sGimLU,6:28,Beginner,8.5,7.224,7.795
Simplifying Fractions,Reducing Fractions to Simplest Form,https://youtu.be/gVls1-gjIn0?si=vXNqJqUYBvTrC8xT,11:19,Advanced,8.5,7.132,7.329
Subtraction,Introduction to Subtraction,https://youtu.be/r3qKojj4g4g?si=-XA75LAElZS8jQOy,10:42,Advanced,8.6,8.501,8.02
Comparing Fractions,Comparing Fractions with different Denominators,https://youtu.be/d6fCqzuWjbo?si=eVQb7MoRlFCtsvGj,10:11,Intermediate,8.6,9.54,8.468
Fractions to Decimals,Convert any Fraction to a Decimal,https://youtu.be/do_IbHId2Os?si=WyTbHiTgY6AaEz_L,6:43,Beginner,8.4,7.564,7.951
Comparing Fractions,Introduction to Comparing Fractions,https://www.youtube.com/watch?v=KNdUJQ_qd4U,6:30,Beginner,8.3,9.796,8.773
Subtraction,Smart Subtraction,https://youtu.be/3fYgZgbOJmM?si=0Xq66JMU0XrVlOsn,13:38,Intermediate,7.9,7.362,7.351
Simplifying Fractions,Introduction to Simplifying Fractions,https://youtu.be/k73w_yZb9SM?si=sIcPAuwAjD24B_pV,7:30,Beginner,8.4,7.458,7.952
Subtraction,Introduction to Subtraction,https://youtu.be/r3qKojj4g4g?si=-XA75LAElZS8jQOy,10:42,Advanced,8.6,9.35,8.13
Comparing Fractions,Introduction to Comparing Fractions,https://www.youtube.com/watch?v=KNdUJQ_qd4U,6:30,Beginner,8.3,7.757,8.072
Multiplication,Master Long Multiplication,https://youtu.be/GKetIwxaenA?si=9tvgkeqmmfUZ80xX,6:25,Beginner,8.5,9.687,8.644
Ordering Fractions,Mastering Fractions,https://youtu.be/XvjQcHbUNNw?si=Xyv5SPufpJclBZIf,8:00,Advanced,8.7,7.91,7.872
Simplifying Fractions,Introduction to Simplifying Fractions,https://youtu.be/k73w_yZb9SM?si=sIcPAuwAjD24B_pV,7:30,Beginner,8.4,8.939,8.385
Division,Basic Division,https://youtu.be/KGMf314LUc0?si=jxaKi8tja1iw8LUl,9:57,Beginner,8.4,8.989,8.474
Subtraction,Multi-Digit Subtraction,https://youtu.be/Y6M89-6106I?si=6dT-roRnqAH6OHdl,6:56,Beginner,8.3,9.757,8.546
Simplifying Fractions,How to Simplify Fractions,https://youtu.be/R-FXE3g8GpU?si=TcmelTK3iD3Nzco1,16:06,Intermediate,8.7,8.279,8.087
Comparing Fractions,Comparing Fractions,https://www.youtube.com/watch?v=u_QTuWj107o,7:42,Beginner,8.9,7.969,8.204
Multiplication,Long Multiplication for Grade 7,https://www.youtube.com/watch?v=r85EMNbWMiE,21:00,Beginner,9.2,9.115,8.407
Division,Long Division with 2-Digit Divisors,https://youtu.be/HdU_rf7eMTI?si=Pr40TqBRgGXrpLxG,13:04,Intermediate,8.6,8.299,7.826
Simplifying Fractions,Introduction to Simplifying Fractions,https://youtu.be/k73w_yZb9SM?si=sIcPAuwAjD24B_pV,7:30,Beginner,8.4,8.831,8.316
Simplifying Fractions,How to Simplify Fractions,https://youtu.be/R-FXE3g8GpU?si=TcmelTK3iD3Nzco1,16:06,Intermediate,8.7,8.353,8.028
Subtraction,Smart Subtraction,https://youtu.be/3fYgZgbOJmM?si=0Xq66JMU0XrVlOsn,13:38,Intermediate,7.9,9.573,8.019
Ordering Fractions,Mastering Fractions,https://youtu.be/XvjQcHbUNNw?si=Xyv5SPufpJclBZIf,8:00,Advanced,8.7,9.786,8.512
Division,Basic Division,https://youtu.be/KGMf314LUc0?si=jxaKi8tja1iw8LUl,9:57,Beginner,8.4,9.048,8.364
Subtraction,Smart Subtraction,https://youtu.be/3fYgZgbOJmM?si=0Xq66JMU0XrVlOsn,13:38,Intermediate,7.9,8.516,7.698
Division,Long Division for Grade 7,https://www.youtube.com/watch?v=J15nbHRpSiQ,19:57,Beginner,9.0,8.894,8.201
Subtraction,Subtracting Large Numbers,https://youtu.be/HlxqCdDrbdc?si=1RAFlZfZuuD3LnjX,5:04,Intermediate,8.0,9.58,8.483
Comparing Fractions,Mastering Comparing Fractions,https://youtu.be/PEqV48jMeXw?si=55QJueBjYIoAgbk0,11:09,Advanced,8.7,7.888,7.995
Subtraction,Introduction to Subtraction,https://youtu.be/r3qKojj4g4g?si=-XA75LAElZS8jQOy,10:42,Advanced,8.6,8.044,7.751
Simplifying Fractions,Introduction to Simplifying Fractions,https://youtu.be/k73w_yZb9SM?si=sIcPAuwAjD24B_pV,7:30,Beginner,8.4,9.605,8.617
Simplifying Fractions,Introduction to Simplifying Fractions,https://youtu.be/k73w_yZb9SM?si=sIcPAuwAjD24B_pV,7:30,Beginner,8.4,9.456,8.761
Fractions to Decimals,Mastering Fractions to Decimals,https://youtu.be/Mpv7AzOUOqg?si=dMjxnFwXU98D4MpH,9:06,Advanced,8.5,8.345,7.85
Addition,Add Numbers Faster,https://youtu.be/-x2yAOt_XFY?si=9WXX46kdbQDVhgO8,4:48,Advanced,8.8,7.39,7.886
Ordering Fractions,Learn Ordering Fractions,https://youtu.be/QECYScPz4sA?si=qJW4l4BvbXma1lOP,10:15,Intermediate,8.5,8.495,7.958
Comparing Fractions,Mastering Comparing Fractions,https://youtu.be/PEqV48jMeXw?si=55QJueBjYIoAgbk0,11:09,Advanced,8.7,8.664,8.012
Simplifying Fractions,Reducing Fractions to Simplest Form,https://youtu.be/gVls1-gjIn0?si=vXNqJqUYBvTrC8xT,11:19,Advanced,8.5,7.127,7.414
Addition,Adding Three Decimals,https://youtu.be/sQ1W919fgq8?si=V7TgnmmWgHYc_A5P,4:55,Beginner,8.2,9.569,8.383
Simplifying Fractions,Introduction to Simplifying Fractions,https://youtu.be/k73w_yZb9SM?si=sIcPAuwAjD24B_pV,7:30,Beginner,8.4,7.562,7.88
Multiplication,Box Method Multiplication,https://youtu.be/n3q3XzzIGSY?si=goczDT3wCWGEkSvm,7:19,Intermediate,8.0,8.974,8.033
Addition,Adding Large Numbers,https://youtu.be/T9asFgfN5bg?si=CI2z3n21hND5aFvQ,5:03,Intermediate,7.8,7.879,7.521
Comparing Fractions,Comparing Like Fractions,https://youtu.be/H3N5To5fO5U?si=Y3IFqQaqTK2GalSa,4:45,Intermediate,7.8,7.347,7.595
Division,Division Basics for Beginners,https://youtu.be/InIKW_tfhs4?si=i3EqqM2A_6JHTQYh,3:44,Intermediate,7.8,9.382,8.356
Multiplication,Master Long Multiplication,https://youtu.be/GKetIwxaenA?si=9tvgkeqmmfUZ80xX,6:25,Beginner,8.5,9.904,8.806
Subtraction,Subtracting Whole Numbers,https://www.youtube.com/watch?v=z4bTlVxU9C0,8:40,Beginner,8.7,7.713,7.921
Addition,Multi-Digit Addition,https://youtu.be/mAvuom42NyY?si=3Om627A44-sGimLU,6:28,Beginner,8.5,8.296,8.246
Subtraction,Introduction to Subtraction,https://youtu.be/r3qKojj4g4g?si=-XA75LAElZS8jQOy,10:42,Advanced,8.6,8.163,7.988
Multiplication,Box Method Multiplication,https://youtu.be/n3q3XzzIGSY?si=goczDT3wCWGEkSvm,7:19,Intermediate,8.0,8.788,7.828
Fractions to Decimals,Convert any Fraction to a Decimal,https://youtu.be/do_IbHId2Os?si=WyTbHiTgY6AaEz_L,6:43,Beginner,8.4,8.227,8.2
Addition,Add Numbers Faster,https://youtu.be/-x2yAOt_XFY?si=9WXX46kdbQDVhgO8,4:48,Advanced,8.8,7.502,7.986
Fractions to Decimals,How to Convert Fractions to Decimals,https://www.youtube.com/watch?v=guBVW5PiHLs&list=PPSV,8:29,Beginner,9.1,8.088,8.504
Simplifying Fractions,Simplifying Fractions,https://www.youtube.com/watch?v=AtBUQH8Tkqc&t=67s,8:30,Beginner,9.0,9.704,8.865
Simplifying Fractions,How to Simplify Fractions,https://youtu.be/R-FXE3g8GpU?si=TcmelTK3iD3Nzco1,16:06,Intermediate,8.7,8.061,7.833
Multiplication,Understanding Multiplication,https://youtu.be/_PyA3CJ-V98?si=mTi02JfyOo0ydPLR,13:18,Intermediate,8.8,7.831,7.937
Multiplication,Master Long Multiplication,https://youtu.be/GKetIwxaenA?si=9tvgkeqmmfUZ80xX,6:25,Beginner,8.5,8.393,8.282
Division,Long Division for Grade 7,https://www.youtube.com/watch?v=J15nbHRpSiQ,19:57,Beginner,9.0,8.26,8.087
Addition,Decimal Arithmetic,https://www.youtube.com/watch?v=kwh4SD1ToFc,12:14,Intermediate,9.0,7.774,8.05
Multiplication,Long Multiplication for Grade 7,https://www.youtube.com/watch?v=r85EMNbWMiE,21:00,Beginner,9.2,7.502,7.901
Addition,Add Numbers Faster,https://youtu.be/-x2yAOt_XFY?si=9WXX46kdbQDVhgO8,4:48,Advanced,8.8,8.746,8.43
Addition,Adding Three Decimals,https://youtu.be/sQ1W919fgq8?si=V7TgnmmWgHYc_A5P,4:55,Beginner,8.2,9.792,8.676
Fractions to Decimals,Converting Fractions to Decimals,https://youtu.be/UtHGpx_yp4U?si=tVG8XzrdqWBZp_hs,7:54,Intermediate,8.7,9.564,8.614
Division,Basic Division,https://youtu.be/KGMf314LUc0?si=jxaKi8tja1iw8LUl,9:57,Beginner,8.4,8.306,7.987
Subtraction,Multi-Digit Subtraction,https://youtu.be/Y6M89-6106I?si=6dT-roRnqAH6OHdl,6:56,Beginner,8.3,9.62,8.72
Subtraction,Smart Subtraction,https://youtu.be/3fYgZgbOJmM?si=0Xq66JMU0XrVlOsn,13:38,Intermediate,7.9,7.584,7.31
Comparing Fractions,Mastering Comparing Fractions,https://youtu.be/PEqV48jMeXw?si=55QJueBjYIoAgbk0,11:09,Advanced,8.7,8.178,8.039
Simplifying Fractions,Learn Fraction Simplification,https://youtu.be/IuB8yTJ0-hk?si=8-bnaKA-irwAua1m,6:20,Intermediate,8.0,8.299,7.939
Fractions to Decimals,Mastering Fractions to Decimals,https://youtu.be/Mpv7AzOUOqg?si=dMjxnFwXU98D4MpH,9:06,Advanced,8.5,9.37,8.395
Fractions to Decimals,Converting Fractions to Decimals,https://youtu.be/UtHGpx_yp4U?si=tVG8XzrdqWBZp_hs,7:54,Intermediate,8.7,8.649,8.36
Ordering Fractions,Mastering Fractions,https://youtu.be/XvjQcHbUNNw?si=Xyv5SPufpJclBZIf,8:00,Advanced,8.7,9.484,8.214
Ordering Fractions,Introduction to Ordering Fractions,https://youtu.be/rL18ZMgCeKU?si=nixffH9YSe3hdGgm,12:04,Beginner,8.2,7.512,7.663
Division,Long Division with 2-Digit Divisors,https://youtu.be/HdU_rf7eMTI?si=Pr40TqBRgGXrpLxG,13:04,Intermediate,8.6,8.403,7.925
Comparing Fractions,Comparing Like Fractions,https://youtu.be/H3N5To5fO5U?si=Y3IFqQaqTK2GalSa,4:45,Intermediate,7.8,7.434,7.462
Fractions to Decimals,Mastering Fractions to Decimals,https://youtu.be/Mpv7AzOUOqg?si=dMjxnFwXU98D4MpH,9:06,Advanced,8.5,8.695,8.076
Ordering Fractions,Mastering Fractions,https://youtu.be/XvjQcHbUNNw?si=Xyv5SPufpJclBZIf,8:00,Advanced,8.7,8.421,8.3
Comparing Fractions,Mastering Comparing Fractions,https://youtu.be/PEqV48jMeXw?si=55QJueBjYIoAgbk0,11:09,Advanced,8.7,9.313,8.4
Subtraction,Multi-Digit Subtraction,https://youtu.be/Y6M89-6106I?si=6dT-roRnqAH6OHdl,6:56,Beginner,8.3,9.87,8.557
Comparing Fractions,Comparing Like Fractions,https://youtu.be/H3N5To5fO5U?si=Y3IFqQaqTK2GalSa,4:45,Intermediate,7.8,7.559,7.417
Fractions to Decimals,Mastering Fractions to Decimals,https://youtu.be/Mpv7AzOUOqg?si=dMjxnFwXU98D4MpH,9:06,Advanced,8.5,8.961,8.069
Subtraction,Multi-Digit Subtraction,https://youtu.be/Y6M89-6106I?si=6dT-roRnqAH6OHdl,6:56,Beginner,8.3,8.912,8.356
Simplifying Fractions,How to Simplify Fractions,https://youtu.be/R-FXE3g8GpU?si=TcmelTK3iD3Nzco1,16:06,Intermediate,8.7,9.646,8.384
Ordering Fractions,How to Order Fractions,https://www.youtube.com/watch?v=i2PfHDs88YE,6:33,Beginner,8.8,9.75,8.742
Addition,Add Numbers Faster,https://youtu.be/-x2yAOt_XFY?si=9WXX46kdbQDVhgO8,4:48,Advanced,8.8,9.402,8.445
Division,Long Division with 2-Digit Divisors,https://youtu.be/HdU_rf7eMTI?si=Pr40TqBRgGXrpLxG,13:04,Intermediate,8.6,8.431,7.994
Comparing Fractions,Comparing Fractions,https://www.youtube.com/watch?v=u_QTuWj107o,7:42,Beginner,8.9,7.529,8.257
Addition,Add Numbers Faster,https://youtu.be/-x2yAOt_XFY?si=9WXX46kdbQDVhgO8,4:48,Advanced,8.8,8.442,8.177
Subtraction,Introduction to Subtraction,https://youtu.be/r3qKojj4g4g?si=-XA75LAElZS8jQOy,10:42,Advanced,8.6,9.892,8.29
Subtraction,Introduction to Subtraction,https://youtu.be/r3qKojj4g4g?si=-XA75LAElZS8jQOy,10:42,Advanced,8.6,9.139,8.348
Subtraction,Smart Subtraction,https://youtu.be/3fYgZgbOJmM?si=0Xq66JMU0XrVlOsn,13:38,Intermediate,7.9,8.266,7.581
Addition,Multi-Digit Addition,https://youtu.be/mAvuom42NyY?si=3Om627A44-sGimLU,6:28,Beginner,8.5,9.766,8.813
Fractions to Decimals,Mastering Fractions to Decimals,https://youtu.be/Mpv7AzOUOqg?si=dMjxnFwXU98D4MpH,9:06,Advanced,8.5,9.878,8.586
Subtraction,Smart Subtraction,https://youtu.be/3fYgZgbOJmM?si=0Xq66JMU0XrVlOsn,13:38,Intermediate,7.9,7.083,7.179
Division,Division Basics for Beginners,https://youtu.be/InIKW_tfhs4?si=i3EqqM2A_6JHTQYh,3:44,Intermediate,7.8,8.558,8.002
Ordering Fractions,Introduction to Ordering Fractions,https://youtu.be/rL18ZMgCeKU?si=nixffH9YSe3hdGgm,12:04,Beginner,8.2,8.928,8.134
Addition,Add Numbers Faster,https://youtu.be/-x2yAOt_XFY?si=9WXX46kdbQDVhgO8,4:48,Advanced,8.8,9.96,8.632
Fractions to Decimals,How to Convert Fractions to Decimals,https://www.youtube.com/watch?v=guBVW5PiHLs&list=PPSV,8:29,Beginner,9.1,9.437,8.769
Comparing Fractions,Comparing Fractions,https://www.youtube.com/watch?v=u_QTuWj107o,7:42,Beginner,8.9,8.371,8.393
Addition,Adding Large Numbers,https://youtu.be/T9asFgfN5bg?si=CI2z3n21hND5aFvQ,5:03,Intermediate,7.8,8.991,8.191
Fractions to Decimals,Introduction to Fractions to Decimals,https://youtu.be/pDs4a4ijqh0?si=ktPINIYpIFYNILOV,8:00,Intermediate,8.0,8.307,7.893
Addition,Adding Three Decimals,https://youtu.be/sQ1W919fgq8?si=V7TgnmmWgHYc_A5P,4:55,Beginner,8.2,8.116,8.083
Subtraction,Smart Subtraction,https://youtu.be/3fYgZgbOJmM?si=0Xq66JMU0XrVlOsn,13:38,Intermediate,7.9,8.094,7.479
Subtraction,Multi-Digit Subtraction,https://youtu.be/Y6M89-6106I?si=6dT-roRnqAH6OHdl,6:56,Beginner,8.3,7.384,7.712
Division,Long Division for Grade 7,https://www.youtube.com/watch?v=J15nbHRpSiQ,19:57,Beginner,9.0,7.428,7.845
Fractions to Decimals,How to Convert Fractions to Decimals,https://www.youtube.com/watch?v=guBVW5PiHLs&list=PPSV,8:29,Beginner,9.1,8.455,8.41
Ordering Fractions,Mastering Fractions,https://youtu.be/XvjQcHbUNNw?si=Xyv5SPufpJclBZIf,8:00,Advanced,8.7,8.037,7.825
Multiplication,Master Long Multiplication,https://youtu.be/GKetIwxaenA?si=9tvgkeqmmfUZ80xX,6:25,Beginner,8.5,8.118,8.24
Comparing Fractions,Comparing Like Fractions,https://youtu.be/H3N5To5fO5U?si=Y3IFqQaqTK2GalSa,4:45,Intermediate,7.8,8.038,7.783
Ordering Fractions,Mastering Fractions,https://youtu.be/XvjQcHbUNNw?si=Xyv5SPufpJclBZIf,8:00,Advanced,8.7,7.853,7.883
Ordering Fractions,Fraction Ordering,https://youtu.be/76s8ZzK87rA?si=F0Z4GtJkicWyq5_A,14:40,Intermediate,7.9,8.245,7.682
Subtraction,Subtracting Whole Numbers,https://www.youtube.com/watch?v=z4bTlVxU9C0,8:40,Beginner,8.7,8.741,8.596
Subtraction,Smart Subtraction,https://youtu.be/3fYgZgbOJmM?si=0Xq66JMU0XrVlOsn,13:38,Intermediate,7.9,8.339,7.591
Fractions to Decimals,Mastering Fractions to Decimals,https://youtu.be/Mpv7AzOUOqg?si=dMjxnFwXU98D4MpH,9:06,Advanced,8.5,7.271,7.52
Comparing Fractions,Comparing Fractions with different Denominators,https://youtu.be/d6fCqzuWjbo?si=eVQb7MoRlFCtsvGj,10:11,Intermediate,8.6,7.264,7.799
Simplifying Fractions,Simplifying Fractions,https://www.youtube.com/watch?v=AtBUQH8Tkqc&t=67s,8:30,Beginner,9.0,9.54,8.676
Addition,Multi-Digit Addition,https://youtu.be/mAvuom42NyY?si=3Om627A44-sGimLU,6:28,Beginner,8.5,7.265,8.018
Division,Basic Division,https://youtu.be/KGMf314LUc0?si=jxaKi8tja1iw8LUl,9:57,Beginner,8.4,9.071,8.284
Comparing Fractions,Mastering Comparing Fractions,https://youtu.be/PEqV48jMeXw?si=55QJueBjYIoAgbk0,11:09,Advanced,8.7,9.958,8.51
Simplifying Fractions,Reducing Fractions to Simplest Form,https://youtu.be/gVls1-gjIn0?si=vXNqJqUYBvTrC8xT,11:19,Advanced,8.5,9.295,8.269
Comparing Fractions,Mastering Comparing Fractions,https://youtu.be/PEqV48jMeXw?si=55QJueBjYIoAgbk0,11:09,Advanced,8.7,9.919,8.524
Simplifying Fractions,How to Simplify Fractions,https://youtu.be/R-FXE3g8GpU?si=TcmelTK3iD3Nzco1,16:06,Intermediate,8.7,7.645,7.76
Addition,Adding Three Decimals,https://youtu.be/sQ1W919fgq8?si=V7TgnmmWgHYc_A5P,4:55,Beginner,8.2,7.282,7.729
Division,Smart Long Division,https://youtu.be/HJYHNxS64f0?si=PJiPytkuwiCJhiuV,14:40,Advanced,8.9,9.733,8.436
Division,Long Division for Grade 7,https://www.youtube.com/watch?v=J15nbHRpSiQ,19:57,Beginner,9.0,9.291,8.354
Division,Smart Long Division,https://youtu.be/HJYHNxS64f0?si=PJiPytkuwiCJhiuV,14:40,Advanced,8.9,9.146,8.33
Addition,Adding Three Decimals,https://youtu.be/sQ1W919fgq8?si=V7TgnmmWgHYc_A5P,4:55,Beginner,8.2,9.824,8.746
Multiplication,Master Long Multiplication,https://youtu.be/GKetIwxaenA?si=9tvgkeqmmfUZ80xX,6:25,Beginner,8.5,8.509,8.277
Division,Long Division with 2-Digit Divisors,https://youtu.be/HdU_rf7eMTI?si=Pr40TqBRgGXrpLxG,13:04,Intermediate,8.6,9.68,8.276
Addition,Add Numbers Faster,https://youtu.be/-x2yAOt_XFY?si=9WXX46kdbQDVhgO8,4:48,Advanced,8.8,9.889,8.661
Simplifying Fractions,How to Simplify Fractions,https://youtu.be/R-FXE3g8GpU?si=TcmelTK3iD3Nzco1,16:06,Intermediate,8.7,8.338,8.063
Comparing Fractions,Comparing Fractions with different Denominators,https://youtu.be/d6fCqzuWjbo?si=eVQb7MoRlFCtsvGj,10:11,Intermediate,8.6,9.086,8.563
Fractions to Decimals,How to Convert Fractions to Decimals,https://www.youtube.com/watch?v=guBVW5PiHLs&list=PPSV,8:29,Beginner,9.1,9.144,8.772
Ordering Fractions,Introduction to Ordering Fractions,https://youtu.be/rL18ZMgCeKU?si=nixffH9YSe3hdGgm,12:04,Beginner,8.2,7.9,7.799
Simplifying Fractions,Learn Fraction Simplification,https://youtu.be/IuB8yTJ0-hk?si=8-bnaKA-irwAua1m,6:20,Intermediate,8.0,9.21,8.369
Simplifying Fractions,Learn Fraction Simplification,https://youtu.be/IuB8yTJ0-hk?si=8-bnaKA-irwAua1m,6:20,Intermediate,8.0,9.027,8.028
Division,Basic Division,https://youtu.be/KGMf314LUc0?si=jxaKi8tja1iw8LUl,9:57,Beginner,8.4,9.172,8.508
Addition,Decimal Arithmetic,https://www.youtube.com/watch?v=kwh4SD1ToFc,12:14,Intermediate,9.0,8.388,8.37
Fractions to Decimals,Introduction to Fractions to Decimals,https://youtu.be/pDs4a4ijqh0?si=ktPINIYpIFYNILOV,8:00,Intermediate,8.0,9.058,7.933
Fractions to Decimals,Introduction to Fractions to Decimals,https://youtu.be/pDs4a4ijqh0?si=ktPINIYpIFYNILOV,8:00,Intermediate,8.0,7.87,7.749
Comparing Fractions,Comparing Fractions with different Denominators,https://youtu.be/d6fCqzuWjbo?si=eVQb7MoRlFCtsvGj,10:11,Intermediate,8.6,9.799,8.589
Multiplication,Understanding Multiplication,https://youtu.be/_PyA3CJ-V98?si=mTi02JfyOo0ydPLR,13:18,Intermediate,8.8,7.057,7.655
Addition,Multi-Digit Addition,https://youtu.be/mAvuom42NyY?si=3Om627A44-sGimLU,6:28,Beginner,8.5,7.094,7.848
Comparing Fractions,Mastering Comparing Fractions,https://youtu.be/PEqV48jMeXw?si=55QJueBjYIoAgbk0,11:09,Advanced,8.7,7.527,7.753
Fractions to Decimals,Convert any Fraction to a Decimal,https://youtu.be/do_IbHId2Os?si=WyTbHiTgY6AaEz_L,6:43,Beginner,8.4,7.962,8.101
Multiplication,Multi-Digit Multiplication,https://youtu.be/dNSrfoYLQZU?si=fjPUGvSBAA5fmj_V,5:02,Advanced,8.3,7.524,7.63
Fractions to Decimals,Mastering Fractions to Decimals,https://youtu.be/Mpv7AzOUOqg?si=dMjxnFwXU98D4MpH,9:06,Advanced,8.5,8.715,8.024
Addition,Add Numbers Faster,https://youtu.be/-x2yAOt_XFY?si=9WXX46kdbQDVhgO8,4:48,Advanced,8.8,9.107,8.491
Multiplication,Long Multiplication for Grade 7,https://www.youtube.com/watch?v=r85EMNbWMiE,21:00,Beginner,9.2,7.89,7.924
Fractions to Decimals,How to Convert Fractions to Decimals,https://www.youtube.com/watch?v=guBVW5PiHLs&list=PPSV,8:29,Beginner,9.1,9.01,8.771
Comparing Fractions,Introduction to Comparing Fractions,https://www.youtube.com/watch?v=KNdUJQ_qd4U,6:30,Beginner,8.3,8.739,8.318
Subtraction,Smart Subtraction,https://youtu.be/3fYgZgbOJmM?si=0Xq66JMU0XrVlOsn,13:38,Intermediate,7.9,9.964,8.298
Subtraction,Multi-Digit Subtraction,https://youtu.be/Y6M89-6106I?si=6dT-roRnqAH6OHdl,6:56,Beginner,8.3,8.313,8.173
Comparing Fractions,Comparing Fractions,https://www.youtube.com/watch?v=u_QTuWj107o,7:42,Beginner,8.9,9.075,8.538
Ordering Fractions,Learn Ordering Fractions,https://youtu.be/QECYScPz4sA?si=qJW4l4BvbXma1lOP,10:15,Intermediate,8.5,9.737,8.647
Simplifying Fractions,Learn Fraction Simplification,https://youtu.be/IuB8yTJ0-hk?si=8-bnaKA-irwAua1m,6:20,Intermediate,8.0,8.018,7.775
Subtraction,Multi-Digit Subtraction,https://youtu.be/Y6M89-6106I?si=6dT-roRnqAH6OHdl,6:56,Beginner,8.3,9.064,8.528
Subtraction,Subtracting Whole Numbers,https://www.youtube.com/watch?v=z4bTlVxU9C0,8:40,Beginner,8.7,9.468,8.662
Ordering Fractions,Introduction to Ordering Fractions,https://youtu.be/rL18ZMgCeKU?si=nixffH9YSe3hdGgm,12:04,Beginner,8.2,9.8,8.631
Ordering Fractions,Introduction to Ordering Fractions,https://youtu.be/rL18ZMgCeKU?si=nixffH9YSe3hdGgm,12:04,Beginner,8.2,9.076,8.098
Simplifying Fractions,Reducing Fractions to Simplest Form,https://youtu.be/gVls1-gjIn0?si=vXNqJqUYBvTrC8xT,11:19,Advanced,8.5,7.736,7.602
Addition,Add Numbers Faster,https://youtu.be/-x2yAOt_XFY?si=9WXX46kdbQDVhgO8,4:48,Advanced,8.8,8.052,8.198
Comparing Fractions,Comparing Fractions,https://www.youtube.com/watch?v=u_QTuWj107o,7:42,Beginner,8.9,7.852,8.229
Subtraction,Introduction to Subtraction,https://youtu.be/r3qKojj4g4g?si=-XA75LAElZS8jQOy,10:42,Advanced,8.6,7.268,7.625
Simplifying Fractions,Learn Fraction Simplification,https://youtu.be/IuB8yTJ0-hk?si=8-bnaKA-irwAua1m,6:20,Intermediate,8.0,9.811,8.495
Simplifying Fractions,Learn Fraction Simplification,https://youtu.be/IuB8yTJ0-hk?si=8-bnaKA-irwAua1m,6:20,Intermediate,8.0,7.819,7.806
Addition,Decimal Arithmetic,https://www.youtube.com/watch?v=kwh4SD1ToFc,12:14,Intermediate,9.0,7.373,7.881
Subtraction,Multi-Digit Subtraction,https://youtu.be/Y6M89-6106I?si=6dT-roRnqAH6OHdl,6:56,Beginner,8.3,8.117,7.968
Fractions to Decimals,Convert any Fraction to a Decimal,https://youtu.be/do_IbHId2Os?si=WyTbHiTgY6AaEz_L,6:43,Beginner,8.4,9.52,8.637
Addition,Decimal Arithmetic,https://www.youtube.com/watch?v=kwh4SD1ToFc,12:14,Intermediate,9.0,9.14,8.564
Ordering Fractions,Introduction to Ordering Fractions,https://youtu.be/rL18ZMgCeKU?si=nixffH9YSe3hdGgm,12:04,Beginner,8.2,8.479,8.061
Addition,Add Numbers Faster,https://youtu.be/-x2yAOt_XFY?si=9WXX46kdbQDVhgO8,4:48,Advanced,8.8,7.394,7.896
Fractions to Decimals,Mastering Fractions to Decimals,https://youtu.be/Mpv7AzOUOqg?si=dMjxnFwXU98D4MpH,9:06,Advanced,8.5,8.242,7.719
Comparing Fractions,Comparing Fractions with different Denominators,https://youtu.be/d6fCqzuWjbo?si=eVQb7MoRlFCtsvGj,10:11,Intermediate,8.6,9.784,8.618
Simplifying Fractions,Reducing Fractions to Simplest Form,https://youtu.be/gVls1-gjIn0?si=vXNqJqUYBvTrC8xT,11:19,Advanced,8.5,7.494,7.626
Ordering Fractions,Fraction Ordering,https://youtu.be/76s8ZzK87rA?si=F0Z4GtJkicWyq5_A,14:40,Intermediate,7.9,9.831,8.177
Addition,Add Numbers Faster,https://youtu.be/-x2yAOt_XFY?si=9WXX46kdbQDVhgO8,4:48,Advanced,8.8,7.1,7.649
Subtraction,Subtracting Large Numbers,https://youtu.be/HlxqCdDrbdc?si=1RAFlZfZuuD3LnjX,5:04,Intermediate,8.0,8.558,8.038
Addition,Add Numbers Faster,https://youtu.be/-x2yAOt_XFY?si=9WXX46kdbQDVhgO8,4:48,Advanced,8.8,9.125,8.36
Simplifying Fractions,Introduction to Simplifying Fractions,https://youtu.be/k73w_yZb9SM?si=sIcPAuwAjD24B_pV,7:30,Beginner,8.4,8.502,8.092
Division,Long Division with 2-Digit Divisors,https://youtu.be/HdU_rf7eMTI?si=Pr40TqBRgGXrpLxG,13:04,Intermediate,8.6,8.746,7.959
Fractions to Decimals,Converting Fractions to Decimals,https://youtu.be/UtHGpx_yp4U?si=tVG8XzrdqWBZp_hs,7:54,Intermediate,8.7,8.942,8.46
Simplifying Fractions,Reducing Fractions to Simplest Form,https://youtu.be/gVls1-gjIn0?si=vXNqJqUYBvTrC8xT,11:19,Advanced,8.5,8.395,8.093
Simplifying Fractions,Learn Fraction Simplification,https://youtu.be/IuB8yTJ0-hk?si=8-bnaKA-irwAua1m,6:20,Intermediate,8.0,9.84,8.321
Comparing Fractions,Introduction to Comparing Fractions,https://www.youtube.com/watch?v=KNdUJQ_qd4U,6:30,Beginner,8.3,7.888,7.942
Addition,Decimal Arithmetic,https://www.youtube.com/watch?v=kwh4SD1ToFc,12:14,Intermediate,9.0,8.598,8.382
Division,Basic Division,https://youtu.be/KGMf314LUc0?si=jxaKi8tja1iw8LUl,9:57,Beginner,8.4,9.786,8.639
Ordering Fractions,How to Order Fractions,https://www.youtube.com/watch?v=i2PfHDs88YE,6:33,Beginner,8.8,7.488,8.236
Comparing Fractions,Comparing Like Fractions,https://youtu.be/H3N5To5fO5U?si=Y3IFqQaqTK2GalSa,4:45,Intermediate,7.8,9.672,8.396
Fractions to Decimals,Convert any Fraction to a Decimal,https://youtu.be/do_IbHId2Os?si=WyTbHiTgY6AaEz_L,6:43,Beginner,8.4,7.981,8.174
Fractions to Decimals,Mastering Fractions to Decimals,https://youtu.be/Mpv7AzOUOqg?si=dMjxnFwXU98D4MpH,9:06,Advanced,8.5,7.539,7.65
Multiplication,Long Multiplication for Grade 7,https://www.youtube.com/watch?v=r85EMNbWMiE,21:00,Beginner,9.2,8.268,8.13
Multiplication,Understanding Multiplication,https://youtu.be/_PyA3CJ-V98?si=mTi02JfyOo0ydPLR,13:18,Intermediate,8.8,9.287,8.341
Fractions to Decimals,Convert any Fraction to a Decimal,https://youtu.be/do_IbHId2Os?si=WyTbHiTgY6AaEz_L,6:43,Beginner,8.4,7.628,7.908
Comparing Fractions,Comparing Fractions with different Denominators,https://youtu.be/d6fCqzuWjbo?si=eVQb7MoRlFCtsvGj,10:11,Intermediate,8.6,7.629,7.787
Subtraction,Multi-Digit Subtraction,https://youtu.be/Y6M89-6106I?si=6dT-roRnqAH6OHdl,6:56,Beginner,8.3,9.533,8.601
Subtraction,Smart Subtraction,https://youtu.be/3fYgZgbOJmM?si=0Xq66JMU0XrVlOsn,13:38,Intermediate,7.9,8.064,7.59
Ordering Fractions,Learn Ordering Fractions,https://youtu.be/QECYScPz4sA?si=qJW4l4BvbXma1lOP,10:15,Intermediate,8.5,8.708,8.145
Ordering Fractions,Fraction Ordering,https://youtu.be/76s8ZzK87rA?si=F0Z4GtJkicWyq5_A,14:40,Intermediate,7.9,9.511,8.01
Multiplication,Multi-Digit Multiplication,https://youtu.be/dNSrfoYLQZU?si=fjPUGvSBAA5fmj_V,5:02,Advanced,8.3,7.393,7.557
Division,Division Basics for Beginners,https://youtu.be/InIKW_tfhs4?si=i3EqqM2A_6JHTQYh,3:44,Intermediate,7.8,8.792,8.196
Subtraction,Introduction to Subtraction,https://youtu.be/r3qKojj4g4g?si=-XA75LAElZS8jQOy,10:42,Advanced,8.6,8.373,8.06
Multiplication,Multi-Digit Multiplication,https://youtu.be/dNSrfoYLQZU?si=fjPUGvSBAA5fmj_V,5:02,Advanced,8.3,9.136,8.38
Addition,Adding Large Numbers,https://youtu.be/T9asFgfN5bg?si=CI2z3n21hND5aFvQ,5:03,Intermediate,7.8,8.025,7.83
Comparing Fractions,Comparing Fractions,https://www.youtube.com/watch?v=u_QTuWj107o,7:42,Beginner,8.9,8.228,8.407
Fractions to Decimals,Introduction to Fractions to Decimals,https://youtu.be/pDs4a4ijqh0?si=ktPINIYpIFYNILOV,8:00,Intermediate,8.0,7.895,7.707
Subtraction,Multi-Digit Subtraction,https://youtu.be/Y6M89-6106I?si=6dT-roRnqAH6OHdl,6:56,Beginner,8.3,8.842,8.29
Addition,Adding Large Numbers,https://youtu.be/T9asFgfN5bg?si=CI2z3n21hND5aFvQ,5:03,Intermediate,7.8,7.715,7.768
Subtraction,Introduction to Subtraction,https://youtu.be/r3qKojj4g4g?si=-XA75LAElZS8jQOy,10:42,Advanced,8.6,8.548,7.961
Comparing Fractions,Comparing Fractions,https://www.youtube.com/watch?v=u_QTuWj107o,7:42,Beginner,8.9,7.312,8.1
Ordering Fractions,Learn Ordering Fractions,https://youtu.be/QECYScPz4sA?si=qJW4l4BvbXma1lOP,10:15,Intermediate,8.5,7.961,7.973
Division,Division Basics for Beginners,https://youtu.be/InIKW_tfhs4?si=i3EqqM2A_6JHTQYh,3:44,Intermediate,7.8,8.906,8.229
Comparing Fractions,Comparing Fractions with different Denominators,https://youtu.be/d6fCqzuWjbo?si=eVQb7MoRlFCtsvGj,10:11,Intermediate,8.6,7.598,7.63
Ordering Fractions,Introduction to Ordering Fractions,https://youtu.be/rL18ZMgCeKU?si=nixffH9YSe3hdGgm,12:04,Beginner,8.2,7.156,7.611
Comparing Fractions,Comparing Fractions with different Denominators,https://youtu.be/d6fCqzuWjbo?si=eVQb7MoRlFCtsvGj,10:11,Intermediate,8.6,8.946,8.246
Ordering Fractions,Fraction Ordering,https://youtu.be/76s8ZzK87rA?si=F0Z4GtJkicWyq5_A,14:40,Intermediate,7.9,9.593,7.952
Comparing Fractions,Introduction to Comparing Fractions,https://www.youtube.com/watch?v=KNdUJQ_qd4U,6:30,Beginner,8.3,8.931,8.44
Subtraction,Smart Subtraction,https://youtu.be/3fYgZgbOJmM?si=0Xq66JMU0XrVlOsn,13:38,Intermediate,7.9,8.164,7.832
Fractions to Decimals,Convert any Fraction to a Decimal,https://youtu.be/do_IbHId2Os?si=WyTbHiTgY6AaEz_L,6:43,Beginner,8.4,9.551,8.729
Multiplication,Long Multiplication for Grade 7,https://www.youtube.com/watch?v=r85EMNbWMiE,21:00,Beginner,9.2,9.253,8.35
Ordering Fractions,How to Order Fractions,https://www.youtube.com/watch?v=i2PfHDs88YE,6:33,Beginner,8.8,7.5,8.003
Multiplication,Box Method Multiplication,https://youtu.be/n3q3XzzIGSY?si=goczDT3wCWGEkSvm,7:19,Intermediate,8.0,8.186,7.761
Simplifying Fractions,How to Simplify Fractions,https://youtu.be/R-FXE3g8GpU?si=TcmelTK3iD3Nzco1,16:06,Intermediate,8.7,7.586,7.751
Addition,Adding Three Decimals,https://youtu.be/sQ1W919fgq8?si=V7TgnmmWgHYc_A5P,4:55,Beginner,8.2,8.912,8.468
Simplifying Fractions,Reducing Fractions to Simplest Form,https://youtu.be/gVls1-gjIn0?si=vXNqJqUYBvTrC8xT,11:19,Advanced,8.5,8.131,7.945
Division,Long Division for Grade 7,https://www.youtube.com/watch?v=J15nbHRpSiQ,19:57,Beginner,9.0,9.99,8.678
Addition,Multi-Digit Addition,https://youtu.be/mAvuom42NyY?si=3Om627A44-sGimLU,6:28,Beginner,8.5,8.87,8.43
Fractions to Decimals,Converting Fractions to Decimals,https://youtu.be/UtHGpx_yp4U?si=tVG8XzrdqWBZp_hs,7:54,Intermediate,8.7,7.166,7.662
Simplifying Fractions,How to Simplify Fractions,https://youtu.be/R-FXE3g8GpU?si=TcmelTK3iD3Nzco1,16:06,Intermediate,8.7,9.946,8.38
Subtraction,Smart Subtraction,https://youtu.be/3fYgZgbOJmM?si=0Xq66JMU0XrVlOsn,13:38,Intermediate,7.9,7.093,7.224
Ordering Fractions,Learn Ordering Fractions,https://youtu.be/QECYScPz4sA?si=qJW4l4BvbXma1lOP,10:15,Intermediate,8.5,9.965,8.349
Multiplication,Understanding Multiplication,https://youtu.be/_PyA3CJ-V98?si=mTi02JfyOo0ydPLR,13:18,Intermediate,8.8,8.977,8.208
Division,Long Division with 2-Digit Divisors,https://youtu.be/HdU_rf7eMTI?si=Pr40TqBRgGXrpLxG,13:04,Intermediate,8.6,8.442,7.919
Multiplication,Master Long Multiplication,https://youtu.be/GKetIwxaenA?si=9tvgkeqmmfUZ80xX,6:25,Beginner,8.5,7.55,8.012
Division,Smart Long Division,https://youtu.be/HJYHNxS64f0?si=PJiPytkuwiCJhiuV,14:40,Advanced,8.9,7.074,7.552
Comparing Fractions,Introduction to Comparing Fractions,https://www.youtube.com/watch?v=KNdUJQ_qd4U,6:30,Beginner,8.3,9.792,8.677
Ordering Fractions,Mastering Fractions,https://youtu.be/XvjQcHbUNNw?si=Xyv5SPufpJclBZIf,8:00,Advanced,8.7,8.594,8.069
Simplifying Fractions,Introduction to Simplifying Fractions,https://youtu.be/k73w_yZb9SM?si=sIcPAuwAjD24B_pV,7:30,Beginner,8.4,9.093,8.512
Addition,Decimal Arithmetic,https://www.youtube.com/watch?v=kwh4SD1ToFc,12:14,Intermediate,9.0,7.11,7.889
Simplifying Fractions,Reducing Fractions to Simplest Form,https://youtu.be/gVls1-gjIn0?si=vXNqJqUYBvTrC8xT,11:19,Advanced,8.5,7.324,7.511
Subtraction,Multi-Digit Subtraction,https://youtu.be/Y6M89-6106I?si=6dT-roRnqAH6OHdl,6:56,Beginner,8.3,8.695,8.184
Multiplication,Understanding Multiplication,https://youtu.be/_PyA3CJ-V98?si=mTi02JfyOo0ydPLR,13:18,Intermediate,8.8,8.256,8.026
Subtraction,Introduction to Subtraction,https://youtu.be/r3qKojj4g4g?si=-XA75LAElZS8jQOy,10:42,Advanced,8.6,7.894,7.766
Multiplication,Understanding Multiplication,https://youtu.be/_PyA3CJ-V98?si=mTi02JfyOo0ydPLR,13:18,Intermediate,8.8,7.188,7.705
Fractions to Decimals,Converting Fractions to Decimals,https://youtu.be/UtHGpx_yp4U?si=tVG8XzrdqWBZp_hs,7:54,Intermediate,8.7,9.462,8.661
Fractions to Decimals,How to Convert Fractions to Decimals,https://www.youtube.com/watch?v=guBVW5PiHLs&list=PPSV,8:29,Beginner,9.1,8.965,8.598
Division,Long Division with 2-Digit Divisors,https://youtu.be/HdU_rf7eMTI?si=Pr40TqBRgGXrpLxG,13:04,Intermediate,8.6,7.848,7.868
Fractions to Decimals,Introduction to Fractions to Decimals,https://youtu.be/pDs4a4ijqh0?si=ktPINIYpIFYNILOV,8:00,Intermediate,8.0,9.044,8.192
Simplifying Fractions,Learn Fraction Simplification,https://youtu.be/IuB8yTJ0-hk?si=8-bnaKA-irwAua1m,6:20,Intermediate,8.0,7.576,7.787
Division,Long Division with 2-Digit Divisors,https://youtu.be/HdU_rf7eMTI?si=Pr40TqBRgGXrpLxG,13:04,Intermediate,8.6,9.964,8.653
Subtraction,Subtracting Large Numbers,https://youtu.be/HlxqCdDrbdc?si=1RAFlZfZuuD3LnjX,5:04,Intermediate,8.0,8.846,8.099
Simplifying Fractions,Reducing Fractions to Simplest Form,https://youtu.be/gVls1-gjIn0?si=vXNqJqUYBvTrC8xT,11:19,Advanced,8.5,7.562,7.577
Ordering Fractions,Mastering Fractions,https://youtu.be/XvjQcHbUNNw?si=Xyv5SPufpJclBZIf,8:00,Advanced,8.7,9.83,8.528
Simplifying Fractions,Introduction to Simplifying Fractions,https://youtu.be/k73w_yZb9SM?si=sIcPAuwAjD24B_pV,7:30,Beginner,8.4,9.187,8.471
Ordering Fractions,Introduction to Ordering Fractions,https://youtu.be/rL18ZMgCeKU?si=nixffH9YSe3hdGgm,12:04,Beginner,8.2,9.348,8.424
Multiplication,Master Long Multiplication,https://youtu.be/GKetIwxaenA?si=9tvgkeqmmfUZ80xX,6:25,Beginner,8.5,9.53,8.679
Subtraction,Subtracting Large Numbers,https://youtu.be/HlxqCdDrbdc?si=1RAFlZfZuuD3LnjX,5:04,Intermediate,8.0,9.379,8.247
Subtraction,Introduction to Subtraction,https://youtu.be/r3qKojj4g4g?si=-XA75LAElZS8jQOy,10:42,Advanced,8.6,9.322,8.278
Comparing Fractions,Introduction to Comparing Fractions,https://www.youtube.com/watch?v=KNdUJQ_qd4U,6:30,Beginner,8.3,8.693,8.282
Fractions to Decimals,Introduction to Fractions to Decimals,https://youtu.be/pDs4a4ijqh0?si=ktPINIYpIFYNILOV,8:00,Intermediate,8.0,8.754,8.076
Comparing Fractions,Mastering Comparing Fractions,https://youtu.be/PEqV48jMeXw?si=55QJueBjYIoAgbk0,11:09,Advanced,8.7,9.027,8.34
Division,Long Division for Grade 7,https://www.youtube.com/watch?v=J15nbHRpSiQ,19:57,Beginner,9.0,8.208,8.165
Addition,Decimal Arithmetic,https://www.youtube.com/watch?v=kwh4SD1ToFc,12:14,Intermediate,9.0,8.443,8.214
Simplifying Fractions,Reducing Fractions to Simplest Form,https://youtu.be/gVls1-gjIn0?si=vXNqJqUYBvTrC8xT,11:19,Advanced,8.5,9.857,8.481
Fractions to Decimals,Converting Fractions to Decimals,https://youtu.be/UtHGpx_yp4U?si=tVG8XzrdqWBZp_hs,7:54,Intermediate,8.7,7.314,7.873
Ordering Fractions,Introduction to Ordering Fractions,https://youtu.be/rL18ZMgCeKU?si=nixffH9YSe3hdGgm,12:04,Beginner,8.2,7.892,7.899
Simplifying Fractions,Reducing Fractions to Simplest Form,https://youtu.be/gVls1-gjIn0?si=vXNqJqUYBvTrC8xT,11:19,Advanced,8.5,9.557,8.283
Subtraction,Subtracting Whole Numbers,https://www.youtube.com/watch?v=z4bTlVxU9C0,8:40,Beginner,8.7,8.651,8.55
Ordering Fractions,Introduction to Ordering Fractions,https://youtu.be/rL18ZMgCeKU?si=nixffH9YSe3hdGgm,12:04,Beginner,8.2,8.117,7.877
Ordering Fractions,Introduction to Ordering Fractions,https://youtu.be/rL18ZMgCeKU?si=nixffH9YSe3hdGgm,12:04,Beginner,8.2,8.128,7.922
Simplifying Fractions,Introduction to Simplifying Fractions,https://youtu.be/k73w_yZb9SM?si=sIcPAuwAjD24B_pV,7:30,Beginner,8.4,8.377,8.322
Addition,Decimal Arithmetic,https://www.youtube.com/watch?v=kwh4SD1ToFc,12:14,Intermediate,9.0,9.97,8.676
Multiplication,Box Method Multiplication,https://youtu.be/n3q3XzzIGSY?si=goczDT3wCWGEkSvm,7:19,Intermediate,8.0,8.842,7.984
Subtraction,Multi-Digit Subtraction,https://youtu.be/Y6M89-6106I?si=6dT-roRnqAH6OHdl,6:56,Beginner,8.3,9.904,8.689
Addition,Decimal Arithmetic,https://www.youtube.com/watch?v=kwh4SD1ToFc,12:14,Intermediate,9.0,7.971,7.948
Simplifying Fractions,Introduction to Simplifying Fractions,https://youtu.be/k73w_yZb9SM?si=sIcPAuwAjD24B_pV,7:30,Beginner,8.4,8.141,8.22
Division,Basic Division,https://youtu.be/KGMf314LUc0?si=jxaKi8tja1iw8LUl,9:57,Beginner,8.4,8.532,8.164
Comparing Fractions,Comparing Fractions with different Denominators,https://youtu.be/d6fCqzuWjbo?si=eVQb7MoRlFCtsvGj,10:11,Intermediate,8.6,7.665,7.875
Simplifying Fractions,Learn Fraction Simplification,https://youtu.be/IuB8yTJ0-hk?si=8-bnaKA-irwAua1m,6:20,Intermediate,8.0,7.74,7.733
Simplifying Fractions,Simplifying Fractions,https://www.youtube.com/watch?v=AtBUQH8Tkqc&t=67s,8:30,Beginner,9.0,7.789,8.314
Multiplication,Box Method Multiplication,https://youtu.be/n3q3XzzIGSY?si=goczDT3wCWGEkSvm,7:19,Intermediate,8.0,7.518,7.686
Addition,Multi-Digit Addition,https://youtu.be/mAvuom42NyY?si=3Om627A44-sGimLU,6:28,Beginner,8.5,8.988,8.462
Multiplication,Long Multiplication for Grade 7,https://www.youtube.com/watch?v=r85EMNbWMiE,21:00,Beginner,9.2,7.834,7.929
Fractions to Decimals,Introduction to Fractions to Decimals,https://youtu.be/pDs4a4ijqh0?si=ktPINIYpIFYNILOV,8:00,Intermediate,8.0,7.727,7.58
Ordering Fractions,How to Order Fractions,https://www.youtube.com/watch?v=i2PfHDs88YE,6:33,Beginner,8.8,8.268,8.393
Addition,Adding Three Decimals,https://youtu.be/sQ1W919fgq8?si=V7TgnmmWgHYc_A5P,4:55,Beginner,8.2,8.887,8.378
Multiplication,Master Long Multiplication,https://youtu.be/GKetIwxaenA?si=9tvgkeqmmfUZ80xX,6:25,Beginner,8.5,9.066,8.664
Addition,Adding Large Numbers,https://youtu.be/T9asFgfN5bg?si=CI2z3n21hND5aFvQ,5:03,Intermediate,7.8,7.806,7.622
Comparing Fractions,Comparing Like Fractions,https://youtu.be/H3N5To5fO5U?si=Y3IFqQaqTK2GalSa,4:45,Intermediate,7.8,8.382,7.953
Ordering Fractions,Learn Ordering Fractions,https://youtu.be/QECYScPz4sA?si=qJW4l4BvbXma1lOP,10:15,Intermediate,8.5,8.453,8.114
Fractions to Decimals,Convert any Fraction to a Decimal,https://youtu.be/do_IbHId2Os?si=WyTbHiTgY6AaEz_L,6:43,Beginner,8.4,7.235,7.908
Fractions to Decimals,Converting Fractions to Decimals,https://youtu.be/UtHGpx_yp4U?si=tVG8XzrdqWBZp_hs,7:54,Intermediate,8.7,8.882,8.436
Ordering Fractions,How to Order Fractions,https://www.youtube.com/watch?v=i2PfHDs88YE,6:33,Beginner,8.8,9.893,8.917
Simplifying Fractions,How to Simplify Fractions,https://youtu.be/R-FXE3g8GpU?si=TcmelTK3iD3Nzco1,16:06,Intermediate,8.7,9.195,8.217
Fractions to Decimals,Mastering Fractions to Decimals,https://youtu.be/Mpv7AzOUOqg?si=dMjxnFwXU98D4MpH,9:06,Advanced,8.5,7.035,7.427
Ordering Fractions,Learn Ordering Fractions,https://youtu.be/QECYScPz4sA?si=qJW4l4BvbXma1lOP,10:15,Intermediate,8.5,7.628,7.587
Subtraction,Multi-Digit Subtraction,https://youtu.be/Y6M89-6106I?si=6dT-roRnqAH6OHdl,6:56,Beginner,8.3,9.705,8.683
Ordering Fractions,Fraction Ordering,https://youtu.be/76s8ZzK87rA?si=F0Z4GtJkicWyq5_A,14:40,Intermediate,7.9,7.841,7.436
Division,Division Basics for Beginners,https://youtu.be/InIKW_tfhs4?si=i3EqqM2A_6JHTQYh,3:44,Intermediate,7.8,8.42,7.814
Simplifying Fractions,Learn Fraction Simplification,https://youtu.be/IuB8yTJ0-hk?si=8-bnaKA-irwAua1m,6:20,Intermediate,8.0,7.113,7.445
Division,Basic Division,https://youtu.be/KGMf314LUc0?si=jxaKi8tja1iw8LUl,9:57,Beginner,8.4,7.77,7.966
Addition,Add Numbers Faster,https://youtu.be/-x2yAOt_XFY?si=9WXX46kdbQDVhgO8,4:48,Advanced,8.8,8.297,8.211
Addition,Adding Three Decimals,https://youtu.be/sQ1W919fgq8?si=V7TgnmmWgHYc_A5P,4:55,Beginner,8.2,8.081,8.109
Comparing Fractions,Mastering Comparing Fractions,https://youtu.be/PEqV48jMeXw?si=55QJueBjYIoAgbk0,11:09,Advanced,8.7,8.936,8.103
Fractions to Decimals,Converting Fractions to Decimals,https://youtu.be/UtHGpx_yp4U?si=tVG8XzrdqWBZp_hs,7:54,Intermediate,8.7,8.682,8.316
Ordering Fractions,Fraction Ordering,https://youtu.be/76s8ZzK87rA?si=F0Z4GtJkicWyq5_A,14:40,Intermediate,7.9,9.031,7.889
Ordering Fractions,Mastering Fractions,https://youtu.be/XvjQcHbUNNw?si=Xyv5SPufpJclBZIf,8:00,Advanced,8.7,8.149,7.824
Subtraction,Smart Subtraction,https://youtu.be/3fYgZgbOJmM?si=0Xq66JMU0XrVlOsn,13:38,Intermediate,7.9,7.07,7.214
Multiplication,Understanding Multiplication,https://youtu.be/_PyA3CJ-V98?si=mTi02JfyOo0ydPLR,13:18,Intermediate,8.8,9.992,8.667
Subtraction,Smart Subtraction,https://youtu.be/3fYgZgbOJmM?si=0Xq66JMU0XrVlOsn,13:38,Intermediate,7.9,9.982,8.276
Multiplication,Box Method Multiplication,https://youtu.be/n3q3XzzIGSY?si=goczDT3wCWGEkSvm,7:19,Intermediate,8.0,7.694,7.597
Multiplication,Long Multiplication for Grade 7,https://www.youtube.com/watch?v=r85EMNbWMiE,21:00,Beginner,9.2,8.925,8.396
Division,Smart Long Division,https://youtu.be/HJYHNxS64f0?si=PJiPytkuwiCJhiuV,14:40,Advanced,8.9,7.146,7.621
Fractions to Decimals,Convert any Fraction to a Decimal,https://youtu.be/do_IbHId2Os?si=WyTbHiTgY6AaEz_L,6:43,Beginner,8.4,7.566,7.851
Addition,Add Numbers Faster,https://youtu.be/-x2yAOt_XFY?si=9WXX46kdbQDVhgO8,4:48,Advanced,8.8,7.82,8.048
Multiplication,Box Method Multiplication,https://youtu.be/n3q3XzzIGSY?si=goczDT3wCWGEkSvm,7:19,Intermediate,8.0,7.158,7.653
Simplifying Fractions,How to Simplify Fractions,https://youtu.be/R-FXE3g8GpU?si=TcmelTK3iD3Nzco1,16:06,Intermediate,8.7,7.548,7.774
Fractions to Decimals,Mastering Fractions to Decimals,https://youtu.be/Mpv7AzOUOqg?si=dMjxnFwXU98D4MpH,9:06,Advanced,8.5,9.231,8.148
Subtraction,Subtracting Whole Numbers,https://www.youtube.com/watch?v=z4bTlVxU9C0,8:40,Beginner,8.7,8.213,8.257
Comparing Fractions,Comparing Fractions with different Denominators,https://youtu.be/d6fCqzuWjbo?si=eVQb7MoRlFCtsvGj,10:11,Intermediate,8.6,9.83,8.57
Ordering Fractions,Mastering Fractions,https://youtu.be/XvjQcHbUNNw?si=Xyv5SPufpJclBZIf,8:00,Advanced,8.7,9.735,8.657
Simplifying Fractions,Reducing Fractions to Simplest Form,https://youtu.be/gVls1-gjIn0?si=vXNqJqUYBvTrC8xT,11:19,Advanced,8.5,9.629,8.35
Fractions to Decimals,Convert any Fraction to a Decimal,https://youtu.be/do_IbHId2Os?si=WyTbHiTgY6AaEz_L,6:43,Beginner,8.4,9.175,8.277
Ordering Fractions,Introduction to Ordering Fractions,https://youtu.be/rL18ZMgCeKU?si=nixffH9YSe3hdGgm,12:04,Beginner,8.2,9.36,8.272
Simplifying Fractions,Simplifying Fractions,https://www.youtube.com/watch?v=AtBUQH8Tkqc&t=67s,8:30,Beginner,9.0,7.904,8.262
Fractions to Decimals,How to Convert Fractions to Decimals,https://www.youtube.com/watch?v=guBVW5PiHLs&list=PPSV,8:29,Beginner,9.1,7.806,8.395
Division,Basic Division,https://youtu.be/KGMf314LUc0?si=jxaKi8tja1iw8LUl,9:57,Beginner,8.4,7.332,7.859
Fractions to Decimals,Converting Fractions to Decimals,https://youtu.be/UtHGpx_yp4U?si=tVG8XzrdqWBZp_hs,7:54,Intermediate,8.7,7.475,7.756
Fractions to Decimals,Converting Fractions to Decimals,https://youtu.be/UtHGpx_yp4U?si=tVG8XzrdqWBZp_hs,7:54,Intermediate,8.7,7.134,7.798
Fractions to Decimals,Converting Fractions to Decimals,https://youtu.be/UtHGpx_yp4U?si=tVG8XzrdqWBZp_hs,7:54,Intermediate,8.7,9.158,8.445
Subtraction,Multi-Digit Subtraction,https://youtu.be/Y6M89-6106I?si=6dT-roRnqAH6OHdl,6:56,Beginner,8.3,7.45,7.991
Fractions to Decimals,Converting Fractions to Decimals,https://youtu.be/UtHGpx_yp4U?si=tVG8XzrdqWBZp_hs,7:54,Intermediate,8.7,7.658,8.072
Simplifying Fractions,Simplifying Fractions,https://www.youtube.com/watch?v=AtBUQH8Tkqc&t=67s,8:30,Beginner,9.0,7.062,7.788
Ordering Fractions,How to Order Fractions,https://www.youtube.com/watch?v=i2PfHDs88YE,6:33,Beginner,8.8,9.448,8.832
Simplifying Fractions,Learn Fraction Simplification,https://youtu.be/IuB8yTJ0-hk?si=8-bnaKA-irwAua1m,6:20,Intermediate,8.0,9.548,8.227
Subtraction,Subtracting Large Numbers,https://youtu.be/HlxqCdDrbdc?si=1RAFlZfZuuD3LnjX,5:04,Intermediate,8.0,9.136,8.258
Ordering Fractions,Introduction to Ordering Fractions,https://youtu.be/rL18ZMgCeKU?si=nixffH9YSe3hdGgm,12:04,Beginner,8.2,9.998,8.475
Addition,Adding Three Decimals,https://youtu.be/sQ1W919fgq8?si=V7TgnmmWgHYc_A5P,4:55,Beginner,8.2,9.41,8.568
Fractions to Decimals,Convert any Fraction to a Decimal,https://youtu.be/do_IbHId2Os?si=WyTbHiTgY6AaEz_L,6:43,Beginner,8.4,7.035,7.782
Simplifying Fractions,Simplifying Fractions,https://www.youtube.com/watch?v=AtBUQH8Tkqc&t=67s,8:30,Beginner,9.0,8.175,8.398
Subtraction,Subtracting Whole Numbers,https://www.youtube.com/watch?v=z4bTlVxU9C0,8:40,Beginner,8.7,7.544,7.92
Multiplication,Understanding Multiplication,https://youtu.be/_PyA3CJ-V98?si=mTi02JfyOo0ydPLR,13:18,Intermediate,8.8,9.926,8.716
Division,Smart Long Division,https://youtu.be/HJYHNxS64f0?si=PJiPytkuwiCJhiuV,14:40,Advanced,8.9,9.104,8.136
Division,Basic Division,https://youtu.be/KGMf314LUc0?si=jxaKi8tja1iw8LUl,9:57,Beginner,8.4,8.788,8.135
Comparing Fractions,Comparing Fractions,https://www.youtube.com/watch?v=u_QTuWj107o,7:42,Beginner,8.9,8.813,8.642
Division,Smart Long Division,https://youtu.be/HJYHNxS64f0?si=PJiPytkuwiCJhiuV,14:40,Advanced,8.9,7.577,7.703
Fractions to Decimals,Mastering Fractions to Decimals,https://youtu.be/Mpv7AzOUOqg?si=dMjxnFwXU98D4MpH,9:06,Advanced,8.5,8.593,7.971
Comparing Fractions,Comparing Fractions with different Denominators,https://youtu.be/d6fCqzuWjbo?si=eVQb7MoRlFCtsvGj,10:11,Intermediate,8.6,8.749,8.13
Simplifying Fractions,Simplifying Fractions,https://www.youtube.com/watch?v=AtBUQH8Tkqc&t=67s,8:30,Beginner,9.0,7.118,7.932
Addition,Adding Three Decimals,https://youtu.be/sQ1W919fgq8?si=V7TgnmmWgHYc_A5P,4:55,Beginner,8.2,8.287,8.179
Simplifying Fractions,How to Simplify Fractions,https://youtu.be/R-FXE3g8GpU?si=TcmelTK3iD3Nzco1,16:06,Intermediate,8.7,7.205,7.552
Multiplication,Understanding Multiplication,https://youtu.be/_PyA3CJ-V98?si=mTi02JfyOo0ydPLR,13:18,Intermediate,8.8,7.632,7.916
Multiplication,Long Multiplication for Grade 7,https://www.youtube.com/watch?v=r85EMNbWMiE,21:00,Beginner,9.2,9.706,8.729
Subtraction,Subtracting Large Numbers,https://youtu.be/HlxqCdDrbdc?si=1RAFlZfZuuD3LnjX,5:04,Intermediate,8.0,8.57,8.106
Simplifying Fractions,Introduction to Simplifying Fractions,https://youtu.be/k73w_yZb9SM?si=sIcPAuwAjD24B_pV,7:30,Beginner,8.4,7.535,7.916
Fractions to Decimals,Introduction to Fractions to Decimals,https://youtu.be/pDs4a4ijqh0?si=ktPINIYpIFYNILOV,8:00,Intermediate,8.0,8.59,7.986
Comparing Fractions,Introduction to Comparing Fractions,https://www.youtube.com/watch?v=KNdUJQ_qd4U,6:30,Beginner,8.3,8.021,8.011
Simplifying Fractions,Reducing Fractions to Simplest Form,https://youtu.be/gVls1-gjIn0?si=vXNqJqUYBvTrC8xT,11:19,Advanced,8.5,7.908,7.628
Subtraction,Subtracting Large Numbers,https://youtu.be/HlxqCdDrbdc?si=1RAFlZfZuuD3LnjX,5:04,Intermediate,8.0,8.006,7.898
Multiplication,Long Multiplication for Grade 7,https://www.youtube.com/watch?v=r85EMNbWMiE,21:00,Beginner,9.2,8.059,8.135
Addition,Multi-Digit Addition,https://youtu.be/mAvuom42NyY?si=3Om627A44-sGimLU,6:28,Beginner,8.5,7.913,8.185
Comparing Fractions,Comparing Like Fractions,https://youtu.be/H3N5To5fO5U?si=Y3IFqQaqTK2GalSa,4:45,Intermediate,7.8,9.072,7.99
Multiplication,Multi-Digit Multiplication,https://youtu.be/dNSrfoYLQZU?si=fjPUGvSBAA5fmj_V,5:02,Advanced,8.3,7.721,7.723
Addition,Add Numbers Faster,https://youtu.be/-x2yAOt_XFY?si=9WXX46kdbQDVhgO8,4:48,Advanced,8.8,8.553,8.258
Division,Division Basics for Beginners,https://youtu.be/InIKW_tfhs4?si=i3EqqM2A_6JHTQYh,3:44,Intermediate,7.8,8.87,8.161
Addition,Multi-Digit Addition,https://youtu.be/mAvuom42NyY?si=3Om627A44-sGimLU,6:28,Beginner,8.5,7.914,8.216
Comparing Fractions,Comparing Like Fractions,https://youtu.be/H3N5To5fO5U?si=Y3IFqQaqTK2GalSa,4:45,Intermediate,7.8,9.839,8.279
Fractions to Decimals,Convert any Fraction to a Decimal,https://youtu.be/do_IbHId2Os?si=WyTbHiTgY6AaEz_L,6:43,Beginner,8.4,7.758,8.05
Addition,Adding Three Decimals,https://youtu.be/sQ1W919fgq8?si=V7TgnmmWgHYc_A5P,4:55,Beginner,8.2,7.055,7.8
Simplifying Fractions,Reducing Fractions to Simplest Form,https://youtu.be/gVls1-gjIn0?si=vXNqJqUYBvTrC8xT,11:19,Advanced,8.5,8.883,8.057
Ordering Fractions,How to Order Fractions,https://www.youtube.com/watch?v=i2PfHDs88YE,6:33,Beginner,8.8,8.49,8.51
Comparing Fractions,Comparing Fractions with different Denominators,https://youtu.be/d6fCqzuWjbo?si=eVQb7MoRlFCtsvGj,10:11,Intermediate,8.6,9.732,8.481
Simplifying Fractions,Learn Fraction Simplification,https://youtu.be/IuB8yTJ0-hk?si=8-bnaKA-irwAua1m,6:20,Intermediate,8.0,9.04,8.082
Multiplication,Understanding Multiplication,https://youtu.be/_PyA3CJ-V98?si=mTi02JfyOo0ydPLR,13:18,Intermediate,8.8,8.478,8.013
Multiplication,Box Method Multiplication,https://youtu.be/n3q3XzzIGSY?si=goczDT3wCWGEkSvm,7:19,Intermediate,8.0,7.864,7.888
Multiplication,Understanding Multiplication,https://youtu.be/_PyA3CJ-V98?si=mTi02JfyOo0ydPLR,13:18,Intermediate,8.8,7.985,7.948
Multiplication,Box Method Multiplication,https://youtu.be/n3q3XzzIGSY?si=goczDT3wCWGEkSvm,7:19,Intermediate,8.0,7.98,7.853
Division,Basic Division,https://youtu.be/KGMf314LUc0?si=jxaKi8tja1iw8LUl,9:57,Beginner,8.4,9.461,8.551
Addition,Adding Large Numbers,https://youtu.be/T9asFgfN5bg?si=CI2z3n21hND5aFvQ,5:03,Intermediate,7.8,9.157,8.144
Division,Long Division with 2-Digit Divisors,https://youtu.be/HdU_rf7eMTI?si=Pr40TqBRgGXrpLxG,13:04,Intermediate,8.6,8.425,8.142
Ordering Fractions,Mastering Fractions,https://youtu.be/XvjQcHbUNNw?si=Xyv5SPufpJclBZIf,8:00,Advanced,8.7,8.069,7.853
Simplifying Fractions,How to Simplify Fractions,https://youtu.be/R-FXE3g8GpU?si=TcmelTK3iD3Nzco1,16:06,Intermediate,8.7,9.804,8.417
Addition,Add Numbers Faster,https://youtu.be/-x2yAOt_XFY?si=9WXX46kdbQDVhgO8,4:48,Advanced,8.8,7.639,7.951
Comparing Fractions,Comparing Fractions,https://www.youtube.com/watch?v=u_QTuWj107o,7:42,Beginner,8.9,8.493,8.571
Subtraction,Subtracting Whole Numbers,https://www.youtube.com/watch?v=z4bTlVxU9C0,8:40,Beginner,8.7,7.981,8.087
Addition,Adding Large Numbers,https://youtu.be/T9asFgfN5bg?si=CI2z3n21hND5aFvQ,5:03,Intermediate,7.8,7.41,7.449
Multiplication,Master Long Multiplication,https://youtu.be/GKetIwxaenA?si=9tvgkeqmmfUZ80xX,6:25,Beginner,8.5,8.823,8.378
Division,Smart Long Division,https://youtu.be/HJYHNxS64f0?si=PJiPytkuwiCJhiuV,14:40,Advanced,8.9,9.075,8.329
Simplifying Fractions,How to Simplify Fractions,https://youtu.be/R-FXE3g8GpU?si=TcmelTK3iD3Nzco1,16:06,Intermediate,8.7,7.545,7.565
Ordering Fractions,Fraction Ordering,https://youtu.be/76s8ZzK87rA?si=F0Z4GtJkicWyq5_A,14:40,Intermediate,7.9,8.313,7.487
Multiplication,Understanding Multiplication,https://youtu.be/_PyA3CJ-V98?si=mTi02JfyOo0ydPLR,13:18,Intermediate,8.8,7.09,7.583
Subtraction,Smart Subtraction,https://youtu.be/3fYgZgbOJmM?si=0Xq66JMU0XrVlOsn,13:38,Intermediate,7.9,7.907,7.625
Fractions to Decimals,Introduction to Fractions to Decimals,https://youtu.be/pDs4a4ijqh0?si=ktPINIYpIFYNILOV,8:00,Intermediate,8.0,7.866,7.614
Multiplication,Understanding Multiplication,https://youtu.be/_PyA3CJ-V98?si=mTi02JfyOo0ydPLR,13:18,Intermediate,8.8,9.467,8.558
Fractions to Decimals,Introduction to Fractions to Decimals,https://youtu.be/pDs4a4ijqh0?si=ktPINIYpIFYNILOV,8:00,Intermediate,8.0,7.448,7.767
Simplifying Fractions,How to Simplify Fractions,https://youtu.be/R-FXE3g8GpU?si=TcmelTK3iD3Nzco1,16:06,Intermediate,8.7,7.01,7.453
Addition,Adding Three Decimals,https://youtu.be/sQ1W919fgq8?si=V7TgnmmWgHYc_A5P,4:55,Beginner,8.2,8.259,7.938
Multiplication,Master Long Multiplication,https://youtu.be/GKetIwxaenA?si=9tvgkeqmmfUZ80xX,6:25,Beginner,8.5,8.885,8.344
Division,Basic Division,https://youtu.be/KGMf314LUc0?si=jxaKi8tja1iw8LUl,9:57,Beginner,8.4,9.572,8.631
Ordering Fractions,Introduction to Ordering Fractions,https://youtu.be/rL18ZMgCeKU?si=nixffH9YSe3hdGgm,12:04,Beginner,8.2,9.812,8.408
Multiplication,Multi-Digit Multiplication,https://youtu.be/dNSrfoYLQZU?si=fjPUGvSBAA5fmj_V,5:02,Advanced,8.3,7.29,7.589
Addition,Multi-Digit Addition,https://youtu.be/mAvuom42NyY?si=3Om627A44-sGimLU,6:28,Beginner,8.5,7.874,8.001
Addition,Adding Large Numbers,https://youtu.be/T9asFgfN5bg?si=CI2z3n21hND5aFvQ,5:03,Intermediate,7.8,9.489,8.271
Multiplication,Long Multiplication for Grade 7,https://www.youtube.com/watch?v=r85EMNbWMiE,21:00,Beginner,9.2,9.181,8.298
Ordering Fractions,Fraction Ordering,https://youtu.be/76s8ZzK87rA?si=F0Z4GtJkicWyq5_A,14:40,Intermediate,7.9,9.595,7.919
Fractions to Decimals,Convert any Fraction to a Decimal,https://youtu.be/do_IbHId2Os?si=WyTbHiTgY6AaEz_L,6:43,Beginner,8.4,8.756,8.369
Fractions to Decimals,How to Convert Fractions to Decimals,https://www.youtube.com/watch?v=guBVW5PiHLs&list=PPSV,8:29,Beginner,9.1,8.057,8.532
Division,Long Division for Grade 7,https://www.youtube.com/watch?v=J15nbHRpSiQ,19:57,Beginner,9.0,9.969,8.716
Comparing Fractions,Comparing Fractions,https://www.youtube.com/watch?v=u_QTuWj107o,7:42,Beginner,8.9,8.275,8.478
Fractions to Decimals,Mastering Fractions to Decimals,https://youtu.be/Mpv7AzOUOqg?si=dMjxnFwXU98D4MpH,9:06,Advanced,8.5,8.36,7.851
Subtraction,Multi-Digit Subtraction,https://youtu.be/Y6M89-6106I?si=6dT-roRnqAH6OHdl,6:56,Beginner,8.3,9.523,8.534
Addition,Adding Three Decimals,https://youtu.be/sQ1W919fgq8?si=V7TgnmmWgHYc_A5P,4:55,Beginner,8.2,8.168,8.189
Simplifying Fractions,How to Simplify Fractions,https://youtu.be/R-FXE3g8GpU?si=TcmelTK3iD3Nzco1,16:06,Intermediate,8.7,9.252,8.484
Ordering Fractions,Mastering Fractions,https://youtu.be/XvjQcHbUNNw?si=Xyv5SPufpJclBZIf,8:00,Advanced,8.7,9.29,8.407
Fractions to Decimals,How to Convert Fractions to Decimals,https://www.youtube.com/watch?v=guBVW5PiHLs&list=PPSV,8:29,Beginner,9.1,9.625,8.953
Division,Long Division for Grade 7,https://www.youtube.com/watch?v=J15nbHRpSiQ,19:57,Beginner,9.0,7.23,7.946
Ordering Fractions,Learn Ordering Fractions,https://youtu.be/QECYScPz4sA?si=qJW4l4BvbXma1lOP,10:15,Intermediate,8.5,8.695,8.217
Addition,Adding Three Decimals,https://youtu.be/sQ1W919fgq8?si=V7TgnmmWgHYc_A5P,4:55,Beginner,8.2,7.751,7.993
Simplifying Fractions,Learn Fraction Simplification,https://youtu.be/IuB8yTJ0-hk?si=8-bnaKA-irwAua1m,6:20,Intermediate,8.0,7.414,7.596
Simplifying Fractions,Reducing Fractions to Simplest Form,https://youtu.be/gVls1-gjIn0?si=vXNqJqUYBvTrC8xT,11:19,Advanced,8.5,8.697,7.896
Subtraction,Subtracting Large Numbers,https://youtu.be/HlxqCdDrbdc?si=1RAFlZfZuuD3LnjX,5:04,Intermediate,8.0,8.044,8.055
Multiplication,Long Multiplication for Grade 7,https://www.youtube.com/watch?v=r85EMNbWMiE,21:00,Beginner,9.2,8.805,8.272
Comparing Fractions,Comparing Like Fractions,https://youtu.be/H3N5To5fO5U?si=Y3IFqQaqTK2GalSa,4:45,Intermediate,7.8,8.045,7.845
Division,Long Division with 2-Digit Divisors,https://youtu.be/HdU_rf7eMTI?si=Pr40TqBRgGXrpLxG,13:04,Intermediate,8.6,9.662,8.402
Simplifying Fractions,Simplifying Fractions,https://www.youtube.com/watch?v=AtBUQH8Tkqc&t=67s,8:30,Beginner,9.0,8.476,8.501
Simplifying Fractions,How to Simplify Fractions,https://youtu.be/R-FXE3g8GpU?si=TcmelTK3iD3Nzco1,16:06,Intermediate,8.7,8.459,7.778
Division,Long Division with 2-Digit Divisors,https://youtu.be/HdU_rf7eMTI?si=Pr40TqBRgGXrpLxG,13:04,Intermediate,8.6,7.428,7.575
Fractions to Decimals,How to Convert Fractions to Decimals,https://www.youtube.com/watch?v=guBVW5PiHLs&list=PPSV,8:29,Beginner,9.1,9.968,9.142
Ordering Fractions,Introduction to Ordering Fractions,https://youtu.be/rL18ZMgCeKU?si=nixffH9YSe3hdGgm,12:04,Beginner,8.2,8.231,7.917
Division,Long Division for Grade 7,https://www.youtube.com/watch?v=J15nbHRpSiQ,19:57,Beginner,9.0,7.711,7.916
Comparing Fractions,Comparing Like Fractions,https://youtu.be/H3N5To5fO5U?si=Y3IFqQaqTK2GalSa,4:45,Intermediate,7.8,7.228,7.425
Simplifying Fractions,How to Simplify Fractions,https://youtu.be/R-FXE3g8GpU?si=TcmelTK3iD3Nzco1,16:06,Intermediate,8.7,8.318,7.995
Subtraction,Multi-Digit Subtraction,https://youtu.be/Y6M89-6106I?si=6dT-roRnqAH6OHdl,6:56,Beginner,8.3,8.318,8.066
Fractions to Decimals,Mastering Fractions to Decimals,https://youtu.be/Mpv7AzOUOqg?si=dMjxnFwXU98D4MpH,9:06,Advanced,8.5,8.342,7.892
Comparing Fractions,Comparing Like Fractions,https://youtu.be/H3N5To5fO5U?si=Y3IFqQaqTK2GalSa,4:45,Intermediate,7.8,8.602,7.808
Ordering Fractions,Fraction Ordering,https://youtu.be/76s8ZzK87rA?si=F0Z4GtJkicWyq5_A,14:40,Intermediate,7.9,7.456,7.253
Simplifying Fractions,Learn Fraction Simplification,https://youtu.be/IuB8yTJ0-hk?si=8-bnaKA-irwAua1m,6:20,Intermediate,8.0,9.965,8.351
Comparing Fractions,Mastering Comparing Fractions,https://youtu.be/PEqV48jMeXw?si=55QJueBjYIoAgbk0,11:09,Advanced,8.7,8.103,7.683
Ordering Fractions,Learn Ordering Fractions,https://youtu.be/QECYScPz4sA?si=qJW4l4BvbXma1lOP,10:15,Intermediate,8.5,9.25,8.311
Ordering Fractions,Fraction Ordering,https://youtu.be/76s8ZzK87rA?si=F0Z4GtJkicWyq5_A,14:40,Intermediate,7.9,7.874,7.479
Comparing Fractions,Comparing Fractions,https://www.youtube.com/watch?v=u_QTuWj107o,7:42,Beginner,8.9,9.536,8.898
Multiplication,Box Method Multiplication,https://youtu.be/n3q3XzzIGSY?si=goczDT3wCWGEkSvm,7:19,Intermediate,8.0,8.154,7.952
Comparing Fractions,Introduction to Comparing Fractions,https://www.youtube.com/watch?v=KNdUJQ_qd4U,6:30,Beginner,8.3,7.91,8.217
Comparing Fractions,Comparing Fractions,https://www.youtube.com/watch?v=u_QTuWj107o,7:42,Beginner,8.9,8.601,8.46
Division,Basic Division,https://youtu.be/KGMf314LUc0?si=jxaKi8tja1iw8LUl,9:57,Beginner,8.4,9.128,8.21
Division,Long Division with 2-Digit Divisors,https://youtu.be/HdU_rf7eMTI?si=Pr40TqBRgGXrpLxG,13:04,Intermediate,8.6,9.82,8.655
Addition,Multi-Digit Addition,https://youtu.be/mAvuom42NyY?si=3Om627A44-sGimLU,6:28,Beginner,8.5,7.359,7.866
Simplifying Fractions,Reducing Fractions to Simplest Form,https://youtu.be/gVls1-gjIn0?si=vXNqJqUYBvTrC8xT,11:19,Advanced,8.5,7.824,7.847
Fractions to Decimals,Converting Fractions to Decimals,https://youtu.be/UtHGpx_yp4U?si=tVG8XzrdqWBZp_hs,7:54,Intermediate,8.7,8.372,8.221
Comparing Fractions,Comparing Like Fractions,https://youtu.be/H3N5To5fO5U?si=Y3IFqQaqTK2GalSa,4:45,Intermediate,7.8,7.283,7.416
Simplifying Fractions,Introduction to Simplifying Fractions,https://youtu.be/k73w_yZb9SM?si=sIcPAuwAjD24B_pV,7:30,Beginner,8.4,8.272,8.218
Simplifying Fractions,Reducing Fractions to Simplest Form,https://youtu.be/gVls1-gjIn0?si=vXNqJqUYBvTrC8xT,11:19,Advanced,8.5,8.069,7.758
Addition,Adding Three Decimals,https://youtu.be/sQ1W919fgq8?si=V7TgnmmWgHYc_A5P,4:55,Beginner,8.2,7.812,7.957
Simplifying Fractions,How to Simplify Fractions,https://youtu.be/R-FXE3g8GpU?si=TcmelTK3iD3Nzco1,16:06,Intermediate,8.7,8.428,8.022
Multiplication,Multi-Digit Multiplication,https://youtu.be/dNSrfoYLQZU?si=fjPUGvSBAA5fmj_V,5:02,Advanced,8.3,7.973,7.938
Multiplication,Understanding Multiplication,https://youtu.be/_PyA3CJ-V98?si=mTi02JfyOo0ydPLR,13:18,Intermediate,8.8,9.854,8.74
Ordering Fractions,Learn Ordering Fractions,https://youtu.be/QECYScPz4sA?si=qJW4l4BvbXma1lOP,10:15,Intermediate,8.5,9.053,8.319
Simplifying Fractions,Simplifying Fractions,https://www.youtube.com/watch?v=AtBUQH8Tkqc&t=67s,8:30,Beginner,9.0,7.553,8.135
Simplifying Fractions,Reducing Fractions to Simplest Form,https://youtu.be/gVls1-gjIn0?si=vXNqJqUYBvTrC8xT,11:19,Advanced,8.5,7.421,7.636
Multiplication,Understanding Multiplication,https://youtu.be/_PyA3CJ-V98?si=mTi02JfyOo0ydPLR,13:18,Intermediate,8.8,8.45,8.004
Multiplication,Multi-Digit Multiplication,https://youtu.be/dNSrfoYLQZU?si=fjPUGvSBAA5fmj_V,5:02,Advanced,8.3,9.186,8.484
Simplifying Fractions,Reducing Fractions to Simplest Form,https://youtu.be/gVls1-gjIn0?si=vXNqJqUYBvTrC8xT,11:19,Advanced,8.5,8.387,7.916
Ordering Fractions,How to Order Fractions,https://www.youtube.com/watch?v=i2PfHDs88YE,6:33,Beginner,8.8,8.742,8.695
Fractions to Decimals,Converting Fractions to Decimals,https://youtu.be/UtHGpx_yp4U?si=tVG8XzrdqWBZp_hs,7:54,Intermediate,8.7,8.817,8.227
Comparing Fractions,Introduction to Comparing Fractions,https://www.youtube.com/watch?v=KNdUJQ_qd4U,6:30,Beginner,8.3,7.115,7.77
Comparing Fractions,Comparing Fractions,https://www.youtube.com/watch?v=u_QTuWj107o,7:42,Beginner,8.9,8.32,8.29
Addition,Adding Three Decimals,https://youtu.be/sQ1W919fgq8?si=V7TgnmmWgHYc_A5P,4:55,Beginner,8.2,8.835,8.39
Multiplication,Multi-Digit Multiplication,https://youtu.be/dNSrfoYLQZU?si=fjPUGvSBAA5fmj_V,5:02,Advanced,8.3,8.876,7.895
Multiplication,Master Long Multiplication,https://youtu.be/GKetIwxaenA?si=9tvgkeqmmfUZ80xX,6:25,Beginner,8.5,8.423,8.081
Subtraction,Smart Subtraction,https://youtu.be/3fYgZgbOJmM?si=0Xq66JMU0XrVlOsn,13:38,Intermediate,7.9,8.817,7.891
Multiplication,Multi-Digit Multiplication,https://youtu.be/dNSrfoYLQZU?si=fjPUGvSBAA5fmj_V,5:02,Advanced,8.3,7.888,7.689
Division,Long Division with 2-Digit Divisors,https://youtu.be/HdU_rf7eMTI?si=Pr40TqBRgGXrpLxG,13:04,Intermediate,8.6,8.506,8.077
Division,Smart Long Division,https://youtu.be/HJYHNxS64f0?si=PJiPytkuwiCJhiuV,14:40,Advanced,8.9,8.987,8.374
Multiplication,Multi-Digit Multiplication,https://youtu.be/dNSrfoYLQZU?si=fjPUGvSBAA5fmj_V,5:02,Advanced,8.3,8.023,7.666
Subtraction,Introduction to Subtraction,https://youtu.be/r3qKojj4g4g?si=-XA75LAElZS8jQOy,10:42,Advanced,8.6,7.377,7.735
Multiplication,Box Method Multiplication,https://youtu.be/n3q3XzzIGSY?si=goczDT3wCWGEkSvm,7:19,Intermediate,8.0,8.838,8.104
Ordering Fractions,Fraction Ordering,https://youtu.be/76s8ZzK87rA?si=F0Z4GtJkicWyq5_A,14:40,Intermediate,7.9,9.236,8.037
Addition,Adding Three Decimals,https://youtu.be/sQ1W919fgq8?si=V7TgnmmWgHYc_A5P,4:55,Beginner,8.2,9.049,8.388
Ordering Fractions,How to Order Fractions,https://www.youtube.com/watch?v=i2PfHDs88YE,6:33,Beginner,8.8,9.954,9.016
Simplifying Fractions,How to Simplify Fractions,https://youtu.be/R-FXE3g8GpU?si=TcmelTK3iD3Nzco1,16:06,Intermediate,8.7,7.681,7.484
Division,Long Division for Grade 7,https://www.youtube.com/watch?v=J15nbHRpSiQ,19:57,Beginner,9.0,8.624,8.393
Multiplication,Master Long Multiplication,https://youtu.be/GKetIwxaenA?si=9tvgkeqmmfUZ80xX,6:25,Beginner,8.5,9.126,8.642
Ordering Fractions,Learn Ordering Fractions,https://youtu.be/QECYScPz4sA?si=qJW4l4BvbXma1lOP,10:15,Intermediate,8.5,9.72,8.574
Ordering Fractions,How to Order Fractions,https://www.youtube.com/watch?v=i2PfHDs88YE,6:33,Beginner,8.8,8.441,8.576
Ordering Fractions,Fraction Ordering,https://youtu.be/76s8ZzK87rA?si=F0Z4GtJkicWyq5_A,14:40,Intermediate,7.9,8.674,7.748
Ordering Fractions,Fraction Ordering,https://youtu.be/76s8ZzK87rA?si=F0Z4GtJkicWyq5_A,14:40,Intermediate,7.9,8.966,7.765
Simplifying Fractions,Learn Fraction Simplification,https://youtu.be/IuB8yTJ0-hk?si=8-bnaKA-irwAua1m,6:20,Intermediate,8.0,8.172,7.642
Ordering Fractions,Mastering Fractions,https://youtu.be/XvjQcHbUNNw?si=Xyv5SPufpJclBZIf,8:00,Advanced,8.7,8.052,8.102
Multiplication,Understanding Multiplication,https://youtu.be/_PyA3CJ-V98?si=mTi02JfyOo0ydPLR,13:18,Intermediate,8.8,8.22,8.058
Addition,Multi-Digit Addition,https://youtu.be/mAvuom42NyY?si=3Om627A44-sGimLU,6:28,Beginner,8.5,7.231,8.012
Subtraction,Subtracting Large Numbers,https://youtu.be/HlxqCdDrbdc?si=1RAFlZfZuuD3LnjX,5:04,Intermediate,8.0,7.245,7.833
Subtraction,Introduction to Subtraction,https://youtu.be/r3qKojj4g4g?si=-XA75LAElZS8jQOy,10:42,Advanced,8.6,7.316,7.836
Division,Long Division for Grade 7,https://www.youtube.com/watch?v=J15nbHRpSiQ,19:57,Beginner,9.0,9.397,8.351
Subtraction,Introduction to Subtraction,https://youtu.be/r3qKojj4g4g?si=-XA75LAElZS8jQOy,10:42,Advanced,8.6,7.94,7.949
Addition,Decimal Arithmetic,https://www.youtube.com/watch?v=kwh4SD1ToFc,12:14,Intermediate,9.0,9.281,8.292
Simplifying Fractions,Reducing Fractions to Simplest Form,https://youtu.be/gVls1-gjIn0?si=vXNqJqUYBvTrC8xT,11:19,Advanced,8.5,9.18,8.157
Division,Division Basics for Beginners,https://youtu.be/InIKW_tfhs4?si=i3EqqM2A_6JHTQYh,3:44,Intermediate,7.8,8.281,7.961
Ordering Fractions,Mastering Fractions,https://youtu.be/XvjQcHbUNNw?si=Xyv5SPufpJclBZIf,8:00,Advanced,8.7,8.346,8.105
Addition,Adding Large Numbers,https://youtu.be/T9asFgfN5bg?si=CI2z3n21hND5aFvQ,5:03,Intermediate,7.8,7.555,7.435
Addition,Adding Three Decimals,https://youtu.be/sQ1W919fgq8?si=V7TgnmmWgHYc_A5P,4:55,Beginner,8.2,8.158,8.137
Ordering Fractions,Introduction to Ordering Fractions,https://youtu.be/rL18ZMgCeKU?si=nixffH9YSe3hdGgm,12:04,Beginner,8.2,8.342,8.08
Fractions to Decimals,Convert any Fraction to a Decimal,https://youtu.be/do_IbHId2Os?si=WyTbHiTgY6AaEz_L,6:43,Beginner,8.4,8.838,8.338
Comparing Fractions,Comparing Fractions,https://www.youtube.com/watch?v=u_QTuWj107o,7:42,Beginner,8.9,8.011,8.323
Addition,Decimal Arithmetic,https://www.youtube.com/watch?v=kwh4SD1ToFc,12:14,Intermediate,9.0,9.245,8.46
Comparing Fractions,Comparing Fractions,https://www.youtube.com/watch?v=u_QTuWj107o,7:42,Beginner,8.9,8.28,8.255
Division,Division Basics for Beginners,https://youtu.be/InIKW_tfhs4?si=i3EqqM2A_6JHTQYh,3:44,Intermediate,7.8,8.904,8.125
Subtraction,Smart Subtraction,https://youtu.be/3fYgZgbOJmM?si=0Xq66JMU0XrVlOsn,13:38,Intermediate,7.9,7.934,7.539
Subtraction,Multi-Digit Subtraction,https://youtu.be/Y6M89-6106I?si=6dT-roRnqAH6OHdl,6:56,Beginner,8.3,8.635,8.172
Comparing Fractions,Comparing Fractions,https://www.youtube.com/watch?v=u_QTuWj107o,7:42,Beginner,8.9,7.643,8.291
Division,Long Division with 2-Digit Divisors,https://youtu.be/HdU_rf7eMTI?si=Pr40TqBRgGXrpLxG,13:04,Intermediate,8.6,8.251,8.016
Addition,Adding Three Decimals,https://youtu.be/sQ1W919fgq8?si=V7TgnmmWgHYc_A5P,4:55,Beginner,8.2,9.111,8.594
Comparing Fractions,Introduction to Comparing Fractions,https://www.youtube.com/watch?v=KNdUJQ_qd4U,6:30,Beginner,8.3,8.89,8.321
Subtraction,Subtracting Whole Numbers,https://www.youtube.com/watch?v=z4bTlVxU9C0,8:40,Beginner,8.7,8.12,8.461
Addition,Add Numbers Faster,https://youtu.be/-x2yAOt_XFY?si=9WXX46kdbQDVhgO8,4:48,Advanced,8.8,9.809,8.818
Fractions to Decimals,Convert any Fraction to a Decimal,https://youtu.be/do_IbHId2Os?si=WyTbHiTgY6AaEz_L,6:43,Beginner,8.4,7.778,8.087
Comparing Fractions,Mastering Comparing Fractions,https://youtu.be/PEqV48jMeXw?si=55QJueBjYIoAgbk0,11:09,Advanced,8.7,8.627,7.973
Subtraction,Subtracting Whole Numbers,https://www.youtube.com/watch?v=z4bTlVxU9C0,8:40,Beginner,8.7,9.287,8.619
Addition,Adding Three Decimals,https://youtu.be/sQ1W919fgq8?si=V7TgnmmWgHYc_A5P,4:55,Beginner,8.2,9.144,8.554
Comparing Fractions,Mastering Comparing Fractions,https://youtu.be/PEqV48jMeXw?si=55QJueBjYIoAgbk0,11:09,Advanced,8.7,9.305,8.27
Division,Smart Long Division,https://youtu.be/HJYHNxS64f0?si=PJiPytkuwiCJhiuV,14:40,Advanced,8.9,9.918,8.528
Division,Long Division with 2-Digit Divisors,https://youtu.be/HdU_rf7eMTI?si=Pr40TqBRgGXrpLxG,13:04,Intermediate,8.6,8.158,8.137
Comparing Fractions,Mastering Comparing Fractions,https://youtu.be/PEqV48jMeXw?si=55QJueBjYIoAgbk0,11:09,Advanced,8.7,8.427,8.14
Addition,Decimal Arithmetic,https://www.youtube.com/watch?v=kwh4SD1ToFc,12:14,Intermediate,9.0,9.308,8.55
Fractions to Decimals,Mastering Fractions to Decimals,https://youtu.be/Mpv7AzOUOqg?si=dMjxnFwXU98D4MpH,9:06,Advanced,8.5,7.928,7.631
Simplifying Fractions,Learn Fraction Simplification,https://youtu.be/IuB8yTJ0-hk?si=8-bnaKA-irwAua1m,6:20,Intermediate,8.0,9.713,8.347
Addition,Adding Large Numbers,https://youtu.be/T9asFgfN5bg?si=CI2z3n21hND5aFvQ,5:03,Intermediate,7.8,8.067,7.606
Addition,Decimal Arithmetic,https://www.youtube.com/watch?v=kwh4SD1ToFc,12:14,Intermediate,9.0,8.342,8.114
Subtraction,Smart Subtraction,https://youtu.be/3fYgZgbOJmM?si=0Xq66JMU0XrVlOsn,13:38,Intermediate,7.9,9.707,7.897
Addition,Add Numbers Faster,https://youtu.be/-x2yAOt_XFY?si=9WXX46kdbQDVhgO8,4:48,Advanced,8.8,8.291,8.024
Fractions to Decimals,Mastering Fractions to Decimals,https://youtu.be/Mpv7AzOUOqg?si=dMjxnFwXU98D4MpH,9:06,Advanced,8.5,9.49,8.351
Addition,Adding Three Decimals,https://youtu.be/sQ1W919fgq8?si=V7TgnmmWgHYc_A5P,4:55,Beginner,8.2,9.708,8.719
Division,Division Basics for Beginners,https://youtu.be/InIKW_tfhs4?si=i3EqqM2A_6JHTQYh,3:44,Intermediate,7.8,8.181,7.892
Comparing Fractions,Introduction to Comparing Fractions,https://www.youtube.com/watch?v=KNdUJQ_qd4U,6:30,Beginner,8.3,8.092,8.273
Multiplication,Multi-Digit Multiplication,https://youtu.be/dNSrfoYLQZU?si=fjPUGvSBAA5fmj_V,5:02,Advanced,8.3,9.377,8.339
Addition,Decimal Arithmetic,https://www.youtube.com/watch?v=kwh4SD1ToFc,12:14,Intermediate,9.0,8.454,8.077
Multiplication,Box Method Multiplication,https://youtu.be/n3q3XzzIGSY?si=goczDT3wCWGEkSvm,7:19,Intermediate,8.0,8.374,7.802
Comparing Fractions,Comparing Fractions with different Denominators,https://youtu.be/d6fCqzuWjbo?si=eVQb7MoRlFCtsvGj,10:11,Intermediate,8.6,8.468,8.147
Division,Division Basics for Beginners,https://youtu.be/InIKW_tfhs4?si=i3EqqM2A_6JHTQYh,3:44,Intermediate,7.8,8.775,8.039
Comparing Fractions,Introduction to Comparing Fractions,https://www.youtube.com/watch?v=KNdUJQ_qd4U,6:30,Beginner,8.3,8.714,8.475
Addition,Multi-Digit Addition,https://youtu.be/mAvuom42NyY?si=3Om627A44-sGimLU,6:28,Beginner,8.5,9.411,8.774
Division,Smart Long Division,https://youtu.be/HJYHNxS64f0?si=PJiPytkuwiCJhiuV,14:40,Advanced,8.9,8.895,8.263
Addition,Adding Three Decimals,https://youtu.be/sQ1W919fgq8?si=V7TgnmmWgHYc_A5P,4:55,Beginner,8.2,8.878,8.461
Subtraction,Subtracting Whole Numbers,https://www.youtube.com/watch?v=z4bTlVxU9C0,8:40,Beginner,8.7,7.361,8.109
Subtraction,Introduction to Subtraction,https://youtu.be/r3qKojj4g4g?si=-XA75LAElZS8jQOy,10:42,Advanced,8.6,8.452,7.843
Fractions to Decimals,Converting Fractions to Decimals,https://youtu.be/UtHGpx_yp4U?si=tVG8XzrdqWBZp_hs,7:54,Intermediate,8.7,8.023,8.07
Division,Smart Long Division,https://youtu.be/HJYHNxS64f0?si=PJiPytkuwiCJhiuV,14:40,Advanced,8.9,8.476,8.041
Subtraction,Multi-Digit Subtraction,https://youtu.be/Y6M89-6106I?si=6dT-roRnqAH6OHdl,6:56,Beginner,8.3,8.525,8.222
Comparing Fractions,Mastering Comparing Fractions,https://youtu.be/PEqV48jMeXw?si=55QJueBjYIoAgbk0,11:09,Advanced,8.7,9.686,8.441
Addition,Adding Large Numbers,https://youtu.be/T9asFgfN5bg?si=CI2z3n21hND5aFvQ,5:03,Intermediate,7.8,9.291,8.096
Simplifying Fractions,Simplifying Fractions,https://www.youtube.com/watch?v=AtBUQH8Tkqc&t=67s,8:30,Beginner,9.0,9.113,8.708
Addition,Add Numbers Faster,https://youtu.be/-x2yAOt_XFY?si=9WXX46kdbQDVhgO8,4:48,Advanced,8.8,8.879,8.403
Fractions to Decimals,How to Convert Fractions to Decimals,https://www.youtube.com/watch?v=guBVW5PiHLs&list=PPSV,8:29,Beginner,9.1,9.845,8.831
Multiplication,Master Long Multiplication,https://youtu.be/GKetIwxaenA?si=9tvgkeqmmfUZ80xX,6:25,Beginner,8.5,7.66,8.092
Addition,Adding Three Decimals,https://youtu.be/sQ1W919fgq8?si=V7TgnmmWgHYc_A5P,4:55,Beginner,8.2,7.84,7.749
Ordering Fractions,How to Order Fractions,https://www.youtube.com/watch?v=i2PfHDs88YE,6:33,Beginner,8.8,8.392,8.484
Addition,Adding Large Numbers,https://youtu.be/T9asFgfN5bg?si=CI2z3n21hND5aFvQ,5:03,Intermediate,7.8,8.625,8.045
Comparing Fractions,Introduction to Comparing Fractions,https://www.youtube.com/watch?v=KNdUJQ_qd4U,6:30,Beginner,8.3,9.788,8.511
Comparing Fractions,Comparing Like Fractions,https://youtu.be/H3N5To5fO5U?si=Y3IFqQaqTK2GalSa,4:45,Intermediate,7.8,9.322,8.34
Simplifying Fractions,Learn Fraction Simplification,https://youtu.be/IuB8yTJ0-hk?si=8-bnaKA-irwAua1m,6:20,Intermediate,8.0,8.381,7.913
Division,Basic Division,https://youtu.be/KGMf314LUc0?si=jxaKi8tja1iw8LUl,9:57,Beginner,8.4,7.505,7.779
Ordering Fractions,Fraction Ordering,https://youtu.be/76s8ZzK87rA?si=F0Z4GtJkicWyq5_A,14:40,Intermediate,7.9,9.427,8.018
Simplifying Fractions,Simplifying Fractions,https://www.youtube.com/watch?v=AtBUQH8Tkqc&t=67s,8:30,Beginner,9.0,9.672,8.713
Subtraction,Subtracting Whole Numbers,https://www.youtube.com/watch?v=z4bTlVxU9C0,8:40,Beginner,8.7,9.043,8.588
Subtraction,Subtracting Whole Numbers,https://www.youtube.com/watch?v=z4bTlVxU9C0,8:40,Beginner,8.7,8.166,8.233
Multiplication,Master Long Multiplication,https://youtu.be/GKetIwxaenA?si=9tvgkeqmmfUZ80xX,6:25,Beginner,8.5,8.545,8.396
Simplifying Fractions,Simplifying Fractions,https://www.youtube.com/watch?v=AtBUQH8Tkqc&t=67s,8:30,Beginner,9.0,7.159,8.002
Ordering Fractions,Mastering Fractions,https://youtu.be/XvjQcHbUNNw?si=Xyv5SPufpJclBZIf,8:00,Advanced,8.7,7.724,7.919
Division,Smart Long Division,https://youtu.be/HJYHNxS64f0?si=PJiPytkuwiCJhiuV,14:40,Advanced,8.9,8.305,8.057
Multiplication,Multi-Digit Multiplication,https://youtu.be/dNSrfoYLQZU?si=fjPUGvSBAA5fmj_V,5:02,Advanced,8.3,8.692,8.08
Addition,Decimal Arithmetic,https://www.youtube.com/watch?v=kwh4SD1ToFc,12:14,Intermediate,9.0,7.245,7.99
Comparing Fractions,Comparing Fractions,https://www.youtube.com/watch?v=u_QTuWj107o,7:42,Beginner,8.9,9.427,8.75
Simplifying Fractions,Reducing Fractions to Simplest Form,https://youtu.be/gVls1-gjIn0?si=vXNqJqUYBvTrC8xT,11:19,Advanced,8.5,7.787,7.841
Addition,Multi-Digit Addition,https://youtu.be/mAvuom42NyY?si=3Om627A44-sGimLU,6:28,Beginner,8.5,8.913,8.401
Subtraction,Subtracting Large Numbers,https://youtu.be/HlxqCdDrbdc?si=1RAFlZfZuuD3LnjX,5:04,Intermediate,8.0,9.572,8.369
Ordering Fractions,Fraction Ordering,https://youtu.be/76s8ZzK87rA?si=F0Z4GtJkicWyq5_A,14:40,Intermediate,7.9,7.653,7.281
Fractions to Decimals,Converting Fractions to Decimals,https://youtu.be/UtHGpx_yp4U?si=tVG8XzrdqWBZp_hs,7:54,Intermediate,8.7,9.832,8.665
Multiplication,Understanding Multiplication,https://youtu.be/_PyA3CJ-V98?si=mTi02JfyOo0ydPLR,13:18,Intermediate,8.8,7.585,7.655
Fractions to Decimals,Convert any Fraction to a Decimal,https://youtu.be/do_IbHId2Os?si=WyTbHiTgY6AaEz_L,6:43,Beginner,8.4,7.184,7.827
Simplifying Fractions,Reducing Fractions to Simplest Form,https://youtu.be/gVls1-gjIn0?si=vXNqJqUYBvTrC8xT,11:19,Advanced,8.5,7.696,7.797
Multiplication,Multi-Digit Multiplication,https://youtu.be/dNSrfoYLQZU?si=fjPUGvSBAA5fmj_V,5:02,Advanced,8.3,7.776,7.805
Fractions to Decimals,How to Convert Fractions to Decimals,https://www.youtube.com/watch?v=guBVW5PiHLs&list=PPSV,8:29,Beginner,9.1,8.72,8.483
Ordering Fractions,Mastering Fractions,https://youtu.be/XvjQcHbUNNw?si=Xyv5SPufpJclBZIf,8:00,Advanced,8.7,7.93,7.8
Fractions to Decimals,Converting Fractions to Decimals,https://youtu.be/UtHGpx_yp4U?si=tVG8XzrdqWBZp_hs,7:54,Intermediate,8.7,7.113,7.768
Simplifying Fractions,Introduction to Simplifying Fractions,https://youtu.be/k73w_yZb9SM?si=sIcPAuwAjD24B_pV,7:30,Beginner,8.4,9.521,8.646
Division,Long Division for Grade 7,https://www.youtube.com/watch?v=J15nbHRpSiQ,19:57,Beginner,9.0,8.57,8.077
Division,Long Division for Grade 7,https://www.youtube.com/watch?v=J15nbHRpSiQ,19:57,Beginner,9.0,7.543,7.921
Multiplication,Long Multiplication for Grade 7,https://www.youtube.com/watch?v=r85EMNbWMiE,21:00,Beginner,9.2,8.875,8.519
Comparing Fractions,Comparing Like Fractions,https://youtu.be/H3N5To5fO5U?si=Y3IFqQaqTK2GalSa,4:45,Intermediate,7.8,9.967,8.413
Simplifying Fractions,Reducing Fractions to Simplest Form,https://youtu.be/gVls1-gjIn0?si=vXNqJqUYBvTrC8xT,11:19,Advanced,8.5,9.511,8.356
Simplifying Fractions,Reducing Fractions to Simplest Form,https://youtu.be/gVls1-gjIn0?si=vXNqJqUYBvTrC8xT,11:19,Advanced,8.5,9.51,8.248
Comparing Fractions,Comparing Fractions with different Denominators,https://youtu.be/d6fCqzuWjbo?si=eVQb7MoRlFCtsvGj,10:11,Intermediate,8.6,8.008,7.851
Fractions to Decimals,How to Convert Fractions to Decimals,https://www.youtube.com/watch?v=guBVW5PiHLs&list=PPSV,8:29,Beginner,9.1,7.284,8.02
Multiplication,Multi-Digit Multiplication,https://youtu.be/dNSrfoYLQZU?si=fjPUGvSBAA5fmj_V,5:02,Advanced,8.3,9.873,8.501
Division,Smart Long Division,https://youtu.be/HJYHNxS64f0?si=PJiPytkuwiCJhiuV,14:40,Advanced,8.9,8.08,7.948
Comparing Fractions,Introduction to Comparing Fractions,https://www.youtube.com/watch?v=KNdUJQ_qd4U,6:30,Beginner,8.3,7.035,7.692
Simplifying Fractions,Simplifying Fractions,https://www.youtube.com/watch?v=AtBUQH8Tkqc&t=67s,8:30,Beginner,9.0,9.263,8.748
Division,Division Basics for Beginners,https://youtu.be/InIKW_tfhs4?si=i3EqqM2A_6JHTQYh,3:44,Intermediate,7.8,8.637,7.863
Multiplication,Box Method Multiplication,https://youtu.be/n3q3XzzIGSY?si=goczDT3wCWGEkSvm,7:19,Intermediate,8.0,7.35,7.56
Subtraction,Multi-Digit Subtraction,https://youtu.be/Y6M89-6106I?si=6dT-roRnqAH6OHdl,6:56,Beginner,8.3,7.592,7.979
Comparing Fractions,Comparing Fractions,https://www.youtube.com/watch?v=u_QTuWj107o,7:42,Beginner,8.9,7.104,7.998
Multiplication,Multi-Digit Multiplication,https://youtu.be/dNSrfoYLQZU?si=fjPUGvSBAA5fmj_V,5:02,Advanced,8.3,9.838,8.524
Ordering Fractions,Learn Ordering Fractions,https://youtu.be/QECYScPz4sA?si=qJW4l4BvbXma1lOP,10:15,Intermediate,8.5,9.164,8.498
Subtraction,Multi-Digit Subtraction,https://youtu.be/Y6M89-6106I?si=6dT-roRnqAH6OHdl,6:56,Beginner,8.3,7.89,7.969
Fractions to Decimals,Convert any Fraction to a Decimal,https://youtu.be/do_IbHId2Os?si=WyTbHiTgY6AaEz_L,6:43,Beginner,8.4,8.643,8.511
Comparing Fractions,Comparing Fractions,https://www.youtube.com/watch?v=u_QTuWj107o,7:42,Beginner,8.9,8.236,8.174
Addition,Multi-Digit Addition,https://youtu.be/mAvuom42NyY?si=3Om627A44-sGimLU,6:28,Beginner,8.5,8.166,8.327
Multiplication,Multi-Digit Multiplication,https://youtu.be/dNSrfoYLQZU?si=fjPUGvSBAA5fmj_V,5:02,Advanced,8.3,8.501,8.14
Multiplication,Master Long Multiplication,https://youtu.be/GKetIwxaenA?si=9tvgkeqmmfUZ80xX,6:25,Beginner,8.5,9.629,8.802
Comparing Fractions,Comparing Like Fractions,https://youtu.be/H3N5To5fO5U?si=Y3IFqQaqTK2GalSa,4:45,Intermediate,7.8,8.186,7.889
Simplifying Fractions,How to Simplify Fractions,https://youtu.be/R-FXE3g8GpU?si=TcmelTK3iD3Nzco1,16:06,Intermediate,8.7,7.855,7.608
Comparing Fractions,Mastering Comparing Fractions,https://youtu.be/PEqV48jMeXw?si=55QJueBjYIoAgbk0,11:09,Advanced,8.7,9.418,8.369
Simplifying Fractions,Introduction to Simplifying Fractions,https://youtu.be/k73w_yZb9SM?si=sIcPAuwAjD24B_pV,7:30,Beginner,8.4,7.154,7.781
Comparing Fractions,Comparing Fractions,https://www.youtube.com/watch?v=u_QTuWj107o,7:42,Beginner,8.9,9.784,8.736
Division,Division Basics for Beginners,https://youtu.be/InIKW_tfhs4?si=i3EqqM2A_6JHTQYh,3:44,Intermediate,7.8,7.158,7.453
Ordering Fractions,Mastering Fractions,https://youtu.be/XvjQcHbUNNw?si=Xyv5SPufpJclBZIf,8:00,Advanced,8.7,9.647,8.507
Division,Smart Long Division,https://youtu.be/HJYHNxS64f0?si=PJiPytkuwiCJhiuV,14:40,Advanced,8.9,7.837,7.684
Addition,Adding Large Numbers,https://youtu.be/T9asFgfN5bg?si=CI2z3n21hND5aFvQ,5:03,Intermediate,7.8,8.168,7.88
Fractions to Decimals,How to Convert Fractions to Decimals,https://www.youtube.com/watch?v=guBVW5PiHLs&list=PPSV,8:29,Beginner,9.1,7.028,8.2
Comparing Fractions,Mastering Comparing Fractions,https://youtu.be/PEqV48jMeXw?si=55QJueBjYIoAgbk0,11:09,Advanced,8.7,9.732,8.349
Simplifying Fractions,Simplifying Fractions,https://www.youtube.com/watch?v=AtBUQH8Tkqc&t=67s,8:30,Beginner,9.0,8.765,8.515
Subtraction,Introduction to Subtraction,https://youtu.be/r3qKojj4g4g?si=-XA75LAElZS8jQOy,10:42,Advanced,8.6,9.356,8.341
Fractions to Decimals,Mastering Fractions to Decimals,https://youtu.be/Mpv7AzOUOqg?si=dMjxnFwXU98D4MpH,9:06,Advanced,8.5,9.112,8.273
Multiplication,Box Method Multiplication,https://youtu.be/n3q3XzzIGSY?si=goczDT3wCWGEkSvm,7:19,Intermediate,8.0,8.432,7.785
Simplifying Fractions,Learn Fraction Simplification,https://youtu.be/IuB8yTJ0-hk?si=8-bnaKA-irwAua1m,6:20,Intermediate,8.0,9.773,8.34
Division,Smart Long Division,https://youtu.be/HJYHNxS64f0?si=PJiPytkuwiCJhiuV,14:40,Advanced,8.9,9.509,8.395
Fractions to Decimals,Converting Fractions to Decimals,https://youtu.be/UtHGpx_yp4U?si=tVG8XzrdqWBZp_hs,7:54,Intermediate,8.7,9.076,8.55
Addition,Add Numbers Faster,https://youtu.be/-x2yAOt_XFY?si=9WXX46kdbQDVhgO8,4:48,Advanced,8.8,9.853,8.828
Multiplication,Box Method Multiplication,https://youtu.be/n3q3XzzIGSY?si=goczDT3wCWGEkSvm,7:19,Intermediate,8.0,7.91,7.707
Fractions to Decimals,Introduction to Fractions to Decimals,https://youtu.be/pDs4a4ijqh0?si=ktPINIYpIFYNILOV,8:00,Intermediate,8.0,8.813,7.763
Division,Long Division for Grade 7,https://www.youtube.com/watch?v=J15nbHRpSiQ,19:57,Beginner,9.0,9.011,8.339
Subtraction,Introduction to Subtraction,https://youtu.be/r3qKojj4g4g?si=-XA75LAElZS8jQOy,10:42,Advanced,8.6,7.88,7.729
Division,Basic Division,https://youtu.be/KGMf314LUc0?si=jxaKi8tja1iw8LUl,9:57,Beginner,8.4,7.395,7.904
Fractions to Decimals,Converting Fractions to Decimals,https://youtu.be/UtHGpx_yp4U?si=tVG8XzrdqWBZp_hs,7:54,Intermediate,8.7,8.731,8.354
Subtraction,Multi-Digit Subtraction,https://youtu.be/Y6M89-6106I?si=6dT-roRnqAH6OHdl,6:56,Beginner,8.3,7.451,7.881
Ordering Fractions,Introduction to Ordering Fractions,https://youtu.be/rL18ZMgCeKU?si=nixffH9YSe3hdGgm,12:04,Beginner,8.2,7.956,7.872
Subtraction,Smart Subtraction,https://youtu.be/3fYgZgbOJmM?si=0Xq66JMU0XrVlOsn,13:38,Intermediate,7.9,7.199,7.356
Multiplication,Long Multiplication for Grade 7,https://www.youtube.com/watch?v=r85EMNbWMiE,21:00,Beginner,9.2,9.841,8.771
Addition,Decimal Arithmetic,https://www.youtube.com/watch?v=kwh4SD1ToFc,12:14,Intermediate,9.0,8.855,8.297
Subtraction,Introduction to Subtraction,https://youtu.be/r3qKojj4g4g?si=-XA75LAElZS8jQOy,10:42,Advanced,8.6,7.174,7.539
Ordering Fractions,Learn Ordering Fractions,https://youtu.be/QECYScPz4sA?si=qJW4l4BvbXma1lOP,10:15,Intermediate,8.5,7.378,7.844
Fractions to Decimals,Convert any Fraction to a Decimal,https://youtu.be/do_IbHId2Os?si=WyTbHiTgY6AaEz_L,6:43,Beginner,8.4,8.501,8.344
Multiplication,Master Long Multiplication,https://youtu.be/GKetIwxaenA?si=9tvgkeqmmfUZ80xX,6:25,Beginner,8.5,8.109,8.08
Fractions to Decimals,Introduction to Fractions to Decimals,https://youtu.be/pDs4a4ijqh0?si=ktPINIYpIFYNILOV,8:00,Intermediate,8.0,8.347,7.983
Simplifying Fractions,Reducing Fractions to Simplest Form,https://youtu.be/gVls1-gjIn0?si=vXNqJqUYBvTrC8xT,11:19,Advanced,8.5,8.69,7.821
Simplifying Fractions,Introduction to Simplifying Fractions,https://youtu.be/k73w_yZb9SM?si=sIcPAuwAjD24B_pV,7:30,Beginner,8.4,9.148,8.354
Fractions to Decimals,Mastering Fractions to Decimals,https://youtu.be/Mpv7AzOUOqg?si=dMjxnFwXU98D4MpH,9:06,Advanced,8.5,7.628,7.703
Multiplication,Long Multiplication for Grade 7,https://www.youtube.com/watch?v=r85EMNbWMiE,21:00,Beginner,9.2,7.673,7.838
Fractions to Decimals,Convert any Fraction to a Decimal,https://youtu.be/do_IbHId2Os?si=WyTbHiTgY6AaEz_L,6:43,Beginner,8.4,8.874,8.523
Addition,Decimal Arithmetic,https://www.youtube.com/watch?v=kwh4SD1ToFc,12:14,Intermediate,9.0,9.419,8.658
Fractions to Decimals,Mastering Fractions to Decimals,https://youtu.be/Mpv7AzOUOqg?si=dMjxnFwXU98D4MpH,9:06,Advanced,8.5,8.989,8.187
Fractions to Decimals,Introduction to Fractions to Decimals,https://youtu.be/pDs4a4ijqh0?si=ktPINIYpIFYNILOV,8:00,Intermediate,8.0,7.157,7.62
Ordering Fractions,Introduction to Ordering Fractions,https://youtu.be/rL18ZMgCeKU?si=nixffH9YSe3hdGgm,12:04,Beginner,8.2,7.536,7.705
Fractions to Decimals,Mastering Fractions to Decimals,https://youtu.be/Mpv7AzOUOqg?si=dMjxnFwXU98D4MpH,9:06,Advanced,8.5,7.144,7.478
Multiplication,Box Method Multiplication,https://youtu.be/n3q3XzzIGSY?si=goczDT3wCWGEkSvm,7:19,Intermediate,8.0,7.9,7.75
Subtraction,Smart Subtraction,https://youtu.be/3fYgZgbOJmM?si=0Xq66JMU0XrVlOsn,13:38,Intermediate,7.9,8.332,7.595
Multiplication,Multi-Digit Multiplication,https://youtu.be/dNSrfoYLQZU?si=fjPUGvSBAA5fmj_V,5:02,Advanced,8.3,7.679,7.739
Fractions to Decimals,Introduction to Fractions to Decimals,https://youtu.be/pDs4a4ijqh0?si=ktPINIYpIFYNILOV,8:00,Intermediate,8.0,9.385,8.274
Fractions to Decimals,How to Convert Fractions to Decimals,https://www.youtube.com/watch?v=guBVW5PiHLs&list=PPSV,8:29,Beginner,9.1,8.601,8.591
Fractions to Decimals,Convert any Fraction to a Decimal,https://youtu.be/do_IbHId2Os?si=WyTbHiTgY6AaEz_L,6:43,Beginner,8.4,7.375,7.829
Multiplication,Box Method Multiplication,https://youtu.be/n3q3XzzIGSY?si=goczDT3wCWGEkSvm,7:19,Intermediate,8.0,8.835,8.115
Addition,Adding Large Numbers,https://youtu.be/T9asFgfN5bg?si=CI2z3n21hND5aFvQ,5:03,Intermediate,7.8,8.785,7.977
Division,Division Basics for Beginners,https://youtu.be/InIKW_tfhs4?si=i3EqqM2A_6JHTQYh,3:44,Intermediate,7.8,7.908,7.88
Addition,Adding Large Numbers,https://youtu.be/T9asFgfN5bg?si=CI2z3n21hND5aFvQ,5:03,Intermediate,7.8,8.139,7.752
Multiplication,Understanding Multiplication,https://youtu.be/_PyA3CJ-V98?si=mTi02JfyOo0ydPLR,13:18,Intermediate,8.8,8.464,8.082
Simplifying Fractions,Simplifying Fractions,https://www.youtube.com/watch?v=AtBUQH8Tkqc&t=67s,8:30,Beginner,9.0,8.92,8.667
Ordering Fractions,Fraction Ordering,https://youtu.be/76s8ZzK87rA?si=F0Z4GtJkicWyq5_A,14:40,Intermediate,7.9,9.239,7.907
Addition,Multi-Digit Addition,https://youtu.be/mAvuom42NyY?si=3Om627A44-sGimLU,6:28,Beginner,8.5,7.555,7.996
Fractions to Decimals,Mastering Fractions to Decimals,https://youtu.be/Mpv7AzOUOqg?si=dMjxnFwXU98D4MpH,9:06,Advanced,8.5,8.855,8.127
Subtraction,Subtracting Large Numbers,https://youtu.be/HlxqCdDrbdc?si=1RAFlZfZuuD3LnjX,5:04,Intermediate,8.0,9.059,8.088
Addition,Adding Three Decimals,https://youtu.be/sQ1W919fgq8?si=V7TgnmmWgHYc_A5P,4:55,Beginner,8.2,7.96,8.029
Simplifying Fractions,How to Simplify Fractions,https://youtu.be/R-FXE3g8GpU?si=TcmelTK3iD3Nzco1,16:06,Intermediate,8.7,8.117,7.994
Addition,Decimal Arithmetic,https://www.youtube.com/watch?v=kwh4SD1ToFc,12:14,Intermediate,9.0,8.194,8.401
Simplifying Fractions,How to Simplify Fractions,https://youtu.be/R-FXE3g8GpU?si=TcmelTK3iD3Nzco1,16:06,Intermediate,8.7,7.418,7.676
Multiplication,Understanding Multiplication,https://youtu.be/_PyA3CJ-V98?si=mTi02JfyOo0ydPLR,13:18,Intermediate,8.8,9.594,8.596
Division,Long Division with 2-Digit Divisors,https://youtu.be/HdU_rf7eMTI?si=Pr40TqBRgGXrpLxG,13:04,Intermediate,8.6,9.574,8.224
Comparing Fractions,Comparing Like Fractions,https://youtu.be/H3N5To5fO5U?si=Y3IFqQaqTK2GalSa,4:45,Intermediate,7.8,7.384,7.363
Fractions to Decimals,How to Convert Fractions to Decimals,https://www.youtube.com/watch?v=guBVW5PiHLs&list=PPSV,8:29,Beginner,9.1,7.199,8.106
Division,Smart Long Division,https://youtu.be/HJYHNxS64f0?si=PJiPytkuwiCJhiuV,14:40,Advanced,8.9,7.231,7.555
Comparing Fractions,Comparing Like Fractions,https://youtu.be/H3N5To5fO5U?si=Y3IFqQaqTK2GalSa,4:45,Intermediate,7.8,8.137,7.785
Comparing Fractions,Comparing Like Fractions,https://youtu.be/H3N5To5fO5U?si=Y3IFqQaqTK2GalSa,4:45,Intermediate,7.8,8.089,7.745
Simplifying Fractions,Reducing Fractions to Simplest Form,https://youtu.be/gVls1-gjIn0?si=vXNqJqUYBvTrC8xT,11:19,Advanced,8.5,7.425,7.594
Fractions to Decimals,How to Convert Fractions to Decimals,https://www.youtube.com/watch?v=guBVW5PiHLs&list=PPSV,8:29,Beginner,9.1,7.738,8.235
Addition,Adding Large Numbers,https://youtu.be/T9asFgfN5bg?si=CI2z3n21hND5aFvQ,5:03,Intermediate,7.8,9.81,8.415
Subtraction,Multi-Digit Subtraction,https://youtu.be/Y6M89-6106I?si=6dT-roRnqAH6OHdl,6:56,Beginner,8.3,9.149,8.529
Multiplication,Box Method Multiplication,https://youtu.be/n3q3XzzIGSY?si=goczDT3wCWGEkSvm,7:19,Intermediate,8.0,8.223,7.733
Comparing Fractions,Comparing Fractions with different Denominators,https://youtu.be/d6fCqzuWjbo?si=eVQb7MoRlFCtsvGj,10:11,Intermediate,8.6,7.368,7.598
Simplifying Fractions,Simplifying Fractions,https://www.youtube.com/watch?v=AtBUQH8Tkqc&t=67s,8:30,Beginner,9.0,9.809,8.88
Division,Smart Long Division,https://youtu.be/HJYHNxS64f0?si=PJiPytkuwiCJhiuV,14:40,Advanced,8.9,7.148,7.445
Comparing Fractions,Comparing Like Fractions,https://youtu.be/H3N5To5fO5U?si=Y3IFqQaqTK2GalSa,4:45,Intermediate,7.8,8.588,8.024
Addition,Add Numbers Faster,https://youtu.be/-x2yAOt_XFY?si=9WXX46kdbQDVhgO8,4:48,Advanced,8.8,7.321,7.936
Ordering Fractions,Introduction to Ordering Fractions,https://youtu.be/rL18ZMgCeKU?si=nixffH9YSe3hdGgm,12:04,Beginner,8.2,9.967,8.66
Ordering Fractions,Fraction Ordering,https://youtu.be/76s8ZzK87rA?si=F0Z4GtJkicWyq5_A,14:40,Intermediate,7.9,7.908,7.452
Division,Long Division for Grade 7,https://www.youtube.com/watch?v=J15nbHRpSiQ,19:57,Beginner,9.0,7.553,7.952
Subtraction,Introduction to Subtraction,https://youtu.be/r3qKojj4g4g?si=-XA75LAElZS8jQOy,10:42,Advanced,8.6,7.197,7.495
Subtraction,Smart Subtraction,https://youtu.be/3fYgZgbOJmM?si=0Xq66JMU0XrVlOsn,13:38,Intermediate,7.9,8.168,7.597
Division,Long Division for Grade 7,https://www.youtube.com/watch?v=J15nbHRpSiQ,19:57,Beginner,9.0,9.076,8.205
Fractions to Decimals,Converting Fractions to Decimals,https://youtu.be/UtHGpx_yp4U?si=tVG8XzrdqWBZp_hs,7:54,Intermediate,8.7,9.655,8.566
Division,Long Division for Grade 7,https://www.youtube.com/watch?v=J15nbHRpSiQ,19:57,Beginner,9.0,8.623,8.366
Simplifying Fractions,How to Simplify Fractions,https://youtu.be/R-FXE3g8GpU?si=TcmelTK3iD3Nzco1,16:06,Intermediate,8.7,8.842,8.083
Addition,Adding Large Numbers,https://youtu.be/T9asFgfN5bg?si=CI2z3n21hND5aFvQ,5:03,Intermediate,7.8,8.428,7.897
Division,Long Division with 2-Digit Divisors,https://youtu.be/HdU_rf7eMTI?si=Pr40TqBRgGXrpLxG,13:04,Intermediate,8.6,9.682,8.631
Fractions to Decimals,How to Convert Fractions to Decimals,https://www.youtube.com/watch?v=guBVW5PiHLs&list=PPSV,8:29,Beginner,9.1,8.159,8.416
Ordering Fractions,Learn Ordering Fractions,https://youtu.be/QECYScPz4sA?si=qJW4l4BvbXma1lOP,10:15,Intermediate,8.5,9.666,8.552
Division,Basic Division,https://youtu.be/KGMf314LUc0?si=jxaKi8tja1iw8LUl,9:57,Beginner,8.4,9.532,8.695
Ordering Fractions,Mastering Fractions,https://youtu.be/XvjQcHbUNNw?si=Xyv5SPufpJclBZIf,8:00,Advanced,8.7,9.436,8.466
Fractions to Decimals,How to Convert Fractions to Decimals,https://www.youtube.com/watch?v=guBVW5PiHLs&list=PPSV,8:29,Beginner,9.1,7.476,8.106
Ordering Fractions,Fraction Ordering,https://youtu.be/76s8ZzK87rA?si=F0Z4GtJkicWyq5_A,14:40,Intermediate,7.9,7.718,7.528
Comparing Fractions,Introduction to Comparing Fractions,https://www.youtube.com/watch?v=KNdUJQ_qd4U,6:30,Beginner,8.3,7.949,7.994
Ordering Fractions,Fraction Ordering,https://youtu.be/76s8ZzK87rA?si=F0Z4GtJkicWyq5_A,14:40,Intermediate,7.9,7.76,7.489
Subtraction,Smart Subtraction,https://youtu.be/3fYgZgbOJmM?si=0Xq66JMU0XrVlOsn,13:38,Intermediate,7.9,8.908,7.748
Multiplication,Master Long Multiplication,https://youtu.be/GKetIwxaenA?si=9tvgkeqmmfUZ80xX,6:25,Beginner,8.5,8.66,8.408
Multiplication,Box Method Multiplication,https://youtu.be/n3q3XzzIGSY?si=goczDT3wCWGEkSvm,7:19,Intermediate,8.0,8.258,7.81
Simplifying Fractions,Introduction to Simplifying Fractions,https://youtu.be/k73w_yZb9SM?si=sIcPAuwAjD24B_pV,7:30,Beginner,8.4,8.805,8.588
Comparing Fractions,Comparing Fractions,https://www.youtube.com/watch?v=u_QTuWj107o,7:42,Beginner,8.9,8.829,8.575
Addition,Adding Three Decimals,https://youtu.be/sQ1W919fgq8?si=V7TgnmmWgHYc_A5P,4:55,Beginner,8.2,8.93,8.503
Ordering Fractions,Fraction Ordering,https://youtu.be/76s8ZzK87rA?si=F0Z4GtJkicWyq5_A,14:40,Intermediate,7.9,7.862,7.403
Multiplication,Multi-Digit Multiplication,https://youtu.be/dNSrfoYLQZU?si=fjPUGvSBAA5fmj_V,5:02,Advanced,8.3,9.067,8.109
Addition,Add Numbers Faster,https://youtu.be/-x2yAOt_XFY?si=9WXX46kdbQDVhgO8,4:48,Advanced,8.8,9.92,8.735
Subtraction,Subtracting Whole Numbers,https://www.youtube.com/watch?v=z4bTlVxU9C0,8:40,Beginner,8.7,8.39,8.185
Division,Long Division for Grade 7,https://www.youtube.com/watch?v=J15nbHRpSiQ,19:57,Beginner,9.0,8.641,8.342
Comparing Fractions,Mastering Comparing Fractions,https://youtu.be/PEqV48jMeXw?si=55QJueBjYIoAgbk0,11:09,Advanced,8.7,8.506,7.989
Subtraction,Smart Subtraction,https://youtu.be/3fYgZgbOJmM?si=0Xq66JMU0XrVlOsn,13:38,Intermediate,7.9,8.741,7.811
Simplifying Fractions,Simplifying Fractions,https://www.youtube.com/watch?v=AtBUQH8Tkqc&t=67s,8:30,Beginner,9.0,8.148,8.341
Comparing Fractions,Comparing Like Fractions,https://youtu.be/H3N5To5fO5U?si=Y3IFqQaqTK2GalSa,4:45,Intermediate,7.8,9.317,8.177
Comparing Fractions,Comparing Like Fractions,https://youtu.be/H3N5To5fO5U?si=Y3IFqQaqTK2GalSa,4:45,Intermediate,7.8,8.255,7.892
Simplifying Fractions,Learn Fraction Simplification,https://youtu.be/IuB8yTJ0-hk?si=8-bnaKA-irwAua1m,6:20,Intermediate,8.0,8.219,7.815
Addition,Decimal Arithmetic,https://www.youtube.com/watch?v=kwh4SD1ToFc,12:14,Intermediate,9.0,8.111,8.222
Division,Basic Division,https://youtu.be/KGMf314LUc0?si=jxaKi8tja1iw8LUl,9:57,Beginner,8.4,9.327,8.544
Ordering Fractions,Introduction to Ordering Fractions,https://youtu.be/rL18ZMgCeKU?si=nixffH9YSe3hdGgm,12:04,Beginner,8.2,9.128,8.193
Division,Division Basics for Beginners,https://youtu.be/InIKW_tfhs4?si=i3EqqM2A_6JHTQYh,3:44,Intermediate,7.8,8.852,8.094
Addition,Add Numbers Faster,https://youtu.be/-x2yAOt_XFY?si=9WXX46kdbQDVhgO8,4:48,Advanced,8.8,7.029,7.892
Multiplication,Understanding Multiplication,https://youtu.be/_PyA3CJ-V98?si=mTi02JfyOo0ydPLR,13:18,Intermediate,8.8,7.389,7.644
Ordering Fractions,Fraction Ordering,https://youtu.be/76s8ZzK87rA?si=F0Z4GtJkicWyq5_A,14:40,Intermediate,7.9,7.391,7.074
Simplifying Fractions,Learn Fraction Simplification,https://youtu.be/IuB8yTJ0-hk?si=8-bnaKA-irwAua1m,6:20,Intermediate,8.0,8.867,8.025
Comparing Fractions,Introduction to Comparing Fractions,https://www.youtube.com/watch?v=KNdUJQ_qd4U,6:30,Beginner,8.3,9.454,8.643
Division,Long Division for Grade 7,https://www.youtube.com/watch?v=J15nbHRpSiQ,19:57,Beginner,9.0,7.406,7.782
Comparing Fractions,Comparing Like Fractions,https://youtu.be/H3N5To5fO5U?si=Y3IFqQaqTK2GalSa,4:45,Intermediate,7.8,8.504,7.836
Simplifying Fractions,Simplifying Fractions,https://www.youtube.com/watch?v=AtBUQH8Tkqc&t=67s,8:30,Beginner,9.0,7.484,8.18
Subtraction,Multi-Digit Subtraction,https://youtu.be/Y6M89-6106I?si=6dT-roRnqAH6OHdl,6:56,Beginner,8.3,8.363,8.123
Addition,Add Numbers Faster,https://youtu.be/-x2yAOt_XFY?si=9WXX46kdbQDVhgO8,4:48,Advanced,8.8,7.491,7.943
Comparing Fractions,Comparing Fractions,https://www.youtube.com/watch?v=u_QTuWj107o,7:42,Beginner,8.9,8.284,8.456
Addition,Multi-Digit Addition,https://youtu.be/mAvuom42NyY?si=3Om627A44-sGimLU,6:28,Beginner,8.5,8.231,8.135
Ordering Fractions,Fraction Ordering,https://youtu.be/76s8ZzK87rA?si=F0Z4GtJkicWyq5_A,14:40,Intermediate,7.9,7.928,7.518
Subtraction,Introduction to Subtraction,https://youtu.be/r3qKojj4g4g?si=-XA75LAElZS8jQOy,10:42,Advanced,8.6,8.298,7.949
Subtraction,Subtracting Whole Numbers,https://www.youtube.com/watch?v=z4bTlVxU9C0,8:40,Beginner,8.7,8.271,8.21
Multiplication,Master Long Multiplication,https://youtu.be/GKetIwxaenA?si=9tvgkeqmmfUZ80xX,6:25,Beginner,8.5,7.963,8.042
Fractions to Decimals,Converting Fractions to Decimals,https://youtu.be/UtHGpx_yp4U?si=tVG8XzrdqWBZp_hs,7:54,Intermediate,8.7,9.718,8.596
Comparing Fractions,Comparing Fractions,https://www.youtube.com/watch?v=u_QTuWj107o,7:42,Beginner,8.9,7.795,8.221
Ordering Fractions,How to Order Fractions,https://www.youtube.com/watch?v=i2PfHDs88YE,6:33,Beginner,8.8,7.06,8.012
Subtraction,Multi-Digit Subtraction,https://youtu.be/Y6M89-6106I?si=6dT-roRnqAH6OHdl,6:56,Beginner,8.3,8.937,8.298
Fractions to Decimals,Converting Fractions to Decimals,https://youtu.be/UtHGpx_yp4U?si=tVG8XzrdqWBZp_hs,7:54,Intermediate,8.7,8.471,8.171
Ordering Fractions,Fraction Ordering,https://youtu.be/76s8ZzK87rA?si=F0Z4GtJkicWyq5_A,14:40,Intermediate,7.9,8.901,7.775
Addition,Adding Three Decimals,https://youtu.be/sQ1W919fgq8?si=V7TgnmmWgHYc_A5P,4:55,Beginner,8.2,9.31,8.654
Subtraction,Multi-Digit Subtraction,https://youtu.be/Y6M89-6106I?si=6dT-roRnqAH6OHdl,6:56,Beginner,8.3,8.978,8.39
Division,Long Division with 2-Digit Divisors,https://youtu.be/HdU_rf7eMTI?si=Pr40TqBRgGXrpLxG,13:04,Intermediate,8.6,8.415,7.86
Comparing Fractions,Mastering Comparing Fractions,https://youtu.be/PEqV48jMeXw?si=55QJueBjYIoAgbk0,11:09,Advanced,8.7,9.985,8.45
Addition,Adding Large Numbers,https://youtu.be/T9asFgfN5bg?si=CI2z3n21hND5aFvQ,5:03,Intermediate,7.8,7.418,7.658
Addition,Adding Three Decimals,https://youtu.be/sQ1W919fgq8?si=V7TgnmmWgHYc_A5P,4:55,Beginner,8.2,7.08,7.686
Addition,Add Numbers Faster,https://youtu.be/-x2yAOt_XFY?si=9WXX46kdbQDVhgO8,4:48,Advanced,8.8,7.217,7.903
Division,Division Basics for Beginners,https://youtu.be/InIKW_tfhs4?si=i3EqqM2A_6JHTQYh,3:44,Intermediate,7.8,9.158,8.028
Division,Long Division with 2-Digit Divisors,https://youtu.be/HdU_rf7eMTI?si=Pr40TqBRgGXrpLxG,13:04,Intermediate,8.6,9.589,8.316
Ordering Fractions,How to Order Fractions,https://www.youtube.com/watch?v=i2PfHDs88YE,6:33,Beginner,8.8,7.297,8.032
Addition,Add Numbers Faster,https://youtu.be/-x2yAOt_XFY?si=9WXX46kdbQDVhgO8,4:48,Advanced,8.8,9.905,8.772
Division,Basic Division,https://youtu.be/KGMf314LUc0?si=jxaKi8tja1iw8LUl,9:57,Beginner,8.4,8.864,8.19
Multiplication,Multi-Digit Multiplication,https://youtu.be/dNSrfoYLQZU?si=fjPUGvSBAA5fmj_V,5:02,Advanced,8.3,7.0,7.555
Fractions to Decimals,Converting Fractions to Decimals,https://youtu.be/UtHGpx_yp4U?si=tVG8XzrdqWBZp_hs,7:54,Intermediate,8.7,8.961,8.467
Subtraction,Introduction to Subtraction,https://youtu.be/r3qKojj4g4g?si=-XA75LAElZS8jQOy,10:42,Advanced,8.6,7.598,7.687
Comparing Fractions,Comparing Like Fractions,https://youtu.be/H3N5To5fO5U?si=Y3IFqQaqTK2GalSa,4:45,Intermediate,7.8,7.865,7.742
Ordering Fractions,Mastering Fractions,https://youtu.be/XvjQcHbUNNw?si=Xyv5SPufpJclBZIf,8:00,Advanced,8.7,7.472,7.611
Fractions to Decimals,Mastering Fractions to Decimals,https://youtu.be/Mpv7AzOUOqg?si=dMjxnFwXU98D4MpH,9:06,Advanced,8.5,9.326,8.268
Multiplication,Understanding Multiplication,https://youtu.be/_PyA3CJ-V98?si=mTi02JfyOo0ydPLR,13:18,Intermediate,8.8,9.542,8.33
Division,Long Division for Grade 7,https://www.youtube.com/watch?v=J15nbHRpSiQ,19:57,Beginner,9.0,9.879,8.561
Ordering Fractions,Mastering Fractions,https://youtu.be/XvjQcHbUNNw?si=Xyv5SPufpJclBZIf,8:00,Advanced,8.7,9.418,8.462
Addition,Add Numbers Faster,https://youtu.be/-x2yAOt_XFY?si=9WXX46kdbQDVhgO8,4:48,Advanced,8.8,9.068,8.313
Fractions to Decimals,Introduction to Fractions to Decimals,https://youtu.be/pDs4a4ijqh0?si=ktPINIYpIFYNILOV,8:00,Intermediate,8.0,8.712,8.029
Comparing Fractions,Comparing Like Fractions,https://youtu.be/H3N5To5fO5U?si=Y3IFqQaqTK2GalSa,4:45,Intermediate,7.8,7.402,7.552
Division,Smart Long Division,https://youtu.be/HJYHNxS64f0?si=PJiPytkuwiCJhiuV,14:40,Advanced,8.9,7.878,7.676
Multiplication,Master Long Multiplication,https://youtu.be/GKetIwxaenA?si=9tvgkeqmmfUZ80xX,6:25,Beginner,8.5,8.052,8.164
Ordering Fractions,Introduction to Ordering Fractions,https://youtu.be/rL18ZMgCeKU?si=nixffH9YSe3hdGgm,12:04,Beginner,8.2,8.016,7.772
Multiplication,Multi-Digit Multiplication,https://youtu.be/dNSrfoYLQZU?si=fjPUGvSBAA5fmj_V,5:02,Advanced,8.3,8.644,7.96
Simplifying Fractions,Reducing Fractions to Simplest Form,https://youtu.be/gVls1-gjIn0?si=vXNqJqUYBvTrC8xT,11:19,Advanced,8.5,8.315,7.844
Fractions to Decimals,Converting Fractions to Decimals,https://youtu.be/UtHGpx_yp4U?si=tVG8XzrdqWBZp_hs,7:54,Intermediate,8.7,8.487,8.187
Multiplication,Understanding Multiplication,https://youtu.be/_PyA3CJ-V98?si=mTi02JfyOo0ydPLR,13:18,Intermediate,8.8,8.738,8.283
Comparing Fractions,Mastering Comparing Fractions,https://youtu.be/PEqV48jMeXw?si=55QJueBjYIoAgbk0,11:09,Advanced,8.7,9.09,8.177
Division,Smart Long Division,https://youtu.be/HJYHNxS64f0?si=PJiPytkuwiCJhiuV,14:40,Advanced,8.9,9.792,8.549
Comparing Fractions,Comparing Like Fractions,https://youtu.be/H3N5To5fO5U?si=Y3IFqQaqTK2GalSa,4:45,Intermediate,7.8,8.407,8.002
Subtraction,Introduction to Subtraction,https://youtu.be/r3qKojj4g4g?si=-XA75LAElZS8jQOy,10:42,Advanced,8.6,8.934,8.278
Multiplication,Master Long Multiplication,https://youtu.be/GKetIwxaenA?si=9tvgkeqmmfUZ80xX,6:25,Beginner,8.5,9.464,8.561
Addition,Decimal Arithmetic,https://www.youtube.com/watch?v=kwh4SD1ToFc,12:14,Intermediate,9.0,7.52,7.986
Subtraction,Smart Subtraction,https://youtu.be/3fYgZgbOJmM?si=0Xq66JMU0XrVlOsn,13:38,Intermediate,7.9,9.537,8.165
Fractions to Decimals,Convert any Fraction to a Decimal,https://youtu.be/do_IbHId2Os?si=WyTbHiTgY6AaEz_L,6:43,Beginner,8.4,8.183,8.139
Simplifying Fractions,How to Simplify Fractions,https://youtu.be/R-FXE3g8GpU?si=TcmelTK3iD3Nzco1,16:06,Intermediate,8.7,7.298,7.69
Comparing Fractions,Comparing Fractions,https://www.youtube.com/watch?v=u_QTuWj107o,7:42,Beginner,8.9,9.432,8.817
Ordering Fractions,How to Order Fractions,https://www.youtube.com/watch?v=i2PfHDs88YE,6:33,Beginner,8.8,8.252,8.365
Multiplication,Box Method Multiplication,https://youtu.be/n3q3XzzIGSY?si=goczDT3wCWGEkSvm,7:19,Intermediate,8.0,9.798,8.492
Subtraction,Introduction to Subtraction,https://youtu.be/r3qKojj4g4g?si=-XA75LAElZS8jQOy,10:42,Advanced,8.6,7.41,7.63
Addition,Add Numbers Faster,https://youtu.be/-x2yAOt_XFY?si=9WXX46kdbQDVhgO8,4:48,Advanced,8.8,9.057,8.503
Multiplication,Long Multiplication for Grade 7,https://www.youtube.com/watch?v=r85EMNbWMiE,21:00,Beginner,9.2,7.829,7.85
Ordering Fractions,Fraction Ordering,https://youtu.be/76s8ZzK87rA?si=F0Z4GtJkicWyq5_A,14:40,Intermediate,7.9,7.803,7.486
Subtraction,Introduction to Subtraction,https://youtu.be/r3qKojj4g4g?si=-XA75LAElZS8jQOy,10:42,Advanced,8.6,7.797,7.692
Addition,Decimal Arithmetic,https://www.youtube.com/watch?v=kwh4SD1ToFc,12:14,Intermediate,9.0,8.712,8.266
Subtraction,Subtracting Whole Numbers,https://www.youtube.com/watch?v=z4bTlVxU9C0,8:40,Beginner,8.7,9.454,8.734
Subtraction,Subtracting Large Numbers,https://youtu.be/HlxqCdDrbdc?si=1RAFlZfZuuD3LnjX,5:04,Intermediate,8.0,9.951,8.622
Comparing Fractions,Introduction to Comparing Fractions,https://www.youtube.com/watch?v=KNdUJQ_qd4U,6:30,Beginner,8.3,7.473,7.939
Subtraction,Smart Subtraction,https://youtu.be/3fYgZgbOJmM?si=0Xq66JMU0XrVlOsn,13:38,Intermediate,7.9,8.027,7.473
Division,Long Division for Grade 7,https://www.youtube.com/watch?v=J15nbHRpSiQ,19:57,Beginner,9.0,7.186,7.619
Simplifying Fractions,How to Simplify Fractions,https://youtu.be/R-FXE3g8GpU?si=TcmelTK3iD3Nzco1,16:06,Intermediate,8.7,8.296,8.048
Simplifying Fractions,Learn Fraction Simplification,https://youtu.be/IuB8yTJ0-hk?si=8-bnaKA-irwAua1m,6:20,Intermediate,8.0,9.407,8.432
Simplifying Fractions,Introduction to Simplifying Fractions,https://youtu.be/k73w_yZb9SM?si=sIcPAuwAjD24B_pV,7:30,Beginner,8.4,9.381,8.698
Comparing Fractions,Comparing Like Fractions,https://youtu.be/H3N5To5fO5U?si=Y3IFqQaqTK2GalSa,4:45,Intermediate,7.8,8.002,7.635
Multiplication,Understanding Multiplication,https://youtu.be/_PyA3CJ-V98?si=mTi02JfyOo0ydPLR,13:18,Intermediate,8.8,7.441,7.813
Fractions to Decimals,Convert any Fraction to a Decimal,https://youtu.be/do_IbHId2Os?si=WyTbHiTgY6AaEz_L,6:43,Beginner,8.4,9.025,8.365
Ordering Fractions,How to Order Fractions,https://www.youtube.com/watch?v=i2PfHDs88YE,6:33,Beginner,8.8,8.22,8.47
Multiplication,Understanding Multiplication,https://youtu.be/_PyA3CJ-V98?si=mTi02JfyOo0ydPLR,13:18,Intermediate,8.8,7.821,7.872
Comparing Fractions,Mastering Comparing Fractions,https://youtu.be/PEqV48jMeXw?si=55QJueBjYIoAgbk0,11:09,Advanced,8.7,9.8,8.551
Subtraction,Smart Subtraction,https://youtu.be/3fYgZgbOJmM?si=0Xq66JMU0XrVlOsn,13:38,Intermediate,7.9,8.293,7.559
Division,Long Division for Grade 7,https://www.youtube.com/watch?v=J15nbHRpSiQ,19:57,Beginner,9.0,7.42,7.753
Simplifying Fractions,Reducing Fractions to Simplest Form,https://youtu.be/gVls1-gjIn0?si=vXNqJqUYBvTrC8xT,11:19,Advanced,8.5,7.332,7.561
Multiplication,Box Method Multiplication,https://youtu.be/n3q3XzzIGSY?si=goczDT3wCWGEkSvm,7:19,Intermediate,8.0,8.7,7.886
Multiplication,Box Method Multiplication,https://youtu.be/n3q3XzzIGSY?si=goczDT3wCWGEkSvm,7:19,Intermediate,8.0,7.505,7.623
Multiplication,Master Long Multiplication,https://youtu.be/GKetIwxaenA?si=9tvgkeqmmfUZ80xX,6:25,Beginner,8.5,8.063,8.025
Subtraction,Multi-Digit Subtraction,https://youtu.be/Y6M89-6106I?si=6dT-roRnqAH6OHdl,6:56,Beginner,8.3,9.522,8.597
Ordering Fractions,Learn Ordering Fractions,https://youtu.be/QECYScPz4sA?si=qJW4l4BvbXma1lOP,10:15,Intermediate,8.5,7.807,7.762
Subtraction,Subtracting Large Numbers,https://youtu.be/HlxqCdDrbdc?si=1RAFlZfZuuD3LnjX,5:04,Intermediate,8.0,8.679,7.989
Simplifying Fractions,How to Simplify Fractions,https://youtu.be/R-FXE3g8GpU?si=TcmelTK3iD3Nzco1,16:06,Intermediate,8.7,7.687,7.743
Simplifying Fractions,Reducing Fractions to Simplest Form,https://youtu.be/gVls1-gjIn0?si=vXNqJqUYBvTrC8xT,11:19,Advanced,8.5,8.271,7.992
Multiplication,Box Method Multiplication,https://youtu.be/n3q3XzzIGSY?si=goczDT3wCWGEkSvm,7:19,Intermediate,8.0,9.501,8.1
Simplifying Fractions,How to Simplify Fractions,https://youtu.be/R-FXE3g8GpU?si=TcmelTK3iD3Nzco1,16:06,Intermediate,8.7,7.046,7.561
Multiplication,Understanding Multiplication,https://youtu.be/_PyA3CJ-V98?si=mTi02JfyOo0ydPLR,13:18,Intermediate,8.8,7.509,7.791
Division,Smart Long Division,https://youtu.be/HJYHNxS64f0?si=PJiPytkuwiCJhiuV,14:40,Advanced,8.9,9.829,8.604
Division,Basic Division,https://youtu.be/KGMf314LUc0?si=jxaKi8tja1iw8LUl,9:57,Beginner,8.4,8.256,8.012
Simplifying Fractions,Introduction to Simplifying Fractions,https://youtu.be/k73w_yZb9SM?si=sIcPAuwAjD24B_pV,7:30,Beginner,8.4,9.586,8.625
Multiplication,Multi-Digit Multiplication,https://youtu.be/dNSrfoYLQZU?si=fjPUGvSBAA5fmj_V,5:02,Advanced,8.3,7.43,7.674
Addition,Adding Three Decimals,https://youtu.be/sQ1W919fgq8?si=V7TgnmmWgHYc_A5P,4:55,Beginner,8.2,8.196,8.108
Multiplication,Understanding Multiplication,https://youtu.be/_PyA3CJ-V98?si=mTi02JfyOo0ydPLR,13:18,Intermediate,8.8,9.903,8.863
Comparing Fractions,Comparing Like Fractions,https://youtu.be/H3N5To5fO5U?si=Y3IFqQaqTK2GalSa,4:45,Intermediate,7.8,8.012,7.598
Multiplication,Master Long Multiplication,https://youtu.be/GKetIwxaenA?si=9tvgkeqmmfUZ80xX,6:25,Beginner,8.5,9.673,8.67
Simplifying Fractions,Simplifying Fractions,https://www.youtube.com/watch?v=AtBUQH8Tkqc&t=67s,8:30,Beginner,9.0,9.916,8.958
Addition,Adding Three Decimals,https://youtu.be/sQ1W919fgq8?si=V7TgnmmWgHYc_A5P,4:55,Beginner,8.2,8.637,8.429
Comparing Fractions,Introduction to Comparing Fractions,https://www.youtube.com/watch?v=KNdUJQ_qd4U,6:30,Beginner,8.3,7.09,7.745
Fractions to Decimals,Mastering Fractions to Decimals,https://youtu.be/Mpv7AzOUOqg?si=dMjxnFwXU98D4MpH,9:06,Advanced,8.5,8.922,8.143
Subtraction,Subtracting Whole Numbers,https://www.youtube.com/watch?v=z4bTlVxU9C0,8:40,Beginner,8.7,7.181,7.865
Ordering Fractions,How to Order Fractions,https://www.youtube.com/watch?v=i2PfHDs88YE,6:33,Beginner,8.8,8.477,8.333
Division,Division Basics for Beginners,https://youtu.be/InIKW_tfhs4?si=i3EqqM2A_6JHTQYh,3:44,Intermediate,7.8,9.545,8.214
Division,Division Basics for Beginners,https://youtu.be/InIKW_tfhs4?si=i3EqqM2A_6JHTQYh,3:44,Intermediate,7.8,9.609,8.19
Subtraction,Smart Subtraction,https://youtu.be/3fYgZgbOJmM?si=0Xq66JMU0XrVlOsn,13:38,Intermediate,7.9,9.74,8.174
Multiplication,Multi-Digit Multiplication,https://youtu.be/dNSrfoYLQZU?si=fjPUGvSBAA5fmj_V,5:02,Advanced,8.3,7.208,7.644
Fractions to Decimals,How to Convert Fractions to Decimals,https://www.youtube.com/watch?v=guBVW5PiHLs&list=PPSV,8:29,Beginner,9.1,8.447,8.421
Division,Smart Long Division,https://youtu.be/HJYHNxS64f0?si=PJiPytkuwiCJhiuV,14:40,Advanced,8.9,8.375,7.944
Addition,Add Numbers Faster,https://youtu.be/-x2yAOt_XFY?si=9WXX46kdbQDVhgO8,4:48,Advanced,8.8,8.228,8.198
Fractions to Decimals,Mastering Fractions to Decimals,https://youtu.be/Mpv7AzOUOqg?si=dMjxnFwXU98D4MpH,9:06,Advanced,8.5,7.476,7.624
Fractions to Decimals,Mastering Fractions to Decimals,https://youtu.be/Mpv7AzOUOqg?si=dMjxnFwXU98D4MpH,9:06,Advanced,8.5,7.011,7.363
Addition,Add Numbers Faster,https://youtu.be/-x2yAOt_XFY?si=9WXX46kdbQDVhgO8,4:48,Advanced,8.8,7.093,7.902
Division,Basic Division,https://youtu.be/KGMf314LUc0?si=jxaKi8tja1iw8LUl,9:57,Beginner,8.4,7.986,7.814
Simplifying Fractions,Simplifying Fractions,https://www.youtube.com/watch?v=AtBUQH8Tkqc&t=67s,8:30,Beginner,9.0,8.875,8.61
Subtraction,Introduction to Subtraction,https://youtu.be/r3qKojj4g4g?si=-XA75LAElZS8jQOy,10:42,Advanced,8.6,9.696,8.468
Subtraction,Subtracting Large Numbers,https://youtu.be/HlxqCdDrbdc?si=1RAFlZfZuuD3LnjX,5:04,Intermediate,8.0,7.494,7.531
Fractions to Decimals,How to Convert Fractions to Decimals,https://www.youtube.com/watch?v=guBVW5PiHLs&list=PPSV,8:29,Beginner,9.1,9.527,8.856
Multiplication,Box Method Multiplication,https://youtu.be/n3q3XzzIGSY?si=goczDT3wCWGEkSvm,7:19,Intermediate,8.0,8.478,7.832
Ordering Fractions,Introduction to Ordering Fractions,https://youtu.be/rL18ZMgCeKU?si=nixffH9YSe3hdGgm,12:04,Beginner,8.2,7.168,7.698
Subtraction,Multi-Digit Subtraction,https://youtu.be/Y6M89-6106I?si=6dT-roRnqAH6OHdl,6:56,Beginner,8.3,7.617,7.787
Fractions to Decimals,Convert any Fraction to a Decimal,https://youtu.be/do_IbHId2Os?si=WyTbHiTgY6AaEz_L,6:43,Beginner,8.4,9.104,8.549
Multiplication,Multi-Digit Multiplication,https://youtu.be/dNSrfoYLQZU?si=fjPUGvSBAA5fmj_V,5:02,Advanced,8.3,9.752,8.41
Addition,Adding Three Decimals,https://youtu.be/sQ1W919fgq8?si=V7TgnmmWgHYc_A5P,4:55,Beginner,8.2,9.928,8.589
Addition,Decimal Arithmetic,https://www.youtube.com/watch?v=kwh4SD1ToFc,12:14,Intermediate,9.0,7.507,7.986
Subtraction,Smart Subtraction,https://youtu.be/3fYgZgbOJmM?si=0Xq66JMU0XrVlOsn,13:38,Intermediate,7.9,7.826,7.377
Division,Division Basics for Beginners,https://youtu.be/InIKW_tfhs4?si=i3EqqM2A_6JHTQYh,3:44,Intermediate,7.8,7.264,7.53
Multiplication,Understanding Multiplication,https://youtu.be/_PyA3CJ-V98?si=mTi02JfyOo0ydPLR,13:18,Intermediate,8.8,9.408,8.497
Multiplication,Long Multiplication for Grade 7,https://www.youtube.com/watch?v=r85EMNbWMiE,21:00,Beginner,9.2,7.308,7.824
Subtraction,Subtracting Large Numbers,https://youtu.be/HlxqCdDrbdc?si=1RAFlZfZuuD3LnjX,5:04,Intermediate,8.0,9.485,8.432
Comparing Fractions,Comparing Like Fractions,https://youtu.be/H3N5To5fO5U?si=Y3IFqQaqTK2GalSa,4:45,Intermediate,7.8,7.663,7.745
Multiplication,Understanding Multiplication,https://youtu.be/_PyA3CJ-V98?si=mTi02JfyOo0ydPLR,13:18,Intermediate,8.8,8.723,8.295
Addition,Decimal Arithmetic,https://www.youtube.com/watch?v=kwh4SD1ToFc,12:14,Intermediate,9.0,8.047,8.108
Simplifying Fractions,Introduction to Simplifying Fractions,https://youtu.be/k73w_yZb9SM?si=sIcPAuwAjD24B_pV,7:30,Beginner,8.4,9.559,8.659
Division,Basic Division,https://youtu.be/KGMf314LUc0?si=jxaKi8tja1iw8LUl,9:57,Beginner,8.4,8.046,7.837
Fractions to Decimals,Mastering Fractions to Decimals,https://youtu.be/Mpv7AzOUOqg?si=dMjxnFwXU98D4MpH,9:06,Advanced,8.5,7.66,7.834
Ordering Fractions,How to Order Fractions,https://www.youtube.com/watch?v=i2PfHDs88YE,6:33,Beginner,8.8,9.208,8.38
Ordering Fractions,Mastering Fractions,https://youtu.be/XvjQcHbUNNw?si=Xyv5SPufpJclBZIf,8:00,Advanced,8.7,9.458,8.35
Subtraction,Introduction to Subtraction,https://youtu.be/r3qKojj4g4g?si=-XA75LAElZS8jQOy,10:42,Advanced,8.6,7.676,7.662
Addition,Decimal Arithmetic,https://www.youtube.com/watch?v=kwh4SD1ToFc,12:14,Intermediate,9.0,9.69,8.771
Multiplication,Understanding Multiplication,https://youtu.be/_PyA3CJ-V98?si=mTi02JfyOo0ydPLR,13:18,Intermediate,8.8,8.006,8.077
Multiplication,Multi-Digit Multiplication,https://youtu.be/dNSrfoYLQZU?si=fjPUGvSBAA5fmj_V,5:02,Advanced,8.3,9.671,8.324
Simplifying Fractions,How to Simplify Fractions,https://youtu.be/R-FXE3g8GpU?si=TcmelTK3iD3Nzco1,16:06,Intermediate,8.7,9.557,8.278
Multiplication,Multi-Digit Multiplication,https://youtu.be/dNSrfoYLQZU?si=fjPUGvSBAA5fmj_V,5:02,Advanced,8.3,8.991,8.066
Comparing Fractions,Mastering Comparing Fractions,https://youtu.be/PEqV48jMeXw?si=55QJueBjYIoAgbk0,11:09,Advanced,8.7,7.996,7.903
Addition,Multi-Digit Addition,https://youtu.be/mAvuom42NyY?si=3Om627A44-sGimLU,6:28,Beginner,8.5,9.961,8.965
Fractions to Decimals,Converting Fractions to Decimals,https://youtu.be/UtHGpx_yp4U?si=tVG8XzrdqWBZp_hs,7:54,Intermediate,8.7,8.325,8.223
Simplifying Fractions,How to Simplify Fractions,https://youtu.be/R-FXE3g8GpU?si=TcmelTK3iD3Nzco1,16:06,Intermediate,8.7,7.614,7.813
Simplifying Fractions,Simplifying Fractions,https://www.youtube.com/watch?v=AtBUQH8Tkqc&t=67s,8:30,Beginner,9.0,7.784,8.184
Division,Smart Long Division,https://youtu.be/HJYHNxS64f0?si=PJiPytkuwiCJhiuV,14:40,Advanced,8.9,7.165,7.618
Ordering Fractions,Learn Ordering Fractions,https://youtu.be/QECYScPz4sA?si=qJW4l4BvbXma1lOP,10:15,Intermediate,8.5,8.217,7.921
Division,Long Division with 2-Digit Divisors,https://youtu.be/HdU_rf7eMTI?si=Pr40TqBRgGXrpLxG,13:04,Intermediate,8.6,7.066,7.526
Subtraction,Smart Subtraction,https://youtu.be/3fYgZgbOJmM?si=0Xq66JMU0XrVlOsn,13:38,Intermediate,7.9,8.673,7.926
Subtraction,Smart Subtraction,https://youtu.be/3fYgZgbOJmM?si=0Xq66JMU0XrVlOsn,13:38,Intermediate,7.9,7.868,7.595
Addition,Add Numbers Faster,https://youtu.be/-x2yAOt_XFY?si=9WXX46kdbQDVhgO8,4:48,Advanced,8.8,7.095,7.841
Subtraction,Smart Subtraction,https://youtu.be/3fYgZgbOJmM?si=0Xq66JMU0XrVlOsn,13:38,Intermediate,7.9,8.086,7.686
Division,Long Division for Grade 7,https://www.youtube.com/watch?v=J15nbHRpSiQ,19:57,Beginner,9.0,8.796,8.296
Simplifying Fractions,Simplifying Fractions,https://www.youtube.com/watch?v=AtBUQH8Tkqc&t=67s,8:30,Beginner,9.0,7.219,7.964
Addition,Multi-Digit Addition,https://youtu.be/mAvuom42NyY?si=3Om627A44-sGimLU,6:28,Beginner,8.5,9.454,8.791
Subtraction,Subtracting Whole Numbers,https://www.youtube.com/watch?v=z4bTlVxU9C0,8:40,Beginner,8.7,8.575,8.34
Simplifying Fractions,Reducing Fractions to Simplest Form,https://youtu.be/gVls1-gjIn0?si=vXNqJqUYBvTrC8xT,11:19,Advanced,8.5,9.855,8.533
Simplifying Fractions,How to Simplify Fractions,https://youtu.be/R-FXE3g8GpU?si=TcmelTK3iD3Nzco1,16:06,Intermediate,8.7,9.13,8.217
Comparing Fractions,Introduction to Comparing Fractions,https://www.youtube.com/watch?v=KNdUJQ_qd4U,6:30,Beginner,8.3,9.439,8.444
Multiplication,Master Long Multiplication,https://youtu.be/GKetIwxaenA?si=9tvgkeqmmfUZ80xX,6:25,Beginner,8.5,9.089,8.584
Division,Smart Long Division,https://youtu.be/HJYHNxS64f0?si=PJiPytkuwiCJhiuV,14:40,Advanced,8.9,7.338,7.546
Addition,Adding Large Numbers,https://youtu.be/T9asFgfN5bg?si=CI2z3n21hND5aFvQ,5:03,Intermediate,7.8,7.312,7.554
Division,Smart Long Division,https://youtu.be/HJYHNxS64f0?si=PJiPytkuwiCJhiuV,14:40,Advanced,8.9,8.878,8.12
Subtraction,Subtracting Large Numbers,https://youtu.be/HlxqCdDrbdc?si=1RAFlZfZuuD3LnjX,5:04,Intermediate,8.0,8.599,8.073
Comparing Fractions,Comparing Like Fractions,https://youtu.be/H3N5To5fO5U?si=Y3IFqQaqTK2GalSa,4:45,Intermediate,7.8,8.126,7.972
Comparing Fractions,Mastering Comparing Fractions,https://youtu.be/PEqV48jMeXw?si=55QJueBjYIoAgbk0,11:09,Advanced,8.7,7.167,7.521
Simplifying Fractions,Introduction to Simplifying Fractions,https://youtu.be/k73w_yZb9SM?si=sIcPAuwAjD24B_pV,7:30,Beginner,8.4,9.395,8.495
Simplifying Fractions,Simplifying Fractions,https://www.youtube.com/watch?v=AtBUQH8Tkqc&t=67s,8:30,Beginner,9.0,7.687,8.18
Division,Long Division with 2-Digit Divisors,https://youtu.be/HdU_rf7eMTI?si=Pr40TqBRgGXrpLxG,13:04,Intermediate,8.6,8.215,7.969
Simplifying Fractions,Introduction to Simplifying Fractions,https://youtu.be/k73w_yZb9SM?si=sIcPAuwAjD24B_pV,7:30,Beginner,8.4,7.249,7.914
Subtraction,Introduction to Subtraction,https://youtu.be/r3qKojj4g4g?si=-XA75LAElZS8jQOy,10:42,Advanced,8.6,8.103,7.753
Subtraction,Subtracting Large Numbers,https://youtu.be/HlxqCdDrbdc?si=1RAFlZfZuuD3LnjX,5:04,Intermediate,8.0,9.671,8.456
Fractions to Decimals,Introduction to Fractions to Decimals,https://youtu.be/pDs4a4ijqh0?si=ktPINIYpIFYNILOV,8:00,Intermediate,8.0,7.841,7.712
Fractions to Decimals,How to Convert Fractions to Decimals,https://www.youtube.com/watch?v=guBVW5PiHLs&list=PPSV,8:29,Beginner,9.1,9.606,8.948
Ordering Fractions,Learn Ordering Fractions,https://youtu.be/QECYScPz4sA?si=qJW4l4BvbXma1lOP,10:15,Intermediate,8.5,9.807,8.285
Addition,Add Numbers Faster,https://youtu.be/-x2yAOt_XFY?si=9WXX46kdbQDVhgO8,4:48,Advanced,8.8,8.62,8.232
Fractions to Decimals,How to Convert Fractions to Decimals,https://www.youtube.com/watch?v=guBVW5PiHLs&list=PPSV,8:29,Beginner,9.1,7.234,8.064
Addition,Adding Three Decimals,https://youtu.be/sQ1W919fgq8?si=V7TgnmmWgHYc_A5P,4:55,Beginner,8.2,9.214,8.512
Multiplication,Understanding Multiplication,https://youtu.be/_PyA3CJ-V98?si=mTi02JfyOo0ydPLR,13:18,Intermediate,8.8,7.919,7.772
Ordering Fractions,Introduction to Ordering Fractions,https://youtu.be/rL18ZMgCeKU?si=nixffH9YSe3hdGgm,12:04,Beginner,8.2,9.77,8.402
Addition,Decimal Arithmetic,https://www.youtube.com/watch?v=kwh4SD1ToFc,12:14,Intermediate,9.0,7.855,8.214
Fractions to Decimals,Introduction to Fractions to Decimals,https://youtu.be/pDs4a4ijqh0?si=ktPINIYpIFYNILOV,8:00,Intermediate,8.0,7.544,7.674
Multiplication,Understanding Multiplication,https://youtu.be/_PyA3CJ-V98?si=mTi02JfyOo0ydPLR,13:18,Intermediate,8.8,7.171,7.748
Multiplication,Multi-Digit Multiplication,https://youtu.be/dNSrfoYLQZU?si=fjPUGvSBAA5fmj_V,5:02,Advanced,8.3,7.003,7.392
Division,Smart Long Division,https://youtu.be/HJYHNxS64f0?si=PJiPytkuwiCJhiuV,14:40,Advanced,8.9,7.153,7.586
Division,Long Division for Grade 7,https://www.youtube.com/watch?v=J15nbHRpSiQ,19:57,Beginner,9.0,7.153,7.677
Multiplication,Multi-Digit Multiplication,https://youtu.be/dNSrfoYLQZU?si=fjPUGvSBAA5fmj_V,5:02,Advanced,8.3,7.828,7.994
Division,Basic Division,https://youtu.be/KGMf314LUc0?si=jxaKi8tja1iw8LUl,9:57,Beginner,8.4,9.161,8.57
Simplifying Fractions,Simplifying Fractions,https://www.youtube.com/watch?v=AtBUQH8Tkqc&t=67s,8:30,Beginner,9.0,8.373,8.403
Subtraction,Introduction to Subtraction,https://youtu.be/r3qKojj4g4g?si=-XA75LAElZS8jQOy,10:42,Advanced,8.6,8.012,7.9
Division,Smart Long Division,https://youtu.be/HJYHNxS64f0?si=PJiPytkuwiCJhiuV,14:40,Advanced,8.9,9.466,8.34
Addition,Multi-Digit Addition,https://youtu.be/mAvuom42NyY?si=3Om627A44-sGimLU,6:28,Beginner,8.5,8.836,8.496
Division,Division Basics for Beginners,https://youtu.be/InIKW_tfhs4?si=i3EqqM2A_6JHTQYh,3:44,Intermediate,7.8,8.606,7.941
Multiplication,Understanding Multiplication,https://youtu.be/_PyA3CJ-V98?si=mTi02JfyOo0ydPLR,13:18,Intermediate,8.8,9.814,8.522
Simplifying Fractions,Learn Fraction Simplification,https://youtu.be/IuB8yTJ0-hk?si=8-bnaKA-irwAua1m,6:20,Intermediate,8.0,8.844,8.024
Multiplication,Master Long Multiplication,https://youtu.be/GKetIwxaenA?si=9tvgkeqmmfUZ80xX,6:25,Beginner,8.5,7.207,7.926
Multiplication,Multi-Digit Multiplication,https://youtu.be/dNSrfoYLQZU?si=fjPUGvSBAA5fmj_V,5:02,Advanced,8.3,7.378,7.726
Ordering Fractions,Mastering Fractions,https://youtu.be/XvjQcHbUNNw?si=Xyv5SPufpJclBZIf,8:00,Advanced,8.7,7.116,7.708
Addition,Adding Large Numbers,https://youtu.be/T9asFgfN5bg?si=CI2z3n21hND5aFvQ,5:03,Intermediate,7.8,8.338,7.889
Comparing Fractions,Mastering Comparing Fractions,https://youtu.be/PEqV48jMeXw?si=55QJueBjYIoAgbk0,11:09,Advanced,8.7,8.68,7.961
Multiplication,Master Long Multiplication,https://youtu.be/GKetIwxaenA?si=9tvgkeqmmfUZ80xX,6:25,Beginner,8.5,7.659,7.959
Multiplication,Box Method Multiplication,https://youtu.be/n3q3XzzIGSY?si=goczDT3wCWGEkSvm,7:19,Intermediate,8.0,8.671,7.929
Subtraction,Multi-Digit Subtraction,https://youtu.be/Y6M89-6106I?si=6dT-roRnqAH6OHdl,6:56,Beginner,8.3,8.839,8.319
Multiplication,Long Multiplication for Grade 7,https://www.youtube.com/watch?v=r85EMNbWMiE,21:00,Beginner,9.2,7.235,7.754
Division,Division Basics for Beginners,https://youtu.be/InIKW_tfhs4?si=i3EqqM2A_6JHTQYh,3:44,Intermediate,7.8,7.559,7.716
Ordering Fractions,How to Order Fractions,https://www.youtube.com/watch?v=i2PfHDs88YE,6:33,Beginner,8.8,8.341,8.327
Ordering Fractions,How to Order Fractions,https://www.youtube.com/watch?v=i2PfHDs88YE,6:33,Beginner,8.8,8.344,8.364
Division,Long Division with 2-Digit Divisors,https://youtu.be/HdU_rf7eMTI?si=Pr40TqBRgGXrpLxG,13:04,Intermediate,8.6,8.607,8.201
Addition,Decimal Arithmetic,https://www.youtube.com/watch?v=kwh4SD1ToFc,12:14,Intermediate,9.0,7.619,7.911
Simplifying Fractions,Introduction to Simplifying Fractions,https://youtu.be/k73w_yZb9SM?si=sIcPAuwAjD24B_pV,7:30,Beginner,8.4,8.576,8.288
Multiplication,Box Method Multiplication,https://youtu.be/n3q3XzzIGSY?si=goczDT3wCWGEkSvm,7:19,Intermediate,8.0,8.088,7.857
Subtraction,Introduction to Subtraction,https://youtu.be/r3qKojj4g4g?si=-XA75LAElZS8jQOy,10:42,Advanced,8.6,9.89,8.465
Comparing Fractions,Comparing Like Fractions,https://youtu.be/H3N5To5fO5U?si=Y3IFqQaqTK2GalSa,4:45,Intermediate,7.8,8.936,8.011
Subtraction,Subtracting Whole Numbers,https://www.youtube.com/watch?v=z4bTlVxU9C0,8:40,Beginner,8.7,9.393,8.651
Ordering Fractions,Fraction Ordering,https://youtu.be/76s8ZzK87rA?si=F0Z4GtJkicWyq5_A,14:40,Intermediate,7.9,8.034,7.4
Multiplication,Box Method Multiplication,https://youtu.be/n3q3XzzIGSY?si=goczDT3wCWGEkSvm,7:19,Intermediate,8.0,8.733,8.065
Division,Long Division for Grade 7,https://www.youtube.com/watch?v=J15nbHRpSiQ,19:57,Beginner,9.0,8.15,8.244
Comparing Fractions,Comparing Fractions,https://www.youtube.com/watch?v=u_QTuWj107o,7:42,Beginner,8.9,8.677,8.631
Multiplication,Long Multiplication for Grade 7,https://www.youtube.com/watch?v=r85EMNbWMiE,21:00,Beginner,9.2,9.014,8.331
Division,Long Division with 2-Digit Divisors,https://youtu.be/HdU_rf7eMTI?si=Pr40TqBRgGXrpLxG,13:04,Intermediate,8.6,8.793,8.2
Division,Long Division for Grade 7,https://www.youtube.com/watch?v=J15nbHRpSiQ,19:57,Beginner,9.0,7.072,7.642
Division,Smart Long Division,https://youtu.be/HJYHNxS64f0?si=PJiPytkuwiCJhiuV,14:40,Advanced,8.9,7.313,7.506
Comparing Fractions,Comparing Fractions,https://www.youtube.com/watch?v=u_QTuWj107o,7:42,Beginner,8.9,8.975,8.45
Multiplication,Long Multiplication for Grade 7,https://www.youtube.com/watch?v=r85EMNbWMiE,21:00,Beginner,9.2,7.304,7.746
Fractions to Decimals,Convert any Fraction to a Decimal,https://youtu.be/do_IbHId2Os?si=WyTbHiTgY6AaEz_L,6:43,Beginner,8.4,8.604,8.478
Addition,Multi-Digit Addition,https://youtu.be/mAvuom42NyY?si=3Om627A44-sGimLU,6:28,Beginner,8.5,9.422,8.73
Fractions to Decimals,How to Convert Fractions to Decimals,https://www.youtube.com/watch?v=guBVW5PiHLs&list=PPSV,8:29,Beginner,9.1,8.835,8.691
Addition,Decimal Arithmetic,https://www.youtube.com/watch?v=kwh4SD1ToFc,12:14,Intermediate,9.0,7.634,8.043
Multiplication,Master Long Multiplication,https://youtu.be/GKetIwxaenA?si=9tvgkeqmmfUZ80xX,6:25,Beginner,8.5,8.832,8.386
Division,Long Division for Grade 7,https://www.youtube.com/watch?v=J15nbHRpSiQ,19:57,Beginner,9.0,8.242,8.011
Subtraction,Introduction to Subtraction,https://youtu.be/r3qKojj4g4g?si=-XA75LAElZS8jQOy,10:42,Advanced,8.6,7.803,7.728
Ordering Fractions,Mastering Fractions,https://youtu.be/XvjQcHbUNNw?si=Xyv5SPufpJclBZIf,8:00,Advanced,8.7,8.48,8.156
Addition,Multi-Digit Addition,https://youtu.be/mAvuom42NyY?si=3Om627A44-sGimLU,6:28,Beginner,8.5,9.589,8.554
Multiplication,Long Multiplication for Grade 7,https://www.youtube.com/watch?v=r85EMNbWMiE,21:00,Beginner,9.2,9.342,8.584
Subtraction,Subtracting Whole Numbers,https://www.youtube.com/watch?v=z4bTlVxU9C0,8:40,Beginner,8.7,7.696,8.062
Ordering Fractions,Fraction Ordering,https://youtu.be/76s8ZzK87rA?si=F0Z4GtJkicWyq5_A,14:40,Intermediate,7.9,8.788,7.717
Multiplication,Box Method Multiplication,https://youtu.be/n3q3XzzIGSY?si=goczDT3wCWGEkSvm,7:19,Intermediate,8.0,7.484,7.575
Division,Basic Division,https://youtu.be/KGMf314LUc0?si=jxaKi8tja1iw8LUl,9:57,Beginner,8.4,9.355,8.335
Comparing Fractions,Comparing Fractions,https://www.youtube.com/watch?v=u_QTuWj107o,7:42,Beginner,8.9,8.772,8.598
Addition,Decimal Arithmetic,https://www.youtube.com/watch?v=kwh4SD1ToFc,12:14,Intermediate,9.0,8.787,8.237
Comparing Fractions,Mastering Comparing Fractions,https://youtu.be/PEqV48jMeXw?si=55QJueBjYIoAgbk0,11:09,Advanced,8.7,7.465,7.537
Subtraction,Subtracting Whole Numbers,https://www.youtube.com/watch?v=z4bTlVxU9C0,8:40,Beginner,8.7,8.601,8.388
Comparing Fractions,Comparing Fractions,https://www.youtube.com/watch?v=u_QTuWj107o,7:42,Beginner,8.9,9.23,8.926
Fractions to Decimals,How to Convert Fractions to Decimals,https://www.youtube.com/watch?v=guBVW5PiHLs&list=PPSV,8:29,Beginner,9.1,9.901,8.975
Division,Basic Division,https://youtu.be/KGMf314LUc0?si=jxaKi8tja1iw8LUl,9:57,Beginner,8.4,9.152,8.332
Simplifying Fractions,Learn Fraction Simplification,https://youtu.be/IuB8yTJ0-hk?si=8-bnaKA-irwAua1m,6:20,Intermediate,8.0,8.798,8.16
Comparing Fractions,Comparing Like Fractions,https://youtu.be/H3N5To5fO5U?si=Y3IFqQaqTK2GalSa,4:45,Intermediate,7.8,9.817,8.382
Addition,Decimal Arithmetic,https://www.youtube.com/watch?v=kwh4SD1ToFc,12:14,Intermediate,9.0,7.403,7.818
Division,Long Division for Grade 7,https://www.youtube.com/watch?v=J15nbHRpSiQ,19:57,Beginner,9.0,7.555,8.039
Division,Long Division with 2-Digit Divisors,https://youtu.be/HdU_rf7eMTI?si=Pr40TqBRgGXrpLxG,13:04,Intermediate,8.6,9.886,8.396
Ordering Fractions,How to Order Fractions,https://www.youtube.com/watch?v=i2PfHDs88YE,6:33,Beginner,8.8,8.518,8.447
Division,Long Division with 2-Digit Divisors,https://youtu.be/HdU_rf7eMTI?si=Pr40TqBRgGXrpLxG,13:04,Intermediate,8.6,9.729,8.567
Division,Division Basics for Beginners,https://youtu.be/InIKW_tfhs4?si=i3EqqM2A_6JHTQYh,3:44,Intermediate,7.8,9.902,8.365
Fractions to Decimals,Converting Fractions to Decimals,https://youtu.be/UtHGpx_yp4U?si=tVG8XzrdqWBZp_hs,7:54,Intermediate,8.7,7.451,7.713
Comparing Fractions,Comparing Like Fractions,https://youtu.be/H3N5To5fO5U?si=Y3IFqQaqTK2GalSa,4:45,Intermediate,7.8,8.021,7.779
Division,Basic Division,https://youtu.be/KGMf314LUc0?si=jxaKi8tja1iw8LUl,9:57,Beginner,8.4,9.294,8.411
Subtraction,Subtracting Whole Numbers,https://www.youtube.com/watch?v=z4bTlVxU9C0,8:40,Beginner,8.7,8.899,8.347
Simplifying Fractions,Learn Fraction Simplification,https://youtu.be/IuB8yTJ0-hk?si=8-bnaKA-irwAua1m,6:20,Intermediate,8.0,8.211,7.945
Addition,Decimal Arithmetic,https://www.youtube.com/watch?v=kwh4SD1ToFc,12:14,Intermediate,9.0,9.236,8.636
Ordering Fractions,How to Order Fractions,https://www.youtube.com/watch?v=i2PfHDs88YE,6:33,Beginner,8.8,7.432,7.957
Ordering Fractions,Learn Ordering Fractions,https://youtu.be/QECYScPz4sA?si=qJW4l4BvbXma1lOP,10:15,Intermediate,8.5,9.835,8.61
Fractions to Decimals,Mastering Fractions to Decimals,https://youtu.be/Mpv7AzOUOqg?si=dMjxnFwXU98D4MpH,9:06,Advanced,8.5,8.146,7.712
Simplifying Fractions,Simplifying Fractions,https://www.youtube.com/watch?v=AtBUQH8Tkqc&t=67s,8:30,Beginner,9.0,9.387,8.881
Subtraction,Smart Subtraction,https://youtu.be/3fYgZgbOJmM?si=0Xq66JMU0XrVlOsn,13:38,Intermediate,7.9,8.153,7.656
Division,Long Division with 2-Digit Divisors,https://youtu.be/HdU_rf7eMTI?si=Pr40TqBRgGXrpLxG,13:04,Intermediate,8.6,7.9,7.861
Multiplication,Box Method Multiplication,https://youtu.be/n3q3XzzIGSY?si=goczDT3wCWGEkSvm,7:19,Intermediate,8.0,8.446,7.96
Comparing Fractions,Comparing Fractions with different Denominators,https://youtu.be/d6fCqzuWjbo?si=eVQb7MoRlFCtsvGj,10:11,Intermediate,8.6,9.197,8.452
Comparing Fractions,Mastering Comparing Fractions,https://youtu.be/PEqV48jMeXw?si=55QJueBjYIoAgbk0,11:09,Advanced,8.7,7.346,7.566
Comparing Fractions,Comparing Fractions with different Denominators,https://youtu.be/d6fCqzuWjbo?si=eVQb7MoRlFCtsvGj,10:11,Intermediate,8.6,9.539,8.62
Simplifying Fractions,Simplifying Fractions,https://www.youtube.com/watch?v=AtBUQH8Tkqc&t=67s,8:30,Beginner,9.0,8.423,8.601
Fractions to Decimals,Convert any Fraction to a Decimal,https://youtu.be/do_IbHId2Os?si=WyTbHiTgY6AaEz_L,6:43,Beginner,8.4,9.914,8.615
Multiplication,Master Long Multiplication,https://youtu.be/GKetIwxaenA?si=9tvgkeqmmfUZ80xX,6:25,Beginner,8.5,9.17,8.749
Addition,Adding Large Numbers,https://youtu.be/T9asFgfN5bg?si=CI2z3n21hND5aFvQ,5:03,Intermediate,7.8,7.774,7.736
Simplifying Fractions,Simplifying Fractions,https://www.youtube.com/watch?v=AtBUQH8Tkqc&t=67s,8:30,Beginner,9.0,8.511,8.397
Fractions to Decimals,Converting Fractions to Decimals,https://youtu.be/UtHGpx_yp4U?si=tVG8XzrdqWBZp_hs,7:54,Intermediate,8.7,8.24,7.993
Ordering Fractions,How to Order Fractions,https://www.youtube.com/watch?v=i2PfHDs88YE,6:33,Beginner,8.8,9.389,8.735
Ordering Fractions,Mastering Fractions,https://youtu.be/XvjQcHbUNNw?si=Xyv5SPufpJclBZIf,8:00,Advanced,8.7,7.393,7.645
Ordering Fractions,Fraction Ordering,https://youtu.be/76s8ZzK87rA?si=F0Z4GtJkicWyq5_A,14:40,Intermediate,7.9,8.037,7.693
Simplifying Fractions,Simplifying Fractions,https://www.youtube.com/watch?v=AtBUQH8Tkqc&t=67s,8:30,Beginner,9.0,8.013,8.377
Ordering Fractions,Introduction to Ordering Fractions,https://youtu.be/rL18ZMgCeKU?si=nixffH9YSe3hdGgm,12:04,Beginner,8.2,8.875,8.219
Comparing Fractions,Mastering Comparing Fractions,https://youtu.be/PEqV48jMeXw?si=55QJueBjYIoAgbk0,11:09,Advanced,8.7,7.488,7.38
Comparing Fractions,Comparing Fractions with different Denominators,https://youtu.be/d6fCqzuWjbo?si=eVQb7MoRlFCtsvGj,10:11,Intermediate,8.6,8.104,7.927
Division,Basic Division,https://youtu.be/KGMf314LUc0?si=jxaKi8tja1iw8LUl,9:57,Beginner,8.4,7.412,7.824
Subtraction,Smart Subtraction,https://youtu.be/3fYgZgbOJmM?si=0Xq66JMU0XrVlOsn,13:38,Intermediate,7.9,8.29,7.498
Division,Long Division with 2-Digit Divisors,https://youtu.be/HdU_rf7eMTI?si=Pr40TqBRgGXrpLxG,13:04,Intermediate,8.6,7.915,7.859
Simplifying Fractions,Reducing Fractions to Simplest Form,https://youtu.be/gVls1-gjIn0?si=vXNqJqUYBvTrC8xT,11:19,Advanced,8.5,8.297,7.879
Comparing Fractions,Comparing Like Fractions,https://youtu.be/H3N5To5fO5U?si=Y3IFqQaqTK2GalSa,4:45,Intermediate,7.8,7.322,7.457
Ordering Fractions,Mastering Fractions,https://youtu.be/XvjQcHbUNNw?si=Xyv5SPufpJclBZIf,8:00,Advanced,8.7,8.991,8.269
Comparing Fractions,Mastering Comparing Fractions,https://youtu.be/PEqV48jMeXw?si=55QJueBjYIoAgbk0,11:09,Advanced,8.7,9.216,8.512
Subtraction,Subtracting Whole Numbers,https://www.youtube.com/watch?v=z4bTlVxU9C0,8:40,Beginner,8.7,7.023,7.867
Comparing Fractions,Introduction to Comparing Fractions,https://www.youtube.com/watch?v=KNdUJQ_qd4U,6:30,Beginner,8.3,8.694,8.096
Ordering Fractions,Introduction to Ordering Fractions,https://youtu.be/rL18ZMgCeKU?si=nixffH9YSe3hdGgm,12:04,Beginner,8.2,7.747,7.827
Fractions to Decimals,How to Convert Fractions to Decimals,https://www.youtube.com/watch?v=guBVW5PiHLs&list=PPSV,8:29,Beginner,9.1,8.327,8.323
Comparing Fractions,Mastering Comparing Fractions,https://youtu.be/PEqV48jMeXw?si=55QJueBjYIoAgbk0,11:09,Advanced,8.7,7.756,7.751
Ordering Fractions,Mastering Fractions,https://youtu.be/XvjQcHbUNNw?si=Xyv5SPufpJclBZIf,8:00,Advanced,8.7,7.457,7.886
Subtraction,Smart Subtraction,https://youtu.be/3fYgZgbOJmM?si=0Xq66JMU0XrVlOsn,13:38,Intermediate,7.9,7.369,7.203
Addition,Add Numbers Faster,https://youtu.be/-x2yAOt_XFY?si=9WXX46kdbQDVhgO8,4:48,Advanced,8.8,9.812,8.666
Division,Smart Long Division,https://youtu.be/HJYHNxS64f0?si=PJiPytkuwiCJhiuV,14:40,Advanced,8.9,9.631,8.447
Subtraction,Introduction to Subtraction,https://youtu.be/r3qKojj4g4g?si=-XA75LAElZS8jQOy,10:42,Advanced,8.6,9.108,8.14
Division,Basic Division,https://youtu.be/KGMf314LUc0?si=jxaKi8tja1iw8LUl,9:57,Beginner,8.4,7.36,7.978
Ordering Fractions,Introduction to Ordering Fractions,https://youtu.be/rL18ZMgCeKU?si=nixffH9YSe3hdGgm,12:04,Beginner,8.2,7.164,7.662
Division,Division Basics for Beginners,https://youtu.be/InIKW_tfhs4?si=i3EqqM2A_6JHTQYh,3:44,Intermediate,7.8,9.758,8.36
Multiplication,Understanding Multiplication,https://youtu.be/_PyA3CJ-V98?si=mTi02JfyOo0ydPLR,13:18,Intermediate,8.8,9.337,8.468
Multiplication,Box Method Multiplication,https://youtu.be/n3q3XzzIGSY?si=goczDT3wCWGEkSvm,7:19,Intermediate,8.0,8.731,8.119
Addition,Adding Three Decimals,https://youtu.be/sQ1W919fgq8?si=V7TgnmmWgHYc_A5P,4:55,Beginner,8.2,7.283,7.656
Subtraction,Introduction to Subtraction,https://youtu.be/r3qKojj4g4g?si=-XA75LAElZS8jQOy,10:42,Advanced,8.6,7.909,7.784
Fractions to Decimals,Convert any Fraction to a Decimal,https://youtu.be/do_IbHId2Os?si=WyTbHiTgY6AaEz_L,6:43,Beginner,8.4,9.432,8.571
Addition,Decimal Arithmetic,https://www.youtube.com/watch?v=kwh4SD1ToFc,12:14,Intermediate,9.0,7.808,7.941
Division,Long Division with 2-Digit Divisors,https://youtu.be/HdU_rf7eMTI?si=Pr40TqBRgGXrpLxG,13:04,Intermediate,8.6,8.538,8.129
Subtraction,Smart Subtraction,https://youtu.be/3fYgZgbOJmM?si=0Xq66JMU0XrVlOsn,13:38,Intermediate,7.9,8.661,7.806
Addition,Multi-Digit Addition,https://youtu.be/mAvuom42NyY?si=3Om627A44-sGimLU,6:28,Beginner,8.5,7.684,8.116
Ordering Fractions,How to Order Fractions,https://www.youtube.com/watch?v=i2PfHDs88YE,6:33,Beginner,8.8,8.813,8.626
Ordering Fractions,Learn Ordering Fractions,https://youtu.be/QECYScPz4sA?si=qJW4l4BvbXma1lOP,10:15,Intermediate,8.5,8.157,7.92
Ordering Fractions,Learn Ordering Fractions,https://youtu.be/QECYScPz4sA?si=qJW4l4BvbXma1lOP,10:15,Intermediate,8.5,7.022,7.465
Ordering Fractions,Mastering Fractions,https://youtu.be/XvjQcHbUNNw?si=Xyv5SPufpJclBZIf,8:00,Advanced,8.7,9.601,8.366
Ordering Fractions,Mastering Fractions,https://youtu.be/XvjQcHbUNNw?si=Xyv5SPufpJclBZIf,8:00,Advanced,8.7,9.861,8.745
Ordering Fractions,Fraction Ordering,https://youtu.be/76s8ZzK87rA?si=F0Z4GtJkicWyq5_A,14:40,Intermediate,7.9,7.513,7.338
Ordering Fractions,Learn Ordering Fractions,https://youtu.be/QECYScPz4sA?si=qJW4l4BvbXma1lOP,10:15,Intermediate,8.5,8.241,7.892
Division,Long Division with 2-Digit Divisors,https://youtu.be/HdU_rf7eMTI?si=Pr40TqBRgGXrpLxG,13:04,Intermediate,8.6,7.175,7.701
Simplifying Fractions,Reducing Fractions to Simplest Form,https://youtu.be/gVls1-gjIn0?si=vXNqJqUYBvTrC8xT,11:19,Advanced,8.5,9.023,8.104
Fractions to Decimals,How to Convert Fractions to Decimals,https://www.youtube.com/watch?v=guBVW5PiHLs&list=PPSV,8:29,Beginner,9.1,8.925,8.542
Subtraction,Introduction to Subtraction,https://youtu.be/r3qKojj4g4g?si=-XA75LAElZS8jQOy,10:42,Advanced,8.6,9.551,8.429
Addition,Multi-Digit Addition,https://youtu.be/mAvuom42NyY?si=3Om627A44-sGimLU,6:28,Beginner,8.5,8.417,8.464
Ordering Fractions,Introduction to Ordering Fractions,https://youtu.be/rL18ZMgCeKU?si=nixffH9YSe3hdGgm,12:04,Beginner,8.2,8.058,7.831
Addition,Decimal Arithmetic,https://www.youtube.com/watch?v=kwh4SD1ToFc,12:14,Intermediate,9.0,7.241,7.786
Addition,Add Numbers Faster,https://youtu.be/-x2yAOt_XFY?si=9WXX46kdbQDVhgO8,4:48,Advanced,8.8,9.34,8.67
Division,Division Basics for Beginners,https://youtu.be/InIKW_tfhs4?si=i3EqqM2A_6JHTQYh,3:44,Intermediate,7.8,8.99,8.237
Simplifying Fractions,Reducing Fractions to Simplest Form,https://youtu.be/gVls1-gjIn0?si=vXNqJqUYBvTrC8xT,11:19,Advanced,8.5,9.623,8.432
Division,Smart Long Division,https://youtu.be/HJYHNxS64f0?si=PJiPytkuwiCJhiuV,14:40,Advanced,8.9,7.376,7.609
Subtraction,Multi-Digit Subtraction,https://youtu.be/Y6M89-6106I?si=6dT-roRnqAH6OHdl,6:56,Beginner,8.3,9.661,8.677
Fractions to Decimals,Convert any Fraction to a Decimal,https://youtu.be/do_IbHId2Os?si=WyTbHiTgY6AaEz_L,6:43,Beginner,8.4,8.741,8.272
Subtraction,Subtracting Large Numbers,https://youtu.be/HlxqCdDrbdc?si=1RAFlZfZuuD3LnjX,5:04,Intermediate,8.0,8.483,8.087
Division,Basic Division,https://youtu.be/KGMf314LUc0?si=jxaKi8tja1iw8LUl,9:57,Beginner,8.4,9.091,8.412
Comparing Fractions,Introduction to Comparing Fractions,https://www.youtube.com/watch?v=KNdUJQ_qd4U,6:30,Beginner,8.3,8.43,7.972
Multiplication,Box Method Multiplication,https://youtu.be/n3q3XzzIGSY?si=goczDT3wCWGEkSvm,7:19,Intermediate,8.0,8.4,7.974
Ordering Fractions,Learn Ordering Fractions,https://youtu.be/QECYScPz4sA?si=qJW4l4BvbXma1lOP,10:15,Intermediate,8.5,8.015,7.885
Multiplication,Understanding Multiplication,https://youtu.be/_PyA3CJ-V98?si=mTi02JfyOo0ydPLR,13:18,Intermediate,8.8,8.872,8.301
Subtraction,Multi-Digit Subtraction,https://youtu.be/Y6M89-6106I?si=6dT-roRnqAH6OHdl,6:56,Beginner,8.3,9.526,8.65
Addition,Decimal Arithmetic,https://www.youtube.com/watch?v=kwh4SD1ToFc,12:14,Intermediate,9.0,8.938,8.393
Addition,Adding Three Decimals,https://youtu.be/sQ1W919fgq8?si=V7TgnmmWgHYc_A5P,4:55,Beginner,8.2,7.302,7.775
Addition,Decimal Arithmetic,https://www.youtube.com/watch?v=kwh4SD1ToFc,12:14,Intermediate,9.0,8.132,8.219
Multiplication,Understanding Multiplication,https://youtu.be/_PyA3CJ-V98?si=mTi02JfyOo0ydPLR,13:18,Intermediate,8.8,8.379,8.09
Subtraction,Smart Subtraction,https://youtu.be/3fYgZgbOJmM?si=0Xq66JMU0XrVlOsn,13:38,Intermediate,7.9,8.781,7.927
Addition,Adding Large Numbers,https://youtu.be/T9asFgfN5bg?si=CI2z3n21hND5aFvQ,5:03,Intermediate,7.8,9.148,7.989
Subtraction,Subtracting Large Numbers,https://youtu.be/HlxqCdDrbdc?si=1RAFlZfZuuD3LnjX,5:04,Intermediate,8.0,7.553,7.637
Simplifying Fractions,Simplifying Fractions,https://www.youtube.com/watch?v=AtBUQH8Tkqc&t=67s,8:30,Beginner,9.0,8.484,8.503
Simplifying Fractions,Learn Fraction Simplification,https://youtu.be/IuB8yTJ0-hk?si=8-bnaKA-irwAua1m,6:20,Intermediate,8.0,8.344,7.94
Subtraction,Multi-Digit Subtraction,https://youtu.be/Y6M89-6106I?si=6dT-roRnqAH6OHdl,6:56,Beginner,8.3,9.355,8.402
Multiplication,Box Method Multiplication,https://youtu.be/n3q3XzzIGSY?si=goczDT3wCWGEkSvm,7:19,Intermediate,8.0,9.456,8.204
Multiplication,Multi-Digit Multiplication,https://youtu.be/dNSrfoYLQZU?si=fjPUGvSBAA5fmj_V,5:02,Advanced,8.3,7.283,7.503
Ordering Fractions,How to Order Fractions,https://www.youtube.com/watch?v=i2PfHDs88YE,6:33,Beginner,8.8,7.775,8.296
Division,Basic Division,https://youtu.be/KGMf314LUc0?si=jxaKi8tja1iw8LUl,9:57,Beginner,8.4,9.584,8.456
Division,Division Basics for Beginners,https://youtu.be/InIKW_tfhs4?si=i3EqqM2A_6JHTQYh,3:44,Intermediate,7.8,8.026,7.762
Subtraction,Subtracting Large Numbers,https://youtu.be/HlxqCdDrbdc?si=1RAFlZfZuuD3LnjX,5:04,Intermediate,8.0,9.893,8.517
Comparing Fractions,Introduction to Comparing Fractions,https://www.youtube.com/watch?v=KNdUJQ_qd4U,6:30,Beginner,8.3,9.207,8.495
Fractions to Decimals,Introduction to Fractions to Decimals,https://youtu.be/pDs4a4ijqh0?si=ktPINIYpIFYNILOV,8:00,Intermediate,8.0,8.603,8.104
Multiplication,Master Long Multiplication,https://youtu.be/GKetIwxaenA?si=9tvgkeqmmfUZ80xX,6:25,Beginner,8.5,9.375,8.521
Comparing Fractions,Comparing Fractions,https://www.youtube.com/watch?v=u_QTuWj107o,7:42,Beginner,8.9,7.521,8.125
Comparing Fractions,Comparing Fractions,https://www.youtube.com/watch?v=u_QTuWj107o,7:42,Beginner,8.9,9.173,8.783
Simplifying Fractions,Simplifying Fractions,https://www.youtube.com/watch?v=AtBUQH8Tkqc&t=67s,8:30,Beginner,9.0,9.422,8.829
Ordering Fractions,Fraction Ordering,https://youtu.be/76s8ZzK87rA?si=F0Z4GtJkicWyq5_A,14:40,Intermediate,7.9,9.27,7.759
Multiplication,Understanding Multiplication,https://youtu.be/_PyA3CJ-V98?si=mTi02JfyOo0ydPLR,13:18,Intermediate,8.8,9.514,8.524
Subtraction,Introduction to Subtraction,https://youtu.be/r3qKojj4g4g?si=-XA75LAElZS8jQOy,10:42,Advanced,8.6,7.361,7.586
Ordering Fractions,Fraction Ordering,https://youtu.be/76s8ZzK87rA?si=F0Z4GtJkicWyq5_A,14:40,Intermediate,7.9,9.984,8.217
Division,Basic Division,https://youtu.be/KGMf314LUc0?si=jxaKi8tja1iw8LUl,9:57,Beginner,8.4,8.383,8.236
Simplifying Fractions,Reducing Fractions to Simplest Form,https://youtu.be/gVls1-gjIn0?si=vXNqJqUYBvTrC8xT,11:19,Advanced,8.5,9.685,8.454
Fractions to Decimals,Converting Fractions to Decimals,https://youtu.be/UtHGpx_yp4U?si=tVG8XzrdqWBZp_hs,7:54,Intermediate,8.7,9.821,8.555
Addition,Multi-Digit Addition,https://youtu.be/mAvuom42NyY?si=3Om627A44-sGimLU,6:28,Beginner,8.5,9.728,8.834
Simplifying Fractions,How to Simplify Fractions,https://youtu.be/R-FXE3g8GpU?si=TcmelTK3iD3Nzco1,16:06,Intermediate,8.7,8.367,7.945
Ordering Fractions,Learn Ordering Fractions,https://youtu.be/QECYScPz4sA?si=qJW4l4BvbXma1lOP,10:15,Intermediate,8.5,8.511,8.024
Simplifying Fractions,How to Simplify Fractions,https://youtu.be/R-FXE3g8GpU?si=TcmelTK3iD3Nzco1,16:06,Intermediate,8.7,8.527,8.135
Addition,Multi-Digit Addition,https://youtu.be/mAvuom42NyY?si=3Om627A44-sGimLU,6:28,Beginner,8.5,8.618,8.488
Addition,Multi-Digit Addition,https://youtu.be/mAvuom42NyY?si=3Om627A44-sGimLU,6:28,Beginner,8.5,9.407,8.547
Subtraction,Multi-Digit Subtraction,https://youtu.be/Y6M89-6106I?si=6dT-roRnqAH6OHdl,6:56,Beginner,8.3,7.641,7.636
Addition,Decimal Arithmetic,https://www.youtube.com/watch?v=kwh4SD1ToFc,12:14,Intermediate,9.0,9.789,8.731
Simplifying Fractions,Reducing Fractions to Simplest Form,https://youtu.be/gVls1-gjIn0?si=vXNqJqUYBvTrC8xT,11:19,Advanced,8.5,9.835,8.529
Subtraction,Multi-Digit Subtraction,https://youtu.be/Y6M89-6106I?si=6dT-roRnqAH6OHdl,6:56,Beginner,8.3,8.981,8.571
Division,Basic Division,https://youtu.be/KGMf314LUc0?si=jxaKi8tja1iw8LUl,9:57,Beginner,8.4,9.547,8.478
Division,Long Division with 2-Digit Divisors,https://youtu.be/HdU_rf7eMTI?si=Pr40TqBRgGXrpLxG,13:04,Intermediate,8.6,8.736,8.123
Fractions to Decimals,Converting Fractions to Decimals,https://youtu.be/UtHGpx_yp4U?si=tVG8XzrdqWBZp_hs,7:54,Intermediate,8.7,9.692,8.735
Fractions to Decimals,Introduction to Fractions to Decimals,https://youtu.be/pDs4a4ijqh0?si=ktPINIYpIFYNILOV,8:00,Intermediate,8.0,8.109,7.709
Comparing Fractions,Comparing Fractions with different Denominators,https://youtu.be/d6fCqzuWjbo?si=eVQb7MoRlFCtsvGj,10:11,Intermediate,8.6,9.158,8.329
Division,Long Division for Grade 7,https://www.youtube.com/watch?v=J15nbHRpSiQ,19:57,Beginner,9.0,8.006,7.876
Multiplication,Box Method Multiplication,https://youtu.be/n3q3XzzIGSY?si=goczDT3wCWGEkSvm,7:19,Intermediate,8.0,9.523,8.345
Addition,Multi-Digit Addition,https://youtu.be/mAvuom42NyY?si=3Om627A44-sGimLU,6:28,Beginner,8.5,7.076,7.917
Multiplication,Multi-Digit Multiplication,https://youtu.be/dNSrfoYLQZU?si=fjPUGvSBAA5fmj_V,5:02,Advanced,8.3,7.31,7.706
Division,Long Division with 2-Digit Divisors,https://youtu.be/HdU_rf7eMTI?si=Pr40TqBRgGXrpLxG,13:04,Intermediate,8.6,7.019,7.549
Fractions to Decimals,Mastering Fractions to Decimals,https://youtu.be/Mpv7AzOUOqg?si=dMjxnFwXU98D4MpH,9:06,Advanced,8.5,8.551,8.176
Subtraction,Subtracting Large Numbers,https://youtu.be/HlxqCdDrbdc?si=1RAFlZfZuuD3LnjX,5:04,Intermediate,8.0,7.156,7.599
Addition,Multi-Digit Addition,https://youtu.be/mAvuom42NyY?si=3Om627A44-sGimLU,6:28,Beginner,8.5,8.823,8.315
Ordering Fractions,How to Order Fractions,https://www.youtube.com/watch?v=i2PfHDs88YE,6:33,Beginner,8.8,7.212,7.999
Multiplication,Understanding Multiplication,https://youtu.be/_PyA3CJ-V98?si=mTi02JfyOo0ydPLR,13:18,Intermediate,8.8,9.587,8.562
Multiplication,Long Multiplication for Grade 7,https://www.youtube.com/watch?v=r85EMNbWMiE,21:00,Beginner,9.2,7.004,7.603
Fractions to Decimals,Converting Fractions to Decimals,https://youtu.be/UtHGpx_yp4U?si=tVG8XzrdqWBZp_hs,7:54,Intermediate,8.7,7.69,7.932
Fractions to Decimals,Converting Fractions to Decimals,https://youtu.be/UtHGpx_yp4U?si=tVG8XzrdqWBZp_hs,7:54,Intermediate,8.7,8.548,8.202
Comparing Fractions,Comparing Fractions with different Denominators,https://youtu.be/d6fCqzuWjbo?si=eVQb7MoRlFCtsvGj,10:11,Intermediate,8.6,7.929,7.887
Subtraction,Introduction to Subtraction,https://youtu.be/r3qKojj4g4g?si=-XA75LAElZS8jQOy,10:42,Advanced,8.6,9.87,8.528
Fractions to Decimals,Converting Fractions to Decimals,https://youtu.be/UtHGpx_yp4U?si=tVG8XzrdqWBZp_hs,7:54,Intermediate,8.7,9.468,8.499
Fractions to Decimals,Converting Fractions to Decimals,https://youtu.be/UtHGpx_yp4U?si=tVG8XzrdqWBZp_hs,7:54,Intermediate,8.7,7.581,8.137
Fractions to Decimals,Converting Fractions to Decimals,https://youtu.be/UtHGpx_yp4U?si=tVG8XzrdqWBZp_hs,7:54,Intermediate,8.7,7.31,7.977
Division,Basic Division,https://youtu.be/KGMf314LUc0?si=jxaKi8tja1iw8LUl,9:57,Beginner,8.4,7.746,7.894
Addition,Adding Large Numbers,https://youtu.be/T9asFgfN5bg?si=CI2z3n21hND5aFvQ,5:03,Intermediate,7.8,7.739,7.728
Division,Division Basics for Beginners,https://youtu.be/InIKW_tfhs4?si=i3EqqM2A_6JHTQYh,3:44,Intermediate,7.8,8.185,7.803
Simplifying Fractions,Simplifying Fractions,https://www.youtube.com/watch?v=AtBUQH8Tkqc&t=67s,8:30,Beginner,9.0,8.539,8.384
Subtraction,Subtracting Large Numbers,https://youtu.be/HlxqCdDrbdc?si=1RAFlZfZuuD3LnjX,5:04,Intermediate,8.0,9.007,8.203
Comparing Fractions,Comparing Fractions with different Denominators,https://youtu.be/d6fCqzuWjbo?si=eVQb7MoRlFCtsvGj,10:11,Intermediate,8.6,8.768,8.316
Division,Division Basics for Beginners,https://youtu.be/InIKW_tfhs4?si=i3EqqM2A_6JHTQYh,3:44,Intermediate,7.8,9.415,8.209
Simplifying Fractions,Learn Fraction Simplification,https://youtu.be/IuB8yTJ0-hk?si=8-bnaKA-irwAua1m,6:20,Intermediate,8.0,8.671,8.176
Multiplication,Master Long Multiplication,https://youtu.be/GKetIwxaenA?si=9tvgkeqmmfUZ80xX,6:25,Beginner,8.5,8.354,8.127
Fractions to Decimals,Converting Fractions to Decimals,https://youtu.be/UtHGpx_yp4U?si=tVG8XzrdqWBZp_hs,7:54,Intermediate,8.7,7.063,7.721
Division,Basic Division,https://youtu.be/KGMf314LUc0?si=jxaKi8tja1iw8LUl,9:57,Beginner,8.4,9.227,8.361
Multiplication,Understanding Multiplication,https://youtu.be/_PyA3CJ-V98?si=mTi02JfyOo0ydPLR,13:18,Intermediate,8.8,9.512,8.413
Subtraction,Introduction to Subtraction,https://youtu.be/r3qKojj4g4g?si=-XA75LAElZS8jQOy,10:42,Advanced,8.6,7.74,7.618
Comparing Fractions,Comparing Fractions with different Denominators,https://youtu.be/d6fCqzuWjbo?si=eVQb7MoRlFCtsvGj,10:11,Intermediate,8.6,8.596,8.209
Ordering Fractions,How to Order Fractions,https://www.youtube.com/watch?v=i2PfHDs88YE,6:33,Beginner,8.8,9.008,8.657
Simplifying Fractions,Simplifying Fractions,https://www.youtube.com/watch?v=AtBUQH8Tkqc&t=67s,8:30,Beginner,9.0,7.959,8.277
Ordering Fractions,Fraction Ordering,https://youtu.be/76s8ZzK87rA?si=F0Z4GtJkicWyq5_A,14:40,Intermediate,7.9,8.986,7.945
Comparing Fractions,Introduction to Comparing Fractions,https://www.youtube.com/watch?v=KNdUJQ_qd4U,6:30,Beginner,8.3,9.484,8.501
Addition,Decimal Arithmetic,https://www.youtube.com/watch?v=kwh4SD1ToFc,12:14,Intermediate,9.0,7.727,7.971
Comparing Fractions,Introduction to Comparing Fractions,https://www.youtube.com/watch?v=KNdUJQ_qd4U,6:30,Beginner,8.3,7.737,7.881
Fractions to Decimals,Introduction to Fractions to Decimals,https://youtu.be/pDs4a4ijqh0?si=ktPINIYpIFYNILOV,8:00,Intermediate,8.0,9.965,8.546
Division,Division Basics for Beginners,https://youtu.be/InIKW_tfhs4?si=i3EqqM2A_6JHTQYh,3:44,Intermediate,7.8,8.945,8.093
Fractions to Decimals,Convert any Fraction to a Decimal,https://youtu.be/do_IbHId2Os?si=WyTbHiTgY6AaEz_L,6:43,Beginner,8.4,7.254,7.982
Ordering Fractions,Mastering Fractions,https://youtu.be/XvjQcHbUNNw?si=Xyv5SPufpJclBZIf,8:00,Advanced,8.7,7.952,7.993
Multiplication,Master Long Multiplication,https://youtu.be/GKetIwxaenA?si=9tvgkeqmmfUZ80xX,6:25,Beginner,8.5,8.455,8.501
Multiplication,Understanding Multiplication,https://youtu.be/_PyA3CJ-V98?si=mTi02JfyOo0ydPLR,13:18,Intermediate,8.8,8.066,7.769
Subtraction,Smart Subtraction,https://youtu.be/3fYgZgbOJmM?si=0Xq66JMU0XrVlOsn,13:38,Intermediate,7.9,8.369,7.667
Comparing Fractions,Comparing Like Fractions,https://youtu.be/H3N5To5fO5U?si=Y3IFqQaqTK2GalSa,4:45,Intermediate,7.8,9.095,8.286
Ordering Fractions,Mastering Fractions,https://youtu.be/XvjQcHbUNNw?si=Xyv5SPufpJclBZIf,8:00,Advanced,8.7,7.25,7.874
Fractions to Decimals,Introduction to Fractions to Decimals,https://youtu.be/pDs4a4ijqh0?si=ktPINIYpIFYNILOV,8:00,Intermediate,8.0,7.381,7.408
Multiplication,Master Long Multiplication,https://youtu.be/GKetIwxaenA?si=9tvgkeqmmfUZ80xX,6:25,Beginner,8.5,8.001,8.246
Subtraction,Introduction to Subtraction,https://youtu.be/r3qKojj4g4g?si=-XA75LAElZS8jQOy,10:42,Advanced,8.6,8.554,7.873
Fractions to Decimals,How to Convert Fractions to Decimals,https://www.youtube.com/watch?v=guBVW5PiHLs&list=PPSV,8:29,Beginner,9.1,7.824,8.322
Division,Long Division with 2-Digit Divisors,https://youtu.be/HdU_rf7eMTI?si=Pr40TqBRgGXrpLxG,13:04,Intermediate,8.6,8.75,8.27
Comparing Fractions,Comparing Fractions,https://www.youtube.com/watch?v=u_QTuWj107o,7:42,Beginner,8.9,9.842,8.832
Subtraction,Introduction to Subtraction,https://youtu.be/r3qKojj4g4g?si=-XA75LAElZS8jQOy,10:42,Advanced,8.6,7.627,7.601
Comparing Fractions,Introduction to Comparing Fractions,https://www.youtube.com/watch?v=KNdUJQ_qd4U,6:30,Beginner,8.3,7.493,7.819
Simplifying Fractions,Introduction to Simplifying Fractions,https://youtu.be/k73w_yZb9SM?si=sIcPAuwAjD24B_pV,7:30,Beginner,8.4,9.919,8.66
Addition,Adding Large Numbers,https://youtu.be/T9asFgfN5bg?si=CI2z3n21hND5aFvQ,5:03,Intermediate,7.8,8.656,7.868
Fractions to Decimals,Converting Fractions to Decimals,https://youtu.be/UtHGpx_yp4U?si=tVG8XzrdqWBZp_hs,7:54,Intermediate,8.7,8.182,8.367
Addition,Multi-Digit Addition,https://youtu.be/mAvuom42NyY?si=3Om627A44-sGimLU,6:28,Beginner,8.5,8.124,8.207
Subtraction,Subtracting Large Numbers,https://youtu.be/HlxqCdDrbdc?si=1RAFlZfZuuD3LnjX,5:04,Intermediate,8.0,9.952,8.547
Multiplication,Box Method Multiplication,https://youtu.be/n3q3XzzIGSY?si=goczDT3wCWGEkSvm,7:19,Intermediate,8.0,7.126,7.609
Addition,Adding Large Numbers,https://youtu.be/T9asFgfN5bg?si=CI2z3n21hND5aFvQ,5:03,Intermediate,7.8,7.248,7.459
Multiplication,Long Multiplication for Grade 7,https://www.youtube.com/watch?v=r85EMNbWMiE,21:00,Beginner,9.2,9.022,8.379
Subtraction,Subtracting Whole Numbers,https://www.youtube.com/watch?v=z4bTlVxU9C0,8:40,Beginner,8.7,8.824,8.497
Division,Long Division for Grade 7,https://www.youtube.com/watch?v=J15nbHRpSiQ,19:57,Beginner,9.0,7.294,7.698
Simplifying Fractions,Introduction to Simplifying Fractions,https://youtu.be/k73w_yZb9SM?si=sIcPAuwAjD24B_pV,7:30,Beginner,8.4,9.124,8.315
Fractions to Decimals,Convert any Fraction to a Decimal,https://youtu.be/do_IbHId2Os?si=WyTbHiTgY6AaEz_L,6:43,Beginner,8.4,8.586,8.291
Division,Long Division with 2-Digit Divisors,https://youtu.be/HdU_rf7eMTI?si=Pr40TqBRgGXrpLxG,13:04,Intermediate,8.6,8.994,8.159
Simplifying Fractions,How to Simplify Fractions,https://youtu.be/R-FXE3g8GpU?si=TcmelTK3iD3Nzco1,16:06,Intermediate,8.7,9.835,8.533
Comparing Fractions,Comparing Fractions with different Denominators,https://youtu.be/d6fCqzuWjbo?si=eVQb7MoRlFCtsvGj,10:11,Intermediate,8.6,8.428,8.28
Ordering Fractions,How to Order Fractions,https://www.youtube.com/watch?v=i2PfHDs88YE,6:33,Beginner,8.8,7.494,7.953
Division,Smart Long Division,https://youtu.be/HJYHNxS64f0?si=PJiPytkuwiCJhiuV,14:40,Advanced,8.9,7.437,7.664
Comparing Fractions,Comparing Fractions with different Denominators,https://youtu.be/d6fCqzuWjbo?si=eVQb7MoRlFCtsvGj,10:11,Intermediate,8.6,7.982,7.962
Division,Long Division for Grade 7,https://www.youtube.com/watch?v=J15nbHRpSiQ,19:57,Beginner,9.0,8.326,8.083
Comparing Fractions,Comparing Like Fractions,https://youtu.be/H3N5To5fO5U?si=Y3IFqQaqTK2GalSa,4:45,Intermediate,7.8,8.029,7.667
Simplifying Fractions,Learn Fraction Simplification,https://youtu.be/IuB8yTJ0-hk?si=8-bnaKA-irwAua1m,6:20,Intermediate,8.0,9.096,8.266
Ordering Fractions,Introduction to Ordering Fractions,https://youtu.be/rL18ZMgCeKU?si=nixffH9YSe3hdGgm,12:04,Beginner,8.2,7.628,7.679
Addition,Adding Three Decimals,https://youtu.be/sQ1W919fgq8?si=V7TgnmmWgHYc_A5P,4:55,Beginner,8.2,7.309,7.843
Multiplication,Master Long Multiplication,https://youtu.be/GKetIwxaenA?si=9tvgkeqmmfUZ80xX,6:25,Beginner,8.5,7.353,7.835
Simplifying Fractions,Introduction to Simplifying Fractions,https://youtu.be/k73w_yZb9SM?si=sIcPAuwAjD24B_pV,7:30,Beginner,8.4,9.922,8.599
Subtraction,Introduction to Subtraction,https://youtu.be/r3qKojj4g4g?si=-XA75LAElZS8jQOy,10:42,Advanced,8.6,9.541,8.332
Division,Smart Long Division,https://youtu.be/HJYHNxS64f0?si=PJiPytkuwiCJhiuV,14:40,Advanced,8.9,7.931,7.879
Multiplication,Box Method Multiplication,https://youtu.be/n3q3XzzIGSY?si=goczDT3wCWGEkSvm,7:19,Intermediate,8.0,7.349,7.595
Ordering Fractions,Introduction to Ordering Fractions,https://youtu.be/rL18ZMgCeKU?si=nixffH9YSe3hdGgm,12:04,Beginner,8.2,8.739,8.075
Ordering Fractions,Mastering Fractions,https://youtu.be/XvjQcHbUNNw?si=Xyv5SPufpJclBZIf,8:00,Advanced,8.7,8.461,7.927
Ordering Fractions,Introduction to Ordering Fractions,https://youtu.be/rL18ZMgCeKU?si=nixffH9YSe3hdGgm,12:04,Beginner,8.2,9.407,8.317
Comparing Fractions,Comparing Like Fractions,https://youtu.be/H3N5To5fO5U?si=Y3IFqQaqTK2GalSa,4:45,Intermediate,7.8,7.481,7.51
Ordering Fractions,Learn Ordering Fractions,https://youtu.be/QECYScPz4sA?si=qJW4l4BvbXma1lOP,10:15,Intermediate,8.5,7.191,7.453
Division,Long Division with 2-Digit Divisors,https://youtu.be/HdU_rf7eMTI?si=Pr40TqBRgGXrpLxG,13:04,Intermediate,8.6,9.129,8.297
Subtraction,Introduction to Subtraction,https://youtu.be/r3qKojj4g4g?si=-XA75LAElZS8jQOy,10:42,Advanced,8.6,8.301,7.8
Multiplication,Master Long Multiplication,https://youtu.be/GKetIwxaenA?si=9tvgkeqmmfUZ80xX,6:25,Beginner,8.5,7.316,7.773
Addition,Decimal Arithmetic,https://www.youtube.com/watch?v=kwh4SD1ToFc,12:14,Intermediate,9.0,9.451,8.495
Division,Division Basics for Beginners,https://youtu.be/InIKW_tfhs4?si=i3EqqM2A_6JHTQYh,3:44,Intermediate,7.8,7.118,7.599
Division,Long Division with 2-Digit Divisors,https://youtu.be/HdU_rf7eMTI?si=Pr40TqBRgGXrpLxG,13:04,Intermediate,8.6,9.633,8.291
Comparing Fractions,Mastering Comparing Fractions,https://youtu.be/PEqV48jMeXw?si=55QJueBjYIoAgbk0,11:09,Advanced,8.7,8.395,7.789
Multiplication,Long Multiplication for Grade 7,https://www.youtube.com/watch?v=r85EMNbWMiE,21:00,Beginner,9.2,8.385,8.167
Ordering Fractions,How to Order Fractions,https://www.youtube.com/watch?v=i2PfHDs88YE,6:33,Beginner,8.8,7.433,7.981
Addition,Adding Three Decimals,https://youtu.be/sQ1W919fgq8?si=V7TgnmmWgHYc_A5P,4:55,Beginner,8.2,7.112,7.638
Division,Basic Division,https://youtu.be/KGMf314LUc0?si=jxaKi8tja1iw8LUl,9:57,Beginner,8.4,7.415,7.811
Division,Long Division for Grade 7,https://www.youtube.com/watch?v=J15nbHRpSiQ,19:57,Beginner,9.0,7.013,7.61
Addition,Add Numbers Faster,https://youtu.be/-x2yAOt_XFY?si=9WXX46kdbQDVhgO8,4:48,Advanced,8.8,7.236,7.752
Subtraction,Introduction to Subtraction,https://youtu.be/r3qKojj4g4g?si=-XA75LAElZS8jQOy,10:42,Advanced,8.6,9.283,8.365
Fractions to Decimals,Introduction to Fractions to Decimals,https://youtu.be/pDs4a4ijqh0?si=ktPINIYpIFYNILOV,8:00,Intermediate,8.0,8.443,7.997
Division,Division Basics for Beginners,https://youtu.be/InIKW_tfhs4?si=i3EqqM2A_6JHTQYh,3:44,Intermediate,7.8,7.771,7.699
Multiplication,Long Multiplication for Grade 7,https://www.youtube.com/watch?v=r85EMNbWMiE,21:00,Beginner,9.2,9.517,8.644
Division,Smart Long Division,https://youtu.be/HJYHNxS64f0?si=PJiPytkuwiCJhiuV,14:40,Advanced,8.9,9.947,8.63
Addition,Adding Large Numbers,https://youtu.be/T9asFgfN5bg?si=CI2z3n21hND5aFvQ,5:03,Intermediate,7.8,7.141,7.409
Simplifying Fractions,Reducing Fractions to Simplest Form,https://youtu.be/gVls1-gjIn0?si=vXNqJqUYBvTrC8xT,11:19,Advanced,8.5,7.153,7.613
Subtraction,Smart Subtraction,https://youtu.be/3fYgZgbOJmM?si=0Xq66JMU0XrVlOsn,13:38,Intermediate,7.9,8.911,7.944
Addition,Decimal Arithmetic,https://www.youtube.com/watch?v=kwh4SD1ToFc,12:14,Intermediate,9.0,7.517,7.875
Addition,Decimal Arithmetic,https://www.youtube.com/watch?v=kwh4SD1ToFc,12:14,Intermediate,9.0,7.757,7.946
Division,Long Division with 2-Digit Divisors,https://youtu.be/HdU_rf7eMTI?si=Pr40TqBRgGXrpLxG,13:04,Intermediate,8.6,9.673,8.561
Addition,Adding Large Numbers,https://youtu.be/T9asFgfN5bg?si=CI2z3n21hND5aFvQ,5:03,Intermediate,7.8,9.4,8.274
Fractions to Decimals,Convert any Fraction to a Decimal,https://youtu.be/do_IbHId2Os?si=WyTbHiTgY6AaEz_L,6:43,Beginner,8.4,9.162,8.462
Comparing Fractions,Comparing Fractions with different Denominators,https://youtu.be/d6fCqzuWjbo?si=eVQb7MoRlFCtsvGj,10:11,Intermediate,8.6,7.134,7.46
Division,Division Basics for Beginners,https://youtu.be/InIKW_tfhs4?si=i3EqqM2A_6JHTQYh,3:44,Intermediate,7.8,9.871,8.454
Ordering Fractions,How to Order Fractions,https://www.youtube.com/watch?v=i2PfHDs88YE,6:33,Beginner,8.8,9.196,8.685
Comparing Fractions,Mastering Comparing Fractions,https://youtu.be/PEqV48jMeXw?si=55QJueBjYIoAgbk0,11:09,Advanced,8.7,9.547,8.358
Fractions to Decimals,Introduction to Fractions to Decimals,https://youtu.be/pDs4a4ijqh0?si=ktPINIYpIFYNILOV,8:00,Intermediate,8.0,7.573,7.656
Multiplication,Multi-Digit Multiplication,https://youtu.be/dNSrfoYLQZU?si=fjPUGvSBAA5fmj_V,5:02,Advanced,8.3,8.07,7.789
Simplifying Fractions,Simplifying Fractions,https://www.youtube.com/watch?v=AtBUQH8Tkqc&t=67s,8:30,Beginner,9.0,8.907,8.688
Multiplication,Understanding Multiplication,https://youtu.be/_PyA3CJ-V98?si=mTi02JfyOo0ydPLR,13:18,Intermediate,8.8,7.303,7.69
Division,Basic Division,https://youtu.be/KGMf314LUc0?si=jxaKi8tja1iw8LUl,9:57,Beginner,8.4,8.124,8.172
Multiplication,Master Long Multiplication,https://youtu.be/GKetIwxaenA?si=9tvgkeqmmfUZ80xX,6:25,Beginner,8.5,9.082,8.541
Subtraction,Subtracting Whole Numbers,https://www.youtube.com/watch?v=z4bTlVxU9C0,8:40,Beginner,8.7,8.617,8.392
Division,Smart Long Division,https://youtu.be/HJYHNxS64f0?si=PJiPytkuwiCJhiuV,14:40,Advanced,8.9,7.385,7.707
Ordering Fractions,How to Order Fractions,https://www.youtube.com/watch?v=i2PfHDs88YE,6:33,Beginner,8.8,7.96,8.243
Addition,Adding Three Decimals,https://youtu.be/sQ1W919fgq8?si=V7TgnmmWgHYc_A5P,4:55,Beginner,8.2,9.386,8.589
Simplifying Fractions,Reducing Fractions to Simplest Form,https://youtu.be/gVls1-gjIn0?si=vXNqJqUYBvTrC8xT,11:19,Advanced,8.5,8.806,8.05
Multiplication,Long Multiplication for Grade 7,https://www.youtube.com/watch?v=r85EMNbWMiE,21:00,Beginner,9.2,7.796,7.969
Addition,Adding Large Numbers,https://youtu.be/T9asFgfN5bg?si=CI2z3n21hND5aFvQ,5:03,Intermediate,7.8,7.154,7.537
Comparing Fractions,Comparing Fractions with different Denominators,https://youtu.be/d6fCqzuWjbo?si=eVQb7MoRlFCtsvGj,10:11,Intermediate,8.6,7.127,7.696
Ordering Fractions,How to Order Fractions,https://www.youtube.com/watch?v=i2PfHDs88YE,6:33,Beginner,8.8,7.709,8.243
Multiplication,Multi-Digit Multiplication,https://youtu.be/dNSrfoYLQZU?si=fjPUGvSBAA5fmj_V,5:02,Advanced,8.3,7.605,7.584
Subtraction,Subtracting Large Numbers,https://youtu.be/HlxqCdDrbdc?si=1RAFlZfZuuD3LnjX,5:04,Intermediate,8.0,9.639,8.632
Multiplication,Multi-Digit Multiplication,https://youtu.be/dNSrfoYLQZU?si=fjPUGvSBAA5fmj_V,5:02,Advanced,8.3,8.809,8.178
Simplifying Fractions,Learn Fraction Simplification,https://youtu.be/IuB8yTJ0-hk?si=8-bnaKA-irwAua1m,6:20,Intermediate,8.0,7.046,7.394
Subtraction,Subtracting Whole Numbers,https://www.youtube.com/watch?v=z4bTlVxU9C0,8:40,Beginner,8.7,9.085,8.538
Division,Smart Long Division,https://youtu.be/HJYHNxS64f0?si=PJiPytkuwiCJhiuV,14:40,Advanced,8.9,7.342,7.656
Comparing Fractions,Comparing Fractions,https://www.youtube.com/watch?v=u_QTuWj107o,7:42,Beginner,8.9,7.371,8.066
Division,Long Division for Grade 7,https://www.youtube.com/watch?v=J15nbHRpSiQ,19:57,Beginner,9.0,7.213,7.691
Multiplication,Multi-Digit Multiplication,https://youtu.be/dNSrfoYLQZU?si=fjPUGvSBAA5fmj_V,5:02,Advanced,8.3,8.693,8.114
Division,Long Division with 2-Digit Divisors,https://youtu.be/HdU_rf7eMTI?si=Pr40TqBRgGXrpLxG,13:04,Intermediate,8.6,8.984,8.232
Ordering Fractions,Introduction to Ordering Fractions,https://youtu.be/rL18ZMgCeKU?si=nixffH9YSe3hdGgm,12:04,Beginner,8.2,9.527,8.337
Ordering Fractions,How to Order Fractions,https://www.youtube.com/watch?v=i2PfHDs88YE,6:33,Beginner,8.8,7.844,8.155
Addition,Adding Large Numbers,https://youtu.be/T9asFgfN5bg?si=CI2z3n21hND5aFvQ,5:03,Intermediate,7.8,7.891,7.453
Multiplication,Multi-Digit Multiplication,https://youtu.be/dNSrfoYLQZU?si=fjPUGvSBAA5fmj_V,5:02,Advanced,8.3,9.296,8.255
Comparing Fractions,Introduction to Comparing Fractions,https://www.youtube.com/watch?v=KNdUJQ_qd4U,6:30,Beginner,8.3,7.496,7.775
Division,Division Basics for Beginners,https://youtu.be/InIKW_tfhs4?si=i3EqqM2A_6JHTQYh,3:44,Intermediate,7.8,7.364,7.544
Division,Smart Long Division,https://youtu.be/HJYHNxS64f0?si=PJiPytkuwiCJhiuV,14:40,Advanced,8.9,7.4,7.634
Comparing Fractions,Introduction to Comparing Fractions,https://www.youtube.com/watch?v=KNdUJQ_qd4U,6:30,Beginner,8.3,9.538,8.588
Comparing Fractions,Mastering Comparing Fractions,https://youtu.be/PEqV48jMeXw?si=55QJueBjYIoAgbk0,11:09,Advanced,8.7,8.697,8.082
Simplifying Fractions,Learn Fraction Simplification,https://youtu.be/IuB8yTJ0-hk?si=8-bnaKA-irwAua1m,6:20,Intermediate,8.0,9.625,8.375
Fractions to Decimals,Mastering Fractions to Decimals,https://youtu.be/Mpv7AzOUOqg?si=dMjxnFwXU98D4MpH,9:06,Advanced,8.5,9.587,8.296
Comparing Fractions,Introduction to Comparing Fractions,https://www.youtube.com/watch?v=KNdUJQ_qd4U,6:30,Beginner,8.3,7.322,7.854
Simplifying Fractions,Learn Fraction Simplification,https://youtu.be/IuB8yTJ0-hk?si=8-bnaKA-irwAua1m,6:20,Intermediate,8.0,7.945,7.586
Fractions to Decimals,Introduction to Fractions to Decimals,https://youtu.be/pDs4a4ijqh0?si=ktPINIYpIFYNILOV,8:00,Intermediate,8.0,7.001,7.523
Comparing Fractions,Comparing Fractions with different Denominators,https://youtu.be/d6fCqzuWjbo?si=eVQb7MoRlFCtsvGj,10:11,Intermediate,8.6,9.432,8.55
Fractions to Decimals,Converting Fractions to Decimals,https://youtu.be/UtHGpx_yp4U?si=tVG8XzrdqWBZp_hs,7:54,Intermediate,8.7,7.887,7.921
Comparing Fractions,Comparing Fractions,https://www.youtube.com/watch?v=u_QTuWj107o,7:42,Beginner,8.9,7.756,8.335
Addition,Adding Large Numbers,https://youtu.be/T9asFgfN5bg?si=CI2z3n21hND5aFvQ,5:03,Intermediate,7.8,9.065,8.229
Simplifying Fractions,Simplifying Fractions,https://www.youtube.com/watch?v=AtBUQH8Tkqc&t=67s,8:30,Beginner,9.0,8.408,8.507
Division,Long Division with 2-Digit Divisors,https://youtu.be/HdU_rf7eMTI?si=Pr40TqBRgGXrpLxG,13:04,Intermediate,8.6,7.151,7.595
Multiplication,Long Multiplication for Grade 7,https://www.youtube.com/watch?v=r85EMNbWMiE,21:00,Beginner,9.2,8.214,8.177
Division,Long Division for Grade 7,https://www.youtube.com/watch?v=J15nbHRpSiQ,19:57,Beginner,9.0,9.935,8.65
Ordering Fractions,Learn Ordering Fractions,https://youtu.be/QECYScPz4sA?si=qJW4l4BvbXma1lOP,10:15,Intermediate,8.5,8.057,8.008
Subtraction,Introduction to Subtraction,https://youtu.be/r3qKojj4g4g?si=-XA75LAElZS8jQOy,10:42,Advanced,8.6,8.194,7.879
Fractions to Decimals,Introduction to Fractions to Decimals,https://youtu.be/pDs4a4ijqh0?si=ktPINIYpIFYNILOV,8:00,Intermediate,8.0,9.049,8.217
Multiplication,Master Long Multiplication,https://youtu.be/GKetIwxaenA?si=9tvgkeqmmfUZ80xX,6:25,Beginner,8.5,7.173,7.904
Fractions to Decimals,Mastering Fractions to Decimals,https://youtu.be/Mpv7AzOUOqg?si=dMjxnFwXU98D4MpH,9:06,Advanced,8.5,9.115,8.275
Division,Basic Division,https://youtu.be/KGMf314LUc0?si=jxaKi8tja1iw8LUl,9:57,Beginner,8.4,7.568,7.868
Addition,Multi-Digit Addition,https://youtu.be/mAvuom42NyY?si=3Om627A44-sGimLU,6:28,Beginner,8.5,8.56,8.401
Comparing Fractions,Mastering Comparing Fractions,https://youtu.be/PEqV48jMeXw?si=55QJueBjYIoAgbk0,11:09,Advanced,8.7,8.093,7.759
Ordering Fractions,Fraction Ordering,https://youtu.be/76s8ZzK87rA?si=F0Z4GtJkicWyq5_A,14:40,Intermediate,7.9,9.038,7.973
Multiplication,Long Multiplication for Grade 7,https://www.youtube.com/watch?v=r85EMNbWMiE,21:00,Beginner,9.2,9.198,8.364
Ordering Fractions,Fraction Ordering,https://youtu.be/76s8ZzK87rA?si=F0Z4GtJkicWyq5_A,14:40,Intermediate,7.9,9.269,7.9
Fractions to Decimals,How to Convert Fractions to Decimals,https://www.youtube.com/watch?v=guBVW5PiHLs&list=PPSV,8:29,Beginner,9.1,7.07,8.067
Fractions to Decimals,Introduction to Fractions to Decimals,https://youtu.be/pDs4a4ijqh0?si=ktPINIYpIFYNILOV,8:00,Intermediate,8.0,7.963,7.72
Fractions to Decimals,How to Convert Fractions to Decimals,https://www.youtube.com/watch?v=guBVW5PiHLs&list=PPSV,8:29,Beginner,9.1,8.986,8.61
Comparing Fractions,Mastering Comparing Fractions,https://youtu.be/PEqV48jMeXw?si=55QJueBjYIoAgbk0,11:09,Advanced,8.7,9.814,8.679
Fractions to Decimals,Convert any Fraction to a Decimal,https://youtu.be/do_IbHId2Os?si=WyTbHiTgY6AaEz_L,6:43,Beginner,8.4,7.025,7.796
Simplifying Fractions,Reducing Fractions to Simplest Form,https://youtu.be/gVls1-gjIn0?si=vXNqJqUYBvTrC8xT,11:19,Advanced,8.5,7.204,7.543
Fractions to Decimals,Mastering Fractions to Decimals,https://youtu.be/Mpv7AzOUOqg?si=dMjxnFwXU98D4MpH,9:06,Advanced,8.5,7.148,7.522
Multiplication,Box Method Multiplication,https://youtu.be/n3q3XzzIGSY?si=goczDT3wCWGEkSvm,7:19,Intermediate,8.0,8.64,8.02
Simplifying Fractions,Introduction to Simplifying Fractions,https://youtu.be/k73w_yZb9SM?si=sIcPAuwAjD24B_pV,7:30,Beginner,8.4,7.006,7.793
Addition,Multi-Digit Addition,https://youtu.be/mAvuom42NyY?si=3Om627A44-sGimLU,6:28,Beginner,8.5,7.596,7.735
Multiplication,Understanding Multiplication,https://youtu.be/_PyA3CJ-V98?si=mTi02JfyOo0ydPLR,13:18,Intermediate,8.8,9.395,8.38
Simplifying Fractions,Simplifying Fractions,https://www.youtube.com/watch?v=AtBUQH8Tkqc&t=67s,8:30,Beginner,9.0,7.504,8.244
Comparing Fractions,Comparing Fractions with different Denominators,https://youtu.be/d6fCqzuWjbo?si=eVQb7MoRlFCtsvGj,10:11,Intermediate,8.6,8.11,7.768
Multiplication,Long Multiplication for Grade 7,https://www.youtube.com/watch?v=r85EMNbWMiE,21:00,Beginner,9.2,9.359,8.519
Comparing Fractions,Comparing Like Fractions,https://youtu.be/H3N5To5fO5U?si=Y3IFqQaqTK2GalSa,4:45,Intermediate,7.8,8.514,8.095
Simplifying Fractions,Introduction to Simplifying Fractions,https://youtu.be/k73w_yZb9SM?si=sIcPAuwAjD24B_pV,7:30,Beginner,8.4,7.459,7.886
Fractions to Decimals,Mastering Fractions to Decimals,https://youtu.be/Mpv7AzOUOqg?si=dMjxnFwXU98D4MpH,9:06,Advanced,8.5,8.545,8.184
Division,Basic Division,https://youtu.be/KGMf314LUc0?si=jxaKi8tja1iw8LUl,9:57,Beginner,8.4,9.619,8.442
Division,Division Basics for Beginners,https://youtu.be/InIKW_tfhs4?si=i3EqqM2A_6JHTQYh,3:44,Intermediate,7.8,8.679,8.078
Addition,Adding Large Numbers,https://youtu.be/T9asFgfN5bg?si=CI2z3n21hND5aFvQ,5:03,Intermediate,7.8,8.872,8.019
Simplifying Fractions,Reducing Fractions to Simplest Form,https://youtu.be/gVls1-gjIn0?si=vXNqJqUYBvTrC8xT,11:19,Advanced,8.5,8.993,8.023
Subtraction,Smart Subtraction,https://youtu.be/3fYgZgbOJmM?si=0Xq66JMU0XrVlOsn,13:38,Intermediate,7.9,7.501,7.203
Ordering Fractions,Mastering Fractions,https://youtu.be/XvjQcHbUNNw?si=Xyv5SPufpJclBZIf,8:00,Advanced,8.7,9.508,8.568
Division,Division Basics for Beginners,https://youtu.be/InIKW_tfhs4?si=i3EqqM2A_6JHTQYh,3:44,Intermediate,7.8,8.291,7.821
Subtraction,Multi-Digit Subtraction,https://youtu.be/Y6M89-6106I?si=6dT-roRnqAH6OHdl,6:56,Beginner,8.3,7.364,7.763
Multiplication,Multi-Digit Multiplication,https://youtu.be/dNSrfoYLQZU?si=fjPUGvSBAA5fmj_V,5:02,Advanced,8.3,7.245,7.616
Ordering Fractions,How to Order Fractions,https://www.youtube.com/watch?v=i2PfHDs88YE,6:33,Beginner,8.8,9.287,8.727
Multiplication,Understanding Multiplication,https://youtu.be/_PyA3CJ-V98?si=mTi02JfyOo0ydPLR,13:18,Intermediate,8.8,9.589,8.452
Comparing Fractions,Comparing Fractions with different Denominators,https://youtu.be/d6fCqzuWjbo?si=eVQb7MoRlFCtsvGj,10:11,Intermediate,8.6,8.208,8.097
Subtraction,Multi-Digit Subtraction,https://youtu.be/Y6M89-6106I?si=6dT-roRnqAH6OHdl,6:56,Beginner,8.3,7.556,7.742
Multiplication,Understanding Multiplication,https://youtu.be/_PyA3CJ-V98?si=mTi02JfyOo0ydPLR,13:18,Intermediate,8.8,7.907,8.066
Simplifying Fractions,Introduction to Simplifying Fractions,https://youtu.be/k73w_yZb9SM?si=sIcPAuwAjD24B_pV,7:30,Beginner,8.4,9.513,8.5
Multiplication,Multi-Digit Multiplication,https://youtu.be/dNSrfoYLQZU?si=fjPUGvSBAA5fmj_V,5:02,Advanced,8.3,9.339,8.377
Comparing Fractions,Mastering Comparing Fractions,https://youtu.be/PEqV48jMeXw?si=55QJueBjYIoAgbk0,11:09,Advanced,8.7,7.357,7.673
Addition,Adding Large Numbers,https://youtu.be/T9asFgfN5bg?si=CI2z3n21hND5aFvQ,5:03,Intermediate,7.8,8.977,8.145
Ordering Fractions,Learn Ordering Fractions,https://youtu.be/QECYScPz4sA?si=qJW4l4BvbXma1lOP,10:15,Intermediate,8.5,8.515,8.008
Comparing Fractions,Mastering Comparing Fractions,https://youtu.be/PEqV48jMeXw?si=55QJueBjYIoAgbk0,11:09,Advanced,8.7,8.797,8.17
Simplifying Fractions,How to Simplify Fractions,https://youtu.be/R-FXE3g8GpU?si=TcmelTK3iD3Nzco1,16:06,Intermediate,8.7,7.862,7.973
Fractions to Decimals,Introduction to Fractions to Decimals,https://youtu.be/pDs4a4ijqh0?si=ktPINIYpIFYNILOV,8:00,Intermediate,8.0,7.75,7.755
Division,Long Division with 2-Digit Divisors,https://youtu.be/HdU_rf7eMTI?si=Pr40TqBRgGXrpLxG,13:04,Intermediate,8.6,7.998,7.861
Multiplication,Multi-Digit Multiplication,https://youtu.be/dNSrfoYLQZU?si=fjPUGvSBAA5fmj_V,5:02,Advanced,8.3,8.995,8.205
Ordering Fractions,Introduction to Ordering Fractions,https://youtu.be/rL18ZMgCeKU?si=nixffH9YSe3hdGgm,12:04,Beginner,8.2,7.307,7.583
Division,Smart Long Division,https://youtu.be/HJYHNxS64f0?si=PJiPytkuwiCJhiuV,14:40,Advanced,8.9,7.734,7.779
Division,Long Division with 2-Digit Divisors,https://youtu.be/HdU_rf7eMTI?si=Pr40TqBRgGXrpLxG,13:04,Intermediate,8.6,9.075,8.261
Subtraction,Multi-Digit Subtraction,https://youtu.be/Y6M89-6106I?si=6dT-roRnqAH6OHdl,6:56,Beginner,8.3,9.435,8.43
Fractions to Decimals,Mastering Fractions to Decimals,https://youtu.be/Mpv7AzOUOqg?si=dMjxnFwXU98D4MpH,9:06,Advanced,8.5,7.99,7.684
Fractions to Decimals,How to Convert Fractions to Decimals,https://www.youtube.com/watch?v=guBVW5PiHLs&list=PPSV,8:29,Beginner,9.1,8.092,8.573
Addition,Add Numbers Faster,https://youtu.be/-x2yAOt_XFY?si=9WXX46kdbQDVhgO8,4:48,Advanced,8.8,8.955,8.401
Subtraction,Introduction to Subtraction,https://youtu.be/r3qKojj4g4g?si=-XA75LAElZS8jQOy,10:42,Advanced,8.6,8.106,7.687
Subtraction,Introduction to Subtraction,https://youtu.be/r3qKojj4g4g?si=-XA75LAElZS8jQOy,10:42,Advanced,8.6,9.242,8.445
Comparing Fractions,Comparing Fractions,https://www.youtube.com/watch?v=u_QTuWj107o,7:42,Beginner,8.9,9.06,8.541
Comparing Fractions,Comparing Like Fractions,https://youtu.be/H3N5To5fO5U?si=Y3IFqQaqTK2GalSa,4:45,Intermediate,7.8,8.961,8.147
Addition,Multi-Digit Addition,https://youtu.be/mAvuom42NyY?si=3Om627A44-sGimLU,6:28,Beginner,8.5,9.818,8.742
Division,Long Division with 2-Digit Divisors,https://youtu.be/HdU_rf7eMTI?si=Pr40TqBRgGXrpLxG,13:04,Intermediate,8.6,9.996,8.456
Subtraction,Subtracting Whole Numbers,https://www.youtube.com/watch?v=z4bTlVxU9C0,8:40,Beginner,8.7,7.73,8.214
Subtraction,Subtracting Whole Numbers,https://www.youtube.com/watch?v=z4bTlVxU9C0,8:40,Beginner,8.7,9.854,8.835
Comparing Fractions,Introduction to Comparing Fractions,https://www.youtube.com/watch?v=KNdUJQ_qd4U,6:30,Beginner,8.3,9.159,8.412
Simplifying Fractions,Simplifying Fractions,https://www.youtube.com/watch?v=AtBUQH8Tkqc&t=67s,8:30,Beginner,9.0,8.034,8.364
Fractions to Decimals,Convert any Fraction to a Decimal,https://youtu.be/do_IbHId2Os?si=WyTbHiTgY6AaEz_L,6:43,Beginner,8.4,9.76,8.72
Subtraction,Subtracting Whole Numbers,https://www.youtube.com/watch?v=z4bTlVxU9C0,8:40,Beginner,8.7,7.504,7.994
Multiplication,Master Long Multiplication,https://youtu.be/GKetIwxaenA?si=9tvgkeqmmfUZ80xX,6:25,Beginner,8.5,9.648,8.696
Comparing Fractions,Comparing Like Fractions,https://youtu.be/H3N5To5fO5U?si=Y3IFqQaqTK2GalSa,4:45,Intermediate,7.8,7.224,7.358
Division,Smart Long Division,https://youtu.be/HJYHNxS64f0?si=PJiPytkuwiCJhiuV,14:40,Advanced,8.9,7.32,7.463
Fractions to Decimals,Converting Fractions to Decimals,https://youtu.be/UtHGpx_yp4U?si=tVG8XzrdqWBZp_hs,7:54,Intermediate,8.7,8.161,8.217
Subtraction,Multi-Digit Subtraction,https://youtu.be/Y6M89-6106I?si=6dT-roRnqAH6OHdl,6:56,Beginner,8.3,9.185,8.32
Subtraction,Multi-Digit Subtraction,https://youtu.be/Y6M89-6106I?si=6dT-roRnqAH6OHdl,6:56,Beginner,8.3,8.537,8.309
Multiplication,Box Method Multiplication,https://youtu.be/n3q3XzzIGSY?si=goczDT3wCWGEkSvm,7:19,Intermediate,8.0,8.302,7.865
Addition,Multi-Digit Addition,https://youtu.be/mAvuom42NyY?si=3Om627A44-sGimLU,6:28,Beginner,8.5,7.191,7.846
Simplifying Fractions,Learn Fraction Simplification,https://youtu.be/IuB8yTJ0-hk?si=8-bnaKA-irwAua1m,6:20,Intermediate,8.0,8.078,7.827
Ordering Fractions,Mastering Fractions,https://youtu.be/XvjQcHbUNNw?si=Xyv5SPufpJclBZIf,8:00,Advanced,8.7,8.981,8.351
Division,Smart Long Division,https://youtu.be/HJYHNxS64f0?si=PJiPytkuwiCJhiuV,14:40,Advanced,8.9,9.464,8.251
Ordering Fractions,Introduction to Ordering Fractions,https://youtu.be/rL18ZMgCeKU?si=nixffH9YSe3hdGgm,12:04,Beginner,8.2,8.257,8.002
Multiplication,Master Long Multiplication,https://youtu.be/GKetIwxaenA?si=9tvgkeqmmfUZ80xX,6:25,Beginner,8.5,8.163,8.301
Ordering Fractions,Fraction Ordering,https://youtu.be/76s8ZzK87rA?si=F0Z4GtJkicWyq5_A,14:40,Intermediate,7.9,8.067,7.445
Division,Division Basics for Beginners,https://youtu.be/InIKW_tfhs4?si=i3EqqM2A_6JHTQYh,3:44,Intermediate,7.8,9.12,8.1
Subtraction,Subtracting Whole Numbers,https://www.youtube.com/watch?v=z4bTlVxU9C0,8:40,Beginner,8.7,7.682,8.058
Simplifying Fractions,Learn Fraction Simplification,https://youtu.be/IuB8yTJ0-hk?si=8-bnaKA-irwAua1m,6:20,Intermediate,8.0,9.591,8.441
Division,Smart Long Division,https://youtu.be/HJYHNxS64f0?si=PJiPytkuwiCJhiuV,14:40,Advanced,8.9,8.378,8.043
Division,Division Basics for Beginners,https://youtu.be/InIKW_tfhs4?si=i3EqqM2A_6JHTQYh,3:44,Intermediate,7.8,7.966,7.759
Division,Long Division for Grade 7,https://www.youtube.com/watch?v=J15nbHRpSiQ,19:57,Beginner,9.0,9.623,8.745
Multiplication,Box Method Multiplication,https://youtu.be/n3q3XzzIGSY?si=goczDT3wCWGEkSvm,7:19,Intermediate,8.0,7.097,7.539
Simplifying Fractions,How to Simplify Fractions,https://youtu.be/R-FXE3g8GpU?si=TcmelTK3iD3Nzco1,16:06,Intermediate,8.7,7.033,7.465
Comparing Fractions,Mastering Comparing Fractions,https://youtu.be/PEqV48jMeXw?si=55QJueBjYIoAgbk0,11:09,Advanced,8.7,7.524,7.583
Fractions to Decimals,Converting Fractions to Decimals,https://youtu.be/UtHGpx_yp4U?si=tVG8XzrdqWBZp_hs,7:54,Intermediate,8.7,9.676,8.831
Subtraction,Smart Subtraction,https://youtu.be/3fYgZgbOJmM?si=0Xq66JMU0XrVlOsn,13:38,Intermediate,7.9,9.868,8.121
Fractions to Decimals,Convert any Fraction to a Decimal,https://youtu.be/do_IbHId2Os?si=WyTbHiTgY6AaEz_L,6:43,Beginner,8.4,8.517,8.525
Comparing Fractions,Comparing Fractions with different Denominators,https://youtu.be/d6fCqzuWjbo?si=eVQb7MoRlFCtsvGj,10:11,Intermediate,8.6,8.615,8.038
Simplifying Fractions,Simplifying Fractions,https://www.youtube.com/watch?v=AtBUQH8Tkqc&t=67s,8:30,Beginner,9.0,7.697,8.045
Comparing Fractions,Comparing Like Fractions,https://youtu.be/H3N5To5fO5U?si=Y3IFqQaqTK2GalSa,4:45,Intermediate,7.8,7.299,7.57
Addition,Decimal Arithmetic,https://www.youtube.com/watch?v=kwh4SD1ToFc,12:14,Intermediate,9.0,7.06,7.855
Subtraction,Introduction to Subtraction,https://youtu.be/r3qKojj4g4g?si=-XA75LAElZS8jQOy,10:42,Advanced,8.6,7.373,7.664
Comparing Fractions,Comparing Fractions with different Denominators,https://youtu.be/d6fCqzuWjbo?si=eVQb7MoRlFCtsvGj,10:11,Intermediate,8.6,7.228,7.857
Multiplication,Understanding Multiplication,https://youtu.be/_PyA3CJ-V98?si=mTi02JfyOo0ydPLR,13:18,Intermediate,8.8,7.634,7.872
Simplifying Fractions,How to Simplify Fractions,https://youtu.be/R-FXE3g8GpU?si=TcmelTK3iD3Nzco1,16:06,Intermediate,8.7,8.879,8.332
Addition,Add Numbers Faster,https://youtu.be/-x2yAOt_XFY?si=9WXX46kdbQDVhgO8,4:48,Advanced,8.8,7.352,7.807
Division,Long Division for Grade 7,https://www.youtube.com/watch?v=J15nbHRpSiQ,19:57,Beginner,9.0,8.517,8.169
Addition,Multi-Digit Addition,https://youtu.be/mAvuom42NyY?si=3Om627A44-sGimLU,6:28,Beginner,8.5,8.794,8.514
Multiplication,Master Long Multiplication,https://youtu.be/GKetIwxaenA?si=9tvgkeqmmfUZ80xX,6:25,Beginner,8.5,9.705,8.603
Fractions to Decimals,Mastering Fractions to Decimals,https://youtu.be/Mpv7AzOUOqg?si=dMjxnFwXU98D4MpH,9:06,Advanced,8.5,7.066,7.476
Simplifying Fractions,Simplifying Fractions,https://www.youtube.com/watch?v=AtBUQH8Tkqc&t=67s,8:30,Beginner,9.0,9.162,8.554
Ordering Fractions,Learn Ordering Fractions,https://youtu.be/QECYScPz4sA?si=qJW4l4BvbXma1lOP,10:15,Intermediate,8.5,7.987,8.009
Simplifying Fractions,Reducing Fractions to Simplest Form,https://youtu.be/gVls1-gjIn0?si=vXNqJqUYBvTrC8xT,11:19,Advanced,8.5,8.587,7.984
Multiplication,Multi-Digit Multiplication,https://youtu.be/dNSrfoYLQZU?si=fjPUGvSBAA5fmj_V,5:02,Advanced,8.3,8.818,8.042
Addition,Adding Three Decimals,https://youtu.be/sQ1W919fgq8?si=V7TgnmmWgHYc_A5P,4:55,Beginner,8.2,8.735,8.188
Addition,Adding Three Decimals,https://youtu.be/sQ1W919fgq8?si=V7TgnmmWgHYc_A5P,4:55,Beginner,8.2,8.976,8.377
Ordering Fractions,Fraction Ordering,https://youtu.be/76s8ZzK87rA?si=F0Z4GtJkicWyq5_A,14:40,Intermediate,7.9,9.576,8.075
Simplifying Fractions,Simplifying Fractions,https://www.youtube.com/watch?v=AtBUQH8Tkqc&t=67s,8:30,Beginner,9.0,9.547,8.874
Comparing Fractions,Comparing Like Fractions,https://youtu.be/H3N5To5fO5U?si=Y3IFqQaqTK2GalSa,4:45,Intermediate,7.8,8.22,7.62
Ordering Fractions,How to Order Fractions,https://www.youtube.com/watch?v=i2PfHDs88YE,6:33,Beginner,8.8,8.424,8.518
Multiplication,Multi-Digit Multiplication,https://youtu.be/dNSrfoYLQZU?si=fjPUGvSBAA5fmj_V,5:02,Advanced,8.3,7.88,7.817
Division,Basic Division,https://youtu.be/KGMf314LUc0?si=jxaKi8tja1iw8LUl,9:57,Beginner,8.4,9.762,8.562
Comparing Fractions,Introduction to Comparing Fractions,https://www.youtube.com/watch?v=KNdUJQ_qd4U,6:30,Beginner,8.3,7.349,7.887
Division,Long Division with 2-Digit Divisors,https://youtu.be/HdU_rf7eMTI?si=Pr40TqBRgGXrpLxG,13:04,Intermediate,8.6,7.387,7.708
Addition,Add Numbers Faster,https://youtu.be/-x2yAOt_XFY?si=9WXX46kdbQDVhgO8,4:48,Advanced,8.8,7.807,8.063
Ordering Fractions,Introduction to Ordering Fractions,https://youtu.be/rL18ZMgCeKU?si=nixffH9YSe3hdGgm,12:04,Beginner,8.2,8.537,8.197
Addition,Multi-Digit Addition,https://youtu.be/mAvuom42NyY?si=3Om627A44-sGimLU,6:28,Beginner,8.5,8.64,8.251
Subtraction,Subtracting Whole Numbers,https://www.youtube.com/watch?v=z4bTlVxU9C0,8:40,Beginner,8.7,8.233,8.36
Simplifying Fractions,Reducing Fractions to Simplest Form,https://youtu.be/gVls1-gjIn0?si=vXNqJqUYBvTrC8xT,11:19,Advanced,8.5,8.813,8.0
Fractions to Decimals,Convert any Fraction to a Decimal,https://youtu.be/do_IbHId2Os?si=WyTbHiTgY6AaEz_L,6:43,Beginner,8.4,8.192,8.285
Comparing Fractions,Comparing Fractions,https://www.youtube.com/watch?v=u_QTuWj107o,7:42,Beginner,8.9,7.589,8.112
Addition,Adding Three Decimals,https://youtu.be/sQ1W919fgq8?si=V7TgnmmWgHYc_A5P,4:55,Beginner,8.2,7.958,8.218
Multiplication,Understanding Multiplication,https://youtu.be/_PyA3CJ-V98?si=mTi02JfyOo0ydPLR,13:18,Intermediate,8.8,9.649,8.534
Addition,Adding Large Numbers,https://youtu.be/T9asFgfN5bg?si=CI2z3n21hND5aFvQ,5:03,Intermediate,7.8,7.544,7.518
Addition,Decimal Arithmetic,https://www.youtube.com/watch?v=kwh4SD1ToFc,12:14,Intermediate,9.0,9.398,8.507
Ordering Fractions,Mastering Fractions,https://youtu.be/XvjQcHbUNNw?si=Xyv5SPufpJclBZIf,8:00,Advanced,8.7,8.865,8.252
Multiplication,Master Long Multiplication,https://youtu.be/GKetIwxaenA?si=9tvgkeqmmfUZ80xX,6:25,Beginner,8.5,9.508,8.569
Addition,Decimal Arithmetic,https://www.youtube.com/watch?v=kwh4SD1ToFc,12:14,Intermediate,9.0,7.383,7.859
Fractions to Decimals,How to Convert Fractions to Decimals,https://www.youtube.com/watch?v=guBVW5PiHLs&list=PPSV,8:29,Beginner,9.1,9.892,8.89
Simplifying Fractions,Introduction to Simplifying Fractions,https://youtu.be/k73w_yZb9SM?si=sIcPAuwAjD24B_pV,7:30,Beginner,8.4,7.477,7.922
Subtraction,Smart Subtraction,https://youtu.be/3fYgZgbOJmM?si=0Xq66JMU0XrVlOsn,13:38,Intermediate,7.9,9.48,7.905
Addition,Adding Large Numbers,https://youtu.be/T9asFgfN5bg?si=CI2z3n21hND5aFvQ,5:03,Intermediate,7.8,7.039,7.475
Subtraction,Subtracting Whole Numbers,https://www.youtube.com/watch?v=z4bTlVxU9C0,8:40,Beginner,8.7,9.077,8.563
Comparing Fractions,Comparing Fractions,https://www.youtube.com/watch?v=u_QTuWj107o,7:42,Beginner,8.9,8.166,8.237
Subtraction,Subtracting Large Numbers,https://youtu.be/HlxqCdDrbdc?si=1RAFlZfZuuD3LnjX,5:04,Intermediate,8.0,8.493,8.039
Comparing Fractions,Comparing Fractions,https://www.youtube.com/watch?v=u_QTuWj107o,7:42,Beginner,8.9,8.296,8.312
Ordering Fractions,Fraction Ordering,https://youtu.be/76s8ZzK87rA?si=F0Z4GtJkicWyq5_A,14:40,Intermediate,7.9,7.048,7.173
Division,Long Division for Grade 7,https://www.youtube.com/watch?v=J15nbHRpSiQ,19:57,Beginner,9.0,8.815,8.143
Multiplication,Master Long Multiplication,https://youtu.be/GKetIwxaenA?si=9tvgkeqmmfUZ80xX,6:25,Beginner,8.5,8.126,8.212
Subtraction,Introduction to Subtraction,https://youtu.be/r3qKojj4g4g?si=-XA75LAElZS8jQOy,10:42,Advanced,8.6,8.633,8.074
Ordering Fractions,Learn Ordering Fractions,https://youtu.be/QECYScPz4sA?si=qJW4l4BvbXma1lOP,10:15,Intermediate,8.5,9.972,8.54
Division,Long Division for Grade 7,https://www.youtube.com/watch?v=J15nbHRpSiQ,19:57,Beginner,9.0,8.764,8.286
Simplifying Fractions,Learn Fraction Simplification,https://youtu.be/IuB8yTJ0-hk?si=8-bnaKA-irwAua1m,6:20,Intermediate,8.0,9.846,8.565
Simplifying Fractions,Introduction to Simplifying Fractions,https://youtu.be/k73w_yZb9SM?si=sIcPAuwAjD24B_pV,7:30,Beginner,8.4,7.971,8.088
Division,Long Division for Grade 7,https://www.youtube.com/watch?v=J15nbHRpSiQ,19:57,Beginner,9.0,7.381,7.763
Multiplication,Long Multiplication for Grade 7,https://www.youtube.com/watch?v=r85EMNbWMiE,21:00,Beginner,9.2,8.153,8.081
Ordering Fractions,Fraction Ordering,https://youtu.be/76s8ZzK87rA?si=F0Z4GtJkicWyq5_A,14:40,Intermediate,7.9,9.978,8.375
Simplifying Fractions,Introduction to Simplifying Fractions,https://youtu.be/k73w_yZb9SM?si=sIcPAuwAjD24B_pV,7:30,Beginner,8.4,9.142,8.508
Subtraction,Subtracting Whole Numbers,https://www.youtube.com/watch?v=z4bTlVxU9C0,8:40,Beginner,8.7,7.22,7.787
Simplifying Fractions,Introduction to Simplifying Fractions,https://youtu.be/k73w_yZb9SM?si=sIcPAuwAjD24B_pV,7:30,Beginner,8.4,7.587,7.874
Comparing Fractions,Comparing Fractions with different Denominators,https://youtu.be/d6fCqzuWjbo?si=eVQb7MoRlFCtsvGj,10:11,Intermediate,8.6,8.901,8.177
Ordering Fractions,Learn Ordering Fractions,https://youtu.be/QECYScPz4sA?si=qJW4l4BvbXma1lOP,10:15,Intermediate,8.5,7.787,7.788
Simplifying Fractions,Reducing Fractions to Simplest Form,https://youtu.be/gVls1-gjIn0?si=vXNqJqUYBvTrC8xT,11:19,Advanced,8.5,9.339,8.233
Comparing Fractions,Comparing Fractions,https://www.youtube.com/watch?v=u_QTuWj107o,7:42,Beginner,8.9,7.532,8.239
Ordering Fractions,Introduction to Ordering Fractions,https://youtu.be/rL18ZMgCeKU?si=nixffH9YSe3hdGgm,12:04,Beginner,8.2,9.91,8.369
Simplifying Fractions,How to Simplify Fractions,https://youtu.be/R-FXE3g8GpU?si=TcmelTK3iD3Nzco1,16:06,Intermediate,8.7,7.113,7.659
Addition,Decimal Arithmetic,https://www.youtube.com/watch?v=kwh4SD1ToFc,12:14,Intermediate,9.0,7.305,7.61
Simplifying Fractions,Simplifying Fractions,https://www.youtube.com/watch?v=AtBUQH8Tkqc&t=67s,8:30,Beginner,9.0,7.358,8.151
Simplifying Fractions,Reducing Fractions to Simplest Form,https://youtu.be/gVls1-gjIn0?si=vXNqJqUYBvTrC8xT,11:19,Advanced,8.5,9.639,8.363
Fractions to Decimals,Convert any Fraction to a Decimal,https://youtu.be/do_IbHId2Os?si=WyTbHiTgY6AaEz_L,6:43,Beginner,8.4,8.395,8.128
Fractions to Decimals,Introduction to Fractions to Decimals,https://youtu.be/pDs4a4ijqh0?si=ktPINIYpIFYNILOV,8:00,Intermediate,8.0,7.459,7.539
Comparing Fractions,Mastering Comparing Fractions,https://youtu.be/PEqV48jMeXw?si=55QJueBjYIoAgbk0,11:09,Advanced,8.7,8.551,8.095
Fractions to Decimals,Mastering Fractions to Decimals,https://youtu.be/Mpv7AzOUOqg?si=dMjxnFwXU98D4MpH,9:06,Advanced,8.5,7.926,7.877
Fractions to Decimals,Converting Fractions to Decimals,https://youtu.be/UtHGpx_yp4U?si=tVG8XzrdqWBZp_hs,7:54,Intermediate,8.7,9.518,8.671
Multiplication,Long Multiplication for Grade 7,https://www.youtube.com/watch?v=r85EMNbWMiE,21:00,Beginner,9.2,9.104,8.319
Simplifying Fractions,How to Simplify Fractions,https://youtu.be/R-FXE3g8GpU?si=TcmelTK3iD3Nzco1,16:06,Intermediate,8.7,8.665,7.971
Comparing Fractions,Introduction to Comparing Fractions,https://www.youtube.com/watch?v=KNdUJQ_qd4U,6:30,Beginner,8.3,8.576,8.321
Ordering Fractions,Introduction to Ordering Fractions,https://youtu.be/rL18ZMgCeKU?si=nixffH9YSe3hdGgm,12:04,Beginner,8.2,9.226,8.375
Multiplication,Understanding Multiplication,https://youtu.be/_PyA3CJ-V98?si=mTi02JfyOo0ydPLR,13:18,Intermediate,8.8,7.213,7.568
Comparing Fractions,Comparing Fractions with different Denominators,https://youtu.be/d6fCqzuWjbo?si=eVQb7MoRlFCtsvGj,10:11,Intermediate,8.6,7.746,7.75
Ordering Fractions,Learn Ordering Fractions,https://youtu.be/QECYScPz4sA?si=qJW4l4BvbXma1lOP,10:15,Intermediate,8.5,9.746,8.552
Division,Long Division for Grade 7,https://www.youtube.com/watch?v=J15nbHRpSiQ,19:57,Beginner,9.0,8.146,8.124
Comparing Fractions,Introduction to Comparing Fractions,https://www.youtube.com/watch?v=KNdUJQ_qd4U,6:30,Beginner,8.3,8.559,8.171
Ordering Fractions,Mastering Fractions,https://youtu.be/XvjQcHbUNNw?si=Xyv5SPufpJclBZIf,8:00,Advanced,8.7,7.625,7.718
Simplifying Fractions,Simplifying Fractions,https://www.youtube.com/watch?v=AtBUQH8Tkqc&t=67s,8:30,Beginner,9.0,7.608,8.127
Addition,Multi-Digit Addition,https://youtu.be/mAvuom42NyY?si=3Om627A44-sGimLU,6:28,Beginner,8.5,7.776,8.196
Division,Basic Division,https://youtu.be/KGMf314LUc0?si=jxaKi8tja1iw8LUl,9:57,Beginner,8.4,8.523,8.182
Ordering Fractions,How to Order Fractions,https://www.youtube.com/watch?v=i2PfHDs88YE,6:33,Beginner,8.8,9.989,9.081
Comparing Fractions,Comparing Fractions,https://www.youtube.com/watch?v=u_QTuWj107o,7:42,Beginner,8.9,8.363,8.407
Comparing Fractions,Comparing Fractions,https://www.youtube.com/watch?v=u_QTuWj107o,7:42,Beginner,8.9,7.528,8.266
Subtraction,Multi-Digit Subtraction,https://youtu.be/Y6M89-6106I?si=6dT-roRnqAH6OHdl,6:56,Beginner,8.3,8.984,8.193
Subtraction,Introduction to Subtraction,https://youtu.be/r3qKojj4g4g?si=-XA75LAElZS8jQOy,10:42,Advanced,8.6,7.051,7.425
Ordering Fractions,Fraction Ordering,https://youtu.be/76s8ZzK87rA?si=F0Z4GtJkicWyq5_A,14:40,Intermediate,7.9,7.714,7.301
Fractions to Decimals,How to Convert Fractions to Decimals,https://www.youtube.com/watch?v=guBVW5PiHLs&list=PPSV,8:29,Beginner,9.1,7.734,8.244
Ordering Fractions,Introduction to Ordering Fractions,https://youtu.be/rL18ZMgCeKU?si=nixffH9YSe3hdGgm,12:04,Beginner,8.2,7.341,7.584
Simplifying Fractions,Simplifying Fractions,https://www.youtube.com/watch?v=AtBUQH8Tkqc&t=67s,8:30,Beginner,9.0,8.767,8.603
Comparing Fractions,Mastering Comparing Fractions,https://youtu.be/PEqV48jMeXw?si=55QJueBjYIoAgbk0,11:09,Advanced,8.7,8.613,8.014
Fractions to Decimals,Convert any Fraction to a Decimal,https://youtu.be/do_IbHId2Os?si=WyTbHiTgY6AaEz_L,6:43,Beginner,8.4,8.892,8.437
Subtraction,Introduction to Subtraction,https://youtu.be/r3qKojj4g4g?si=-XA75LAElZS8jQOy,10:42,Advanced,8.6,8.867,7.953
Addition,Adding Large Numbers,https://youtu.be/T9asFgfN5bg?si=CI2z3n21hND5aFvQ,5:03,Intermediate,7.8,8.954,8.087
Ordering Fractions,Fraction Ordering,https://youtu.be/76s8ZzK87rA?si=F0Z4GtJkicWyq5_A,14:40,Intermediate,7.9,9.379,7.946
Comparing Fractions,Mastering Comparing Fractions,https://youtu.be/PEqV48jMeXw?si=55QJueBjYIoAgbk0,11:09,Advanced,8.7,8.601,7.964
Ordering Fractions,Learn Ordering Fractions,https://youtu.be/QECYScPz4sA?si=qJW4l4BvbXma1lOP,10:15,Intermediate,8.5,9.94,8.553
Multiplication,Master Long Multiplication,https://youtu.be/GKetIwxaenA?si=9tvgkeqmmfUZ80xX,6:25,Beginner,8.5,9.576,8.865
Multiplication,Box Method Multiplication,https://youtu.be/n3q3XzzIGSY?si=goczDT3wCWGEkSvm,7:19,Intermediate,8.0,7.36,7.627
Subtraction,Subtracting Large Numbers,https://youtu.be/HlxqCdDrbdc?si=1RAFlZfZuuD3LnjX,5:04,Intermediate,8.0,8.414,7.954
Multiplication,Long Multiplication for Grade 7,https://www.youtube.com/watch?v=r85EMNbWMiE,21:00,Beginner,9.2,9.018,8.399
Fractions to Decimals,Introduction to Fractions to Decimals,https://youtu.be/pDs4a4ijqh0?si=ktPINIYpIFYNILOV,8:00,Intermediate,8.0,9.888,8.27
Addition,Multi-Digit Addition,https://youtu.be/mAvuom42NyY?si=3Om627A44-sGimLU,6:28,Beginner,8.5,9.282,8.711
Simplifying Fractions,Introduction to Simplifying Fractions,https://youtu.be/k73w_yZb9SM?si=sIcPAuwAjD24B_pV,7:30,Beginner,8.4,9.663,8.586
Division,Smart Long Division,https://youtu.be/HJYHNxS64f0?si=PJiPytkuwiCJhiuV,14:40,Advanced,8.9,9.672,8.281
Fractions to Decimals,Mastering Fractions to Decimals,https://youtu.be/Mpv7AzOUOqg?si=dMjxnFwXU98D4MpH,9:06,Advanced,8.5,8.331,7.846
Comparing Fractions,Comparing Fractions,https://www.youtube.com/watch?v=u_QTuWj107o,7:42,Beginner,8.9,8.798,8.453
Division,Long Division with 2-Digit Divisors,https://youtu.be/HdU_rf7eMTI?si=Pr40TqBRgGXrpLxG,13:04,Intermediate,8.6,7.949,7.875
Addition,Adding Large Numbers,https://youtu.be/T9asFgfN5bg?si=CI2z3n21hND5aFvQ,5:03,Intermediate,7.8,8.809,7.902
Comparing Fractions,Mastering Comparing Fractions,https://youtu.be/PEqV48jMeXw?si=55QJueBjYIoAgbk0,11:09,Advanced,8.7,7.253,7.639
Division,Long Division for Grade 7,https://www.youtube.com/watch?v=J15nbHRpSiQ,19:57,Beginner,9.0,9.393,8.419
Simplifying Fractions,Introduction to Simplifying Fractions,https://youtu.be/k73w_yZb9SM?si=sIcPAuwAjD24B_pV,7:30,Beginner,8.4,7.148,7.914
Fractions to Decimals,Convert any Fraction to a Decimal,https://youtu.be/do_IbHId2Os?si=WyTbHiTgY6AaEz_L,6:43,Beginner,8.4,7.389,7.78
Ordering Fractions,Mastering Fractions,https://youtu.be/XvjQcHbUNNw?si=Xyv5SPufpJclBZIf,8:00,Advanced,8.7,8.13,7.983
Multiplication,Understanding Multiplication,https://youtu.be/_PyA3CJ-V98?si=mTi02JfyOo0ydPLR,13:18,Intermediate,8.8,9.669,8.51
Fractions to Decimals,Convert any Fraction to a Decimal,https://youtu.be/do_IbHId2Os?si=WyTbHiTgY6AaEz_L,6:43,Beginner,8.4,7.353,7.902
Subtraction,Multi-Digit Subtraction,https://youtu.be/Y6M89-6106I?si=6dT-roRnqAH6OHdl,6:56,Beginner,8.3,9.54,8.52
Addition,Add Numbers Faster,https://youtu.be/-x2yAOt_XFY?si=9WXX46kdbQDVhgO8,4:48,Advanced,8.8,7.314,7.835
Addition,Adding Three Decimals,https://youtu.be/sQ1W919fgq8?si=V7TgnmmWgHYc_A5P,4:55,Beginner,8.2,8.302,8.292
Multiplication,Master Long Multiplication,https://youtu.be/GKetIwxaenA?si=9tvgkeqmmfUZ80xX,6:25,Beginner,8.5,7.346,7.914
Fractions to Decimals,Mastering Fractions to Decimals,https://youtu.be/Mpv7AzOUOqg?si=dMjxnFwXU98D4MpH,9:06,Advanced,8.5,9.364,8.393
Division,Division Basics for Beginners,https://youtu.be/InIKW_tfhs4?si=i3EqqM2A_6JHTQYh,3:44,Intermediate,7.8,9.823,8.144
Subtraction,Introduction to Subtraction,https://youtu.be/r3qKojj4g4g?si=-XA75LAElZS8jQOy,10:42,Advanced,8.6,8.564,7.9
Ordering Fractions,Fraction Ordering,https://youtu.be/76s8ZzK87rA?si=F0Z4GtJkicWyq5_A,14:40,Intermediate,7.9,9.223,7.722
Multiplication,Multi-Digit Multiplication,https://youtu.be/dNSrfoYLQZU?si=fjPUGvSBAA5fmj_V,5:02,Advanced,8.3,7.135,7.476
Fractions to Decimals,Converting Fractions to Decimals,https://youtu.be/UtHGpx_yp4U?si=tVG8XzrdqWBZp_hs,7:54,Intermediate,8.7,9.371,8.561
Addition,Add Numbers Faster,https://youtu.be/-x2yAOt_XFY?si=9WXX46kdbQDVhgO8,4:48,Advanced,8.8,7.193,7.836
Simplifying Fractions,Reducing Fractions to Simplest Form,https://youtu.be/gVls1-gjIn0?si=vXNqJqUYBvTrC8xT,11:19,Advanced,8.5,9.189,8.156
Division,Basic Division,https://youtu.be/KGMf314LUc0?si=jxaKi8tja1iw8LUl,9:57,Beginner,8.4,9.256,8.388
Subtraction,Subtracting Large Numbers,https://youtu.be/HlxqCdDrbdc?si=1RAFlZfZuuD3LnjX,5:04,Intermediate,8.0,7.038,7.391
Ordering Fractions,How to Order Fractions,https://www.youtube.com/watch?v=i2PfHDs88YE,6:33,Beginner,8.8,8.338,8.394
Addition,Add Numbers Faster,https://youtu.be/-x2yAOt_XFY?si=9WXX46kdbQDVhgO8,4:48,Advanced,8.8,9.085,8.4
Multiplication,Multi-Digit Multiplication,https://youtu.be/dNSrfoYLQZU?si=fjPUGvSBAA5fmj_V,5:02,Advanced,8.3,9.029,8.211
Ordering Fractions,Fraction Ordering,https://youtu.be/76s8ZzK87rA?si=F0Z4GtJkicWyq5_A,14:40,Intermediate,7.9,7.696,7.35
Simplifying Fractions,Simplifying Fractions,https://www.youtube.com/watch?v=AtBUQH8Tkqc&t=67s,8:30,Beginner,9.0,8.479,8.543
Comparing Fractions,Comparing Fractions,https://www.youtube.com/watch?v=u_QTuWj107o,7:42,Beginner,8.9,7.408,7.994
Multiplication,Understanding Multiplication,https://youtu.be/_PyA3CJ-V98?si=mTi02JfyOo0ydPLR,13:18,Intermediate,8.8,7.411,7.667
Subtraction,Subtracting Whole Numbers,https://www.youtube.com/watch?v=z4bTlVxU9C0,8:40,Beginner,8.7,7.366,8.031
Simplifying Fractions,Learn Fraction Simplification,https://youtu.be/IuB8yTJ0-hk?si=8-bnaKA-irwAua1m,6:20,Intermediate,8.0,9.611,8.275
Subtraction,Subtracting Large Numbers,https://youtu.be/HlxqCdDrbdc?si=1RAFlZfZuuD3LnjX,5:04,Intermediate,8.0,7.456,7.515
Comparing Fractions,Comparing Like Fractions,https://youtu.be/H3N5To5fO5U?si=Y3IFqQaqTK2GalSa,4:45,Intermediate,7.8,8.411,7.957
Ordering Fractions,Introduction to Ordering Fractions,https://youtu.be/rL18ZMgCeKU?si=nixffH9YSe3hdGgm,12:04,Beginner,8.2,7.904,7.921
Multiplication,Box Method Multiplication,https://youtu.be/n3q3XzzIGSY?si=goczDT3wCWGEkSvm,7:19,Intermediate,8.0,9.144,8.24
Simplifying Fractions,Simplifying Fractions,https://www.youtube.com/watch?v=AtBUQH8Tkqc&t=67s,8:30,Beginner,9.0,7.822,8.242
Division,Long Division with 2-Digit Divisors,https://youtu.be/HdU_rf7eMTI?si=Pr40TqBRgGXrpLxG,13:04,Intermediate,8.6,7.578,7.662
Addition,Adding Three Decimals,https://youtu.be/sQ1W919fgq8?si=V7TgnmmWgHYc_A5P,4:55,Beginner,8.2,9.253,8.484
Division,Smart Long Division,https://youtu.be/HJYHNxS64f0?si=PJiPytkuwiCJhiuV,14:40,Advanced,8.9,9.923,8.477
Simplifying Fractions,How to Simplify Fractions,https://youtu.be/R-FXE3g8GpU?si=TcmelTK3iD3Nzco1,16:06,Intermediate,8.7,8.707,8.208
Subtraction,Smart Subtraction,https://youtu.be/3fYgZgbOJmM?si=0Xq66JMU0XrVlOsn,13:38,Intermediate,7.9,9.883,8.187
Ordering Fractions,Introduction to Ordering Fractions,https://youtu.be/rL18ZMgCeKU?si=nixffH9YSe3hdGgm,12:04,Beginner,8.2,7.349,7.641
Comparing Fractions,Comparing Like Fractions,https://youtu.be/H3N5To5fO5U?si=Y3IFqQaqTK2GalSa,4:45,Intermediate,7.8,9.673,8.331
Addition,Decimal Arithmetic,https://www.youtube.com/watch?v=kwh4SD1ToFc,12:14,Intermediate,9.0,7.84,7.911
Subtraction,Subtracting Large Numbers,https://youtu.be/HlxqCdDrbdc?si=1RAFlZfZuuD3LnjX,5:04,Intermediate,8.0,9.327,8.22
Ordering Fractions,How to Order Fractions,https://www.youtube.com/watch?v=i2PfHDs88YE,6:33,Beginner,8.8,7.281,8.01
Comparing Fractions,Comparing Fractions with different Denominators,https://youtu.be/d6fCqzuWjbo?si=eVQb7MoRlFCtsvGj,10:11,Intermediate,8.6,9.07,8.372
Fractions to Decimals,Convert any Fraction to a Decimal,https://youtu.be/do_IbHId2Os?si=WyTbHiTgY6AaEz_L,6:43,Beginner,8.4,7.472,8.087
Simplifying Fractions,Introduction to Simplifying Fractions,https://youtu.be/k73w_yZb9SM?si=sIcPAuwAjD24B_pV,7:30,Beginner,8.4,7.515,7.98
Fractions to Decimals,Convert any Fraction to a Decimal,https://youtu.be/do_IbHId2Os?si=WyTbHiTgY6AaEz_L,6:43,Beginner,8.4,7.674,8.015
Subtraction,Subtracting Large Numbers,https://youtu.be/HlxqCdDrbdc?si=1RAFlZfZuuD3LnjX,5:04,Intermediate,8.0,7.498,7.742
Comparing Fractions,Comparing Fractions,https://www.youtube.com/watch?v=u_QTuWj107o,7:42,Beginner,8.9,8.347,8.486
Simplifying Fractions,How to Simplify Fractions,https://youtu.be/R-FXE3g8GpU?si=TcmelTK3iD3Nzco1,16:06,Intermediate,8.7,8.092,7.897
Multiplication,Box Method Multiplication,https://youtu.be/n3q3XzzIGSY?si=goczDT3wCWGEkSvm,7:19,Intermediate,8.0,8.785,8.125
Simplifying Fractions,How to Simplify Fractions,https://youtu.be/R-FXE3g8GpU?si=TcmelTK3iD3Nzco1,16:06,Intermediate,8.7,9.328,8.27
Fractions to Decimals,How to Convert Fractions to Decimals,https://www.youtube.com/watch?v=guBVW5PiHLs&list=PPSV,8:29,Beginner,9.1,7.91,8.248
Simplifying Fractions,Introduction to Simplifying Fractions,https://youtu.be/k73w_yZb9SM?si=sIcPAuwAjD24B_pV,7:30,Beginner,8.4,8.883,8.216
Simplifying Fractions,Introduction to Simplifying Fractions,https://youtu.be/k73w_yZb9SM?si=sIcPAuwAjD24B_pV,7:30,Beginner,8.4,8.255,8.256
Subtraction,Subtracting Large Numbers,https://youtu.be/HlxqCdDrbdc?si=1RAFlZfZuuD3LnjX,5:04,Intermediate,8.0,9.728,8.541
Fractions to Decimals,Convert any Fraction to a Decimal,https://youtu.be/do_IbHId2Os?si=WyTbHiTgY6AaEz_L,6:43,Beginner,8.4,9.706,8.642
Ordering Fractions,Learn Ordering Fractions,https://youtu.be/QECYScPz4sA?si=qJW4l4BvbXma1lOP,10:15,Intermediate,8.5,8.786,8.349
Comparing Fractions,Comparing Fractions with different Denominators,https://youtu.be/d6fCqzuWjbo?si=eVQb7MoRlFCtsvGj,10:11,Intermediate,8.6,9.062,8.404
Simplifying Fractions,Learn Fraction Simplification,https://youtu.be/IuB8yTJ0-hk?si=8-bnaKA-irwAua1m,6:20,Intermediate,8.0,9.674,8.31
Subtraction,Subtracting Large Numbers,https://youtu.be/HlxqCdDrbdc?si=1RAFlZfZuuD3LnjX,5:04,Intermediate,8.0,9.359,8.331
Division,Smart Long Division,https://youtu.be/HJYHNxS64f0?si=PJiPytkuwiCJhiuV,14:40,Advanced,8.9,9.609,8.291
Comparing Fractions,Comparing Fractions,https://www.youtube.com/watch?v=u_QTuWj107o,7:42,Beginner,8.9,8.414,8.389
Fractions to Decimals,Introduction to Fractions to Decimals,https://youtu.be/pDs4a4ijqh0?si=ktPINIYpIFYNILOV,8:00,Intermediate,8.0,8.129,7.891
Ordering Fractions,Fraction Ordering,https://youtu.be/76s8ZzK87rA?si=F0Z4GtJkicWyq5_A,14:40,Intermediate,7.9,9.998,8.126
Fractions to Decimals,Introduction to Fractions to Decimals,https://youtu.be/pDs4a4ijqh0?si=ktPINIYpIFYNILOV,8:00,Intermediate,8.0,9.5,8.332
Comparing Fractions,Comparing Fractions,https://www.youtube.com/watch?v=u_QTuWj107o,7:42,Beginner,8.9,7.203,8.104
Multiplication,Master Long Multiplication,https://youtu.be/GKetIwxaenA?si=9tvgkeqmmfUZ80xX,6:25,Beginner,8.5,9.992,8.827
Multiplication,Master Long Multiplication,https://youtu.be/GKetIwxaenA?si=9tvgkeqmmfUZ80xX,6:25,Beginner,8.5,8.5,8.365
Addition,Decimal Arithmetic,https://www.youtube.com/watch?v=kwh4SD1ToFc,12:14,Intermediate,9.0,7.183,7.765
Comparing Fractions,Comparing Fractions with different Denominators,https://youtu.be/d6fCqzuWjbo?si=eVQb7MoRlFCtsvGj,10:11,Intermediate,8.6,9.195,8.267
Subtraction,Subtracting Large Numbers,https://youtu.be/HlxqCdDrbdc?si=1RAFlZfZuuD3LnjX,5:04,Intermediate,8.0,9.745,8.393
Simplifying Fractions,Learn Fraction Simplification,https://youtu.be/IuB8yTJ0-hk?si=8-bnaKA-irwAua1m,6:20,Intermediate,8.0,7.594,7.71
Ordering Fractions,Introduction to Ordering Fractions,https://youtu.be/rL18ZMgCeKU?si=nixffH9YSe3hdGgm,12:04,Beginner,8.2,7.468,7.741
Addition,Adding Three Decimals,https://youtu.be/sQ1W919fgq8?si=V7TgnmmWgHYc_A5P,4:55,Beginner,8.2,7.957,8.023
Fractions to Decimals,Introduction to Fractions to Decimals,https://youtu.be/pDs4a4ijqh0?si=ktPINIYpIFYNILOV,8:00,Intermediate,8.0,7.941,7.795
Multiplication,Multi-Digit Multiplication,https://youtu.be/dNSrfoYLQZU?si=fjPUGvSBAA5fmj_V,5:02,Advanced,8.3,8.234,7.804
Simplifying Fractions,Learn Fraction Simplification,https://youtu.be/IuB8yTJ0-hk?si=8-bnaKA-irwAua1m,6:20,Intermediate,8.0,9.185,8.302
Ordering Fractions,Learn Ordering Fractions,https://youtu.be/QECYScPz4sA?si=qJW4l4BvbXma1lOP,10:15,Intermediate,8.5,8.308,7.916
Subtraction,Subtracting Large Numbers,https://youtu.be/HlxqCdDrbdc?si=1RAFlZfZuuD3LnjX,5:04,Intermediate,8.0,8.516,8.099
Ordering Fractions,Fraction Ordering,https://youtu.be/76s8ZzK87rA?si=F0Z4GtJkicWyq5_A,14:40,Intermediate,7.9,8.349,7.464
Addition,Decimal Arithmetic,https://www.youtube.com/watch?v=kwh4SD1ToFc,12:14,Intermediate,9.0,8.107,8.218
Subtraction,Subtracting Whole Numbers,https://www.youtube.com/watch?v=z4bTlVxU9C0,8:40,Beginner,8.7,8.451,8.312
Simplifying Fractions,Simplifying Fractions,https://www.youtube.com/watch?v=AtBUQH8Tkqc&t=67s,8:30,Beginner,9.0,9.746,8.936
Division,Long Division for Grade 7,https://www.youtube.com/watch?v=J15nbHRpSiQ,19:57,Beginner,9.0,7.232,7.78
Ordering Fractions,Fraction Ordering,https://youtu.be/76s8ZzK87rA?si=F0Z4GtJkicWyq5_A,14:40,Intermediate,7.9,9.057,8.059
Subtraction,Introduction to Subtraction,https://youtu.be/r3qKojj4g4g?si=-XA75LAElZS8jQOy,10:42,Advanced,8.6,9.506,8.319
Simplifying Fractions,Learn Fraction Simplification,https://youtu.be/IuB8yTJ0-hk?si=8-bnaKA-irwAua1m,6:20,Intermediate,8.0,7.501,7.641
Fractions to Decimals,Converting Fractions to Decimals,https://youtu.be/UtHGpx_yp4U?si=tVG8XzrdqWBZp_hs,7:54,Intermediate,8.7,9.834,8.734
Comparing Fractions,Comparing Like Fractions,https://youtu.be/H3N5To5fO5U?si=Y3IFqQaqTK2GalSa,4:45,Intermediate,7.8,9.228,8.08
Simplifying Fractions,Introduction to Simplifying Fractions,https://youtu.be/k73w_yZb9SM?si=sIcPAuwAjD24B_pV,7:30,Beginner,8.4,8.095,7.914
Division,Division Basics for Beginners,https://youtu.be/InIKW_tfhs4?si=i3EqqM2A_6JHTQYh,3:44,Intermediate,7.8,9.287,8.146
Simplifying Fractions,Introduction to Simplifying Fractions,https://youtu.be/k73w_yZb9SM?si=sIcPAuwAjD24B_pV,7:30,Beginner,8.4,7.866,8.083
Division,Long Division for Grade 7,https://www.youtube.com/watch?v=J15nbHRpSiQ,19:57,Beginner,9.0,7.537,7.747
Addition,Add Numbers Faster,https://youtu.be/-x2yAOt_XFY?si=9WXX46kdbQDVhgO8,4:48,Advanced,8.8,8.42,8.231
Division,Smart Long Division,https://youtu.be/HJYHNxS64f0?si=PJiPytkuwiCJhiuV,14:40,Advanced,8.9,9.735,8.526
Comparing Fractions,Comparing Like Fractions,https://youtu.be/H3N5To5fO5U?si=Y3IFqQaqTK2GalSa,4:45,Intermediate,7.8,9.8,8.285
Division,Long Division for Grade 7,https://www.youtube.com/watch?v=J15nbHRpSiQ,19:57,Beginner,9.0,9.0,8.472
Multiplication,Box Method Multiplication,https://youtu.be/n3q3XzzIGSY?si=goczDT3wCWGEkSvm,7:19,Intermediate,8.0,9.076,8.218
Ordering Fractions,How to Order Fractions,https://www.youtube.com/watch?v=i2PfHDs88YE,6:33,Beginner,8.8,9.463,8.907
Addition,Decimal Arithmetic,https://www.youtube.com/watch?v=kwh4SD1ToFc,12:14,Intermediate,9.0,8.037,8.143
Subtraction,Multi-Digit Subtraction,https://youtu.be/Y6M89-6106I?si=6dT-roRnqAH6OHdl,6:56,Beginner,8.3,7.886,7.906
Comparing Fractions,Mastering Comparing Fractions,https://youtu.be/PEqV48jMeXw?si=55QJueBjYIoAgbk0,11:09,Advanced,8.7,8.876,8.179
Subtraction,Introduction to Subtraction,https://youtu.be/r3qKojj4g4g?si=-XA75LAElZS8jQOy,10:42,Advanced,8.6,8.999,8.125
Subtraction,Introduction to Subtraction,https://youtu.be/r3qKojj4g4g?si=-XA75LAElZS8jQOy,10:42,Advanced,8.6,7.013,7.429
Division,Long Division for Grade 7,https://www.youtube.com/watch?v=J15nbHRpSiQ,19:57,Beginner,9.0,8.45,8.182
Addition,Add Numbers Faster,https://youtu.be/-x2yAOt_XFY?si=9WXX46kdbQDVhgO8,4:48,Advanced,8.8,9.275,8.592
Comparing Fractions,Introduction to Comparing Fractions,https://www.youtube.com/watch?v=KNdUJQ_qd4U,6:30,Beginner,8.3,8.363,8.142
Addition,Adding Large Numbers,https://youtu.be/T9asFgfN5bg?si=CI2z3n21hND5aFvQ,5:03,Intermediate,7.8,7.411,7.468
Multiplication,Long Multiplication for Grade 7,https://www.youtube.com/watch?v=r85EMNbWMiE,21:00,Beginner,9.2,7.538,7.952
Fractions to Decimals,Converting Fractions to Decimals,https://youtu.be/UtHGpx_yp4U?si=tVG8XzrdqWBZp_hs,7:54,Intermediate,8.7,9.607,8.403
Addition,Multi-Digit Addition,https://youtu.be/mAvuom42NyY?si=3Om627A44-sGimLU,6:28,Beginner,8.5,9.852,8.588
Fractions to Decimals,Convert any Fraction to a Decimal,https://youtu.be/do_IbHId2Os?si=WyTbHiTgY6AaEz_L,6:43,Beginner,8.4,9.143,8.587
Fractions to Decimals,How to Convert Fractions to Decimals,https://www.youtube.com/watch?v=guBVW5PiHLs&list=PPSV,8:29,Beginner,9.1,7.623,7.976
Multiplication,Master Long Multiplication,https://youtu.be/GKetIwxaenA?si=9tvgkeqmmfUZ80xX,6:25,Beginner,8.5,9.514,8.72
Comparing Fractions,Introduction to Comparing Fractions,https://www.youtube.com/watch?v=KNdUJQ_qd4U,6:30,Beginner,8.3,8.783,8.306
Multiplication,Multi-Digit Multiplication,https://youtu.be/dNSrfoYLQZU?si=fjPUGvSBAA5fmj_V,5:02,Advanced,8.3,7.285,7.528
Subtraction,Multi-Digit Subtraction,https://youtu.be/Y6M89-6106I?si=6dT-roRnqAH6OHdl,6:56,Beginner,8.3,8.384,8.319
Subtraction,Smart Subtraction,https://youtu.be/3fYgZgbOJmM?si=0Xq66JMU0XrVlOsn,13:38,Intermediate,7.9,9.825,8.357
Ordering Fractions,Learn Ordering Fractions,https://youtu.be/QECYScPz4sA?si=qJW4l4BvbXma1lOP,10:15,Intermediate,8.5,9.299,8.517
Fractions to Decimals,Convert any Fraction to a Decimal,https://youtu.be/do_IbHId2Os?si=WyTbHiTgY6AaEz_L,6:43,Beginner,8.4,9.186,8.52
Division,Long Division for Grade 7,https://www.youtube.com/watch?v=J15nbHRpSiQ,19:57,Beginner,9.0,9.978,8.714
Multiplication,Long Multiplication for Grade 7,https://www.youtube.com/watch?v=r85EMNbWMiE,21:00,Beginner,9.2,9.451,8.707
Multiplication,Multi-Digit Multiplication,https://youtu.be/dNSrfoYLQZU?si=fjPUGvSBAA5fmj_V,5:02,Advanced,8.3,9.495,8.386
Ordering Fractions,Mastering Fractions,https://youtu.be/XvjQcHbUNNw?si=Xyv5SPufpJclBZIf,8:00,Advanced,8.7,9.804,8.772
Addition,Adding Large Numbers,https://youtu.be/T9asFgfN5bg?si=CI2z3n21hND5aFvQ,5:03,Intermediate,7.8,7.526,7.503
Subtraction,Subtracting Large Numbers,https://youtu.be/HlxqCdDrbdc?si=1RAFlZfZuuD3LnjX,5:04,Intermediate,8.0,9.168,8.375
Simplifying Fractions,Simplifying Fractions,https://www.youtube.com/watch?v=AtBUQH8Tkqc&t=67s,8:30,Beginner,9.0,9.352,8.764
Subtraction,Multi-Digit Subtraction,https://youtu.be/Y6M89-6106I?si=6dT-roRnqAH6OHdl,6:56,Beginner,8.3,9.308,8.467
Multiplication,Box Method Multiplication,https://youtu.be/n3q3XzzIGSY?si=goczDT3wCWGEkSvm,7:19,Intermediate,8.0,8.652,8.065
Fractions to Decimals,Converting Fractions to Decimals,https://youtu.be/UtHGpx_yp4U?si=tVG8XzrdqWBZp_hs,7:54,Intermediate,8.7,8.511,8.157
Simplifying Fractions,Reducing Fractions to Simplest Form,https://youtu.be/gVls1-gjIn0?si=vXNqJqUYBvTrC8xT,11:19,Advanced,8.5,8.983,8.058
Subtraction,Subtracting Large Numbers,https://youtu.be/HlxqCdDrbdc?si=1RAFlZfZuuD3LnjX,5:04,Intermediate,8.0,9.124,8.235
Ordering Fractions,Fraction Ordering,https://youtu.be/76s8ZzK87rA?si=F0Z4GtJkicWyq5_A,14:40,Intermediate,7.9,7.218,7.085
Subtraction,Smart Subtraction,https://youtu.be/3fYgZgbOJmM?si=0Xq66JMU0XrVlOsn,13:38,Intermediate,7.9,7.811,7.477
Simplifying Fractions,Learn Fraction Simplification,https://youtu.be/IuB8yTJ0-hk?si=8-bnaKA-irwAua1m,6:20,Intermediate,8.0,8.159,7.903
Addition,Add Numbers Faster,https://youtu.be/-x2yAOt_XFY?si=9WXX46kdbQDVhgO8,4:48,Advanced,8.8,9.393,8.621
Comparing Fractions,Comparing Fractions with different Denominators,https://youtu.be/d6fCqzuWjbo?si=eVQb7MoRlFCtsvGj,10:11,Intermediate,8.6,9.826,8.562
Simplifying Fractions,Simplifying Fractions,https://www.youtube.com/watch?v=AtBUQH8Tkqc&t=67s,8:30,Beginner,9.0,8.891,8.604
Comparing Fractions,Comparing Fractions with different Denominators,https://youtu.be/d6fCqzuWjbo?si=eVQb7MoRlFCtsvGj,10:11,Intermediate,8.6,7.795,7.821
Multiplication,Box Method Multiplication,https://youtu.be/n3q3XzzIGSY?si=goczDT3wCWGEkSvm,7:19,Intermediate,8.0,7.545,7.564
Addition,Add Numbers Faster,https://youtu.be/-x2yAOt_XFY?si=9WXX46kdbQDVhgO8,4:48,Advanced,8.8,8.338,8.274
Addition,Add Numbers Faster,https://youtu.be/-x2yAOt_XFY?si=9WXX46kdbQDVhgO8,4:48,Advanced,8.8,7.376,7.858
Ordering Fractions,Introduction to Ordering Fractions,https://youtu.be/rL18ZMgCeKU?si=nixffH9YSe3hdGgm,12:04,Beginner,8.2,7.464,7.441
Fractions to Decimals,Mastering Fractions to Decimals,https://youtu.be/Mpv7AzOUOqg?si=dMjxnFwXU98D4MpH,9:06,Advanced,8.5,8.561,8.116
Addition,Decimal Arithmetic,https://www.youtube.com/watch?v=kwh4SD1ToFc,12:14,Intermediate,9.0,7.261,7.685
Ordering Fractions,Mastering Fractions,https://youtu.be/XvjQcHbUNNw?si=Xyv5SPufpJclBZIf,8:00,Advanced,8.7,7.41,7.684
Fractions to Decimals,How to Convert Fractions to Decimals,https://www.youtube.com/watch?v=guBVW5PiHLs&list=PPSV,8:29,Beginner,9.1,7.122,8.117
Addition,Adding Large Numbers,https://youtu.be/T9asFgfN5bg?si=CI2z3n21hND5aFvQ,5:03,Intermediate,7.8,8.308,7.795
Division,Long Division for Grade 7,https://www.youtube.com/watch?v=J15nbHRpSiQ,19:57,Beginner,9.0,9.186,8.396
Comparing Fractions,Comparing Fractions,https://www.youtube.com/watch?v=u_QTuWj107o,7:42,Beginner,8.9,8.819,8.44
Simplifying Fractions,Learn Fraction Simplification,https://youtu.be/IuB8yTJ0-hk?si=8-bnaKA-irwAua1m,6:20,Intermediate,8.0,9.107,8.386
Division,Basic Division,https://youtu.be/KGMf314LUc0?si=jxaKi8tja1iw8LUl,9:57,Beginner,8.4,8.537,8.213
Multiplication,Understanding Multiplication,https://youtu.be/_PyA3CJ-V98?si=mTi02JfyOo0ydPLR,13:18,Intermediate,8.8,7.86,7.88
Division,Long Division with 2-Digit Divisors,https://youtu.be/HdU_rf7eMTI?si=Pr40TqBRgGXrpLxG,13:04,Intermediate,8.6,7.172,7.768
Division,Long Division with 2-Digit Divisors,https://youtu.be/HdU_rf7eMTI?si=Pr40TqBRgGXrpLxG,13:04,Intermediate,8.6,7.261,7.618
Multiplication,Understanding Multiplication,https://youtu.be/_PyA3CJ-V98?si=mTi02JfyOo0ydPLR,13:18,Intermediate,8.8,7.698,7.75
Subtraction,Subtracting Large Numbers,https://youtu.be/HlxqCdDrbdc?si=1RAFlZfZuuD3LnjX,5:04,Intermediate,8.0,7.95,7.605
Simplifying Fractions,Simplifying Fractions,https://www.youtube.com/watch?v=AtBUQH8Tkqc&t=67s,8:30,Beginner,9.0,9.183,8.865
Addition,Add Numbers Faster,https://youtu.be/-x2yAOt_XFY?si=9WXX46kdbQDVhgO8,4:48,Advanced,8.8,9.311,8.502
Addition,Adding Three Decimals,https://youtu.be/sQ1W919fgq8?si=V7TgnmmWgHYc_A5P,4:55,Beginner,8.2,8.848,8.202
Fractions to Decimals,Converting Fractions to Decimals,https://youtu.be/UtHGpx_yp4U?si=tVG8XzrdqWBZp_hs,7:54,Intermediate,8.7,8.295,8.039
Ordering Fractions,How to Order Fractions,https://www.youtube.com/watch?v=i2PfHDs88YE,6:33,Beginner,8.8,7.522,8.143
Simplifying Fractions,Reducing Fractions to Simplest Form,https://youtu.be/gVls1-gjIn0?si=vXNqJqUYBvTrC8xT,11:19,Advanced,8.5,9.897,8.283
Addition,Add Numbers Faster,https://youtu.be/-x2yAOt_XFY?si=9WXX46kdbQDVhgO8,4:48,Advanced,8.8,7.315,7.929
Division,Long Division with 2-Digit Divisors,https://youtu.be/HdU_rf7eMTI?si=Pr40TqBRgGXrpLxG,13:04,Intermediate,8.6,8.845,8.139
Fractions to Decimals,Introduction to Fractions to Decimals,https://youtu.be/pDs4a4ijqh0?si=ktPINIYpIFYNILOV,8:00,Intermediate,8.0,9.846,8.274
Division,Smart Long Division,https://youtu.be/HJYHNxS64f0?si=PJiPytkuwiCJhiuV,14:40,Advanced,8.9,9.517,8.442
Fractions to Decimals,Introduction to Fractions to Decimals,https://youtu.be/pDs4a4ijqh0?si=ktPINIYpIFYNILOV,8:00,Intermediate,8.0,9.716,8.458
Simplifying Fractions,Introduction to Simplifying Fractions,https://youtu.be/k73w_yZb9SM?si=sIcPAuwAjD24B_pV,7:30,Beginner,8.4,9.659,8.605
Division,Division Basics for Beginners,https://youtu.be/InIKW_tfhs4?si=i3EqqM2A_6JHTQYh,3:44,Intermediate,7.8,8.586,8.039
Simplifying Fractions,How to Simplify Fractions,https://youtu.be/R-FXE3g8GpU?si=TcmelTK3iD3Nzco1,16:06,Intermediate,8.7,8.739,8.046
Ordering Fractions,Learn Ordering Fractions,https://youtu.be/QECYScPz4sA?si=qJW4l4BvbXma1lOP,10:15,Intermediate,8.5,8.409,7.948
Addition,Adding Large Numbers,https://youtu.be/T9asFgfN5bg?si=CI2z3n21hND5aFvQ,5:03,Intermediate,7.8,7.666,7.617
Subtraction,Multi-Digit Subtraction,https://youtu.be/Y6M89-6106I?si=6dT-roRnqAH6OHdl,6:56,Beginner,8.3,7.036,7.711
Division,Long Division for Grade 7,https://www.youtube.com/watch?v=J15nbHRpSiQ,19:57,Beginner,9.0,9.707,8.562
Addition,Decimal Arithmetic,https://www.youtube.com/watch?v=kwh4SD1ToFc,12:14,Intermediate,9.0,7.966,8.049
Division,Smart Long Division,https://youtu.be/HJYHNxS64f0?si=PJiPytkuwiCJhiuV,14:40,Advanced,8.9,7.774,7.668
Comparing Fractions,Mastering Comparing Fractions,https://youtu.be/PEqV48jMeXw?si=55QJueBjYIoAgbk0,11:09,Advanced,8.7,8.197,7.858
Subtraction,Smart Subtraction,https://youtu.be/3fYgZgbOJmM?si=0Xq66JMU0XrVlOsn,13:38,Intermediate,7.9,9.036,7.96
Fractions to Decimals,Converting Fractions to Decimals,https://youtu.be/UtHGpx_yp4U?si=tVG8XzrdqWBZp_hs,7:54,Intermediate,8.7,7.79,8.004
Comparing Fractions,Introduction to Comparing Fractions,https://www.youtube.com/watch?v=KNdUJQ_qd4U,6:30,Beginner,8.3,9.5,8.664
Multiplication,Long Multiplication for Grade 7,https://www.youtube.com/watch?v=r85EMNbWMiE,21:00,Beginner,9.2,9.596,8.711
Division,Division Basics for Beginners,https://youtu.be/InIKW_tfhs4?si=i3EqqM2A_6JHTQYh,3:44,Intermediate,7.8,8.306,7.902
Simplifying Fractions,Introduction to Simplifying Fractions,https://youtu.be/k73w_yZb9SM?si=sIcPAuwAjD24B_pV,7:30,Beginner,8.4,8.716,8.355
Division,Long Division with 2-Digit Divisors,https://youtu.be/HdU_rf7eMTI?si=Pr40TqBRgGXrpLxG,13:04,Intermediate,8.6,8.285,8.069
Simplifying Fractions,How to Simplify Fractions,https://youtu.be/R-FXE3g8GpU?si=TcmelTK3iD3Nzco1,16:06,Intermediate,8.7,9.663,8.352
Fractions to Decimals,Mastering Fractions to Decimals,https://youtu.be/Mpv7AzOUOqg?si=dMjxnFwXU98D4MpH,9:06,Advanced,8.5,7.761,7.68
Simplifying Fractions,Learn Fraction Simplification,https://youtu.be/IuB8yTJ0-hk?si=8-bnaKA-irwAua1m,6:20,Intermediate,8.0,7.243,7.501
Subtraction,Introduction to Subtraction,https://youtu.be/r3qKojj4g4g?si=-XA75LAElZS8jQOy,10:42,Advanced,8.6,7.071,7.57
Comparing Fractions,Mastering Comparing Fractions,https://youtu.be/PEqV48jMeXw?si=55QJueBjYIoAgbk0,11:09,Advanced,8.7,8.096,7.866
Ordering Fractions,Introduction to Ordering Fractions,https://youtu.be/rL18ZMgCeKU?si=nixffH9YSe3hdGgm,12:04,Beginner,8.2,7.105,7.568
Multiplication,Master Long Multiplication,https://youtu.be/GKetIwxaenA?si=9tvgkeqmmfUZ80xX,6:25,Beginner,8.5,9.031,8.521
Division,Long Division with 2-Digit Divisors,https://youtu.be/HdU_rf7eMTI?si=Pr40TqBRgGXrpLxG,13:04,Intermediate,8.6,7.206,7.435
Ordering Fractions,Introduction to Ordering Fractions,https://youtu.be/rL18ZMgCeKU?si=nixffH9YSe3hdGgm,12:04,Beginner,8.2,9.628,8.55
Comparing Fractions,Comparing Like Fractions,https://youtu.be/H3N5To5fO5U?si=Y3IFqQaqTK2GalSa,4:45,Intermediate,7.8,7.789,7.579
Multiplication,Master Long Multiplication,https://youtu.be/GKetIwxaenA?si=9tvgkeqmmfUZ80xX,6:25,Beginner,8.5,7.206,7.904
Subtraction,Multi-Digit Subtraction,https://youtu.be/Y6M89-6106I?si=6dT-roRnqAH6OHdl,6:56,Beginner,8.3,8.015,8.107
Fractions to Decimals,Convert any Fraction to a Decimal,https://youtu.be/do_IbHId2Os?si=WyTbHiTgY6AaEz_L,6:43,Beginner,8.4,9.489,8.634
Comparing Fractions,Mastering Comparing Fractions,https://youtu.be/PEqV48jMeXw?si=55QJueBjYIoAgbk0,11:09,Advanced,8.7,9.079,8.201
Multiplication,Long Multiplication for Grade 7,https://www.youtube.com/watch?v=r85EMNbWMiE,21:00,Beginner,9.2,8.751,8.232
Division,Long Division with 2-Digit Divisors,https://youtu.be/HdU_rf7eMTI?si=Pr40TqBRgGXrpLxG,13:04,Intermediate,8.6,8.739,8.18
Subtraction,Multi-Digit Subtraction,https://youtu.be/Y6M89-6106I?si=6dT-roRnqAH6OHdl,6:56,Beginner,8.3,9.329,8.539
Simplifying Fractions,Introduction to Simplifying Fractions,https://youtu.be/k73w_yZb9SM?si=sIcPAuwAjD24B_pV,7:30,Beginner,8.4,7.8,7.996
Addition,Add Numbers Faster,https://youtu.be/-x2yAOt_XFY?si=9WXX46kdbQDVhgO8,4:48,Advanced,8.8,8.898,8.591
Addition,Adding Three Decimals,https://youtu.be/sQ1W919fgq8?si=V7TgnmmWgHYc_A5P,4:55,Beginner,8.2,8.663,8.434
Multiplication,Box Method Multiplication,https://youtu.be/n3q3XzzIGSY?si=goczDT3wCWGEkSvm,7:19,Intermediate,8.0,8.143,7.704
Division,Basic Division,https://youtu.be/KGMf314LUc0?si=jxaKi8tja1iw8LUl,9:57,Beginner,8.4,8.374,8.031
Subtraction,Subtracting Large Numbers,https://youtu.be/HlxqCdDrbdc?si=1RAFlZfZuuD3LnjX,5:04,Intermediate,8.0,8.622,8.122
Subtraction,Subtracting Whole Numbers,https://www.youtube.com/watch?v=z4bTlVxU9C0,8:40,Beginner,8.7,9.612,8.632
Fractions to Decimals,Convert any Fraction to a Decimal,https://youtu.be/do_IbHId2Os?si=WyTbHiTgY6AaEz_L,6:43,Beginner,8.4,8.566,8.383
Division,Long Division for Grade 7,https://www.youtube.com/watch?v=J15nbHRpSiQ,19:57,Beginner,9.0,7.661,7.729
Addition,Adding Three Decimals,https://youtu.be/sQ1W919fgq8?si=V7TgnmmWgHYc_A5P,4:55,Beginner,8.2,7.092,7.699
Fractions to Decimals,How to Convert Fractions to Decimals,https://www.youtube.com/watch?v=guBVW5PiHLs&list=PPSV,8:29,Beginner,9.1,7.769,8.102
Fractions to Decimals,Introduction to Fractions to Decimals,https://youtu.be/pDs4a4ijqh0?si=ktPINIYpIFYNILOV,8:00,Intermediate,8.0,9.057,8.085
Simplifying Fractions,How to Simplify Fractions,https://youtu.be/R-FXE3g8GpU?si=TcmelTK3iD3Nzco1,16:06,Intermediate,8.7,9.821,8.394
Addition,Add Numbers Faster,https://youtu.be/-x2yAOt_XFY?si=9WXX46kdbQDVhgO8,4:48,Advanced,8.8,9.682,8.763
Comparing Fractions,Comparing Fractions with different Denominators,https://youtu.be/d6fCqzuWjbo?si=eVQb7MoRlFCtsvGj,10:11,Intermediate,8.6,7.279,7.722
Multiplication,Master Long Multiplication,https://youtu.be/GKetIwxaenA?si=9tvgkeqmmfUZ80xX,6:25,Beginner,8.5,8.625,8.239
Addition,Add Numbers Faster,https://youtu.be/-x2yAOt_XFY?si=9WXX46kdbQDVhgO8,4:48,Advanced,8.8,7.074,7.883
Fractions to Decimals,Convert any Fraction to a Decimal,https://youtu.be/do_IbHId2Os?si=WyTbHiTgY6AaEz_L,6:43,Beginner,8.4,8.773,8.431
Simplifying Fractions,Introduction to Simplifying Fractions,https://youtu.be/k73w_yZb9SM?si=sIcPAuwAjD24B_pV,7:30,Beginner,8.4,7.397,7.834
Comparing Fractions,Comparing Like Fractions,https://youtu.be/H3N5To5fO5U?si=Y3IFqQaqTK2GalSa,4:45,Intermediate,7.8,8.489,7.887
Division,Smart Long Division,https://youtu.be/HJYHNxS64f0?si=PJiPytkuwiCJhiuV,14:40,Advanced,8.9,7.244,7.599
Comparing Fractions,Comparing Like Fractions,https://youtu.be/H3N5To5fO5U?si=Y3IFqQaqTK2GalSa,4:45,Intermediate,7.8,8.531,8.004
Comparing Fractions,Introduction to Comparing Fractions,https://www.youtube.com/watch?v=KNdUJQ_qd4U,6:30,Beginner,8.3,7.344,7.861
Comparing Fractions,Comparing Fractions with different Denominators,https://youtu.be/d6fCqzuWjbo?si=eVQb7MoRlFCtsvGj,10:11,Intermediate,8.6,7.547,7.849
Multiplication,Multi-Digit Multiplication,https://youtu.be/dNSrfoYLQZU?si=fjPUGvSBAA5fmj_V,5:02,Advanced,8.3,9.548,8.436
Subtraction,Subtracting Whole Numbers,https://www.youtube.com/watch?v=z4bTlVxU9C0,8:40,Beginner,8.7,8.189,8.036
Comparing Fractions,Introduction to Comparing Fractions,https://www.youtube.com/watch?v=KNdUJQ_qd4U,6:30,Beginner,8.3,9.741,8.6
Subtraction,Subtracting Whole Numbers,https://www.youtube.com/watch?v=z4bTlVxU9C0,8:40,Beginner,8.7,8.821,8.301
Comparing Fractions,Mastering Comparing Fractions,https://youtu.be/PEqV48jMeXw?si=55QJueBjYIoAgbk0,11:09,Advanced,8.7,9.02,8.223
Comparing Fractions,Introduction to Comparing Fractions,https://www.youtube.com/watch?v=KNdUJQ_qd4U,6:30,Beginner,8.3,7.86,7.883
Ordering Fractions,Fraction Ordering,https://youtu.be/76s8ZzK87rA?si=F0Z4GtJkicWyq5_A,14:40,Intermediate,7.9,9.423,8.042
Division,Basic Division,https://youtu.be/KGMf314LUc0?si=jxaKi8tja1iw8LUl,9:57,Beginner,8.4,7.316,7.744
Simplifying Fractions,Introduction to Simplifying Fractions,https://youtu.be/k73w_yZb9SM?si=sIcPAuwAjD24B_pV,7:30,Beginner,8.4,9.237,8.513
Ordering Fractions,Mastering Fractions,https://youtu.be/XvjQcHbUNNw?si=Xyv5SPufpJclBZIf,8:00,Advanced,8.7,9.108,8.281
Fractions to Decimals,Mastering Fractions to Decimals,https://youtu.be/Mpv7AzOUOqg?si=dMjxnFwXU98D4MpH,9:06,Advanced,8.5,8.763,8.102
Ordering Fractions,Learn Ordering Fractions,https://youtu.be/QECYScPz4sA?si=qJW4l4BvbXma1lOP,10:15,Intermediate,8.5,7.063,7.823
Subtraction,Subtracting Large Numbers,https://youtu.be/HlxqCdDrbdc?si=1RAFlZfZuuD3LnjX,5:04,Intermediate,8.0,8.321,7.855
Addition,Add Numbers Faster,https://youtu.be/-x2yAOt_XFY?si=9WXX46kdbQDVhgO8,4:48,Advanced,8.8,8.191,8.284
Fractions to Decimals,Mastering Fractions to Decimals,https://youtu.be/Mpv7AzOUOqg?si=dMjxnFwXU98D4MpH,9:06,Advanced,8.5,7.269,7.56
Division,Long Division for Grade 7,https://www.youtube.com/watch?v=J15nbHRpSiQ,19:57,Beginner,9.0,8.698,8.298
Division,Basic Division,https://youtu.be/KGMf314LUc0?si=jxaKi8tja1iw8LUl,9:57,Beginner,8.4,9.826,8.622
Division,Long Division with 2-Digit Divisors,https://youtu.be/HdU_rf7eMTI?si=Pr40TqBRgGXrpLxG,13:04,Intermediate,8.6,9.937,8.6
Division,Long Division for Grade 7,https://www.youtube.com/watch?v=J15nbHRpSiQ,19:57,Beginner,9.0,9.479,8.688
Multiplication,Box Method Multiplication,https://youtu.be/n3q3XzzIGSY?si=goczDT3wCWGEkSvm,7:19,Intermediate,8.0,8.052,7.765
Fractions to Decimals,Introduction to Fractions to Decimals,https://youtu.be/pDs4a4ijqh0?si=ktPINIYpIFYNILOV,8:00,Intermediate,8.0,7.771,7.765
Simplifying Fractions,Learn Fraction Simplification,https://youtu.be/IuB8yTJ0-hk?si=8-bnaKA-irwAua1m,6:20,Intermediate,8.0,8.194,7.975
Division,Basic Division,https://youtu.be/KGMf314LUc0?si=jxaKi8tja1iw8LUl,9:57,Beginner,8.4,7.142,7.554
Comparing Fractions,Mastering Comparing Fractions,https://youtu.be/PEqV48jMeXw?si=55QJueBjYIoAgbk0,11:09,Advanced,8.7,8.719,7.947
Comparing Fractions,Comparing Fractions,https://www.youtube.com/watch?v=u_QTuWj107o,7:42,Beginner,8.9,7.467,8.188
Simplifying Fractions,Simplifying Fractions,https://www.youtube.com/watch?v=AtBUQH8Tkqc&t=67s,8:30,Beginner,9.0,9.981,8.977
Simplifying Fractions,Reducing Fractions to Simplest Form,https://youtu.be/gVls1-gjIn0?si=vXNqJqUYBvTrC8xT,11:19,Advanced,8.5,7.819,7.503
Subtraction,Multi-Digit Subtraction,https://youtu.be/Y6M89-6106I?si=6dT-roRnqAH6OHdl,6:56,Beginner,8.3,9.178,8.486
Addition,Add Numbers Faster,https://youtu.be/-x2yAOt_XFY?si=9WXX46kdbQDVhgO8,4:48,Advanced,8.8,8.177,8.117
Division,Division Basics for Beginners,https://youtu.be/InIKW_tfhs4?si=i3EqqM2A_6JHTQYh,3:44,Intermediate,7.8,7.37,7.626
Comparing Fractions,Comparing Fractions,https://www.youtube.com/watch?v=u_QTuWj107o,7:42,Beginner,8.9,9.13,8.686
Division,Smart Long Division,https://youtu.be/HJYHNxS64f0?si=PJiPytkuwiCJhiuV,14:40,Advanced,8.9,8.402,7.952
Comparing Fractions,Mastering Comparing Fractions,https://youtu.be/PEqV48jMeXw?si=55QJueBjYIoAgbk0,11:09,Advanced,8.7,9.589,8.44
Multiplication,Understanding Multiplication,https://youtu.be/_PyA3CJ-V98?si=mTi02JfyOo0ydPLR,13:18,Intermediate,8.8,9.212,8.533
Comparing Fractions,Mastering Comparing Fractions,https://youtu.be/PEqV48jMeXw?si=55QJueBjYIoAgbk0,11:09,Advanced,8.7,8.117,7.857
Ordering Fractions,How to Order Fractions,https://www.youtube.com/watch?v=i2PfHDs88YE,6:33,Beginner,8.8,9.131,8.728
Ordering Fractions,Introduction to Ordering Fractions,https://youtu.be/rL18ZMgCeKU?si=nixffH9YSe3hdGgm,12:04,Beginner,8.2,7.795,7.94
Subtraction,Smart Subtraction,https://youtu.be/3fYgZgbOJmM?si=0Xq66JMU0XrVlOsn,13:38,Intermediate,7.9,8.042,7.559
Multiplication,Multi-Digit Multiplication,https://youtu.be/dNSrfoYLQZU?si=fjPUGvSBAA5fmj_V,5:02,Advanced,8.3,9.896,8.543
Simplifying Fractions,Learn Fraction Simplification,https://youtu.be/IuB8yTJ0-hk?si=8-bnaKA-irwAua1m,6:20,Intermediate,8.0,9.772,8.379
Multiplication,Long Multiplication for Grade 7,https://www.youtube.com/watch?v=r85EMNbWMiE,21:00,Beginner,9.2,9.39,8.566
Ordering Fractions,Mastering Fractions,https://youtu.be/XvjQcHbUNNw?si=Xyv5SPufpJclBZIf,8:00,Advanced,8.7,9.879,8.582
Simplifying Fractions,Learn Fraction Simplification,https://youtu.be/IuB8yTJ0-hk?si=8-bnaKA-irwAua1m,6:20,Intermediate,8.0,9.813,8.447
Multiplication,Multi-Digit Multiplication,https://youtu.be/dNSrfoYLQZU?si=fjPUGvSBAA5fmj_V,5:02,Advanced,8.3,7.945,7.79
Comparing Fractions,Comparing Like Fractions,https://youtu.be/H3N5To5fO5U?si=Y3IFqQaqTK2GalSa,4:45,Intermediate,7.8,9.441,8.179
Subtraction,Smart Subtraction,https://youtu.be/3fYgZgbOJmM?si=0Xq66JMU0XrVlOsn,13:38,Intermediate,7.9,7.942,7.56
Comparing Fractions,Comparing Like Fractions,https://youtu.be/H3N5To5fO5U?si=Y3IFqQaqTK2GalSa,4:45,Intermediate,7.8,8.871,8.076
Multiplication,Long Multiplication for Grade 7,https://www.youtube.com/watch?v=r85EMNbWMiE,21:00,Beginner,9.2,8.514,8.232
Addition,Adding Large Numbers,https://youtu.be/T9asFgfN5bg?si=CI2z3n21hND5aFvQ,5:03,Intermediate,7.8,8.304,7.876
Comparing Fractions,Mastering Comparing Fractions,https://youtu.be/PEqV48jMeXw?si=55QJueBjYIoAgbk0,11:09,Advanced,8.7,8.381,7.938
Multiplication,Box Method Multiplication,https://youtu.be/n3q3XzzIGSY?si=goczDT3wCWGEkSvm,7:19,Intermediate,8.0,9.942,8.487
Comparing Fractions,Introduction to Comparing Fractions,https://www.youtube.com/watch?v=KNdUJQ_qd4U,6:30,Beginner,8.3,8.455,8.218
Simplifying Fractions,Simplifying Fractions,https://www.youtube.com/watch?v=AtBUQH8Tkqc&t=67s,8:30,Beginner,9.0,9.788,8.8
Ordering Fractions,How to Order Fractions,https://www.youtube.com/watch?v=i2PfHDs88YE,6:33,Beginner,8.8,9.49,8.824
Division,Smart Long Division,https://youtu.be/HJYHNxS64f0?si=PJiPytkuwiCJhiuV,14:40,Advanced,8.9,7.49,7.693
Ordering Fractions,How to Order Fractions,https://www.youtube.com/watch?v=i2PfHDs88YE,6:33,Beginner,8.8,9.197,8.653
Multiplication,Long Multiplication for Grade 7,https://www.youtube.com/watch?v=r85EMNbWMiE,21:00,Beginner,9.2,7.597,8.028
Subtraction,Subtracting Whole Numbers,https://www.youtube.com/watch?v=z4bTlVxU9C0,8:40,Beginner,8.7,9.694,8.582
Fractions to Decimals,Introduction to Fractions to Decimals,https://youtu.be/pDs4a4ijqh0?si=ktPINIYpIFYNILOV,8:00,Intermediate,8.0,7.02,7.55
Division,Smart Long Division,https://youtu.be/HJYHNxS64f0?si=PJiPytkuwiCJhiuV,14:40,Advanced,8.9,7.12,7.592
Subtraction,Multi-Digit Subtraction,https://youtu.be/Y6M89-6106I?si=6dT-roRnqAH6OHdl,6:56,Beginner,8.3,9.283,8.729
Subtraction,Introduction to Subtraction,https://youtu.be/r3qKojj4g4g?si=-XA75LAElZS8jQOy,10:42,Advanced,8.6,9.828,8.455
Subtraction,Subtracting Large Numbers,https://youtu.be/HlxqCdDrbdc?si=1RAFlZfZuuD3LnjX,5:04,Intermediate,8.0,8.902,8.083
Multiplication,Long Multiplication for Grade 7,https://www.youtube.com/watch?v=r85EMNbWMiE,21:00,Beginner,9.2,9.614,8.846
Addition,Add Numbers Faster,https://youtu.be/-x2yAOt_XFY?si=9WXX46kdbQDVhgO8,4:48,Advanced,8.8,7.726,7.969
Subtraction,Smart Subtraction,https://youtu.be/3fYgZgbOJmM?si=0Xq66JMU0XrVlOsn,13:38,Intermediate,7.9,7.173,7.123
Subtraction,Introduction to Subtraction,https://youtu.be/r3qKojj4g4g?si=-XA75LAElZS8jQOy,10:42,Advanced,8.6,9.73,8.481
Comparing Fractions,Comparing Fractions with different Denominators,https://youtu.be/d6fCqzuWjbo?si=eVQb7MoRlFCtsvGj,10:11,Intermediate,8.6,9.125,8.168
Ordering Fractions,Introduction to Ordering Fractions,https://youtu.be/rL18ZMgCeKU?si=nixffH9YSe3hdGgm,12:04,Beginner,8.2,7.325,7.474
Division,Long Division with 2-Digit Divisors,https://youtu.be/HdU_rf7eMTI?si=Pr40TqBRgGXrpLxG,13:04,Intermediate,8.6,9.227,8.301
Simplifying Fractions,Learn Fraction Simplification,https://youtu.be/IuB8yTJ0-hk?si=8-bnaKA-irwAua1m,6:20,Intermediate,8.0,8.453,8.004
Addition,Multi-Digit Addition,https://youtu.be/mAvuom42NyY?si=3Om627A44-sGimLU,6:28,Beginner,8.5,7.484,7.874
Ordering Fractions,Fraction Ordering,https://youtu.be/76s8ZzK87rA?si=F0Z4GtJkicWyq5_A,14:40,Intermediate,7.9,9.684,8.269
Division,Long Division for Grade 7,https://www.youtube.com/watch?v=J15nbHRpSiQ,19:57,Beginner,9.0,9.193,8.409
Ordering Fractions,How to Order Fractions,https://www.youtube.com/watch?v=i2PfHDs88YE,6:33,Beginner,8.8,8.233,8.37
Simplifying Fractions,Reducing Fractions to Simplest Form,https://youtu.be/gVls1-gjIn0?si=vXNqJqUYBvTrC8xT,11:19,Advanced,8.5,9.284,7.947
Subtraction,Smart Subtraction,https://youtu.be/3fYgZgbOJmM?si=0Xq66JMU0XrVlOsn,13:38,Intermediate,7.9,8.038,7.538
Fractions to Decimals,How to Convert Fractions to Decimals,https://www.youtube.com/watch?v=guBVW5PiHLs&list=PPSV,8:29,Beginner,9.1,7.571,8.225
Fractions to Decimals,How to Convert Fractions to Decimals,https://www.youtube.com/watch?v=guBVW5PiHLs&list=PPSV,8:29,Beginner,9.1,8.632,8.337
Division,Smart Long Division,https://youtu.be/HJYHNxS64f0?si=PJiPytkuwiCJhiuV,14:40,Advanced,8.9,9.505,8.261
Subtraction,Subtracting Large Numbers,https://youtu.be/HlxqCdDrbdc?si=1RAFlZfZuuD3LnjX,5:04,Intermediate,8.0,7.861,7.928
Subtraction,Smart Subtraction,https://youtu.be/3fYgZgbOJmM?si=0Xq66JMU0XrVlOsn,13:38,Intermediate,7.9,8.157,7.496
Addition,Adding Three Decimals,https://youtu.be/sQ1W919fgq8?si=V7TgnmmWgHYc_A5P,4:55,Beginner,8.2,9.205,8.62
Ordering Fractions,Introduction to Ordering Fractions,https://youtu.be/rL18ZMgCeKU?si=nixffH9YSe3hdGgm,12:04,Beginner,8.2,8.632,7.963
Division,Basic Division,https://youtu.be/KGMf314LUc0?si=jxaKi8tja1iw8LUl,9:57,Beginner,8.4,9.407,8.529
Division,Division Basics for Beginners,https://youtu.be/InIKW_tfhs4?si=i3EqqM2A_6JHTQYh,3:44,Intermediate,7.8,8.448,7.856
Simplifying Fractions,Reducing Fractions to Simplest Form,https://youtu.be/gVls1-gjIn0?si=vXNqJqUYBvTrC8xT,11:19,Advanced,8.5,8.374,7.844
Division,Basic Division,https://youtu.be/KGMf314LUc0?si=jxaKi8tja1iw8LUl,9:57,Beginner,8.4,9.835,8.687
Fractions to Decimals,Introduction to Fractions to Decimals,https://youtu.be/pDs4a4ijqh0?si=ktPINIYpIFYNILOV,8:00,Intermediate,8.0,8.09,7.637
Comparing Fractions,Comparing Fractions with different Denominators,https://youtu.be/d6fCqzuWjbo?si=eVQb7MoRlFCtsvGj,10:11,Intermediate,8.6,8.004,7.768
Fractions to Decimals,Introduction to Fractions to Decimals,https://youtu.be/pDs4a4ijqh0?si=ktPINIYpIFYNILOV,8:00,Intermediate,8.0,9.588,8.274
Addition,Adding Three Decimals,https://youtu.be/sQ1W919fgq8?si=V7TgnmmWgHYc_A5P,4:55,Beginner,8.2,8.594,8.215
Simplifying Fractions,Learn Fraction Simplification,https://youtu.be/IuB8yTJ0-hk?si=8-bnaKA-irwAua1m,6:20,Intermediate,8.0,7.67,7.684
Division,Long Division for Grade 7,https://www.youtube.com/watch?v=J15nbHRpSiQ,19:57,Beginner,9.0,8.937,8.341
Ordering Fractions,Mastering Fractions,https://youtu.be/XvjQcHbUNNw?si=Xyv5SPufpJclBZIf,8:00,Advanced,8.7,8.757,8.073
Simplifying Fractions,Simplifying Fractions,https://www.youtube.com/watch?v=AtBUQH8Tkqc&t=67s,8:30,Beginner,9.0,9.944,9.068
Multiplication,Master Long Multiplication,https://youtu.be/GKetIwxaenA?si=9tvgkeqmmfUZ80xX,6:25,Beginner,8.5,8.3,8.429
Division,Division Basics for Beginners,https://youtu.be/InIKW_tfhs4?si=i3EqqM2A_6JHTQYh,3:44,Intermediate,7.8,9.001,8.204
Subtraction,Subtracting Whole Numbers,https://www.youtube.com/watch?v=z4bTlVxU9C0,8:40,Beginner,8.7,8.241,8.301
Subtraction,Smart Subtraction,https://youtu.be/3fYgZgbOJmM?si=0Xq66JMU0XrVlOsn,13:38,Intermediate,7.9,8.205,7.686
Fractions to Decimals,Convert any Fraction to a Decimal,https://youtu.be/do_IbHId2Os?si=WyTbHiTgY6AaEz_L,6:43,Beginner,8.4,9.112,8.356
Comparing Fractions,Comparing Like Fractions,https://youtu.be/H3N5To5fO5U?si=Y3IFqQaqTK2GalSa,4:45,Intermediate,7.8,8.09,7.646
Multiplication,Multi-Digit Multiplication,https://youtu.be/dNSrfoYLQZU?si=fjPUGvSBAA5fmj_V,5:02,Advanced,8.3,9.701,8.545
Ordering Fractions,Learn Ordering Fractions,https://youtu.be/QECYScPz4sA?si=qJW4l4BvbXma1lOP,10:15,Intermediate,8.5,9.905,8.533
Subtraction,Smart Subtraction,https://youtu.be/3fYgZgbOJmM?si=0Xq66JMU0XrVlOsn,13:38,Intermediate,7.9,7.418,7.438
Simplifying Fractions,Simplifying Fractions,https://www.youtube.com/watch?v=AtBUQH8Tkqc&t=67s,8:30,Beginner,9.0,8.947,8.687
Division,Long Division with 2-Digit Divisors,https://youtu.be/HdU_rf7eMTI?si=Pr40TqBRgGXrpLxG,13:04,Intermediate,8.6,8.825,7.922
Addition,Decimal Arithmetic,https://www.youtube.com/watch?v=kwh4SD1ToFc,12:14,Intermediate,9.0,7.123,7.774
Division,Long Division with 2-Digit Divisors,https://youtu.be/HdU_rf7eMTI?si=Pr40TqBRgGXrpLxG,13:04,Intermediate,8.6,7.537,7.556
Multiplication,Master Long Multiplication,https://youtu.be/GKetIwxaenA?si=9tvgkeqmmfUZ80xX,6:25,Beginner,8.5,8.318,8.306
Subtraction,Smart Subtraction,https://youtu.be/3fYgZgbOJmM?si=0Xq66JMU0XrVlOsn,13:38,Intermediate,7.9,7.778,7.45
Division,Division Basics for Beginners,https://youtu.be/InIKW_tfhs4?si=i3EqqM2A_6JHTQYh,3:44,Intermediate,7.8,8.807,7.917
Comparing Fractions,Comparing Like Fractions,https://youtu.be/H3N5To5fO5U?si=Y3IFqQaqTK2GalSa,4:45,Intermediate,7.8,7.726,7.585
Multiplication,Multi-Digit Multiplication,https://youtu.be/dNSrfoYLQZU?si=fjPUGvSBAA5fmj_V,5:02,Advanced,8.3,7.882,7.675
Ordering Fractions,Mastering Fractions,https://youtu.be/XvjQcHbUNNw?si=Xyv5SPufpJclBZIf,8:00,Advanced,8.7,9.798,8.548
Ordering Fractions,Learn Ordering Fractions,https://youtu.be/QECYScPz4sA?si=qJW4l4BvbXma1lOP,10:15,Intermediate,8.5,7.175,7.644
Ordering Fractions,Introduction to Ordering Fractions,https://youtu.be/rL18ZMgCeKU?si=nixffH9YSe3hdGgm,12:04,Beginner,8.2,7.593,7.701
Fractions to Decimals,How to Convert Fractions to Decimals,https://www.youtube.com/watch?v=guBVW5PiHLs&list=PPSV,8:29,Beginner,9.1,9.578,9.084
Comparing Fractions,Mastering Comparing Fractions,https://youtu.be/PEqV48jMeXw?si=55QJueBjYIoAgbk0,11:09,Advanced,8.7,7.045,7.384
Fractions to Decimals,Converting Fractions to Decimals,https://youtu.be/UtHGpx_yp4U?si=tVG8XzrdqWBZp_hs,7:54,Intermediate,8.7,8.319,8.265
Multiplication,Understanding Multiplication,https://youtu.be/_PyA3CJ-V98?si=mTi02JfyOo0ydPLR,13:18,Intermediate,8.8,8.718,8.078
Division,Long Division for Grade 7,https://www.youtube.com/watch?v=J15nbHRpSiQ,19:57,Beginner,9.0,7.132,7.771
Addition,Adding Large Numbers,https://youtu.be/T9asFgfN5bg?si=CI2z3n21hND5aFvQ,5:03,Intermediate,7.8,7.645,7.851
Comparing Fractions,Comparing Like Fractions,https://youtu.be/H3N5To5fO5U?si=Y3IFqQaqTK2GalSa,4:45,Intermediate,7.8,7.644,7.66
Ordering Fractions,How to Order Fractions,https://www.youtube.com/watch?v=i2PfHDs88YE,6:33,Beginner,8.8,9.555,8.831
Simplifying Fractions,Reducing Fractions to Simplest Form,https://youtu.be/gVls1-gjIn0?si=vXNqJqUYBvTrC8xT,11:19,Advanced,8.5,7.642,7.476
Ordering Fractions,Learn Ordering Fractions,https://youtu.be/QECYScPz4sA?si=qJW4l4BvbXma1lOP,10:15,Intermediate,8.5,8.655,8.242
Addition,Decimal Arithmetic,https://www.youtube.com/watch?v=kwh4SD1ToFc,12:14,Intermediate,9.0,8.67,8.2
Division,Division Basics for Beginners,https://youtu.be/InIKW_tfhs4?si=i3EqqM2A_6JHTQYh,3:44,Intermediate,7.8,7.876,7.692
Subtraction,Introduction to Subtraction,https://youtu.be/r3qKojj4g4g?si=-XA75LAElZS8jQOy,10:42,Advanced,8.6,8.132,7.832
Comparing Fractions,Introduction to Comparing Fractions,https://www.youtube.com/watch?v=KNdUJQ_qd4U,6:30,Beginner,8.3,7.514,7.825
Division,Division Basics for Beginners,https://youtu.be/InIKW_tfhs4?si=i3EqqM2A_6JHTQYh,3:44,Intermediate,7.8,8.597,8.055
Multiplication,Multi-Digit Multiplication,https://youtu.be/dNSrfoYLQZU?si=fjPUGvSBAA5fmj_V,5:02,Advanced,8.3,9.093,8.212
Subtraction,Smart Subtraction,https://youtu.be/3fYgZgbOJmM?si=0Xq66JMU0XrVlOsn,13:38,Intermediate,7.9,9.019,7.969
Addition,Multi-Digit Addition,https://youtu.be/mAvuom42NyY?si=3Om627A44-sGimLU,6:28,Beginner,8.5,9.497,8.7
Division,Basic Division,https://youtu.be/KGMf314LUc0?si=jxaKi8tja1iw8LUl,9:57,Beginner,8.4,7.361,7.735
Multiplication,Box Method Multiplication,https://youtu.be/n3q3XzzIGSY?si=goczDT3wCWGEkSvm,7:19,Intermediate,8.0,8.687,8.134
Ordering Fractions,How to Order Fractions,https://www.youtube.com/watch?v=i2PfHDs88YE,6:33,Beginner,8.8,7.577,8.254
Fractions to Decimals,How to Convert Fractions to Decimals,https://www.youtube.com/watch?v=guBVW5PiHLs&list=PPSV,8:29,Beginner,9.1,8.657,8.594
Comparing Fractions,Mastering Comparing Fractions,https://youtu.be/PEqV48jMeXw?si=55QJueBjYIoAgbk0,11:09,Advanced,8.7,8.909,8.445
Comparing Fractions,Comparing Fractions with different Denominators,https://youtu.be/d6fCqzuWjbo?si=eVQb7MoRlFCtsvGj,10:11,Intermediate,8.6,7.912,8.062
Division,Long Division with 2-Digit Divisors,https://youtu.be/HdU_rf7eMTI?si=Pr40TqBRgGXrpLxG,13:04,Intermediate,8.6,7.91,7.901
Addition,Adding Large Numbers,https://youtu.be/T9asFgfN5bg?si=CI2z3n21hND5aFvQ,5:03,Intermediate,7.8,8.462,7.99
Subtraction,Smart Subtraction,https://youtu.be/3fYgZgbOJmM?si=0Xq66JMU0XrVlOsn,13:38,Intermediate,7.9,8.676,7.723
Addition,Multi-Digit Addition,https://youtu.be/mAvuom42NyY?si=3Om627A44-sGimLU,6:28,Beginner,8.5,7.136,7.836
Multiplication,Master Long Multiplication,https://youtu.be/GKetIwxaenA?si=9tvgkeqmmfUZ80xX,6:25,Beginner,8.5,9.632,8.799
Ordering Fractions,Introduction to Ordering Fractions,https://youtu.be/rL18ZMgCeKU?si=nixffH9YSe3hdGgm,12:04,Beginner,8.2,9.558,8.278
Addition,Decimal Arithmetic,https://www.youtube.com/watch?v=kwh4SD1ToFc,12:14,Intermediate,9.0,7.531,7.963
Addition,Adding Large Numbers,https://youtu.be/T9asFgfN5bg?si=CI2z3n21hND5aFvQ,5:03,Intermediate,7.8,9.7,8.25
Addition,Adding Three Decimals,https://youtu.be/sQ1W919fgq8?si=V7TgnmmWgHYc_A5P,4:55,Beginner,8.2,9.535,8.505
Division,Smart Long Division,https://youtu.be/HJYHNxS64f0?si=PJiPytkuwiCJhiuV,14:40,Advanced,8.9,8.652,7.94
Multiplication,Long Multiplication for Grade 7,https://www.youtube.com/watch?v=r85EMNbWMiE,21:00,Beginner,9.2,8.897,8.326
Addition,Adding Three Decimals,https://youtu.be/sQ1W919fgq8?si=V7TgnmmWgHYc_A5P,4:55,Beginner,8.2,9.274,8.448
Ordering Fractions,Learn Ordering Fractions,https://youtu.be/QECYScPz4sA?si=qJW4l4BvbXma1lOP,10:15,Intermediate,8.5,8.07,7.867
Addition,Add Numbers Faster,https://youtu.be/-x2yAOt_XFY?si=9WXX46kdbQDVhgO8,4:48,Advanced,8.8,7.119,7.795
Simplifying Fractions,Simplifying Fractions,https://www.youtube.com/watch?v=AtBUQH8Tkqc&t=67s,8:30,Beginner,9.0,8.557,8.507
Division,Long Division with 2-Digit Divisors,https://youtu.be/HdU_rf7eMTI?si=Pr40TqBRgGXrpLxG,13:04,Intermediate,8.6,7.612,7.741
Comparing Fractions,Comparing Fractions with different Denominators,https://youtu.be/d6fCqzuWjbo?si=eVQb7MoRlFCtsvGj,10:11,Intermediate,8.6,8.05,7.979
Division,Long Division with 2-Digit Divisors,https://youtu.be/HdU_rf7eMTI?si=Pr40TqBRgGXrpLxG,13:04,Intermediate,8.6,7.403,7.883
Subtraction,Subtracting Whole Numbers,https://www.youtube.com/watch?v=z4bTlVxU9C0,8:40,Beginner,8.7,7.287,8.041
Simplifying Fractions,Reducing Fractions to Simplest Form,https://youtu.be/gVls1-gjIn0?si=vXNqJqUYBvTrC8xT,11:19,Advanced,8.5,9.66,8.33
Division,Long Division with 2-Digit Divisors,https://youtu.be/HdU_rf7eMTI?si=Pr40TqBRgGXrpLxG,13:04,Intermediate,8.6,7.165,7.574
Simplifying Fractions,How to Simplify Fractions,https://youtu.be/R-FXE3g8GpU?si=TcmelTK3iD3Nzco1,16:06,Intermediate,8.7,7.496,7.849
Fractions to Decimals,How to Convert Fractions to Decimals,https://www.youtube.com/watch?v=guBVW5PiHLs&list=PPSV,8:29,Beginner,9.1,9.368,8.708
Ordering Fractions,How to Order Fractions,https://www.youtube.com/watch?v=i2PfHDs88YE,6:33,Beginner,8.8,8.248,8.256
Comparing Fractions,Comparing Fractions with different Denominators,https://youtu.be/d6fCqzuWjbo?si=eVQb7MoRlFCtsvGj,10:11,Intermediate,8.6,7.507,7.763
Subtraction,Multi-Digit Subtraction,https://youtu.be/Y6M89-6106I?si=6dT-roRnqAH6OHdl,6:56,Beginner,8.3,9.396,8.444
Comparing Fractions,Comparing Fractions with different Denominators,https://youtu.be/d6fCqzuWjbo?si=eVQb7MoRlFCtsvGj,10:11,Intermediate,8.6,8.207,8.066
Fractions to Decimals,Converting Fractions to Decimals,https://youtu.be/UtHGpx_yp4U?si=tVG8XzrdqWBZp_hs,7:54,Intermediate,8.7,7.202,7.68
Comparing Fractions,Mastering Comparing Fractions,https://youtu.be/PEqV48jMeXw?si=55QJueBjYIoAgbk0,11:09,Advanced,8.7,9.577,8.338
Fractions to Decimals,How to Convert Fractions to Decimals,https://www.youtube.com/watch?v=guBVW5PiHLs&list=PPSV,8:29,Beginner,9.1,7.395,8.005
Simplifying Fractions,Learn Fraction Simplification,https://youtu.be/IuB8yTJ0-hk?si=8-bnaKA-irwAua1m,6:20,Intermediate,8.0,9.108,8.244
Subtraction,Subtracting Whole Numbers,https://www.youtube.com/watch?v=z4bTlVxU9C0,8:40,Beginner,8.7,9.458,8.651
Fractions to Decimals,How to Convert Fractions to Decimals,https://www.youtube.com/watch?v=guBVW5PiHLs&list=PPSV,8:29,Beginner,9.1,8.963,8.758
Comparing Fractions,Introduction to Comparing Fractions,https://www.youtube.com/watch?v=KNdUJQ_qd4U,6:30,Beginner,8.3,8.181,8.057
Fractions to Decimals,Converting Fractions to Decimals,https://youtu.be/UtHGpx_yp4U?si=tVG8XzrdqWBZp_hs,7:54,Intermediate,8.7,9.181,8.544
Division,Division Basics for Beginners,https://youtu.be/InIKW_tfhs4?si=i3EqqM2A_6JHTQYh,3:44,Intermediate,7.8,9.309,7.951
Fractions to Decimals,Mastering Fractions to Decimals,https://youtu.be/Mpv7AzOUOqg?si=dMjxnFwXU98D4MpH,9:06,Advanced,8.5,7.352,7.605
Multiplication,Multi-Digit Multiplication,https://youtu.be/dNSrfoYLQZU?si=fjPUGvSBAA5fmj_V,5:02,Advanced,8.3,7.996,7.678
Addition,Adding Large Numbers,https://youtu.be/T9asFgfN5bg?si=CI2z3n21hND5aFvQ,5:03,Intermediate,7.8,9.505,8.183
Multiplication,Box Method Multiplication,https://youtu.be/n3q3XzzIGSY?si=goczDT3wCWGEkSvm,7:19,Intermediate,8.0,9.194,8.174
Division,Division Basics for Beginners,https://youtu.be/InIKW_tfhs4?si=i3EqqM2A_6JHTQYh,3:44,Intermediate,7.8,9.246,8.201
Fractions to Decimals,Convert any Fraction to a Decimal,https://youtu.be/do_IbHId2Os?si=WyTbHiTgY6AaEz_L,6:43,Beginner,8.4,8.314,8.195
Division,Long Division with 2-Digit Divisors,https://youtu.be/HdU_rf7eMTI?si=Pr40TqBRgGXrpLxG,13:04,Intermediate,8.6,7.836,7.737
Subtraction,Multi-Digit Subtraction,https://youtu.be/Y6M89-6106I?si=6dT-roRnqAH6OHdl,6:56,Beginner,8.3,9.829,8.691
Addition,Add Numbers Faster,https://youtu.be/-x2yAOt_XFY?si=9WXX46kdbQDVhgO8,4:48,Advanced,8.8,8.863,8.585
Addition,Add Numbers Faster,https://youtu.be/-x2yAOt_XFY?si=9WXX46kdbQDVhgO8,4:48,Advanced,8.8,8.445,8.398
Ordering Fractions,Learn Ordering Fractions,https://youtu.be/QECYScPz4sA?si=qJW4l4BvbXma1lOP,10:15,Intermediate,8.5,9.645,8.448
Simplifying Fractions,Introduction to Simplifying Fractions,https://youtu.be/k73w_yZb9SM?si=sIcPAuwAjD24B_pV,7:30,Beginner,8.4,8.066,8.159
Division,Smart Long Division,https://youtu.be/HJYHNxS64f0?si=PJiPytkuwiCJhiuV,14:40,Advanced,8.9,9.503,8.446
Division,Division Basics for Beginners,https://youtu.be/InIKW_tfhs4?si=i3EqqM2A_6JHTQYh,3:44,Intermediate,7.8,9.178,8.294
Fractions to Decimals,Converting Fractions to Decimals,https://youtu.be/UtHGpx_yp4U?si=tVG8XzrdqWBZp_hs,7:54,Intermediate,8.7,7.039,7.693
Fractions to Decimals,Introduction to Fractions to Decimals,https://youtu.be/pDs4a4ijqh0?si=ktPINIYpIFYNILOV,8:00,Intermediate,8.0,9.891,8.53
Comparing Fractions,Comparing Fractions with different Denominators,https://youtu.be/d6fCqzuWjbo?si=eVQb7MoRlFCtsvGj,10:11,Intermediate,8.6,8.695,8.149
Ordering Fractions,Learn Ordering Fractions,https://youtu.be/QECYScPz4sA?si=qJW4l4BvbXma1lOP,10:15,Intermediate,8.5,7.166,7.536
Multiplication,Understanding Multiplication,https://youtu.be/_PyA3CJ-V98?si=mTi02JfyOo0ydPLR,13:18,Intermediate,8.8,9.099,8.297
Division,Long Division for Grade 7,https://www.youtube.com/watch?v=J15nbHRpSiQ,19:57,Beginner,9.0,8.328,7.916
Subtraction,Subtracting Whole Numbers,https://www.youtube.com/watch?v=z4bTlVxU9C0,8:40,Beginner,8.7,9.418,8.574
Simplifying Fractions,Reducing Fractions to Simplest Form,https://youtu.be/gVls1-gjIn0?si=vXNqJqUYBvTrC8xT,11:19,Advanced,8.5,9.842,8.374
Ordering Fractions,Mastering Fractions,https://youtu.be/XvjQcHbUNNw?si=Xyv5SPufpJclBZIf,8:00,Advanced,8.7,7.56,7.804
Addition,Decimal Arithmetic,https://www.youtube.com/watch?v=kwh4SD1ToFc,12:14,Intermediate,9.0,8.832,8.342
Simplifying Fractions,Reducing Fractions to Simplest Form,https://youtu.be/gVls1-gjIn0?si=vXNqJqUYBvTrC8xT,11:19,Advanced,8.5,8.645,8.124
Addition,Multi-Digit Addition,https://youtu.be/mAvuom42NyY?si=3Om627A44-sGimLU,6:28,Beginner,8.5,7.588,8.141
Fractions to Decimals,Convert any Fraction to a Decimal,https://youtu.be/do_IbHId2Os?si=WyTbHiTgY6AaEz_L,6:43,Beginner,8.4,7.169,7.804
Ordering Fractions,Mastering Fractions,https://youtu.be/XvjQcHbUNNw?si=Xyv5SPufpJclBZIf,8:00,Advanced,8.7,8.451,8.074
Division,Division Basics for Beginners,https://youtu.be/InIKW_tfhs4?si=i3EqqM2A_6JHTQYh,3:44,Intermediate,7.8,8.003,7.739
Fractions to Decimals,Introduction to Fractions to Decimals,https://youtu.be/pDs4a4ijqh0?si=ktPINIYpIFYNILOV,8:00,Intermediate,8.0,7.757,7.672
Multiplication,Understanding Multiplication,https://youtu.be/_PyA3CJ-V98?si=mTi02JfyOo0ydPLR,13:18,Intermediate,8.8,9.92,8.59
Fractions to Decimals,How to Convert Fractions to Decimals,https://www.youtube.com/watch?v=guBVW5PiHLs&list=PPSV,8:29,Beginner,9.1,9.832,9.022
Subtraction,Subtracting Large Numbers,https://youtu.be/HlxqCdDrbdc?si=1RAFlZfZuuD3LnjX,5:04,Intermediate,8.0,9.575,8.336
Ordering Fractions,How to Order Fractions,https://www.youtube.com/watch?v=i2PfHDs88YE,6:33,Beginner,8.8,9.747,8.863
Comparing Fractions,Comparing Fractions,https://www.youtube.com/watch?v=u_QTuWj107o,7:42,Beginner,8.9,8.663,8.619
Ordering Fractions,Learn Ordering Fractions,https://youtu.be/QECYScPz4sA?si=qJW4l4BvbXma1lOP,10:15,Intermediate,8.5,7.212,7.492
Comparing Fractions,Mastering Comparing Fractions,https://youtu.be/PEqV48jMeXw?si=55QJueBjYIoAgbk0,11:09,Advanced,8.7,7.63,7.715
Ordering Fractions,Mastering Fractions,https://youtu.be/XvjQcHbUNNw?si=Xyv5SPufpJclBZIf,8:00,Advanced,8.7,8.613,8.31
Division,Smart Long Division,https://youtu.be/HJYHNxS64f0?si=PJiPytkuwiCJhiuV,14:40,Advanced,8.9,8.951,8.223
Simplifying Fractions,How to Simplify Fractions,https://youtu.be/R-FXE3g8GpU?si=TcmelTK3iD3Nzco1,16:06,Intermediate,8.7,8.673,7.979
Comparing Fractions,Comparing Like Fractions,https://youtu.be/H3N5To5fO5U?si=Y3IFqQaqTK2GalSa,4:45,Intermediate,7.8,9.161,8.256
Division,Division Basics for Beginners,https://youtu.be/InIKW_tfhs4?si=i3EqqM2A_6JHTQYh,3:44,Intermediate,7.8,7.358,7.833
Fractions to Decimals,Mastering Fractions to Decimals,https://youtu.be/Mpv7AzOUOqg?si=dMjxnFwXU98D4MpH,9:06,Advanced,8.5,7.885,7.918
Division,Basic Division,https://youtu.be/KGMf314LUc0?si=jxaKi8tja1iw8LUl,9:57,Beginner,8.4,7.22,7.855
Comparing Fractions,Mastering Comparing Fractions,https://youtu.be/PEqV48jMeXw?si=55QJueBjYIoAgbk0,11:09,Advanced,8.7,9.987,8.521
Subtraction,Multi-Digit Subtraction,https://youtu.be/Y6M89-6106I?si=6dT-roRnqAH6OHdl,6:56,Beginner,8.3,8.378,8.001
Multiplication,Long Multiplication for Grade 7,https://www.youtube.com/watch?v=r85EMNbWMiE,21:00,Beginner,9.2,8.296,8.188
Simplifying Fractions,Introduction to Simplifying Fractions,https://youtu.be/k73w_yZb9SM?si=sIcPAuwAjD24B_pV,7:30,Beginner,8.4,7.734,7.976
Simplifying Fractions,Learn Fraction Simplification,https://youtu.be/IuB8yTJ0-hk?si=8-bnaKA-irwAua1m,6:20,Intermediate,8.0,7.449,7.481
Multiplication,Master Long Multiplication,https://youtu.be/GKetIwxaenA?si=9tvgkeqmmfUZ80xX,6:25,Beginner,8.5,7.76,7.968
Subtraction,Introduction to Subtraction,https://youtu.be/r3qKojj4g4g?si=-XA75LAElZS8jQOy,10:42,Advanced,8.6,9.112,8.153
Ordering Fractions,Introduction to Ordering Fractions,https://youtu.be/rL18ZMgCeKU?si=nixffH9YSe3hdGgm,12:04,Beginner,8.2,8.462,8.06
Addition,Adding Large Numbers,https://youtu.be/T9asFgfN5bg?si=CI2z3n21hND5aFvQ,5:03,Intermediate,7.8,7.059,7.35
Multiplication,Box Method Multiplication,https://youtu.be/n3q3XzzIGSY?si=goczDT3wCWGEkSvm,7:19,Intermediate,8.0,8.199,7.815
Addition,Decimal Arithmetic,https://www.youtube.com/watch?v=kwh4SD1ToFc,12:14,Intermediate,9.0,9.597,8.511
Ordering Fractions,Introduction to Ordering Fractions,https://youtu.be/rL18ZMgCeKU?si=nixffH9YSe3hdGgm,12:04,Beginner,8.2,9.107,8.153
Addition,Adding Three Decimals,https://youtu.be/sQ1W919fgq8?si=V7TgnmmWgHYc_A5P,4:55,Beginner,8.2,9.088,8.418
Comparing Fractions,Mastering Comparing Fractions,https://youtu.be/PEqV48jMeXw?si=55QJueBjYIoAgbk0,11:09,Advanced,8.7,9.131,8.204
Comparing Fractions,Comparing Fractions with different Denominators,https://youtu.be/d6fCqzuWjbo?si=eVQb7MoRlFCtsvGj,10:11,Intermediate,8.6,9.244,8.447
Simplifying Fractions,Simplifying Fractions,https://www.youtube.com/watch?v=AtBUQH8Tkqc&t=67s,8:30,Beginner,9.0,8.671,8.584
Addition,Adding Large Numbers,https://youtu.be/T9asFgfN5bg?si=CI2z3n21hND5aFvQ,5:03,Intermediate,7.8,7.778,7.666
Division,Basic Division,https://youtu.be/KGMf314LUc0?si=jxaKi8tja1iw8LUl,9:57,Beginner,8.4,9.486,8.616
Addition,Multi-Digit Addition,https://youtu.be/mAvuom42NyY?si=3Om627A44-sGimLU,6:28,Beginner,8.5,7.017,7.657
Subtraction,Multi-Digit Subtraction,https://youtu.be/Y6M89-6106I?si=6dT-roRnqAH6OHdl,6:56,Beginner,8.3,7.764,7.991
Subtraction,Smart Subtraction,https://youtu.be/3fYgZgbOJmM?si=0Xq66JMU0XrVlOsn,13:38,Intermediate,7.9,9.665,8.09
Ordering Fractions,Learn Ordering Fractions,https://youtu.be/QECYScPz4sA?si=qJW4l4BvbXma1lOP,10:15,Intermediate,8.5,8.188,7.74
Comparing Fractions,Comparing Fractions with different Denominators,https://youtu.be/d6fCqzuWjbo?si=eVQb7MoRlFCtsvGj,10:11,Intermediate,8.6,9.112,8.405
Simplifying Fractions,Simplifying Fractions,https://www.youtube.com/watch?v=AtBUQH8Tkqc&t=67s,8:30,Beginner,9.0,8.701,8.582
Comparing Fractions,Introduction to Comparing Fractions,https://www.youtube.com/watch?v=KNdUJQ_qd4U,6:30,Beginner,8.3,8.985,8.396
Ordering Fractions,Introduction to Ordering Fractions,https://youtu.be/rL18ZMgCeKU?si=nixffH9YSe3hdGgm,12:04,Beginner,8.2,7.921,7.956
Subtraction,Multi-Digit Subtraction,https://youtu.be/Y6M89-6106I?si=6dT-roRnqAH6OHdl,6:56,Beginner,8.3,8.932,8.262
Addition,Multi-Digit Addition,https://youtu.be/mAvuom42NyY?si=3Om627A44-sGimLU,6:28,Beginner,8.5,9.425,8.504
Division,Division Basics for Beginners,https://youtu.be/InIKW_tfhs4?si=i3EqqM2A_6JHTQYh,3:44,Intermediate,7.8,8.652,8.028
Simplifying Fractions,Introduction to Simplifying Fractions,https://youtu.be/k73w_yZb9SM?si=sIcPAuwAjD24B_pV,7:30,Beginner,8.4,7.739,8.116
Fractions to Decimals,Mastering Fractions to Decimals,https://youtu.be/Mpv7AzOUOqg?si=dMjxnFwXU98D4MpH,9:06,Advanced,8.5,9.067,8.07
Comparing Fractions,Comparing Like Fractions,https://youtu.be/H3N5To5fO5U?si=Y3IFqQaqTK2GalSa,4:45,Intermediate,7.8,9.015,8.061
Fractions to Decimals,Converting Fractions to Decimals,https://youtu.be/UtHGpx_yp4U?si=tVG8XzrdqWBZp_hs,7:54,Intermediate,8.7,8.287,8.118
Division,Long Division with 2-Digit Divisors,https://youtu.be/HdU_rf7eMTI?si=Pr40TqBRgGXrpLxG,13:04,Intermediate,8.6,7.845,7.888
Ordering Fractions,How to Order Fractions,https://www.youtube.com/watch?v=i2PfHDs88YE,6:33,Beginner,8.8,7.737,8.285
Comparing Fractions,Comparing Like Fractions,https://youtu.be/H3N5To5fO5U?si=Y3IFqQaqTK2GalSa,4:45,Intermediate,7.8,7.235,7.564
Comparing Fractions,Comparing Fractions,https://www.youtube.com/watch?v=u_QTuWj107o,7:42,Beginner,8.9,7.591,8.14
Fractions to Decimals,Converting Fractions to Decimals,https://youtu.be/UtHGpx_yp4U?si=tVG8XzrdqWBZp_hs,7:54,Intermediate,8.7,7.949,8.049
Division,Division Basics for Beginners,https://youtu.be/InIKW_tfhs4?si=i3EqqM2A_6JHTQYh,3:44,Intermediate,7.8,9.33,8.24
Addition,Adding Large Numbers,https://youtu.be/T9asFgfN5bg?si=CI2z3n21hND5aFvQ,5:03,Intermediate,7.8,9.684,8.222
Addition,Adding Large Numbers,https://youtu.be/T9asFgfN5bg?si=CI2z3n21hND5aFvQ,5:03,Intermediate,7.8,7.866,7.552
Simplifying Fractions,How to Simplify Fractions,https://youtu.be/R-FXE3g8GpU?si=TcmelTK3iD3Nzco1,16:06,Intermediate,8.7,8.112,8.129
Fractions to Decimals,Mastering Fractions to Decimals,https://youtu.be/Mpv7AzOUOqg?si=dMjxnFwXU98D4MpH,9:06,Advanced,8.5,8.742,8.11
Addition,Multi-Digit Addition,https://youtu.be/mAvuom42NyY?si=3Om627A44-sGimLU,6:28,Beginner,8.5,8.481,8.333
Comparing Fractions,Introduction to Comparing Fractions,https://www.youtube.com/watch?v=KNdUJQ_qd4U,6:30,Beginner,8.3,8.022,8.102
Simplifying Fractions,Simplifying Fractions,https://www.youtube.com/watch?v=AtBUQH8Tkqc&t=67s,8:30,Beginner,9.0,7.107,8.032
Division,Long Division for Grade 7,https://www.youtube.com/watch?v=J15nbHRpSiQ,19:57,Beginner,9.0,7.218,7.837
Multiplication,Master Long Multiplication,https://youtu.be/GKetIwxaenA?si=9tvgkeqmmfUZ80xX,6:25,Beginner,8.5,8.012,8.291
Fractions to Decimals,Convert any Fraction to a Decimal,https://youtu.be/do_IbHId2Os?si=WyTbHiTgY6AaEz_L,6:43,Beginner,8.4,7.639,8.129
Ordering Fractions,Learn Ordering Fractions,https://youtu.be/QECYScPz4sA?si=qJW4l4BvbXma1lOP,10:15,Intermediate,8.5,9.824,8.546
Ordering Fractions,Introduction to Ordering Fractions,https://youtu.be/rL18ZMgCeKU?si=nixffH9YSe3hdGgm,12:04,Beginner,8.2,9.279,8.202
Simplifying Fractions,Learn Fraction Simplification,https://youtu.be/IuB8yTJ0-hk?si=8-bnaKA-irwAua1m,6:20,Intermediate,8.0,8.407,7.965
Multiplication,Understanding Multiplication,https://youtu.be/_PyA3CJ-V98?si=mTi02JfyOo0ydPLR,13:18,Intermediate,8.8,9.52,8.507
Fractions to Decimals,Mastering Fractions to Decimals,https://youtu.be/Mpv7AzOUOqg?si=dMjxnFwXU98D4MpH,9:06,Advanced,8.5,8.363,7.7
Multiplication,Box Method Multiplication,https://youtu.be/n3q3XzzIGSY?si=goczDT3wCWGEkSvm,7:19,Intermediate,8.0,8.594,8.051
Simplifying Fractions,Learn Fraction Simplification,https://youtu.be/IuB8yTJ0-hk?si=8-bnaKA-irwAua1m,6:20,Intermediate,8.0,7.061,7.494
Comparing Fractions,Comparing Like Fractions,https://youtu.be/H3N5To5fO5U?si=Y3IFqQaqTK2GalSa,4:45,Intermediate,7.8,8.862,7.986
Fractions to Decimals,Mastering Fractions to Decimals,https://youtu.be/Mpv7AzOUOqg?si=dMjxnFwXU98D4MpH,9:06,Advanced,8.5,7.684,7.708
Multiplication,Multi-Digit Multiplication,https://youtu.be/dNSrfoYLQZU?si=fjPUGvSBAA5fmj_V,5:02,Advanced,8.3,7.763,7.6
Division,Long Division with 2-Digit Divisors,https://youtu.be/HdU_rf7eMTI?si=Pr40TqBRgGXrpLxG,13:04,Intermediate,8.6,8.649,8.066
Division,Long Division for Grade 7,https://www.youtube.com/watch?v=J15nbHRpSiQ,19:57,Beginner,9.0,9.412,8.409
Subtraction,Subtracting Whole Numbers,https://www.youtube.com/watch?v=z4bTlVxU9C0,8:40,Beginner,8.7,7.974,8.161
Division,Smart Long Division,https://youtu.be/HJYHNxS64f0?si=PJiPytkuwiCJhiuV,14:40,Advanced,8.9,7.306,7.473
Simplifying Fractions,Simplifying Fractions,https://www.youtube.com/watch?v=AtBUQH8Tkqc&t=67s,8:30,Beginner,9.0,9.152,8.793
Addition,Adding Large Numbers,https://youtu.be/T9asFgfN5bg?si=CI2z3n21hND5aFvQ,5:03,Intermediate,7.8,7.515,7.572
Addition,Adding Large Numbers,https://youtu.be/T9asFgfN5bg?si=CI2z3n21hND5aFvQ,5:03,Intermediate,7.8,9.398,8.298
Comparing Fractions,Comparing Fractions with different Denominators,https://youtu.be/d6fCqzuWjbo?si=eVQb7MoRlFCtsvGj,10:11,Intermediate,8.6,8.611,8.026
Comparing Fractions,Mastering Comparing Fractions,https://youtu.be/PEqV48jMeXw?si=55QJueBjYIoAgbk0,11:09,Advanced,8.7,9.544,8.377
Addition,Adding Three Decimals,https://youtu.be/sQ1W919fgq8?si=V7TgnmmWgHYc_A5P,4:55,Beginner,8.2,7.214,7.896
Simplifying Fractions,Reducing Fractions to Simplest Form,https://youtu.be/gVls1-gjIn0?si=vXNqJqUYBvTrC8xT,11:19,Advanced,8.5,7.986,7.811
Simplifying Fractions,Learn Fraction Simplification,https://youtu.be/IuB8yTJ0-hk?si=8-bnaKA-irwAua1m,6:20,Intermediate,8.0,7.772,7.707
Ordering Fractions,How to Order Fractions,https://www.youtube.com/watch?v=i2PfHDs88YE,6:33,Beginner,8.8,8.458,8.374
Fractions to Decimals,Convert any Fraction to a Decimal,https://youtu.be/do_IbHId2Os?si=WyTbHiTgY6AaEz_L,6:43,Beginner,8.4,9.499,8.559
Simplifying Fractions,How to Simplify Fractions,https://youtu.be/R-FXE3g8GpU?si=TcmelTK3iD3Nzco1,16:06,Intermediate,8.7,8.94,8.125
Division,Long Division with 2-Digit Divisors,https://youtu.be/HdU_rf7eMTI?si=Pr40TqBRgGXrpLxG,13:04,Intermediate,8.6,8.423,7.883
Division,Basic Division,https://youtu.be/KGMf314LUc0?si=jxaKi8tja1iw8LUl,9:57,Beginner,8.4,9.115,8.351
Subtraction,Subtracting Large Numbers,https://youtu.be/HlxqCdDrbdc?si=1RAFlZfZuuD3LnjX,5:04,Intermediate,8.0,8.616,8.026
Multiplication,Master Long Multiplication,https://youtu.be/GKetIwxaenA?si=9tvgkeqmmfUZ80xX,6:25,Beginner,8.5,8.523,8.293
Fractions to Decimals,Introduction to Fractions to Decimals,https://youtu.be/pDs4a4ijqh0?si=ktPINIYpIFYNILOV,8:00,Intermediate,8.0,8.758,8.004
Subtraction,Subtracting Whole Numbers,https://www.youtube.com/watch?v=z4bTlVxU9C0,8:40,Beginner,8.7,8.06,8.266
Division,Long Division with 2-Digit Divisors,https://youtu.be/HdU_rf7eMTI?si=Pr40TqBRgGXrpLxG,13:04,Intermediate,8.6,8.456,8.174
Division,Smart Long Division,https://youtu.be/HJYHNxS64f0?si=PJiPytkuwiCJhiuV,14:40,Advanced,8.9,8.087,7.816
Ordering Fractions,How to Order Fractions,https://www.youtube.com/watch?v=i2PfHDs88YE,6:33,Beginner,8.8,8.765,8.531
Comparing Fractions,Comparing Fractions with different Denominators,https://youtu.be/d6fCqzuWjbo?si=eVQb7MoRlFCtsvGj,10:11,Intermediate,8.6,9.782,8.426
Subtraction,Introduction to Subtraction,https://youtu.be/r3qKojj4g4g?si=-XA75LAElZS8jQOy,10:42,Advanced,8.6,9.852,8.389
Addition,Add Numbers Faster,https://youtu.be/-x2yAOt_XFY?si=9WXX46kdbQDVhgO8,4:48,Advanced,8.8,8.624,8.307
Ordering Fractions,How to Order Fractions,https://www.youtube.com/watch?v=i2PfHDs88YE,6:33,Beginner,8.8,7.71,8.146
Ordering Fractions,Learn Ordering Fractions,https://youtu.be/QECYScPz4sA?si=qJW4l4BvbXma1lOP,10:15,Intermediate,8.5,9.647,8.367
Fractions to Decimals,Convert any Fraction to a Decimal,https://youtu.be/do_IbHId2Os?si=WyTbHiTgY6AaEz_L,6:43,Beginner,8.4,9.684,8.853
Multiplication,Understanding Multiplication,https://youtu.be/_PyA3CJ-V98?si=mTi02JfyOo0ydPLR,13:18,Intermediate,8.8,8.821,8.103
Simplifying Fractions,Introduction to Simplifying Fractions,https://youtu.be/k73w_yZb9SM?si=sIcPAuwAjD24B_pV,7:30,Beginner,8.4,8.678,8.386
Division,Division Basics for Beginners,https://youtu.be/InIKW_tfhs4?si=i3EqqM2A_6JHTQYh,3:44,Intermediate,7.8,9.145,8.078
Ordering Fractions,How to Order Fractions,https://www.youtube.com/watch?v=i2PfHDs88YE,6:33,Beginner,8.8,7.05,7.863
Comparing Fractions,Introduction to Comparing Fractions,https://www.youtube.com/watch?v=KNdUJQ_qd4U,6:30,Beginner,8.3,8.387,8.136
Division,Basic Division,https://youtu.be/KGMf314LUc0?si=jxaKi8tja1iw8LUl,9:57,Beginner,8.4,7.507,7.809
Subtraction,Multi-Digit Subtraction,https://youtu.be/Y6M89-6106I?si=6dT-roRnqAH6OHdl,6:56,Beginner,8.3,7.878,7.914
Simplifying Fractions,Learn Fraction Simplification,https://youtu.be/IuB8yTJ0-hk?si=8-bnaKA-irwAua1m,6:20,Intermediate,8.0,7.515,7.553
Fractions to Decimals,Mastering Fractions to Decimals,https://youtu.be/Mpv7AzOUOqg?si=dMjxnFwXU98D4MpH,9:06,Advanced,8.5,9.987,8.675
Addition,Adding Large Numbers,https://youtu.be/T9asFgfN5bg?si=CI2z3n21hND5aFvQ,5:03,Intermediate,7.8,8.995,7.983
Addition,Multi-Digit Addition,https://youtu.be/mAvuom42NyY?si=3Om627A44-sGimLU,6:28,Beginner,8.5,7.954,8.143
Comparing Fractions,Comparing Like Fractions,https://youtu.be/H3N5To5fO5U?si=Y3IFqQaqTK2GalSa,4:45,Intermediate,7.8,7.153,7.402
Ordering Fractions,Introduction to Ordering Fractions,https://youtu.be/rL18ZMgCeKU?si=nixffH9YSe3hdGgm,12:04,Beginner,8.2,8.977,8.213
Subtraction,Multi-Digit Subtraction,https://youtu.be/Y6M89-6106I?si=6dT-roRnqAH6OHdl,6:56,Beginner,8.3,7.858,8.066
Multiplication,Master Long Multiplication,https://youtu.be/GKetIwxaenA?si=9tvgkeqmmfUZ80xX,6:25,Beginner,8.5,9.168,8.592
Multiplication,Master Long Multiplication,https://youtu.be/GKetIwxaenA?si=9tvgkeqmmfUZ80xX,6:25,Beginner,8.5,7.98,8.182
Division,Division Basics for Beginners,https://youtu.be/InIKW_tfhs4?si=i3EqqM2A_6JHTQYh,3:44,Intermediate,7.8,9.122,8.172
Multiplication,Understanding Multiplication,https://youtu.be/_PyA3CJ-V98?si=mTi02JfyOo0ydPLR,13:18,Intermediate,8.8,8.206,7.983
Multiplication,Box Method Multiplication,https://youtu.be/n3q3XzzIGSY?si=goczDT3wCWGEkSvm,7:19,Intermediate,8.0,8.064,7.908
Multiplication,Multi-Digit Multiplication,https://youtu.be/dNSrfoYLQZU?si=fjPUGvSBAA5fmj_V,5:02,Advanced,8.3,8.287,7.804
Simplifying Fractions,Learn Fraction Simplification,https://youtu.be/IuB8yTJ0-hk?si=8-bnaKA-irwAua1m,6:20,Intermediate,8.0,7.498,7.501
Addition,Adding Large Numbers,https://youtu.be/T9asFgfN5bg?si=CI2z3n21hND5aFvQ,5:03,Intermediate,7.8,9.491,8.068
Division,Long Division with 2-Digit Divisors,https://youtu.be/HdU_rf7eMTI?si=Pr40TqBRgGXrpLxG,13:04,Intermediate,8.6,7.873,7.626
Subtraction,Subtracting Large Numbers,https://youtu.be/HlxqCdDrbdc?si=1RAFlZfZuuD3LnjX,5:04,Intermediate,8.0,7.203,7.356
Simplifying Fractions,Reducing Fractions to Simplest Form,https://youtu.be/gVls1-gjIn0?si=vXNqJqUYBvTrC8xT,11:19,Advanced,8.5,8.737,8.097
Ordering Fractions,Fraction Ordering,https://youtu.be/76s8ZzK87rA?si=F0Z4GtJkicWyq5_A,14:40,Intermediate,7.9,9.71,8.083
Multiplication,Long Multiplication for Grade 7,https://www.youtube.com/watch?v=r85EMNbWMiE,21:00,Beginner,9.2,8.036,8.019
Ordering Fractions,Introduction to Ordering Fractions,https://youtu.be/rL18ZMgCeKU?si=nixffH9YSe3hdGgm,12:04,Beginner,8.2,7.588,7.524
Simplifying Fractions,Introduction to Simplifying Fractions,https://youtu.be/k73w_yZb9SM?si=sIcPAuwAjD24B_pV,7:30,Beginner,8.4,8.51,8.398
Division,Division Basics for Beginners,https://youtu.be/InIKW_tfhs4?si=i3EqqM2A_6JHTQYh,3:44,Intermediate,7.8,8.09,7.611
Subtraction,Subtracting Large Numbers,https://youtu.be/HlxqCdDrbdc?si=1RAFlZfZuuD3LnjX,5:04,Intermediate,8.0,9.612,8.403
Addition,Adding Large Numbers,https://youtu.be/T9asFgfN5bg?si=CI2z3n21hND5aFvQ,5:03,Intermediate,7.8,9.953,8.338
Comparing Fractions,Comparing Fractions with different Denominators,https://youtu.be/d6fCqzuWjbo?si=eVQb7MoRlFCtsvGj,10:11,Intermediate,8.6,8.286,8.019
Subtraction,Smart Subtraction,https://youtu.be/3fYgZgbOJmM?si=0Xq66JMU0XrVlOsn,13:38,Intermediate,7.9,8.803,7.751
Division,Long Division for Grade 7,https://www.youtube.com/watch?v=J15nbHRpSiQ,19:57,Beginner,9.0,8.535,8.075
Comparing Fractions,Mastering Comparing Fractions,https://youtu.be/PEqV48jMeXw?si=55QJueBjYIoAgbk0,11:09,Advanced,8.7,7.858,7.911
Subtraction,Subtracting Whole Numbers,https://www.youtube.com/watch?v=z4bTlVxU9C0,8:40,Beginner,8.7,9.153,8.672
Division,Smart Long Division,https://youtu.be/HJYHNxS64f0?si=PJiPytkuwiCJhiuV,14:40,Advanced,8.9,9.208,8.365
Subtraction,Subtracting Whole Numbers,https://www.youtube.com/watch?v=z4bTlVxU9C0,8:40,Beginner,8.7,8.942,8.537
Division,Smart Long Division,https://youtu.be/HJYHNxS64f0?si=PJiPytkuwiCJhiuV,14:40,Advanced,8.9,8.512,8.133
Division,Long Division for Grade 7,https://www.youtube.com/watch?v=J15nbHRpSiQ,19:57,Beginner,9.0,8.715,8.212
Ordering Fractions,Introduction to Ordering Fractions,https://youtu.be/rL18ZMgCeKU?si=nixffH9YSe3hdGgm,12:04,Beginner,8.2,7.158,7.48
Comparing Fractions,Mastering Comparing Fractions,https://youtu.be/PEqV48jMeXw?si=55QJueBjYIoAgbk0,11:09,Advanced,8.7,7.236,7.624
Fractions to Decimals,Converting Fractions to Decimals,https://youtu.be/UtHGpx_yp4U?si=tVG8XzrdqWBZp_hs,7:54,Intermediate,8.7,8.037,7.975
Fractions to Decimals,Convert any Fraction to a Decimal,https://youtu.be/do_IbHId2Os?si=WyTbHiTgY6AaEz_L,6:43,Beginner,8.4,8.108,8.292
Simplifying Fractions,Learn Fraction Simplification,https://youtu.be/IuB8yTJ0-hk?si=8-bnaKA-irwAua1m,6:20,Intermediate,8.0,7.448,7.443
Fractions to Decimals,Convert any Fraction to a Decimal,https://youtu.be/do_IbHId2Os?si=WyTbHiTgY6AaEz_L,6:43,Beginner,8.4,7.53,7.928
Division,Long Division for Grade 7,https://www.youtube.com/watch?v=J15nbHRpSiQ,19:57,Beginner,9.0,9.461,8.646
Addition,Adding Large Numbers,https://youtu.be/T9asFgfN5bg?si=CI2z3n21hND5aFvQ,5:03,Intermediate,7.8,7.055,7.401
Division,Smart Long Division,https://youtu.be/HJYHNxS64f0?si=PJiPytkuwiCJhiuV,14:40,Advanced,8.9,8.793,8.022
Comparing Fractions,Introduction to Comparing Fractions,https://www.youtube.com/watch?v=KNdUJQ_qd4U,6:30,Beginner,8.3,8.352,8.308
Comparing Fractions,Comparing Fractions,https://www.youtube.com/watch?v=u_QTuWj107o,7:42,Beginner,8.9,8.557,8.553
Subtraction,Multi-Digit Subtraction,https://youtu.be/Y6M89-6106I?si=6dT-roRnqAH6OHdl,6:56,Beginner,8.3,7.2,7.736
Addition,Add Numbers Faster,https://youtu.be/-x2yAOt_XFY?si=9WXX46kdbQDVhgO8,4:48,Advanced,8.8,7.979,8.044
Addition,Multi-Digit Addition,https://youtu.be/mAvuom42NyY?si=3Om627A44-sGimLU,6:28,Beginner,8.5,8.075,8.154
Comparing Fractions,Introduction to Comparing Fractions,https://www.youtube.com/watch?v=KNdUJQ_qd4U,6:30,Beginner,8.3,9.131,8.199
Division,Long Division for Grade 7,https://www.youtube.com/watch?v=J15nbHRpSiQ,19:57,Beginner,9.0,8.664,8.122
Ordering Fractions,Learn Ordering Fractions,https://youtu.be/QECYScPz4sA?si=qJW4l4BvbXma1lOP,10:15,Intermediate,8.5,7.611,7.656
Comparing Fractions,Comparing Fractions with different Denominators,https://youtu.be/d6fCqzuWjbo?si=eVQb7MoRlFCtsvGj,10:11,Intermediate,8.6,9.325,8.427
Ordering Fractions,Fraction Ordering,https://youtu.be/76s8ZzK87rA?si=F0Z4GtJkicWyq5_A,14:40,Intermediate,7.9,9.454,8.002
Ordering Fractions,How to Order Fractions,https://www.youtube.com/watch?v=i2PfHDs88YE,6:33,Beginner,8.8,8.89,8.539
Multiplication,Box Method Multiplication,https://youtu.be/n3q3XzzIGSY?si=goczDT3wCWGEkSvm,7:19,Intermediate,8.0,8.595,8.078
Subtraction,Smart Subtraction,https://youtu.be/3fYgZgbOJmM?si=0Xq66JMU0XrVlOsn,13:38,Intermediate,7.9,8.937,7.78
Division,Long Division for Grade 7,https://www.youtube.com/watch?v=J15nbHRpSiQ,19:57,Beginner,9.0,9.767,8.525
Ordering Fractions,How to Order Fractions,https://www.youtube.com/watch?v=i2PfHDs88YE,6:33,Beginner,8.8,8.247,8.262
Comparing Fractions,Introduction to Comparing Fractions,https://www.youtube.com/watch?v=KNdUJQ_qd4U,6:30,Beginner,8.3,9.615,8.713
Addition,Adding Three Decimals,https://youtu.be/sQ1W919fgq8?si=V7TgnmmWgHYc_A5P,4:55,Beginner,8.2,9.972,8.774
Ordering Fractions,Mastering Fractions,https://youtu.be/XvjQcHbUNNw?si=Xyv5SPufpJclBZIf,8:00,Advanced,8.7,7.359,7.664
Fractions to Decimals,Converting Fractions to Decimals,https://youtu.be/UtHGpx_yp4U?si=tVG8XzrdqWBZp_hs,7:54,Intermediate,8.7,9.63,8.594
Subtraction,Introduction to Subtraction,https://youtu.be/r3qKojj4g4g?si=-XA75LAElZS8jQOy,10:42,Advanced,8.6,9.676,8.375
Multiplication,Multi-Digit Multiplication,https://youtu.be/dNSrfoYLQZU?si=fjPUGvSBAA5fmj_V,5:02,Advanced,8.3,9.077,8.377
Comparing Fractions,Mastering Comparing Fractions,https://youtu.be/PEqV48jMeXw?si=55QJueBjYIoAgbk0,11:09,Advanced,8.7,9.808,8.45
Addition,Adding Three Decimals,https://youtu.be/sQ1W919fgq8?si=V7TgnmmWgHYc_A5P,4:55,Beginner,8.2,7.235,7.829
Fractions to Decimals,Converting Fractions to Decimals,https://youtu.be/UtHGpx_yp4U?si=tVG8XzrdqWBZp_hs,7:54,Intermediate,8.7,9.405,8.585
Simplifying Fractions,How to Simplify Fractions,https://youtu.be/R-FXE3g8GpU?si=TcmelTK3iD3Nzco1,16:06,Intermediate,8.7,9.331,8.353
Simplifying Fractions,How to Simplify Fractions,https://youtu.be/R-FXE3g8GpU?si=TcmelTK3iD3Nzco1,16:06,Intermediate,8.7,8.412,8.08
Fractions to Decimals,Converting Fractions to Decimals,https://youtu.be/UtHGpx_yp4U?si=tVG8XzrdqWBZp_hs,7:54,Intermediate,8.7,8.355,8.133
Fractions to Decimals,How to Convert Fractions to Decimals,https://www.youtube.com/watch?v=guBVW5PiHLs&list=PPSV,8:29,Beginner,9.1,7.904,8.343
Fractions to Decimals,Mastering Fractions to Decimals,https://youtu.be/Mpv7AzOUOqg?si=dMjxnFwXU98D4MpH,9:06,Advanced,8.5,7.952,7.843
Comparing Fractions,Introduction to Comparing Fractions,https://www.youtube.com/watch?v=KNdUJQ_qd4U,6:30,Beginner,8.3,7.998,8.136
Multiplication,Multi-Digit Multiplication,https://youtu.be/dNSrfoYLQZU?si=fjPUGvSBAA5fmj_V,5:02,Advanced,8.3,7.309,7.561
Fractions to Decimals,Mastering Fractions to Decimals,https://youtu.be/Mpv7AzOUOqg?si=dMjxnFwXU98D4MpH,9:06,Advanced,8.5,9.558,8.451
Comparing Fractions,Comparing Fractions with different Denominators,https://youtu.be/d6fCqzuWjbo?si=eVQb7MoRlFCtsvGj,10:11,Intermediate,8.6,8.351,8.195
Multiplication,Master Long Multiplication,https://youtu.be/GKetIwxaenA?si=9tvgkeqmmfUZ80xX,6:25,Beginner,8.5,9.565,8.737
Fractions to Decimals,Introduction to Fractions to Decimals,https://youtu.be/pDs4a4ijqh0?si=ktPINIYpIFYNILOV,8:00,Intermediate,8.0,9.408,8.373
Fractions to Decimals,How to Convert Fractions to Decimals,https://www.youtube.com/watch?v=guBVW5PiHLs&list=PPSV,8:29,Beginner,9.1,7.138,8.027
Fractions to Decimals,Converting Fractions to Decimals,https://youtu.be/UtHGpx_yp4U?si=tVG8XzrdqWBZp_hs,7:54,Intermediate,8.7,8.744,8.375
Simplifying Fractions,Simplifying Fractions,https://www.youtube.com/watch?v=AtBUQH8Tkqc&t=67s,8:30,Beginner,9.0,9.541,8.859
Simplifying Fractions,How to Simplify Fractions,https://youtu.be/R-FXE3g8GpU?si=TcmelTK3iD3Nzco1,16:06,Intermediate,8.7,9.918,8.397
Ordering Fractions,Learn Ordering Fractions,https://youtu.be/QECYScPz4sA?si=qJW4l4BvbXma1lOP,10:15,Intermediate,8.5,7.084,7.632
Multiplication,Master Long Multiplication,https://youtu.be/GKetIwxaenA?si=9tvgkeqmmfUZ80xX,6:25,Beginner,8.5,8.236,8.301
Addition,Add Numbers Faster,https://youtu.be/-x2yAOt_XFY?si=9WXX46kdbQDVhgO8,4:48,Advanced,8.8,7.453,7.869
Addition,Multi-Digit Addition,https://youtu.be/mAvuom42NyY?si=3Om627A44-sGimLU,6:28,Beginner,8.5,7.943,8.0
Addition,Add Numbers Faster,https://youtu.be/-x2yAOt_XFY?si=9WXX46kdbQDVhgO8,4:48,Advanced,8.8,9.952,8.867
Fractions to Decimals,Convert any Fraction to a Decimal,https://youtu.be/do_IbHId2Os?si=WyTbHiTgY6AaEz_L,6:43,Beginner,8.4,8.921,8.31
Fractions to Decimals,How to Convert Fractions to Decimals,https://www.youtube.com/watch?v=guBVW5PiHLs&list=PPSV,8:29,Beginner,9.1,7.204,8.064
Addition,Adding Three Decimals,https://youtu.be/sQ1W919fgq8?si=V7TgnmmWgHYc_A5P,4:55,Beginner,8.2,7.076,7.768
Multiplication,Long Multiplication for Grade 7,https://www.youtube.com/watch?v=r85EMNbWMiE,21:00,Beginner,9.2,8.255,7.996
Ordering Fractions,Learn Ordering Fractions,https://youtu.be/QECYScPz4sA?si=qJW4l4BvbXma1lOP,10:15,Intermediate,8.5,9.802,8.542
Fractions to Decimals,How to Convert Fractions to Decimals,https://www.youtube.com/watch?v=guBVW5PiHLs&list=PPSV,8:29,Beginner,9.1,9.827,9.151
Comparing Fractions,Comparing Fractions,https://www.youtube.com/watch?v=u_QTuWj107o,7:42,Beginner,8.9,7.269,8.139
Multiplication,Master Long Multiplication,https://youtu.be/GKetIwxaenA?si=9tvgkeqmmfUZ80xX,6:25,Beginner,8.5,7.352,7.926
Addition,Decimal Arithmetic,https://www.youtube.com/watch?v=kwh4SD1ToFc,12:14,Intermediate,9.0,9.003,8.463
Ordering Fractions,Learn Ordering Fractions,https://youtu.be/QECYScPz4sA?si=qJW4l4BvbXma1lOP,10:15,Intermediate,8.5,7.805,7.914
Multiplication,Box Method Multiplication,https://youtu.be/n3q3XzzIGSY?si=goczDT3wCWGEkSvm,7:19,Intermediate,8.0,8.065,7.784
Multiplication,Box Method Multiplication,https://youtu.be/n3q3XzzIGSY?si=goczDT3wCWGEkSvm,7:19,Intermediate,8.0,7.664,7.663
Simplifying Fractions,Learn Fraction Simplification,https://youtu.be/IuB8yTJ0-hk?si=8-bnaKA-irwAua1m,6:20,Intermediate,8.0,8.826,8.179
Subtraction,Multi-Digit Subtraction,https://youtu.be/Y6M89-6106I?si=6dT-roRnqAH6OHdl,6:56,Beginner,8.3,9.584,8.683
Multiplication,Multi-Digit Multiplication,https://youtu.be/dNSrfoYLQZU?si=fjPUGvSBAA5fmj_V,5:02,Advanced,8.3,7.654,7.784
Division,Smart Long Division,https://youtu.be/HJYHNxS64f0?si=PJiPytkuwiCJhiuV,14:40,Advanced,8.9,7.78,7.837
Division,Basic Division,https://youtu.be/KGMf314LUc0?si=jxaKi8tja1iw8LUl,9:57,Beginner,8.4,9.576,8.468
Addition,Decimal Arithmetic,https://www.youtube.com/watch?v=kwh4SD1ToFc,12:14,Intermediate,9.0,9.492,8.486
Ordering Fractions,Fraction Ordering,https://youtu.be/76s8ZzK87rA?si=F0Z4GtJkicWyq5_A,14:40,Intermediate,7.9,8.283,7.567
Multiplication,Understanding Multiplication,https://youtu.be/_PyA3CJ-V98?si=mTi02JfyOo0ydPLR,13:18,Intermediate,8.8,8.468,8.04
Comparing Fractions,Introduction to Comparing Fractions,https://www.youtube.com/watch?v=KNdUJQ_qd4U,6:30,Beginner,8.3,7.611,7.752
Simplifying Fractions,How to Simplify Fractions,https://youtu.be/R-FXE3g8GpU?si=TcmelTK3iD3Nzco1,16:06,Intermediate,8.7,7.727,7.664
Addition,Adding Large Numbers,https://youtu.be/T9asFgfN5bg?si=CI2z3n21hND5aFvQ,5:03,Intermediate,7.8,7.804,7.721
Ordering Fractions,Learn Ordering Fractions,https://youtu.be/QECYScPz4sA?si=qJW4l4BvbXma1lOP,10:15,Intermediate,8.5,8.672,8.16
Comparing Fractions,Mastering Comparing Fractions,https://youtu.be/PEqV48jMeXw?si=55QJueBjYIoAgbk0,11:09,Advanced,8.7,9.791,8.358
Fractions to Decimals,Introduction to Fractions to Decimals,https://youtu.be/pDs4a4ijqh0?si=ktPINIYpIFYNILOV,8:00,Intermediate,8.0,8.155,7.84
Simplifying Fractions,How to Simplify Fractions,https://youtu.be/R-FXE3g8GpU?si=TcmelTK3iD3Nzco1,16:06,Intermediate,8.7,7.497,7.612
Ordering Fractions,Mastering Fractions,https://youtu.be/XvjQcHbUNNw?si=Xyv5SPufpJclBZIf,8:00,Advanced,8.7,9.001,8.206
Comparing Fractions,Introduction to Comparing Fractions,https://www.youtube.com/watch?v=KNdUJQ_qd4U,6:30,Beginner,8.3,9.161,8.576
Multiplication,Multi-Digit Multiplication,https://youtu.be/dNSrfoYLQZU?si=fjPUGvSBAA5fmj_V,5:02,Advanced,8.3,7.18,7.604
Simplifying Fractions,Simplifying Fractions,https://www.youtube.com/watch?v=AtBUQH8Tkqc&t=67s,8:30,Beginner,9.0,8.128,8.422
Division,Smart Long Division,https://youtu.be/HJYHNxS64f0?si=PJiPytkuwiCJhiuV,14:40,Advanced,8.9,9.09,8.323
Ordering Fractions,Fraction Ordering,https://youtu.be/76s8ZzK87rA?si=F0Z4GtJkicWyq5_A,14:40,Intermediate,7.9,7.962,7.576
Comparing Fractions,Comparing Fractions,https://www.youtube.com/watch?v=u_QTuWj107o,7:42,Beginner,8.9,7.431,8.111
Comparing Fractions,Comparing Fractions with different Denominators,https://youtu.be/d6fCqzuWjbo?si=eVQb7MoRlFCtsvGj,10:11,Intermediate,8.6,8.329,8.116
Simplifying Fractions,How to Simplify Fractions,https://youtu.be/R-FXE3g8GpU?si=TcmelTK3iD3Nzco1,16:06,Intermediate,8.7,8.184,7.896
Fractions to Decimals,Mastering Fractions to Decimals,https://youtu.be/Mpv7AzOUOqg?si=dMjxnFwXU98D4MpH,9:06,Advanced,8.5,9.62,8.545
Multiplication,Long Multiplication for Grade 7,https://www.youtube.com/watch?v=r85EMNbWMiE,21:00,Beginner,9.2,9.585,8.734
Ordering Fractions,Mastering Fractions,https://youtu.be/XvjQcHbUNNw?si=Xyv5SPufpJclBZIf,8:00,Advanced,8.7,9.3,8.445
Simplifying Fractions,Introduction to Simplifying Fractions,https://youtu.be/k73w_yZb9SM?si=sIcPAuwAjD24B_pV,7:30,Beginner,8.4,8.09,7.999
Ordering Fractions,Mastering Fractions,https://youtu.be/XvjQcHbUNNw?si=Xyv5SPufpJclBZIf,8:00,Advanced,8.7,7.182,7.488
Simplifying Fractions,How to Simplify Fractions,https://youtu.be/R-FXE3g8GpU?si=TcmelTK3iD3Nzco1,16:06,Intermediate,8.7,9.386,8.272
Addition,Decimal Arithmetic,https://www.youtube.com/watch?v=kwh4SD1ToFc,12:14,Intermediate,9.0,7.56,7.737
Comparing Fractions,Introduction to Comparing Fractions,https://www.youtube.com/watch?v=KNdUJQ_qd4U,6:30,Beginner,8.3,8.828,8.346
Simplifying Fractions,Introduction to Simplifying Fractions,https://youtu.be/k73w_yZb9SM?si=sIcPAuwAjD24B_pV,7:30,Beginner,8.4,7.03,7.567
Ordering Fractions,How to Order Fractions,https://www.youtube.com/watch?v=i2PfHDs88YE,6:33,Beginner,8.8,8.127,8.214
Simplifying Fractions,Introduction to Simplifying Fractions,https://youtu.be/k73w_yZb9SM?si=sIcPAuwAjD24B_pV,7:30,Beginner,8.4,9.724,8.652
Multiplication,Master Long Multiplication,https://youtu.be/GKetIwxaenA?si=9tvgkeqmmfUZ80xX,6:25,Beginner,8.5,9.245,8.634
Subtraction,Subtracting Whole Numbers,https://www.youtube.com/watch?v=z4bTlVxU9C0,8:40,Beginner,8.7,8.805,8.378
Division,Basic Division,https://youtu.be/KGMf314LUc0?si=jxaKi8tja1iw8LUl,9:57,Beginner,8.4,7.161,7.668
Subtraction,Subtracting Whole Numbers,https://www.youtube.com/watch?v=z4bTlVxU9C0,8:40,Beginner,8.7,9.932,8.781
Ordering Fractions,Fraction Ordering,https://youtu.be/76s8ZzK87rA?si=F0Z4GtJkicWyq5_A,14:40,Intermediate,7.9,8.326,7.572
Division,Smart Long Division,https://youtu.be/HJYHNxS64f0?si=PJiPytkuwiCJhiuV,14:40,Advanced,8.9,9.28,8.454
Ordering Fractions,Introduction to Ordering Fractions,https://youtu.be/rL18ZMgCeKU?si=nixffH9YSe3hdGgm,12:04,Beginner,8.2,8.085,7.828
Comparing Fractions,Comparing Fractions with different Denominators,https://youtu.be/d6fCqzuWjbo?si=eVQb7MoRlFCtsvGj,10:11,Intermediate,8.6,7.494,7.974
Fractions to Decimals,Mastering Fractions to Decimals,https://youtu.be/Mpv7AzOUOqg?si=dMjxnFwXU98D4MpH,9:06,Advanced,8.5,7.345,7.651
Fractions to Decimals,Convert any Fraction to a Decimal,https://youtu.be/do_IbHId2Os?si=WyTbHiTgY6AaEz_L,6:43,Beginner,8.4,9.839,8.624
Ordering Fractions,Mastering Fractions,https://youtu.be/XvjQcHbUNNw?si=Xyv5SPufpJclBZIf,8:00,Advanced,8.7,7.795,8.0
Comparing Fractions,Introduction to Comparing Fractions,https://www.youtube.com/watch?v=KNdUJQ_qd4U,6:30,Beginner,8.3,7.824,7.8
Ordering Fractions,How to Order Fractions,https://www.youtube.com/watch?v=i2PfHDs88YE,6:33,Beginner,8.8,7.815,8.275
Multiplication,Master Long Multiplication,https://youtu.be/GKetIwxaenA?si=9tvgkeqmmfUZ80xX,6:25,Beginner,8.5,7.429,8.052
Ordering Fractions,Learn Ordering Fractions,https://youtu.be/QECYScPz4sA?si=qJW4l4BvbXma1lOP,10:15,Intermediate,8.5,9.822,8.393
Addition,Multi-Digit Addition,https://youtu.be/mAvuom42NyY?si=3Om627A44-sGimLU,6:28,Beginner,8.5,8.281,8.266
Multiplication,Multi-Digit Multiplication,https://youtu.be/dNSrfoYLQZU?si=fjPUGvSBAA5fmj_V,5:02,Advanced,8.3,7.041,7.333
Multiplication,Master Long Multiplication,https://youtu.be/GKetIwxaenA?si=9tvgkeqmmfUZ80xX,6:25,Beginner,8.5,7.03,7.927
Division,Smart Long Division,https://youtu.be/HJYHNxS64f0?si=PJiPytkuwiCJhiuV,14:40,Advanced,8.9,9.485,8.393
Subtraction,Introduction to Subtraction,https://youtu.be/r3qKojj4g4g?si=-XA75LAElZS8jQOy,10:42,Advanced,8.6,8.481,8.107
Ordering Fractions,Introduction to Ordering Fractions,https://youtu.be/rL18ZMgCeKU?si=nixffH9YSe3hdGgm,12:04,Beginner,8.2,7.595,7.737
Comparing Fractions,Comparing Fractions with different Denominators,https://youtu.be/d6fCqzuWjbo?si=eVQb7MoRlFCtsvGj,10:11,Intermediate,8.6,7.057,7.563
Simplifying Fractions,Introduction to Simplifying Fractions,https://youtu.be/k73w_yZb9SM?si=sIcPAuwAjD24B_pV,7:30,Beginner,8.4,8.107,8.083
Subtraction,Introduction to Subtraction,https://youtu.be/r3qKojj4g4g?si=-XA75LAElZS8jQOy,10:42,Advanced,8.6,9.671,8.273
Comparing Fractions,Comparing Fractions,https://www.youtube.com/watch?v=u_QTuWj107o,7:42,Beginner,8.9,7.432,8.025
Addition,Multi-Digit Addition,https://youtu.be/mAvuom42NyY?si=3Om627A44-sGimLU,6:28,Beginner,8.5,9.662,8.843
Comparing Fractions,Comparing Fractions with different Denominators,https://youtu.be/d6fCqzuWjbo?si=eVQb7MoRlFCtsvGj,10:11,Intermediate,8.6,8.362,8.292
Comparing Fractions,Mastering Comparing Fractions,https://youtu.be/PEqV48jMeXw?si=55QJueBjYIoAgbk0,11:09,Advanced,8.7,7.735,7.957
Simplifying Fractions,Reducing Fractions to Simplest Form,https://youtu.be/gVls1-gjIn0?si=vXNqJqUYBvTrC8xT,11:19,Advanced,8.5,8.299,8.015
Multiplication,Box Method Multiplication,https://youtu.be/n3q3XzzIGSY?si=goczDT3wCWGEkSvm,7:19,Intermediate,8.0,9.463,8.227
Division,Division Basics for Beginners,https://youtu.be/InIKW_tfhs4?si=i3EqqM2A_6JHTQYh,3:44,Intermediate,7.8,7.593,7.73
Fractions to Decimals,Introduction to Fractions to Decimals,https://youtu.be/pDs4a4ijqh0?si=ktPINIYpIFYNILOV,8:00,Intermediate,8.0,9.763,8.242
Division,Smart Long Division,https://youtu.be/HJYHNxS64f0?si=PJiPytkuwiCJhiuV,14:40,Advanced,8.9,7.103,7.461
Ordering Fractions,How to Order Fractions,https://www.youtube.com/watch?v=i2PfHDs88YE,6:33,Beginner,8.8,7.3,8.059
Fractions to Decimals,How to Convert Fractions to Decimals,https://www.youtube.com/watch?v=guBVW5PiHLs&list=PPSV,8:29,Beginner,9.1,7.238,8.074
Comparing Fractions,Comparing Fractions with different Denominators,https://youtu.be/d6fCqzuWjbo?si=eVQb7MoRlFCtsvGj,10:11,Intermediate,8.6,7.799,7.888
Fractions to Decimals,Mastering Fractions to Decimals,https://youtu.be/Mpv7AzOUOqg?si=dMjxnFwXU98D4MpH,9:06,Advanced,8.5,9.884,8.59
Subtraction,Subtracting Whole Numbers,https://www.youtube.com/watch?v=z4bTlVxU9C0,8:40,Beginner,8.7,8.099,8.185
Comparing Fractions,Mastering Comparing Fractions,https://youtu.be/PEqV48jMeXw?si=55QJueBjYIoAgbk0,11:09,Advanced,8.7,9.369,8.359
Subtraction,Smart Subtraction,https://youtu.be/3fYgZgbOJmM?si=0Xq66JMU0XrVlOsn,13:38,Intermediate,7.9,8.809,7.945
Simplifying Fractions,Learn Fraction Simplification,https://youtu.be/IuB8yTJ0-hk?si=8-bnaKA-irwAua1m,6:20,Intermediate,8.0,7.944,7.77
Multiplication,Master Long Multiplication,https://youtu.be/GKetIwxaenA?si=9tvgkeqmmfUZ80xX,6:25,Beginner,8.5,8.287,8.223
Simplifying Fractions,Reducing Fractions to Simplest Form,https://youtu.be/gVls1-gjIn0?si=vXNqJqUYBvTrC8xT,11:19,Advanced,8.5,7.348,7.477
Addition,Multi-Digit Addition,https://youtu.be/mAvuom42NyY?si=3Om627A44-sGimLU,6:28,Beginner,8.5,8.099,8.253
Division,Long Division for Grade 7,https://www.youtube.com/watch?v=J15nbHRpSiQ,19:57,Beginner,9.0,7.51,7.836
Fractions to Decimals,How to Convert Fractions to Decimals,https://www.youtube.com/watch?v=guBVW5PiHLs&list=PPSV,8:29,Beginner,9.1,7.318,7.996
Multiplication,Multi-Digit Multiplication,https://youtu.be/dNSrfoYLQZU?si=fjPUGvSBAA5fmj_V,5:02,Advanced,8.3,7.759,7.863
Subtraction,Subtracting Whole Numbers,https://www.youtube.com/watch?v=z4bTlVxU9C0,8:40,Beginner,8.7,9.963,8.597
Comparing Fractions,Mastering Comparing Fractions,https://youtu.be/PEqV48jMeXw?si=55QJueBjYIoAgbk0,11:09,Advanced,8.7,8.283,7.96
Subtraction,Smart Subtraction,https://youtu.be/3fYgZgbOJmM?si=0Xq66JMU0XrVlOsn,13:38,Intermediate,7.9,8.152,7.467
Ordering Fractions,Introduction to Ordering Fractions,https://youtu.be/rL18ZMgCeKU?si=nixffH9YSe3hdGgm,12:04,Beginner,8.2,7.958,7.704
Subtraction,Introduction to Subtraction,https://youtu.be/r3qKojj4g4g?si=-XA75LAElZS8jQOy,10:42,Advanced,8.6,7.053,7.401
Simplifying Fractions,How to Simplify Fractions,https://youtu.be/R-FXE3g8GpU?si=TcmelTK3iD3Nzco1,16:06,Intermediate,8.7,7.222,7.475
Ordering Fractions,How to Order Fractions,https://www.youtube.com/watch?v=i2PfHDs88YE,6:33,Beginner,8.8,8.027,8.186
Subtraction,Introduction to Subtraction,https://youtu.be/r3qKojj4g4g?si=-XA75LAElZS8jQOy,10:42,Advanced,8.6,7.862,7.715
Subtraction,Introduction to Subtraction,https://youtu.be/r3qKojj4g4g?si=-XA75LAElZS8jQOy,10:42,Advanced,8.6,9.319,8.379
Simplifying Fractions,Introduction to Simplifying Fractions,https://youtu.be/k73w_yZb9SM?si=sIcPAuwAjD24B_pV,7:30,Beginner,8.4,8.481,8.319
Comparing Fractions,Comparing Like Fractions,https://youtu.be/H3N5To5fO5U?si=Y3IFqQaqTK2GalSa,4:45,Intermediate,7.8,7.017,7.446
Fractions to Decimals,Converting Fractions to Decimals,https://youtu.be/UtHGpx_yp4U?si=tVG8XzrdqWBZp_hs,7:54,Intermediate,8.7,9.118,8.5
Subtraction,Subtracting Large Numbers,https://youtu.be/HlxqCdDrbdc?si=1RAFlZfZuuD3LnjX,5:04,Intermediate,8.0,9.029,8.118
Fractions to Decimals,Converting Fractions to Decimals,https://youtu.be/UtHGpx_yp4U?si=tVG8XzrdqWBZp_hs,7:54,Intermediate,8.7,9.638,8.814
Ordering Fractions,Introduction to Ordering Fractions,https://youtu.be/rL18ZMgCeKU?si=nixffH9YSe3hdGgm,12:04,Beginner,8.2,9.092,8.405
Multiplication,Understanding Multiplication,https://youtu.be/_PyA3CJ-V98?si=mTi02JfyOo0ydPLR,13:18,Intermediate,8.8,8.27,7.938
Simplifying Fractions,Learn Fraction Simplification,https://youtu.be/IuB8yTJ0-hk?si=8-bnaKA-irwAua1m,6:20,Intermediate,8.0,8.972,8.15
Multiplication,Multi-Digit Multiplication,https://youtu.be/dNSrfoYLQZU?si=fjPUGvSBAA5fmj_V,5:02,Advanced,8.3,7.27,7.529
Fractions to Decimals,Convert any Fraction to a Decimal,https://youtu.be/do_IbHId2Os?si=WyTbHiTgY6AaEz_L,6:43,Beginner,8.4,8.349,8.33
Simplifying Fractions,Reducing Fractions to Simplest Form,https://youtu.be/gVls1-gjIn0?si=vXNqJqUYBvTrC8xT,11:19,Advanced,8.5,7.838,7.656
Fractions to Decimals,Introduction to Fractions to Decimals,https://youtu.be/pDs4a4ijqh0?si=ktPINIYpIFYNILOV,8:00,Intermediate,8.0,7.284,7.566
Addition,Adding Large Numbers,https://youtu.be/T9asFgfN5bg?si=CI2z3n21hND5aFvQ,5:03,Intermediate,7.8,7.736,7.61
Simplifying Fractions,Reducing Fractions to Simplest Form,https://youtu.be/gVls1-gjIn0?si=vXNqJqUYBvTrC8xT,11:19,Advanced,8.5,8.053,7.875
Subtraction,Smart Subtraction,https://youtu.be/3fYgZgbOJmM?si=0Xq66JMU0XrVlOsn,13:38,Intermediate,7.9,8.124,7.52
Comparing Fractions,Comparing Fractions with different Denominators,https://youtu.be/d6fCqzuWjbo?si=eVQb7MoRlFCtsvGj,10:11,Intermediate,8.6,8.429,8.125
Ordering Fractions,Mastering Fractions,https://youtu.be/XvjQcHbUNNw?si=Xyv5SPufpJclBZIf,8:00,Advanced,8.7,7.751,7.995
Subtraction,Subtracting Whole Numbers,https://www.youtube.com/watch?v=z4bTlVxU9C0,8:40,Beginner,8.7,9.439,8.681
Multiplication,Understanding Multiplication,https://youtu.be/_PyA3CJ-V98?si=mTi02JfyOo0ydPLR,13:18,Intermediate,8.8,7.942,7.931
Simplifying Fractions,Learn Fraction Simplification,https://youtu.be/IuB8yTJ0-hk?si=8-bnaKA-irwAua1m,6:20,Intermediate,8.0,7.174,7.49
Fractions to Decimals,Introduction to Fractions to Decimals,https://youtu.be/pDs4a4ijqh0?si=ktPINIYpIFYNILOV,8:00,Intermediate,8.0,7.864,7.576
Comparing Fractions,Introduction to Comparing Fractions,https://www.youtube.com/watch?v=KNdUJQ_qd4U,6:30,Beginner,8.3,9.94,8.771
Fractions to Decimals,Mastering Fractions to Decimals,https://youtu.be/Mpv7AzOUOqg?si=dMjxnFwXU98D4MpH,9:06,Advanced,8.5,7.155,7.386
Subtraction,Subtracting Whole Numbers,https://www.youtube.com/watch?v=z4bTlVxU9C0,8:40,Beginner,8.7,9.998,8.811
Subtraction,Subtracting Whole Numbers,https://www.youtube.com/watch?v=z4bTlVxU9C0,8:40,Beginner,8.7,7.321,7.853
Subtraction,Introduction to Subtraction,https://youtu.be/r3qKojj4g4g?si=-XA75LAElZS8jQOy,10:42,Advanced,8.6,8.823,8.025
Addition,Adding Large Numbers,https://youtu.be/T9asFgfN5bg?si=CI2z3n21hND5aFvQ,5:03,Intermediate,7.8,8.228,7.92
Multiplication,Understanding Multiplication,https://youtu.be/_PyA3CJ-V98?si=mTi02JfyOo0ydPLR,13:18,Intermediate,8.8,9.175,8.297
Ordering Fractions,Mastering Fractions,https://youtu.be/XvjQcHbUNNw?si=Xyv5SPufpJclBZIf,8:00,Advanced,8.7,9.032,8.102
Simplifying Fractions,How to Simplify Fractions,https://youtu.be/R-FXE3g8GpU?si=TcmelTK3iD3Nzco1,16:06,Intermediate,8.7,8.614,8.02
Ordering Fractions,Mastering Fractions,https://youtu.be/XvjQcHbUNNw?si=Xyv5SPufpJclBZIf,8:00,Advanced,8.7,7.379,7.734
Multiplication,Master Long Multiplication,https://youtu.be/GKetIwxaenA?si=9tvgkeqmmfUZ80xX,6:25,Beginner,8.5,7.703,8.101
Comparing Fractions,Introduction to Comparing Fractions,https://www.youtube.com/watch?v=KNdUJQ_qd4U,6:30,Beginner,8.3,9.592,8.618
Fractions to Decimals,Introduction to Fractions to Decimals,https://youtu.be/pDs4a4ijqh0?si=ktPINIYpIFYNILOV,8:00,Intermediate,8.0,7.515,7.705
Ordering Fractions,How to Order Fractions,https://www.youtube.com/watch?v=i2PfHDs88YE,6:33,Beginner,8.8,9.959,8.873
Comparing Fractions,Comparing Fractions,https://www.youtube.com/watch?v=u_QTuWj107o,7:42,Beginner,8.9,8.72,8.629
Addition,Multi-Digit Addition,https://youtu.be/mAvuom42NyY?si=3Om627A44-sGimLU,6:28,Beginner,8.5,9.684,8.787
Comparing Fractions,Mastering Comparing Fractions,https://youtu.be/PEqV48jMeXw?si=55QJueBjYIoAgbk0,11:09,Advanced,8.7,7.592,7.716
Fractions to Decimals,Convert any Fraction to a Decimal,https://youtu.be/do_IbHId2Os?si=WyTbHiTgY6AaEz_L,6:43,Beginner,8.4,9.462,8.652
Subtraction,Multi-Digit Subtraction,https://youtu.be/Y6M89-6106I?si=6dT-roRnqAH6OHdl,6:56,Beginner,8.3,8.591,8.316
Subtraction,Smart Subtraction,https://youtu.be/3fYgZgbOJmM?si=0Xq66JMU0XrVlOsn,13:38,Intermediate,7.9,7.035,7.157
Subtraction,Subtracting Whole Numbers,https://www.youtube.com/watch?v=z4bTlVxU9C0,8:40,Beginner,8.7,9.52,8.823
Fractions to Decimals,Mastering Fractions to Decimals,https://youtu.be/Mpv7AzOUOqg?si=dMjxnFwXU98D4MpH,9:06,Advanced,8.5,8.95,7.994
Ordering Fractions,Introduction to Ordering Fractions,https://youtu.be/rL18ZMgCeKU?si=nixffH9YSe3hdGgm,12:04,Beginner,8.2,7.618,7.592
Simplifying Fractions,Learn Fraction Simplification,https://youtu.be/IuB8yTJ0-hk?si=8-bnaKA-irwAua1m,6:20,Intermediate,8.0,7.007,7.517
Multiplication,Box Method Multiplication,https://youtu.be/n3q3XzzIGSY?si=goczDT3wCWGEkSvm,7:19,Intermediate,8.0,7.985,7.925
Multiplication,Box Method Multiplication,https://youtu.be/n3q3XzzIGSY?si=goczDT3wCWGEkSvm,7:19,Intermediate,8.0,8.12,7.794
Division,Smart Long Division,https://youtu.be/HJYHNxS64f0?si=PJiPytkuwiCJhiuV,14:40,Advanced,8.9,8.281,7.887
Fractions to Decimals,Introduction to Fractions to Decimals,https://youtu.be/pDs4a4ijqh0?si=ktPINIYpIFYNILOV,8:00,Intermediate,8.0,9.311,8.218
Comparing Fractions,Comparing Like Fractions,https://youtu.be/H3N5To5fO5U?si=Y3IFqQaqTK2GalSa,4:45,Intermediate,7.8,7.542,7.753
Simplifying Fractions,Reducing Fractions to Simplest Form,https://youtu.be/gVls1-gjIn0?si=vXNqJqUYBvTrC8xT,11:19,Advanced,8.5,8.24,7.876
Fractions to Decimals,Convert any Fraction to a Decimal,https://youtu.be/do_IbHId2Os?si=WyTbHiTgY6AaEz_L,6:43,Beginner,8.4,9.339,8.612
Simplifying Fractions,Simplifying Fractions,https://www.youtube.com/watch?v=AtBUQH8Tkqc&t=67s,8:30,Beginner,9.0,7.664,8.104
Fractions to Decimals,Convert any Fraction to a Decimal,https://youtu.be/do_IbHId2Os?si=WyTbHiTgY6AaEz_L,6:43,Beginner,8.4,8.214,8.247
Simplifying Fractions,Learn Fraction Simplification,https://youtu.be/IuB8yTJ0-hk?si=8-bnaKA-irwAua1m,6:20,Intermediate,8.0,7.933,7.69
Comparing Fractions,Comparing Like Fractions,https://youtu.be/H3N5To5fO5U?si=Y3IFqQaqTK2GalSa,4:45,Intermediate,7.8,8.912,8.156
Ordering Fractions,How to Order Fractions,https://www.youtube.com/watch?v=i2PfHDs88YE,6:33,Beginner,8.8,9.944,8.952
Multiplication,Master Long Multiplication,https://youtu.be/GKetIwxaenA?si=9tvgkeqmmfUZ80xX,6:25,Beginner,8.5,9.741,8.831
Comparing Fractions,Comparing Fractions,https://www.youtube.com/watch?v=u_QTuWj107o,7:42,Beginner,8.9,9.401,8.908
Multiplication,Master Long Multiplication,https://youtu.be/GKetIwxaenA?si=9tvgkeqmmfUZ80xX,6:25,Beginner,8.5,9.021,8.608
Subtraction,Introduction to Subtraction,https://youtu.be/r3qKojj4g4g?si=-XA75LAElZS8jQOy,10:42,Advanced,8.6,7.157,7.356
Multiplication,Master Long Multiplication,https://youtu.be/GKetIwxaenA?si=9tvgkeqmmfUZ80xX,6:25,Beginner,8.5,7.613,7.899
Comparing Fractions,Comparing Fractions,https://www.youtube.com/watch?v=u_QTuWj107o,7:42,Beginner,8.9,7.66,8.061
Multiplication,Multi-Digit Multiplication,https://youtu.be/dNSrfoYLQZU?si=fjPUGvSBAA5fmj_V,5:02,Advanced,8.3,9.787,8.513
Multiplication,Master Long Multiplication,https://youtu.be/GKetIwxaenA?si=9tvgkeqmmfUZ80xX,6:25,Beginner,8.5,7.496,8.12
Simplifying Fractions,Reducing Fractions to Simplest Form,https://youtu.be/gVls1-gjIn0?si=vXNqJqUYBvTrC8xT,11:19,Advanced,8.5,7.56,7.625
Addition,Multi-Digit Addition,https://youtu.be/mAvuom42NyY?si=3Om627A44-sGimLU,6:28,Beginner,8.5,7.418,8.03
Fractions to Decimals,Introduction to Fractions to Decimals,https://youtu.be/pDs4a4ijqh0?si=ktPINIYpIFYNILOV,8:00,Intermediate,8.0,7.641,7.752
Division,Long Division with 2-Digit Divisors,https://youtu.be/HdU_rf7eMTI?si=Pr40TqBRgGXrpLxG,13:04,Intermediate,8.6,7.081,7.504
Simplifying Fractions,How to Simplify Fractions,https://youtu.be/R-FXE3g8GpU?si=TcmelTK3iD3Nzco1,16:06,Intermediate,8.7,8.819,8.212
Division,Long Division with 2-Digit Divisors,https://youtu.be/HdU_rf7eMTI?si=Pr40TqBRgGXrpLxG,13:04,Intermediate,8.6,9.152,8.168
Division,Division Basics for Beginners,https://youtu.be/InIKW_tfhs4?si=i3EqqM2A_6JHTQYh,3:44,Intermediate,7.8,9.517,8.189
Comparing Fractions,Comparing Fractions,https://www.youtube.com/watch?v=u_QTuWj107o,7:42,Beginner,8.9,8.756,8.668
Multiplication,Long Multiplication for Grade 7,https://www.youtube.com/watch?v=r85EMNbWMiE,21:00,Beginner,9.2,7.034,7.812
Addition,Decimal Arithmetic,https://www.youtube.com/watch?v=kwh4SD1ToFc,12:14,Intermediate,9.0,7.764,8.045
Division,Division Basics for Beginners,https://youtu.be/InIKW_tfhs4?si=i3EqqM2A_6JHTQYh,3:44,Intermediate,7.8,7.003,7.464
Ordering Fractions,Introduction to Ordering Fractions,https://youtu.be/rL18ZMgCeKU?si=nixffH9YSe3hdGgm,12:04,Beginner,8.2,7.437,7.776
Simplifying Fractions,Introduction to Simplifying Fractions,https://youtu.be/k73w_yZb9SM?si=sIcPAuwAjD24B_pV,7:30,Beginner,8.4,9.443,8.749
Comparing Fractions,Introduction to Comparing Fractions,https://www.youtube.com/watch?v=KNdUJQ_qd4U,6:30,Beginner,8.3,7.818,8.095
Multiplication,Box Method Multiplication,https://youtu.be/n3q3XzzIGSY?si=goczDT3wCWGEkSvm,7:19,Intermediate,8.0,9.815,8.365
Simplifying Fractions,Learn Fraction Simplification,https://youtu.be/IuB8yTJ0-hk?si=8-bnaKA-irwAua1m,6:20,Intermediate,8.0,9.794,8.471
Multiplication,Master Long Multiplication,https://youtu.be/GKetIwxaenA?si=9tvgkeqmmfUZ80xX,6:25,Beginner,8.5,7.227,7.846
Fractions to Decimals,How to Convert Fractions to Decimals,https://www.youtube.com/watch?v=guBVW5PiHLs&list=PPSV,8:29,Beginner,9.1,7.094,8.084
Multiplication,Box Method Multiplication,https://youtu.be/n3q3XzzIGSY?si=goczDT3wCWGEkSvm,7:19,Intermediate,8.0,7.766,7.562
Comparing Fractions,Comparing Fractions,https://www.youtube.com/watch?v=u_QTuWj107o,7:42,Beginner,8.9,9.889,8.92
Subtraction,Introduction to Subtraction,https://youtu.be/r3qKojj4g4g?si=-XA75LAElZS8jQOy,10:42,Advanced,8.6,9.467,8.305
Ordering Fractions,Learn Ordering Fractions,https://youtu.be/QECYScPz4sA?si=qJW4l4BvbXma1lOP,10:15,Intermediate,8.5,8.589,8.109
Multiplication,Box Method Multiplication,https://youtu.be/n3q3XzzIGSY?si=goczDT3wCWGEkSvm,7:19,Intermediate,8.0,8.294,7.872
Comparing Fractions,Introduction to Comparing Fractions,https://www.youtube.com/watch?v=KNdUJQ_qd4U,6:30,Beginner,8.3,8.977,8.216
Addition,Decimal Arithmetic,https://www.youtube.com/watch?v=kwh4SD1ToFc,12:14,Intermediate,9.0,7.463,7.971
Fractions to Decimals,Introduction to Fractions to Decimals,https://youtu.be/pDs4a4ijqh0?si=ktPINIYpIFYNILOV,8:00,Intermediate,8.0,9.853,8.463
Division,Long Division for Grade 7,https://www.youtube.com/watch?v=J15nbHRpSiQ,19:57,Beginner,9.0,7.842,7.71
Multiplication,Long Multiplication for Grade 7,https://www.youtube.com/watch?v=r85EMNbWMiE,21:00,Beginner,9.2,9.588,8.532
Multiplication,Multi-Digit Multiplication,https://youtu.be/dNSrfoYLQZU?si=fjPUGvSBAA5fmj_V,5:02,Advanced,8.3,8.803,8.314
Subtraction,Multi-Digit Subtraction,https://youtu.be/Y6M89-6106I?si=6dT-roRnqAH6OHdl,6:56,Beginner,8.3,8.296,8.305
Addition,Adding Large Numbers,https://youtu.be/T9asFgfN5bg?si=CI2z3n21hND5aFvQ,5:03,Intermediate,7.8,7.822,7.711
Addition,Adding Three Decimals,https://youtu.be/sQ1W919fgq8?si=V7TgnmmWgHYc_A5P,4:55,Beginner,8.2,7.07,7.787
Subtraction,Multi-Digit Subtraction,https://youtu.be/Y6M89-6106I?si=6dT-roRnqAH6OHdl,6:56,Beginner,8.3,7.674,7.862
Addition,Decimal Arithmetic,https://www.youtube.com/watch?v=kwh4SD1ToFc,12:14,Intermediate,9.0,7.712,7.985
Addition,Multi-Digit Addition,https://youtu.be/mAvuom42NyY?si=3Om627A44-sGimLU,6:28,Beginner,8.5,9.897,8.91
Subtraction,Subtracting Whole Numbers,https://www.youtube.com/watch?v=z4bTlVxU9C0,8:40,Beginner,8.7,9.867,8.729
Simplifying Fractions,Reducing Fractions to Simplest Form,https://youtu.be/gVls1-gjIn0?si=vXNqJqUYBvTrC8xT,11:19,Advanced,8.5,8.321,7.707
Ordering Fractions,Learn Ordering Fractions,https://youtu.be/QECYScPz4sA?si=qJW4l4BvbXma1lOP,10:15,Intermediate,8.5,7.944,7.987
Division,Smart Long Division,https://youtu.be/HJYHNxS64f0?si=PJiPytkuwiCJhiuV,14:40,Advanced,8.9,7.407,7.609
Simplifying Fractions,Learn Fraction Simplification,https://youtu.be/IuB8yTJ0-hk?si=8-bnaKA-irwAua1m,6:20,Intermediate,8.0,9.326,8.353
Simplifying Fractions,Simplifying Fractions,https://www.youtube.com/watch?v=AtBUQH8Tkqc&t=67s,8:30,Beginner,9.0,8.282,8.393
Simplifying Fractions,Introduction to Simplifying Fractions,https://youtu.be/k73w_yZb9SM?si=sIcPAuwAjD24B_pV,7:30,Beginner,8.4,9.084,8.458
Ordering Fractions,Mastering Fractions,https://youtu.be/XvjQcHbUNNw?si=Xyv5SPufpJclBZIf,8:00,Advanced,8.7,7.061,7.726
Ordering Fractions,Introduction to Ordering Fractions,https://youtu.be/rL18ZMgCeKU?si=nixffH9YSe3hdGgm,12:04,Beginner,8.2,8.78,8.076
Addition,Adding Large Numbers,https://youtu.be/T9asFgfN5bg?si=CI2z3n21hND5aFvQ,5:03,Intermediate,7.8,8.791,8.088
Fractions to Decimals,Mastering Fractions to Decimals,https://youtu.be/Mpv7AzOUOqg?si=dMjxnFwXU98D4MpH,9:06,Advanced,8.5,7.621,7.679
Subtraction,Smart Subtraction,https://youtu.be/3fYgZgbOJmM?si=0Xq66JMU0XrVlOsn,13:38,Intermediate,7.9,7.363,7.273
Comparing Fractions,Comparing Fractions,https://www.youtube.com/watch?v=u_QTuWj107o,7:42,Beginner,8.9,7.028,7.946
Subtraction,Subtracting Large Numbers,https://youtu.be/HlxqCdDrbdc?si=1RAFlZfZuuD3LnjX,5:04,Intermediate,8.0,7.25,7.594
Division,Smart Long Division,https://youtu.be/HJYHNxS64f0?si=PJiPytkuwiCJhiuV,14:40,Advanced,8.9,8.347,8.061
Ordering Fractions,How to Order Fractions,https://www.youtube.com/watch?v=i2PfHDs88YE,6:33,Beginner,8.8,7.022,7.928
Simplifying Fractions,Learn Fraction Simplification,https://youtu.be/IuB8yTJ0-hk?si=8-bnaKA-irwAua1m,6:20,Intermediate,8.0,9.011,8.032
Division,Smart Long Division,https://youtu.be/HJYHNxS64f0?si=PJiPytkuwiCJhiuV,14:40,Advanced,8.9,7.198,7.399
Comparing Fractions,Introduction to Comparing Fractions,https://www.youtube.com/watch?v=KNdUJQ_qd4U,6:30,Beginner,8.3,7.37,7.821
Addition,Multi-Digit Addition,https://youtu.be/mAvuom42NyY?si=3Om627A44-sGimLU,6:28,Beginner,8.5,7.33,7.961
Ordering Fractions,Learn Ordering Fractions,https://youtu.be/QECYScPz4sA?si=qJW4l4BvbXma1lOP,10:15,Intermediate,8.5,9.224,8.313
Comparing Fractions,Introduction to Comparing Fractions,https://www.youtube.com/watch?v=KNdUJQ_qd4U,6:30,Beginner,8.3,7.76,7.965
Addition,Decimal Arithmetic,https://www.youtube.com/watch?v=kwh4SD1ToFc,12:14,Intermediate,9.0,9.037,8.467
Simplifying Fractions,Introduction to Simplifying Fractions,https://youtu.be/k73w_yZb9SM?si=sIcPAuwAjD24B_pV,7:30,Beginner,8.4,7.247,7.768
Fractions to Decimals,Mastering Fractions to Decimals,https://youtu.be/Mpv7AzOUOqg?si=dMjxnFwXU98D4MpH,9:06,Advanced,8.5,8.962,8.015
Subtraction,Subtracting Whole Numbers,https://www.youtube.com/watch?v=z4bTlVxU9C0,8:40,Beginner,8.7,7.65,8.279
Subtraction,Introduction to Subtraction,https://youtu.be/r3qKojj4g4g?si=-XA75LAElZS8jQOy,10:42,Advanced,8.6,9.345,8.439
Ordering Fractions,Introduction to Ordering Fractions,https://youtu.be/rL18ZMgCeKU?si=nixffH9YSe3hdGgm,12:04,Beginner,8.2,8.467,8.012
Division,Long Division for Grade 7,https://www.youtube.com/watch?v=J15nbHRpSiQ,19:57,Beginner,9.0,7.291,7.589
Ordering Fractions,How to Order Fractions,https://www.youtube.com/watch?v=i2PfHDs88YE,6:33,Beginner,8.8,8.912,8.43
Multiplication,Master Long Multiplication,https://youtu.be/GKetIwxaenA?si=9tvgkeqmmfUZ80xX,6:25,Beginner,8.5,7.481,8.118
Fractions to Decimals,Converting Fractions to Decimals,https://youtu.be/UtHGpx_yp4U?si=tVG8XzrdqWBZp_hs,7:54,Intermediate,8.7,9.496,8.659
Fractions to Decimals,Introduction to Fractions to Decimals,https://youtu.be/pDs4a4ijqh0?si=ktPINIYpIFYNILOV,8:00,Intermediate,8.0,8.982,8.143
Division,Division Basics for Beginners,https://youtu.be/InIKW_tfhs4?si=i3EqqM2A_6JHTQYh,3:44,Intermediate,7.8,9.232,8.001
Subtraction,Smart Subtraction,https://youtu.be/3fYgZgbOJmM?si=0Xq66JMU0XrVlOsn,13:38,Intermediate,7.9,9.006,7.917
Subtraction,Subtracting Large Numbers,https://youtu.be/HlxqCdDrbdc?si=1RAFlZfZuuD3LnjX,5:04,Intermediate,8.0,9.901,8.476
Ordering Fractions,Fraction Ordering,https://youtu.be/76s8ZzK87rA?si=F0Z4GtJkicWyq5_A,14:40,Intermediate,7.9,7.884,7.509
Fractions to Decimals,How to Convert Fractions to Decimals,https://www.youtube.com/watch?v=guBVW5PiHLs&list=PPSV,8:29,Beginner,9.1,8.697,8.598
Division,Basic Division,https://youtu.be/KGMf314LUc0?si=jxaKi8tja1iw8LUl,9:57,Beginner,8.4,9.426,8.496
Division,Division Basics for Beginners,https://youtu.be/InIKW_tfhs4?si=i3EqqM2A_6JHTQYh,3:44,Intermediate,7.8,9.692,8.228
Fractions to Decimals,Convert any Fraction to a Decimal,https://youtu.be/do_IbHId2Os?si=WyTbHiTgY6AaEz_L,6:43,Beginner,8.4,8.986,8.593
Division,Long Division with 2-Digit Divisors,https://youtu.be/HdU_rf7eMTI?si=Pr40TqBRgGXrpLxG,13:04,Intermediate,8.6,9.834,8.417
Comparing Fractions,Introduction to Comparing Fractions,https://www.youtube.com/watch?v=KNdUJQ_qd4U,6:30,Beginner,8.3,7.436,7.864
Addition,Decimal Arithmetic,https://www.youtube.com/watch?v=kwh4SD1ToFc,12:14,Intermediate,9.0,9.763,8.587
Multiplication,Master Long Multiplication,https://youtu.be/GKetIwxaenA?si=9tvgkeqmmfUZ80xX,6:25,Beginner,8.5,8.97,8.518
Multiplication,Master Long Multiplication,https://youtu.be/GKetIwxaenA?si=9tvgkeqmmfUZ80xX,6:25,Beginner,8.5,7.222,7.927
Ordering Fractions,Introduction to Ordering Fractions,https://youtu.be/rL18ZMgCeKU?si=nixffH9YSe3hdGgm,12:04,Beginner,8.2,9.96,8.617
Ordering Fractions,Fraction Ordering,https://youtu.be/76s8ZzK87rA?si=F0Z4GtJkicWyq5_A,14:40,Intermediate,7.9,7.266,7.272
Subtraction,Subtracting Large Numbers,https://youtu.be/HlxqCdDrbdc?si=1RAFlZfZuuD3LnjX,5:04,Intermediate,8.0,8.057,7.66
Comparing Fractions,Comparing Like Fractions,https://youtu.be/H3N5To5fO5U?si=Y3IFqQaqTK2GalSa,4:45,Intermediate,7.8,9.534,8.345
Fractions to Decimals,Mastering Fractions to Decimals,https://youtu.be/Mpv7AzOUOqg?si=dMjxnFwXU98D4MpH,9:06,Advanced,8.5,7.725,7.876
Ordering Fractions,Learn Ordering Fractions,https://youtu.be/QECYScPz4sA?si=qJW4l4BvbXma1lOP,10:15,Intermediate,8.5,9.021,8.259
Multiplication,Understanding Multiplication,https://youtu.be/_PyA3CJ-V98?si=mTi02JfyOo0ydPLR,13:18,Intermediate,8.8,8.395,8.067
Comparing Fractions,Comparing Fractions,https://www.youtube.com/watch?v=u_QTuWj107o,7:42,Beginner,8.9,8.992,8.567
Subtraction,Multi-Digit Subtraction,https://youtu.be/Y6M89-6106I?si=6dT-roRnqAH6OHdl,6:56,Beginner,8.3,8.049,8.073
Comparing Fractions,Introduction to Comparing Fractions,https://www.youtube.com/watch?v=KNdUJQ_qd4U,6:30,Beginner,8.3,9.928,8.597
Multiplication,Long Multiplication for Grade 7,https://www.youtube.com/watch?v=r85EMNbWMiE,21:00,Beginner,9.2,8.313,8.157
Simplifying Fractions,Simplifying Fractions,https://www.youtube.com/watch?v=AtBUQH8Tkqc&t=67s,8:30,Beginner,9.0,7.515,8.115
Subtraction,Multi-Digit Subtraction,https://youtu.be/Y6M89-6106I?si=6dT-roRnqAH6OHdl,6:56,Beginner,8.3,7.795,7.914
Subtraction,Smart Subtraction,https://youtu.be/3fYgZgbOJmM?si=0Xq66JMU0XrVlOsn,13:38,Intermediate,7.9,7.03,7.231
Fractions to Decimals,Converting Fractions to Decimals,https://youtu.be/UtHGpx_yp4U?si=tVG8XzrdqWBZp_hs,7:54,Intermediate,8.7,8.647,8.203
Addition,Multi-Digit Addition,https://youtu.be/mAvuom42NyY?si=3Om627A44-sGimLU,6:28,Beginner,8.5,8.543,8.38
Multiplication,Box Method Multiplication,https://youtu.be/n3q3XzzIGSY?si=goczDT3wCWGEkSvm,7:19,Intermediate,8.0,9.493,8.263
Multiplication,Box Method Multiplication,https://youtu.be/n3q3XzzIGSY?si=goczDT3wCWGEkSvm,7:19,Intermediate,8.0,7.644,7.454
Addition,Adding Large Numbers,https://youtu.be/T9asFgfN5bg?si=CI2z3n21hND5aFvQ,5:03,Intermediate,7.8,9.752,8.353
Multiplication,Long Multiplication for Grade 7,https://www.youtube.com/watch?v=r85EMNbWMiE,21:00,Beginner,9.2,7.036,7.88
Fractions to Decimals,Mastering Fractions to Decimals,https://youtu.be/Mpv7AzOUOqg?si=dMjxnFwXU98D4MpH,9:06,Advanced,8.5,8.35,7.975
Simplifying Fractions,Learn Fraction Simplification,https://youtu.be/IuB8yTJ0-hk?si=8-bnaKA-irwAua1m,6:20,Intermediate,8.0,8.599,7.975
Fractions to Decimals,Introduction to Fractions to Decimals,https://youtu.be/pDs4a4ijqh0?si=ktPINIYpIFYNILOV,8:00,Intermediate,8.0,9.987,8.422
Fractions to Decimals,Converting Fractions to Decimals,https://youtu.be/UtHGpx_yp4U?si=tVG8XzrdqWBZp_hs,7:54,Intermediate,8.7,8.149,8.228
Subtraction,Subtracting Whole Numbers,https://www.youtube.com/watch?v=z4bTlVxU9C0,8:40,Beginner,8.7,9.342,8.671
Fractions to Decimals,Mastering Fractions to Decimals,https://youtu.be/Mpv7AzOUOqg?si=dMjxnFwXU98D4MpH,9:06,Advanced,8.5,9.871,8.252
Multiplication,Understanding Multiplication,https://youtu.be/_PyA3CJ-V98?si=mTi02JfyOo0ydPLR,13:18,Intermediate,8.8,8.469,8.114
Comparing Fractions,Comparing Fractions with different Denominators,https://youtu.be/d6fCqzuWjbo?si=eVQb7MoRlFCtsvGj,10:11,Intermediate,8.6,9.846,8.422
Fractions to Decimals,Converting Fractions to Decimals,https://youtu.be/UtHGpx_yp4U?si=tVG8XzrdqWBZp_hs,7:54,Intermediate,8.7,9.57,8.433
Subtraction,Smart Subtraction,https://youtu.be/3fYgZgbOJmM?si=0Xq66JMU0XrVlOsn,13:38,Intermediate,7.9,9.254,8.004
Division,Smart Long Division,https://youtu.be/HJYHNxS64f0?si=PJiPytkuwiCJhiuV,14:40,Advanced,8.9,7.226,7.517
Subtraction,Smart Subtraction,https://youtu.be/3fYgZgbOJmM?si=0Xq66JMU0XrVlOsn,13:38,Intermediate,7.9,8.376,7.508
Multiplication,Long Multiplication for Grade 7,https://www.youtube.com/watch?v=r85EMNbWMiE,21:00,Beginner,9.2,8.108,8.157
Multiplication,Box Method Multiplication,https://youtu.be/n3q3XzzIGSY?si=goczDT3wCWGEkSvm,7:19,Intermediate,8.0,9.205,8.352
Division,Long Division for Grade 7,https://www.youtube.com/watch?v=J15nbHRpSiQ,19:57,Beginner,9.0,8.198,7.943
Multiplication,Long Multiplication for Grade 7,https://www.youtube.com/watch?v=r85EMNbWMiE,21:00,Beginner,9.2,9.187,8.41
Fractions to Decimals,Convert any Fraction to a Decimal,https://youtu.be/do_IbHId2Os?si=WyTbHiTgY6AaEz_L,6:43,Beginner,8.4,7.218,7.652
Division,Long Division for Grade 7,https://www.youtube.com/watch?v=J15nbHRpSiQ,19:57,Beginner,9.0,9.838,8.702
Fractions to Decimals,Mastering Fractions to Decimals,https://youtu.be/Mpv7AzOUOqg?si=dMjxnFwXU98D4MpH,9:06,Advanced,8.5,8.0,7.943
Addition,Decimal Arithmetic,https://www.youtube.com/watch?v=kwh4SD1ToFc,12:14,Intermediate,9.0,7.831,8.097
Simplifying Fractions,Simplifying Fractions,https://www.youtube.com/watch?v=AtBUQH8Tkqc&t=67s,8:30,Beginner,9.0,8.853,8.497
Subtraction,Subtracting Large Numbers,https://youtu.be/HlxqCdDrbdc?si=1RAFlZfZuuD3LnjX,5:04,Intermediate,8.0,9.466,8.302
Simplifying Fractions,Introduction to Simplifying Fractions,https://youtu.be/k73w_yZb9SM?si=sIcPAuwAjD24B_pV,7:30,Beginner,8.4,7.836,7.969
Comparing Fractions,Comparing Fractions,https://www.youtube.com/watch?v=u_QTuWj107o,7:42,Beginner,8.9,9.641,8.794
Simplifying Fractions,Introduction to Simplifying Fractions,https://youtu.be/k73w_yZb9SM?si=sIcPAuwAjD24B_pV,7:30,Beginner,8.4,9.442,8.757
Comparing Fractions,Comparing Fractions with different Denominators,https://youtu.be/d6fCqzuWjbo?si=eVQb7MoRlFCtsvGj,10:11,Intermediate,8.6,8.9,8.375
Ordering Fractions,Mastering Fractions,https://youtu.be/XvjQcHbUNNw?si=Xyv5SPufpJclBZIf,8:00,Advanced,8.7,8.811,8.216
Comparing Fractions,Introduction to Comparing Fractions,https://www.youtube.com/watch?v=KNdUJQ_qd4U,6:30,Beginner,8.3,9.175,8.668
Subtraction,Introduction to Subtraction,https://youtu.be/r3qKojj4g4g?si=-XA75LAElZS8jQOy,10:42,Advanced,8.6,7.936,7.79
Division,Long Division with 2-Digit Divisors,https://youtu.be/HdU_rf7eMTI?si=Pr40TqBRgGXrpLxG,13:04,Intermediate,8.6,9.103,8.38
Subtraction,Introduction to Subtraction,https://youtu.be/r3qKojj4g4g?si=-XA75LAElZS8jQOy,10:42,Advanced,8.6,7.587,7.677
Addition,Multi-Digit Addition,https://youtu.be/mAvuom42NyY?si=3Om627A44-sGimLU,6:28,Beginner,8.5,9.614,8.716
Multiplication,Understanding Multiplication,https://youtu.be/_PyA3CJ-V98?si=mTi02JfyOo0ydPLR,13:18,Intermediate,8.8,8.742,8.162
Addition,Add Numbers Faster,https://youtu.be/-x2yAOt_XFY?si=9WXX46kdbQDVhgO8,4:48,Advanced,8.8,7.308,7.795
Multiplication,Master Long Multiplication,https://youtu.be/GKetIwxaenA?si=9tvgkeqmmfUZ80xX,6:25,Beginner,8.5,7.923,8.124
Ordering Fractions,Introduction to Ordering Fractions,https://youtu.be/rL18ZMgCeKU?si=nixffH9YSe3hdGgm,12:04,Beginner,8.2,7.38,7.769
Ordering Fractions,Mastering Fractions,https://youtu.be/XvjQcHbUNNw?si=Xyv5SPufpJclBZIf,8:00,Advanced,8.7,9.408,8.415
Subtraction,Smart Subtraction,https://youtu.be/3fYgZgbOJmM?si=0Xq66JMU0XrVlOsn,13:38,Intermediate,7.9,8.879,7.782
Addition,Adding Three Decimals,https://youtu.be/sQ1W919fgq8?si=V7TgnmmWgHYc_A5P,4:55,Beginner,8.2,7.647,7.748
Multiplication,Long Multiplication for Grade 7,https://www.youtube.com/watch?v=r85EMNbWMiE,21:00,Beginner,9.2,9.833,8.766
Fractions to Decimals,Introduction to Fractions to Decimals,https://youtu.be/pDs4a4ijqh0?si=ktPINIYpIFYNILOV,8:00,Intermediate,8.0,7.207,7.336
Simplifying Fractions,Reducing Fractions to Simplest Form,https://youtu.be/gVls1-gjIn0?si=vXNqJqUYBvTrC8xT,11:19,Advanced,8.5,7.069,7.551
Subtraction,Subtracting Large Numbers,https://youtu.be/HlxqCdDrbdc?si=1RAFlZfZuuD3LnjX,5:04,Intermediate,8.0,7.302,7.65
Ordering Fractions,Learn Ordering Fractions,https://youtu.be/QECYScPz4sA?si=qJW4l4BvbXma1lOP,10:15,Intermediate,8.5,7.574,7.64
Comparing Fractions,Comparing Like Fractions,https://youtu.be/H3N5To5fO5U?si=Y3IFqQaqTK2GalSa,4:45,Intermediate,7.8,9.091,8.11
Multiplication,Long Multiplication for Grade 7,https://www.youtube.com/watch?v=r85EMNbWMiE,21:00,Beginner,9.2,9.42,8.686
Addition,Decimal Arithmetic,https://www.youtube.com/watch?v=kwh4SD1ToFc,12:14,Intermediate,9.0,8.574,8.36
Multiplication,Box Method Multiplication,https://youtu.be/n3q3XzzIGSY?si=goczDT3wCWGEkSvm,7:19,Intermediate,8.0,7.098,7.557
Division,Smart Long Division,https://youtu.be/HJYHNxS64f0?si=PJiPytkuwiCJhiuV,14:40,Advanced,8.9,8.967,8.053
Comparing Fractions,Introduction to Comparing Fractions,https://www.youtube.com/watch?v=KNdUJQ_qd4U,6:30,Beginner,8.3,8.192,8.361
Multiplication,Long Multiplication for Grade 7,https://www.youtube.com/watch?v=r85EMNbWMiE,21:00,Beginner,9.2,7.87,7.916
Comparing Fractions,Mastering Comparing Fractions,https://youtu.be/PEqV48jMeXw?si=55QJueBjYIoAgbk0,11:09,Advanced,8.7,8.22,7.886
Division,Smart Long Division,https://youtu.be/HJYHNxS64f0?si=PJiPytkuwiCJhiuV,14:40,Advanced,8.9,7.545,7.493
Ordering Fractions,How to Order Fractions,https://www.youtube.com/watch?v=i2PfHDs88YE,6:33,Beginner,8.8,7.699,8.21
Subtraction,Introduction to Subtraction,https://youtu.be/r3qKojj4g4g?si=-XA75LAElZS8jQOy,10:42,Advanced,8.6,7.335,7.506
Subtraction,Introduction to Subtraction,https://youtu.be/r3qKojj4g4g?si=-XA75LAElZS8jQOy,10:42,Advanced,8.6,9.303,8.115
Addition,Adding Three Decimals,https://youtu.be/sQ1W919fgq8?si=V7TgnmmWgHYc_A5P,4:55,Beginner,8.2,9.264,8.505
Comparing Fractions,Mastering Comparing Fractions,https://youtu.be/PEqV48jMeXw?si=55QJueBjYIoAgbk0,11:09,Advanced,8.7,7.165,7.506
Ordering Fractions,Mastering Fractions,https://youtu.be/XvjQcHbUNNw?si=Xyv5SPufpJclBZIf,8:00,Advanced,8.7,8.926,8.278
Subtraction,Introduction to Subtraction,https://youtu.be/r3qKojj4g4g?si=-XA75LAElZS8jQOy,10:42,Advanced,8.6,9.033,8.216
Division,Long Division with 2-Digit Divisors,https://youtu.be/HdU_rf7eMTI?si=Pr40TqBRgGXrpLxG,13:04,Intermediate,8.6,8.713,8.013
Ordering Fractions,Introduction to Ordering Fractions,https://youtu.be/rL18ZMgCeKU?si=nixffH9YSe3hdGgm,12:04,Beginner,8.2,9.408,8.299
Addition,Decimal Arithmetic,https://www.youtube.com/watch?v=kwh4SD1ToFc,12:14,Intermediate,9.0,9.686,8.676
Addition,Adding Large Numbers,https://youtu.be/T9asFgfN5bg?si=CI2z3n21hND5aFvQ,5:03,Intermediate,7.8,8.557,7.984
Subtraction,Smart Subtraction,https://youtu.be/3fYgZgbOJmM?si=0Xq66JMU0XrVlOsn,13:38,Intermediate,7.9,7.348,7.293
Subtraction,Introduction to Subtraction,https://youtu.be/r3qKojj4g4g?si=-XA75LAElZS8jQOy,10:42,Advanced,8.6,8.417,8.002
Simplifying Fractions,Introduction to Simplifying Fractions,https://youtu.be/k73w_yZb9SM?si=sIcPAuwAjD24B_pV,7:30,Beginner,8.4,9.477,8.606
Subtraction,Smart Subtraction,https://youtu.be/3fYgZgbOJmM?si=0Xq66JMU0XrVlOsn,13:38,Intermediate,7.9,8.107,7.426
Simplifying Fractions,How to Simplify Fractions,https://youtu.be/R-FXE3g8GpU?si=TcmelTK3iD3Nzco1,16:06,Intermediate,8.7,8.792,8.11
Comparing Fractions,Comparing Fractions with different Denominators,https://youtu.be/d6fCqzuWjbo?si=eVQb7MoRlFCtsvGj,10:11,Intermediate,8.6,9.671,8.507
Fractions to Decimals,How to Convert Fractions to Decimals,https://www.youtube.com/watch?v=guBVW5PiHLs&list=PPSV,8:29,Beginner,9.1,9.458,8.678
Ordering Fractions,How to Order Fractions,https://www.youtube.com/watch?v=i2PfHDs88YE,6:33,Beginner,8.8,9.857,8.991
Comparing Fractions,Comparing Like Fractions,https://youtu.be/H3N5To5fO5U?si=Y3IFqQaqTK2GalSa,4:45,Intermediate,7.8,7.513,7.463
Subtraction,Smart Subtraction,https://youtu.be/3fYgZgbOJmM?si=0Xq66JMU0XrVlOsn,13:38,Intermediate,7.9,9.952,8.283
Division,Division Basics for Beginners,https://youtu.be/InIKW_tfhs4?si=i3EqqM2A_6JHTQYh,3:44,Intermediate,7.8,8.467,8.1
Simplifying Fractions,Introduction to Simplifying Fractions,https://youtu.be/k73w_yZb9SM?si=sIcPAuwAjD24B_pV,7:30,Beginner,8.4,7.462,7.753
Addition,Decimal Arithmetic,https://www.youtube.com/watch?v=kwh4SD1ToFc,12:14,Intermediate,9.0,7.482,7.855
Fractions to Decimals,Introduction to Fractions to Decimals,https://youtu.be/pDs4a4ijqh0?si=ktPINIYpIFYNILOV,8:00,Intermediate,8.0,7.596,7.574
Multiplication,Long Multiplication for Grade 7,https://www.youtube.com/watch?v=r85EMNbWMiE,21:00,Beginner,9.2,7.489,7.775
Simplifying Fractions,Reducing Fractions to Simplest Form,https://youtu.be/gVls1-gjIn0?si=vXNqJqUYBvTrC8xT,11:19,Advanced,8.5,8.027,7.584
Subtraction,Subtracting Large Numbers,https://youtu.be/HlxqCdDrbdc?si=1RAFlZfZuuD3LnjX,5:04,Intermediate,8.0,7.316,7.5
Fractions to Decimals,How to Convert Fractions to Decimals,https://www.youtube.com/watch?v=guBVW5PiHLs&list=PPSV,8:29,Beginner,9.1,7.33,8.402
Comparing Fractions,Introduction to Comparing Fractions,https://www.youtube.com/watch?v=KNdUJQ_qd4U,6:30,Beginner,8.3,7.016,7.643
Fractions to Decimals,How to Convert Fractions to Decimals,https://www.youtube.com/watch?v=guBVW5PiHLs&list=PPSV,8:29,Beginner,9.1,9.847,8.825
Fractions to Decimals,Introduction to Fractions to Decimals,https://youtu.be/pDs4a4ijqh0?si=ktPINIYpIFYNILOV,8:00,Intermediate,8.0,8.0,7.698
Addition,Add Numbers Faster,https://youtu.be/-x2yAOt_XFY?si=9WXX46kdbQDVhgO8,4:48,Advanced,8.8,9.606,8.75
Fractions to Decimals,Convert any Fraction to a Decimal,https://youtu.be/do_IbHId2Os?si=WyTbHiTgY6AaEz_L,6:43,Beginner,8.4,9.367,8.534
Multiplication,Box Method Multiplication,https://youtu.be/n3q3XzzIGSY?si=goczDT3wCWGEkSvm,7:19,Intermediate,8.0,9.444,8.193
Multiplication,Master Long Multiplication,https://youtu.be/GKetIwxaenA?si=9tvgkeqmmfUZ80xX,6:25,Beginner,8.5,7.619,8.15
Comparing Fractions,Comparing Fractions with different Denominators,https://youtu.be/d6fCqzuWjbo?si=eVQb7MoRlFCtsvGj,10:11,Intermediate,8.6,8.254,8.148
Multiplication,Multi-Digit Multiplication,https://youtu.be/dNSrfoYLQZU?si=fjPUGvSBAA5fmj_V,5:02,Advanced,8.3,8.621,8.063
Multiplication,Understanding Multiplication,https://youtu.be/_PyA3CJ-V98?si=mTi02JfyOo0ydPLR,13:18,Intermediate,8.8,9.919,8.639
Multiplication,Box Method Multiplication,https://youtu.be/n3q3XzzIGSY?si=goczDT3wCWGEkSvm,7:19,Intermediate,8.0,8.24,7.908
Division,Long Division with 2-Digit Divisors,https://youtu.be/HdU_rf7eMTI?si=Pr40TqBRgGXrpLxG,13:04,Intermediate,8.6,7.118,7.451
Division,Division Basics for Beginners,https://youtu.be/InIKW_tfhs4?si=i3EqqM2A_6JHTQYh,3:44,Intermediate,7.8,7.496,7.556
Division,Basic Division,https://youtu.be/KGMf314LUc0?si=jxaKi8tja1iw8LUl,9:57,Beginner,8.4,8.107,7.957
Simplifying Fractions,Reducing Fractions to Simplest Form,https://youtu.be/gVls1-gjIn0?si=vXNqJqUYBvTrC8xT,11:19,Advanced,8.5,8.809,8.013
Division,Long Division for Grade 7,https://www.youtube.com/watch?v=J15nbHRpSiQ,19:57,Beginner,9.0,8.925,8.513
Multiplication,Long Multiplication for Grade 7,https://www.youtube.com/watch?v=r85EMNbWMiE,21:00,Beginner,9.2,9.955,8.867
Division,Basic Division,https://youtu.be/KGMf314LUc0?si=jxaKi8tja1iw8LUl,9:57,Beginner,8.4,9.176,8.213
Simplifying Fractions,Simplifying Fractions,https://www.youtube.com/watch?v=AtBUQH8Tkqc&t=67s,8:30,Beginner,9.0,8.66,8.558
Addition,Add Numbers Faster,https://youtu.be/-x2yAOt_XFY?si=9WXX46kdbQDVhgO8,4:48,Advanced,8.8,8.475,8.192
Comparing Fractions,Comparing Fractions with different Denominators,https://youtu.be/d6fCqzuWjbo?si=eVQb7MoRlFCtsvGj,10:11,Intermediate,8.6,7.438,7.732
Comparing Fractions,Mastering Comparing Fractions,https://youtu.be/PEqV48jMeXw?si=55QJueBjYIoAgbk0,11:09,Advanced,8.7,9.674,8.536
Simplifying Fractions,Simplifying Fractions,https://www.youtube.com/watch?v=AtBUQH8Tkqc&t=67s,8:30,Beginner,9.0,8.558,8.737
Multiplication,Box Method Multiplication,https://youtu.be/n3q3XzzIGSY?si=goczDT3wCWGEkSvm,7:19,Intermediate,8.0,8.392,7.891
Fractions to Decimals,Mastering Fractions to Decimals,https://youtu.be/Mpv7AzOUOqg?si=dMjxnFwXU98D4MpH,9:06,Advanced,8.5,7.469,7.605
Fractions to Decimals,Converting Fractions to Decimals,https://youtu.be/UtHGpx_yp4U?si=tVG8XzrdqWBZp_hs,7:54,Intermediate,8.7,7.63,7.934
Multiplication,Long Multiplication for Grade 7,https://www.youtube.com/watch?v=r85EMNbWMiE,21:00,Beginner,9.2,9.421,8.644
Subtraction,Multi-Digit Subtraction,https://youtu.be/Y6M89-6106I?si=6dT-roRnqAH6OHdl,6:56,Beginner,8.3,9.685,8.568
Comparing Fractions,Comparing Like Fractions,https://youtu.be/H3N5To5fO5U?si=Y3IFqQaqTK2GalSa,4:45,Intermediate,7.8,8.393,7.917
Multiplication,Multi-Digit Multiplication,https://youtu.be/dNSrfoYLQZU?si=fjPUGvSBAA5fmj_V,5:02,Advanced,8.3,9.455,8.322
Multiplication,Box Method Multiplication,https://youtu.be/n3q3XzzIGSY?si=goczDT3wCWGEkSvm,7:19,Intermediate,8.0,8.078,7.666
Division,Long Division for Grade 7,https://www.youtube.com/watch?v=J15nbHRpSiQ,19:57,Beginner,9.0,8.469,8.195
Ordering Fractions,Introduction to Ordering Fractions,https://youtu.be/rL18ZMgCeKU?si=nixffH9YSe3hdGgm,12:04,Beginner,8.2,7.427,7.708
Addition,Decimal Arithmetic,https://www.youtube.com/watch?v=kwh4SD1ToFc,12:14,Intermediate,9.0,8.884,8.301
Subtraction,Subtracting Whole Numbers,https://www.youtube.com/watch?v=z4bTlVxU9C0,8:40,Beginner,8.7,8.221,8.226
Ordering Fractions,Mastering Fractions,https://youtu.be/XvjQcHbUNNw?si=Xyv5SPufpJclBZIf,8:00,Advanced,8.7,9.352,8.508
Division,Long Division with 2-Digit Divisors,https://youtu.be/HdU_rf7eMTI?si=Pr40TqBRgGXrpLxG,13:04,Intermediate,8.6,9.73,8.379
Ordering Fractions,Fraction Ordering,https://youtu.be/76s8ZzK87rA?si=F0Z4GtJkicWyq5_A,14:40,Intermediate,7.9,8.635,7.657
Addition,Decimal Arithmetic,https://www.youtube.com/watch?v=kwh4SD1ToFc,12:14,Intermediate,9.0,8.781,8.488
Addition,Adding Large Numbers,https://youtu.be/T9asFgfN5bg?si=CI2z3n21hND5aFvQ,5:03,Intermediate,7.8,9.605,8.175
Multiplication,Master Long Multiplication,https://youtu.be/GKetIwxaenA?si=9tvgkeqmmfUZ80xX,6:25,Beginner,8.5,8.178,8.279
Multiplication,Master Long Multiplication,https://youtu.be/GKetIwxaenA?si=9tvgkeqmmfUZ80xX,6:25,Beginner,8.5,7.057,7.778
Division,Basic Division,https://youtu.be/KGMf314LUc0?si=jxaKi8tja1iw8LUl,9:57,Beginner,8.4,8.937,8.227
Comparing Fractions,Comparing Like Fractions,https://youtu.be/H3N5To5fO5U?si=Y3IFqQaqTK2GalSa,4:45,Intermediate,7.8,7.307,7.485
Comparing Fractions,Comparing Fractions,https://www.youtube.com/watch?v=u_QTuWj107o,7:42,Beginner,8.9,7.18,7.789
Division,Basic Division,https://youtu.be/KGMf314LUc0?si=jxaKi8tja1iw8LUl,9:57,Beginner,8.4,9.033,8.287
Addition,Multi-Digit Addition,https://youtu.be/mAvuom42NyY?si=3Om627A44-sGimLU,6:28,Beginner,8.5,9.189,8.635
Comparing Fractions,Comparing Fractions,https://www.youtube.com/watch?v=u_QTuWj107o,7:42,Beginner,8.9,9.261,8.673
Simplifying Fractions,Introduction to Simplifying Fractions,https://youtu.be/k73w_yZb9SM?si=sIcPAuwAjD24B_pV,7:30,Beginner,8.4,8.515,8.278
Subtraction,Multi-Digit Subtraction,https://youtu.be/Y6M89-6106I?si=6dT-roRnqAH6OHdl,6:56,Beginner,8.3,9.453,8.437
Comparing Fractions,Comparing Fractions,https://www.youtube.com/watch?v=u_QTuWj107o,7:42,Beginner,8.9,7.273,8.224
Division,Basic Division,https://youtu.be/KGMf314LUc0?si=jxaKi8tja1iw8LUl,9:57,Beginner,8.4,7.44,7.834
Simplifying Fractions,Reducing Fractions to Simplest Form,https://youtu.be/gVls1-gjIn0?si=vXNqJqUYBvTrC8xT,11:19,Advanced,8.5,8.365,7.96
Addition,Add Numbers Faster,https://youtu.be/-x2yAOt_XFY?si=9WXX46kdbQDVhgO8,4:48,Advanced,8.8,7.903,8.074
Fractions to Decimals,How to Convert Fractions to Decimals,https://www.youtube.com/watch?v=guBVW5PiHLs&list=PPSV,8:29,Beginner,9.1,9.916,9.074
Comparing Fractions,Mastering Comparing Fractions,https://youtu.be/PEqV48jMeXw?si=55QJueBjYIoAgbk0,11:09,Advanced,8.7,8.444,7.94
Addition,Adding Large Numbers,https://youtu.be/T9asFgfN5bg?si=CI2z3n21hND5aFvQ,5:03,Intermediate,7.8,7.081,7.372
Multiplication,Multi-Digit Multiplication,https://youtu.be/dNSrfoYLQZU?si=fjPUGvSBAA5fmj_V,5:02,Advanced,8.3,7.039,7.421
Multiplication,Understanding Multiplication,https://youtu.be/_PyA3CJ-V98?si=mTi02JfyOo0ydPLR,13:18,Intermediate,8.8,9.451,8.366
Division,Long Division with 2-Digit Divisors,https://youtu.be/HdU_rf7eMTI?si=Pr40TqBRgGXrpLxG,13:04,Intermediate,8.6,9.877,8.489
Comparing Fractions,Comparing Like Fractions,https://youtu.be/H3N5To5fO5U?si=Y3IFqQaqTK2GalSa,4:45,Intermediate,7.8,8.134,7.891
Ordering Fractions,Mastering Fractions,https://youtu.be/XvjQcHbUNNw?si=Xyv5SPufpJclBZIf,8:00,Advanced,8.7,9.699,8.727
Ordering Fractions,Fraction Ordering,https://youtu.be/76s8ZzK87rA?si=F0Z4GtJkicWyq5_A,14:40,Intermediate,7.9,9.382,7.968
Division,Long Division with 2-Digit Divisors,https://youtu.be/HdU_rf7eMTI?si=Pr40TqBRgGXrpLxG,13:04,Intermediate,8.6,8.005,7.743
Addition,Decimal Arithmetic,https://www.youtube.com/watch?v=kwh4SD1ToFc,12:14,Intermediate,9.0,7.513,7.869
Fractions to Decimals,Convert any Fraction to a Decimal,https://youtu.be/do_IbHId2Os?si=WyTbHiTgY6AaEz_L,6:43,Beginner,8.4,9.006,8.431
Division,Smart Long Division,https://youtu.be/HJYHNxS64f0?si=PJiPytkuwiCJhiuV,14:40,Advanced,8.9,8.738,8.242
Comparing Fractions,Mastering Comparing Fractions,https://youtu.be/PEqV48jMeXw?si=55QJueBjYIoAgbk0,11:09,Advanced,8.7,9.162,8.227
Subtraction,Subtracting Large Numbers,https://youtu.be/HlxqCdDrbdc?si=1RAFlZfZuuD3LnjX,5:04,Intermediate,8.0,7.611,7.624
Comparing Fractions,Comparing Like Fractions,https://youtu.be/H3N5To5fO5U?si=Y3IFqQaqTK2GalSa,4:45,Intermediate,7.8,8.55,7.788
Comparing Fractions,Comparing Like Fractions,https://youtu.be/H3N5To5fO5U?si=Y3IFqQaqTK2GalSa,4:45,Intermediate,7.8,8.643,7.819
Ordering Fractions,Learn Ordering Fractions,https://youtu.be/QECYScPz4sA?si=qJW4l4BvbXma1lOP,10:15,Intermediate,8.5,9.08,8.11
Division,Division Basics for Beginners,https://youtu.be/InIKW_tfhs4?si=i3EqqM2A_6JHTQYh,3:44,Intermediate,7.8,9.247,8.277
Comparing Fractions,Comparing Fractions,https://www.youtube.com/watch?v=u_QTuWj107o,7:42,Beginner,8.9,7.611,8.116
Simplifying Fractions,Introduction to Simplifying Fractions,https://youtu.be/k73w_yZb9SM?si=sIcPAuwAjD24B_pV,7:30,Beginner,8.4,7.884,8.055
Comparing Fractions,Comparing Like Fractions,https://youtu.be/H3N5To5fO5U?si=Y3IFqQaqTK2GalSa,4:45,Intermediate,7.8,8.76,7.864
Division,Basic Division,https://youtu.be/KGMf314LUc0?si=jxaKi8tja1iw8LUl,9:57,Beginner,8.4,8.533,8.145
Addition,Add Numbers Faster,https://youtu.be/-x2yAOt_XFY?si=9WXX46kdbQDVhgO8,4:48,Advanced,8.8,9.384,8.387
Simplifying Fractions,Introduction to Simplifying Fractions,https://youtu.be/k73w_yZb9SM?si=sIcPAuwAjD24B_pV,7:30,Beginner,8.4,8.475,8.187
Subtraction,Subtracting Whole Numbers,https://www.youtube.com/watch?v=z4bTlVxU9C0,8:40,Beginner,8.7,9.636,8.765
Multiplication,Long Multiplication for Grade 7,https://www.youtube.com/watch?v=r85EMNbWMiE,21:00,Beginner,9.2,8.686,8.258
Addition,Adding Three Decimals,https://youtu.be/sQ1W919fgq8?si=V7TgnmmWgHYc_A5P,4:55,Beginner,8.2,9.443,8.653
Comparing Fractions,Mastering Comparing Fractions,https://youtu.be/PEqV48jMeXw?si=55QJueBjYIoAgbk0,11:09,Advanced,8.7,8.552,8.154
Fractions to Decimals,How to Convert Fractions to Decimals,https://www.youtube.com/watch?v=guBVW5PiHLs&list=PPSV,8:29,Beginner,9.1,8.065,8.342
Fractions to Decimals,Converting Fractions to Decimals,https://youtu.be/UtHGpx_yp4U?si=tVG8XzrdqWBZp_hs,7:54,Intermediate,8.7,8.7,8.247
Multiplication,Multi-Digit Multiplication,https://youtu.be/dNSrfoYLQZU?si=fjPUGvSBAA5fmj_V,5:02,Advanced,8.3,9.306,8.28
Ordering Fractions,Fraction Ordering,https://youtu.be/76s8ZzK87rA?si=F0Z4GtJkicWyq5_A,14:40,Intermediate,7.9,7.856,7.398
Multiplication,Master Long Multiplication,https://youtu.be/GKetIwxaenA?si=9tvgkeqmmfUZ80xX,6:25,Beginner,8.5,7.538,7.825
Fractions to Decimals,Converting Fractions to Decimals,https://youtu.be/UtHGpx_yp4U?si=tVG8XzrdqWBZp_hs,7:54,Intermediate,8.7,7.76,8.022
Simplifying Fractions,Learn Fraction Simplification,https://youtu.be/IuB8yTJ0-hk?si=8-bnaKA-irwAua1m,6:20,Intermediate,8.0,9.087,8.166
Multiplication,Understanding Multiplication,https://youtu.be/_PyA3CJ-V98?si=mTi02JfyOo0ydPLR,13:18,Intermediate,8.8,7.156,7.542
Fractions to Decimals,Converting Fractions to Decimals,https://youtu.be/UtHGpx_yp4U?si=tVG8XzrdqWBZp_hs,7:54,Intermediate,8.7,8.232,8.244
Multiplication,Long Multiplication for Grade 7,https://www.youtube.com/watch?v=r85EMNbWMiE,21:00,Beginner,9.2,9.128,8.523
Division,Smart Long Division,https://youtu.be/HJYHNxS64f0?si=PJiPytkuwiCJhiuV,14:40,Advanced,8.9,7.935,7.748
Addition,Add Numbers Faster,https://youtu.be/-x2yAOt_XFY?si=9WXX46kdbQDVhgO8,4:48,Advanced,8.8,9.119,8.652
Fractions to Decimals,Introduction to Fractions to Decimals,https://youtu.be/pDs4a4ijqh0?si=ktPINIYpIFYNILOV,8:00,Intermediate,8.0,8.189,7.685
Multiplication,Box Method Multiplication,https://youtu.be/n3q3XzzIGSY?si=goczDT3wCWGEkSvm,7:19,Intermediate,8.0,7.627,7.531
Division,Division Basics for Beginners,https://youtu.be/InIKW_tfhs4?si=i3EqqM2A_6JHTQYh,3:44,Intermediate,7.8,8.425,7.953
Subtraction,Subtracting Large Numbers,https://youtu.be/HlxqCdDrbdc?si=1RAFlZfZuuD3LnjX,5:04,Intermediate,8.0,9.419,8.34
Ordering Fractions,How to Order Fractions,https://www.youtube.com/watch?v=i2PfHDs88YE,6:33,Beginner,8.8,9.529,8.819
Comparing Fractions,Introduction to Comparing Fractions,https://www.youtube.com/watch?v=KNdUJQ_qd4U,6:30,Beginner,8.3,9.265,8.524
Simplifying Fractions,Simplifying Fractions,https://www.youtube.com/watch?v=AtBUQH8Tkqc&t=67s,8:30,Beginner,9.0,8.193,8.32
Fractions to Decimals,Converting Fractions to Decimals,https://youtu.be/UtHGpx_yp4U?si=tVG8XzrdqWBZp_hs,7:54,Intermediate,8.7,7.077,7.845
Fractions to Decimals,Mastering Fractions to Decimals,https://youtu.be/Mpv7AzOUOqg?si=dMjxnFwXU98D4MpH,9:06,Advanced,8.5,8.051,7.76
Addition,Adding Large Numbers,https://youtu.be/T9asFgfN5bg?si=CI2z3n21hND5aFvQ,5:03,Intermediate,7.8,9.198,8.187
Division,Basic Division,https://youtu.be/KGMf314LUc0?si=jxaKi8tja1iw8LUl,9:57,Beginner,8.4,8.035,8.029
Simplifying Fractions,Learn Fraction Simplification,https://youtu.be/IuB8yTJ0-hk?si=8-bnaKA-irwAua1m,6:20,Intermediate,8.0,7.96,7.811
Division,Long Division for Grade 7,https://www.youtube.com/watch?v=J15nbHRpSiQ,19:57,Beginner,9.0,7.295,7.743
Addition,Adding Three Decimals,https://youtu.be/sQ1W919fgq8?si=V7TgnmmWgHYc_A5P,4:55,Beginner,8.2,8.238,8.183
Multiplication,Box Method Multiplication,https://youtu.be/n3q3XzzIGSY?si=goczDT3wCWGEkSvm,7:19,Intermediate,8.0,7.21,7.448
Ordering Fractions,Fraction Ordering,https://youtu.be/76s8ZzK87rA?si=F0Z4GtJkicWyq5_A,14:40,Intermediate,7.9,7.296,7.153
Fractions to Decimals,Introduction to Fractions to Decimals,https://youtu.be/pDs4a4ijqh0?si=ktPINIYpIFYNILOV,8:00,Intermediate,8.0,7.156,7.362
Subtraction,Subtracting Large Numbers,https://youtu.be/HlxqCdDrbdc?si=1RAFlZfZuuD3LnjX,5:04,Intermediate,8.0,9.646,8.383
Addition,Decimal Arithmetic,https://www.youtube.com/watch?v=kwh4SD1ToFc,12:14,Intermediate,9.0,8.744,8.336
Subtraction,Introduction to Subtraction,https://youtu.be/r3qKojj4g4g?si=-XA75LAElZS8jQOy,10:42,Advanced,8.6,8.213,7.887
Simplifying Fractions,How to Simplify Fractions,https://youtu.be/R-FXE3g8GpU?si=TcmelTK3iD3Nzco1,16:06,Intermediate,8.7,8.147,7.891
Division,Division Basics for Beginners,https://youtu.be/InIKW_tfhs4?si=i3EqqM2A_6JHTQYh,3:44,Intermediate,7.8,8.055,7.798
Addition,Adding Large Numbers,https://youtu.be/T9asFgfN5bg?si=CI2z3n21hND5aFvQ,5:03,Intermediate,7.8,7.225,7.503
Simplifying Fractions,Reducing Fractions to Simplest Form,https://youtu.be/gVls1-gjIn0?si=vXNqJqUYBvTrC8xT,11:19,Advanced,8.5,7.599,7.614
Subtraction,Multi-Digit Subtraction,https://youtu.be/Y6M89-6106I?si=6dT-roRnqAH6OHdl,6:56,Beginner,8.3,8.644,8.393
Multiplication,Box Method Multiplication,https://youtu.be/n3q3XzzIGSY?si=goczDT3wCWGEkSvm,7:19,Intermediate,8.0,8.597,8.026
Ordering Fractions,Fraction Ordering,https://youtu.be/76s8ZzK87rA?si=F0Z4GtJkicWyq5_A,14:40,Intermediate,7.9,7.011,7.131
Simplifying Fractions,Reducing Fractions to Simplest Form,https://youtu.be/gVls1-gjIn0?si=vXNqJqUYBvTrC8xT,11:19,Advanced,8.5,9.691,8.272
Ordering Fractions,Fraction Ordering,https://youtu.be/76s8ZzK87rA?si=F0Z4GtJkicWyq5_A,14:40,Intermediate,7.9,8.717,7.672
Addition,Decimal Arithmetic,https://www.youtube.com/watch?v=kwh4SD1ToFc,12:14,Intermediate,9.0,9.815,8.975
Addition,Add Numbers Faster,https://youtu.be/-x2yAOt_XFY?si=9WXX46kdbQDVhgO8,4:48,Advanced,8.8,7.821,7.944
Comparing Fractions,Comparing Fractions with different Denominators,https://youtu.be/d6fCqzuWjbo?si=eVQb7MoRlFCtsvGj,10:11,Intermediate,8.6,9.376,8.413
Simplifying Fractions,Learn Fraction Simplification,https://youtu.be/IuB8yTJ0-hk?si=8-bnaKA-irwAua1m,6:20,Intermediate,8.0,9.325,8.233
Division,Long Division for Grade 7,https://www.youtube.com/watch?v=J15nbHRpSiQ,19:57,Beginner,9.0,9.033,8.373
Addition,Decimal Arithmetic,https://www.youtube.com/watch?v=kwh4SD1ToFc,12:14,Intermediate,9.0,8.089,8.124
Division,Long Division with 2-Digit Divisors,https://youtu.be/HdU_rf7eMTI?si=Pr40TqBRgGXrpLxG,13:04,Intermediate,8.6,9.593,8.351
Subtraction,Subtracting Whole Numbers,https://www.youtube.com/watch?v=z4bTlVxU9C0,8:40,Beginner,8.7,7.684,8.062
Division,Long Division with 2-Digit Divisors,https://youtu.be/HdU_rf7eMTI?si=Pr40TqBRgGXrpLxG,13:04,Intermediate,8.6,8.673,8.106
Division,Long Division for Grade 7,https://www.youtube.com/watch?v=J15nbHRpSiQ,19:57,Beginner,9.0,8.059,8.025
Subtraction,Subtracting Whole Numbers,https://www.youtube.com/watch?v=z4bTlVxU9C0,8:40,Beginner,8.7,9.409,8.755
Subtraction,Subtracting Whole Numbers,https://www.youtube.com/watch?v=z4bTlVxU9C0,8:40,Beginner,8.7,7.071,7.902
Comparing Fractions,Comparing Fractions with different Denominators,https://youtu.be/d6fCqzuWjbo?si=eVQb7MoRlFCtsvGj,10:11,Intermediate,8.6,9.837,8.468
Multiplication,Long Multiplication for Grade 7,https://www.youtube.com/watch?v=r85EMNbWMiE,21:00,Beginner,9.2,8.113,8.012
Fractions to Decimals,Convert any Fraction to a Decimal,https://youtu.be/do_IbHId2Os?si=WyTbHiTgY6AaEz_L,6:43,Beginner,8.4,9.992,8.844
Fractions to Decimals,Introduction to Fractions to Decimals,https://youtu.be/pDs4a4ijqh0?si=ktPINIYpIFYNILOV,8:00,Intermediate,8.0,9.189,8.071
Simplifying Fractions,Simplifying Fractions,https://www.youtube.com/watch?v=AtBUQH8Tkqc&t=67s,8:30,Beginner,9.0,8.967,8.648
Comparing Fractions,Introduction to Comparing Fractions,https://www.youtube.com/watch?v=KNdUJQ_qd4U,6:30,Beginner,8.3,8.545,8.271
Ordering Fractions,Mastering Fractions,https://youtu.be/XvjQcHbUNNw?si=Xyv5SPufpJclBZIf,8:00,Advanced,8.7,7.452,7.712
Ordering Fractions,Mastering Fractions,https://youtu.be/XvjQcHbUNNw?si=Xyv5SPufpJclBZIf,8:00,Advanced,8.7,7.12,7.578
Ordering Fractions,Mastering Fractions,https://youtu.be/XvjQcHbUNNw?si=Xyv5SPufpJclBZIf,8:00,Advanced,8.7,8.61,8.058
Subtraction,Subtracting Large Numbers,https://youtu.be/HlxqCdDrbdc?si=1RAFlZfZuuD3LnjX,5:04,Intermediate,8.0,7.615,7.674
Addition,Multi-Digit Addition,https://youtu.be/mAvuom42NyY?si=3Om627A44-sGimLU,6:28,Beginner,8.5,7.366,7.821
Subtraction,Multi-Digit Subtraction,https://youtu.be/Y6M89-6106I?si=6dT-roRnqAH6OHdl,6:56,Beginner,8.3,7.893,7.947
Subtraction,Multi-Digit Subtraction,https://youtu.be/Y6M89-6106I?si=6dT-roRnqAH6OHdl,6:56,Beginner,8.3,9.812,8.638
Fractions to Decimals,How to Convert Fractions to Decimals,https://www.youtube.com/watch?v=guBVW5PiHLs&list=PPSV,8:29,Beginner,9.1,7.962,8.325
Addition,Add Numbers Faster,https://youtu.be/-x2yAOt_XFY?si=9WXX46kdbQDVhgO8,4:48,Advanced,8.8,8.497,8.178
Simplifying Fractions,Simplifying Fractions,https://www.youtube.com/watch?v=AtBUQH8Tkqc&t=67s,8:30,Beginner,9.0,7.377,8.13
Addition,Adding Large Numbers,https://youtu.be/T9asFgfN5bg?si=CI2z3n21hND5aFvQ,5:03,Intermediate,7.8,7.787,7.597
Fractions to Decimals,Converting Fractions to Decimals,https://youtu.be/UtHGpx_yp4U?si=tVG8XzrdqWBZp_hs,7:54,Intermediate,8.7,9.546,8.566
Comparing Fractions,Mastering Comparing Fractions,https://youtu.be/PEqV48jMeXw?si=55QJueBjYIoAgbk0,11:09,Advanced,8.7,7.06,7.481
Addition,Adding Three Decimals,https://youtu.be/sQ1W919fgq8?si=V7TgnmmWgHYc_A5P,4:55,Beginner,8.2,9.178,8.303
Fractions to Decimals,Mastering Fractions to Decimals,https://youtu.be/Mpv7AzOUOqg?si=dMjxnFwXU98D4MpH,9:06,Advanced,8.5,8.785,8.135
Addition,Adding Large Numbers,https://youtu.be/T9asFgfN5bg?si=CI2z3n21hND5aFvQ,5:03,Intermediate,7.8,9.678,8.152
Fractions to Decimals,Converting Fractions to Decimals,https://youtu.be/UtHGpx_yp4U?si=tVG8XzrdqWBZp_hs,7:54,Intermediate,8.7,7.95,8.144
Division,Smart Long Division,https://youtu.be/HJYHNxS64f0?si=PJiPytkuwiCJhiuV,14:40,Advanced,8.9,8.434,7.769
Fractions to Decimals,Mastering Fractions to Decimals,https://youtu.be/Mpv7AzOUOqg?si=dMjxnFwXU98D4MpH,9:06,Advanced,8.5,9.576,8.338
Addition,Multi-Digit Addition,https://youtu.be/mAvuom42NyY?si=3Om627A44-sGimLU,6:28,Beginner,8.5,9.789,8.672
Simplifying Fractions,Introduction to Simplifying Fractions,https://youtu.be/k73w_yZb9SM?si=sIcPAuwAjD24B_pV,7:30,Beginner,8.4,9.343,8.426
Comparing Fractions,Comparing Fractions with different Denominators,https://youtu.be/d6fCqzuWjbo?si=eVQb7MoRlFCtsvGj,10:11,Intermediate,8.6,7.071,7.552
Division,Long Division for Grade 7,https://www.youtube.com/watch?v=J15nbHRpSiQ,19:57,Beginner,9.0,7.145,7.58
Multiplication,Box Method Multiplication,https://youtu.be/n3q3XzzIGSY?si=goczDT3wCWGEkSvm,7:19,Intermediate,8.0,7.313,7.362
Comparing Fractions,Introduction to Comparing Fractions,https://www.youtube.com/watch?v=KNdUJQ_qd4U,6:30,Beginner,8.3,9.828,8.528
Fractions to Decimals,Converting Fractions to Decimals,https://youtu.be/UtHGpx_yp4U?si=tVG8XzrdqWBZp_hs,7:54,Intermediate,8.7,9.811,8.614
Addition,Add Numbers Faster,https://youtu.be/-x2yAOt_XFY?si=9WXX46kdbQDVhgO8,4:48,Advanced,8.8,8.964,8.351
Multiplication,Master Long Multiplication,https://youtu.be/GKetIwxaenA?si=9tvgkeqmmfUZ80xX,6:25,Beginner,8.5,8.607,8.159
Division,Long Division with 2-Digit Divisors,https://youtu.be/HdU_rf7eMTI?si=Pr40TqBRgGXrpLxG,13:04,Intermediate,8.6,8.232,7.797
Fractions to Decimals,How to Convert Fractions to Decimals,https://www.youtube.com/watch?v=guBVW5PiHLs&list=PPSV,8:29,Beginner,9.1,8.555,8.536
Ordering Fractions,Learn Ordering Fractions,https://youtu.be/QECYScPz4sA?si=qJW4l4BvbXma1lOP,10:15,Intermediate,8.5,7.471,7.745
Simplifying Fractions,Learn Fraction Simplification,https://youtu.be/IuB8yTJ0-hk?si=8-bnaKA-irwAua1m,6:20,Intermediate,8.0,8.247,7.848
Division,Long Division for Grade 7,https://www.youtube.com/watch?v=J15nbHRpSiQ,19:57,Beginner,9.0,7.946,8.097
Subtraction,Subtracting Whole Numbers,https://www.youtube.com/watch?v=z4bTlVxU9C0,8:40,Beginner,8.7,8.701,8.418
Simplifying Fractions,Learn Fraction Simplification,https://youtu.be/IuB8yTJ0-hk?si=8-bnaKA-irwAua1m,6:20,Intermediate,8.0,9.315,8.319
Addition,Decimal Arithmetic,https://www.youtube.com/watch?v=kwh4SD1ToFc,12:14,Intermediate,9.0,7.19,7.814
Comparing Fractions,Comparing Like Fractions,https://youtu.be/H3N5To5fO5U?si=Y3IFqQaqTK2GalSa,4:45,Intermediate,7.8,7.13,7.443
Simplifying Fractions,How to Simplify Fractions,https://youtu.be/R-FXE3g8GpU?si=TcmelTK3iD3Nzco1,16:06,Intermediate,8.7,8.093,7.904
Multiplication,Long Multiplication for Grade 7,https://www.youtube.com/watch?v=r85EMNbWMiE,21:00,Beginner,9.2,9.45,8.601
Addition,Adding Large Numbers,https://youtu.be/T9asFgfN5bg?si=CI2z3n21hND5aFvQ,5:03,Intermediate,7.8,9.845,8.303
Comparing Fractions,Mastering Comparing Fractions,https://youtu.be/PEqV48jMeXw?si=55QJueBjYIoAgbk0,11:09,Advanced,8.7,9.332,8.422
Addition,Multi-Digit Addition,https://youtu.be/mAvuom42NyY?si=3Om627A44-sGimLU,6:28,Beginner,8.5,9.121,8.453
Ordering Fractions,Mastering Fractions,https://youtu.be/XvjQcHbUNNw?si=Xyv5SPufpJclBZIf,8:00,Advanced,8.7,8.199,8.018
Addition,Adding Three Decimals,https://youtu.be/sQ1W919fgq8?si=V7TgnmmWgHYc_A5P,4:55,Beginner,8.2,8.927,8.332
Division,Division Basics for Beginners,https://youtu.be/InIKW_tfhs4?si=i3EqqM2A_6JHTQYh,3:44,Intermediate,7.8,8.351,7.758
Fractions to Decimals,Converting Fractions to Decimals,https://youtu.be/UtHGpx_yp4U?si=tVG8XzrdqWBZp_hs,7:54,Intermediate,8.7,9.822,8.832
Addition,Multi-Digit Addition,https://youtu.be/mAvuom42NyY?si=3Om627A44-sGimLU,6:28,Beginner,8.5,7.139,7.938
Ordering Fractions,Fraction Ordering,https://youtu.be/76s8ZzK87rA?si=F0Z4GtJkicWyq5_A,14:40,Intermediate,7.9,7.269,7.197
Fractions to Decimals,How to Convert Fractions to Decimals,https://www.youtube.com/watch?v=guBVW5PiHLs&list=PPSV,8:29,Beginner,9.1,9.499,8.769
Division,Division Basics for Beginners,https://youtu.be/InIKW_tfhs4?si=i3EqqM2A_6JHTQYh,3:44,Intermediate,7.8,8.469,8.029
Fractions to Decimals,How to Convert Fractions to Decimals,https://www.youtube.com/watch?v=guBVW5PiHLs&list=PPSV,8:29,Beginner,9.1,7.132,8.117
Fractions to Decimals,Converting Fractions to Decimals,https://youtu.be/UtHGpx_yp4U?si=tVG8XzrdqWBZp_hs,7:54,Intermediate,8.7,7.092,7.772
Division,Division Basics for Beginners,https://youtu.be/InIKW_tfhs4?si=i3EqqM2A_6JHTQYh,3:44,Intermediate,7.8,7.635,7.617
Ordering Fractions,Introduction to Ordering Fractions,https://youtu.be/rL18ZMgCeKU?si=nixffH9YSe3hdGgm,12:04,Beginner,8.2,9.897,8.343
Division,Long Division for Grade 7,https://www.youtube.com/watch?v=J15nbHRpSiQ,19:57,Beginner,9.0,8.16,8.155
Multiplication,Multi-Digit Multiplication,https://youtu.be/dNSrfoYLQZU?si=fjPUGvSBAA5fmj_V,5:02,Advanced,8.3,8.396,8.152
Comparing Fractions,Mastering Comparing Fractions,https://youtu.be/PEqV48jMeXw?si=55QJueBjYIoAgbk0,11:09,Advanced,8.7,7.79,7.629
Division,Long Division with 2-Digit Divisors,https://youtu.be/HdU_rf7eMTI?si=Pr40TqBRgGXrpLxG,13:04,Intermediate,8.6,9.951,8.699
Addition,Multi-Digit Addition,https://youtu.be/mAvuom42NyY?si=3Om627A44-sGimLU,6:28,Beginner,8.5,7.814,8.111
Fractions to Decimals,Convert any Fraction to a Decimal,https://youtu.be/do_IbHId2Os?si=WyTbHiTgY6AaEz_L,6:43,Beginner,8.4,9.015,8.409
Simplifying Fractions,Reducing Fractions to Simplest Form,https://youtu.be/gVls1-gjIn0?si=vXNqJqUYBvTrC8xT,11:19,Advanced,8.5,9.154,8.035
Division,Long Division for Grade 7,https://www.youtube.com/watch?v=J15nbHRpSiQ,19:57,Beginner,9.0,8.148,8.137
Subtraction,Subtracting Large Numbers,https://youtu.be/HlxqCdDrbdc?si=1RAFlZfZuuD3LnjX,5:04,Intermediate,8.0,9.194,8.311
Comparing Fractions,Mastering Comparing Fractions,https://youtu.be/PEqV48jMeXw?si=55QJueBjYIoAgbk0,11:09,Advanced,8.7,8.682,7.967
Ordering Fractions,Introduction to Ordering Fractions,https://youtu.be/rL18ZMgCeKU?si=nixffH9YSe3hdGgm,12:04,Beginner,8.2,7.066,7.401
Simplifying Fractions,Simplifying Fractions,https://www.youtube.com/watch?v=AtBUQH8Tkqc&t=67s,8:30,Beginner,9.0,8.174,8.289
Subtraction,Smart Subtraction,https://youtu.be/3fYgZgbOJmM?si=0Xq66JMU0XrVlOsn,13:38,Intermediate,7.9,9.67,8.132
Comparing Fractions,Introduction to Comparing Fractions,https://www.youtube.com/watch?v=KNdUJQ_qd4U,6:30,Beginner,8.3,9.209,8.677
Addition,Add Numbers Faster,https://youtu.be/-x2yAOt_XFY?si=9WXX46kdbQDVhgO8,4:48,Advanced,8.8,9.041,8.439
Multiplication,Box Method Multiplication,https://youtu.be/n3q3XzzIGSY?si=goczDT3wCWGEkSvm,7:19,Intermediate,8.0,7.032,7.324
Fractions to Decimals,Converting Fractions to Decimals,https://youtu.be/UtHGpx_yp4U?si=tVG8XzrdqWBZp_hs,7:54,Intermediate,8.7,8.468,8.316
Ordering Fractions,Fraction Ordering,https://youtu.be/76s8ZzK87rA?si=F0Z4GtJkicWyq5_A,14:40,Intermediate,7.9,7.19,7.039
Comparing Fractions,Comparing Like Fractions,https://youtu.be/H3N5To5fO5U?si=Y3IFqQaqTK2GalSa,4:45,Intermediate,7.8,9.48,8.336
Fractions to Decimals,Converting Fractions to Decimals,https://youtu.be/UtHGpx_yp4U?si=tVG8XzrdqWBZp_hs,7:54,Intermediate,8.7,7.601,7.825
Multiplication,Understanding Multiplication,https://youtu.be/_PyA3CJ-V98?si=mTi02JfyOo0ydPLR,13:18,Intermediate,8.8,8.779,8.304
Comparing Fractions,Introduction to Comparing Fractions,https://www.youtube.com/watch?v=KNdUJQ_qd4U,6:30,Beginner,8.3,8.663,8.457
Addition,Adding Three Decimals,https://youtu.be/sQ1W919fgq8?si=V7TgnmmWgHYc_A5P,4:55,Beginner,8.2,9.09,8.402
Subtraction,Multi-Digit Subtraction,https://youtu.be/Y6M89-6106I?si=6dT-roRnqAH6OHdl,6:56,Beginner,8.3,8.555,8.251
Multiplication,Master Long Multiplication,https://youtu.be/GKetIwxaenA?si=9tvgkeqmmfUZ80xX,6:25,Beginner,8.5,7.025,7.954
Comparing Fractions,Comparing Fractions,https://www.youtube.com/watch?v=u_QTuWj107o,7:42,Beginner,8.9,9.023,8.674
Division,Basic Division,https://youtu.be/KGMf314LUc0?si=jxaKi8tja1iw8LUl,9:57,Beginner,8.4,7.757,7.88
Ordering Fractions,Learn Ordering Fractions,https://youtu.be/QECYScPz4sA?si=qJW4l4BvbXma1lOP,10:15,Intermediate,8.5,7.118,7.674
Simplifying Fractions,Introduction to Simplifying Fractions,https://youtu.be/k73w_yZb9SM?si=sIcPAuwAjD24B_pV,7:30,Beginner,8.4,9.546,8.603
Fractions to Decimals,Introduction to Fractions to Decimals,https://youtu.be/pDs4a4ijqh0?si=ktPINIYpIFYNILOV,8:00,Intermediate,8.0,7.509,7.512
Comparing Fractions,Comparing Fractions,https://www.youtube.com/watch?v=u_QTuWj107o,7:42,Beginner,8.9,8.514,8.476
Multiplication,Understanding Multiplication,https://youtu.be/_PyA3CJ-V98?si=mTi02JfyOo0ydPLR,13:18,Intermediate,8.8,7.526,7.7
Addition,Adding Three Decimals,https://youtu.be/sQ1W919fgq8?si=V7TgnmmWgHYc_A5P,4:55,Beginner,8.2,7.354,7.923
Simplifying Fractions,How to Simplify Fractions,https://youtu.be/R-FXE3g8GpU?si=TcmelTK3iD3Nzco1,16:06,Intermediate,8.7,7.693,7.869
Comparing Fractions,Mastering Comparing Fractions,https://youtu.be/PEqV48jMeXw?si=55QJueBjYIoAgbk0,11:09,Advanced,8.7,8.482,8.172
Simplifying Fractions,Reducing Fractions to Simplest Form,https://youtu.be/gVls1-gjIn0?si=vXNqJqUYBvTrC8xT,11:19,Advanced,8.5,8.324,7.913
Multiplication,Long Multiplication for Grade 7,https://www.youtube.com/watch?v=r85EMNbWMiE,21:00,Beginner,9.2,8.864,8.493
Division,Basic Division,https://youtu.be/KGMf314LUc0?si=jxaKi8tja1iw8LUl,9:57,Beginner,8.4,9.948,8.682
Addition,Decimal Arithmetic,https://www.youtube.com/watch?v=kwh4SD1ToFc,12:14,Intermediate,9.0,9.96,8.844
Addition,Multi-Digit Addition,https://youtu.be/mAvuom42NyY?si=3Om627A44-sGimLU,6:28,Beginner,8.5,8.803,8.31
Comparing Fractions,Introduction to Comparing Fractions,https://www.youtube.com/watch?v=KNdUJQ_qd4U,6:30,Beginner,8.3,7.311,7.862
Subtraction,Smart Subtraction,https://youtu.be/3fYgZgbOJmM?si=0Xq66JMU0XrVlOsn,13:38,Intermediate,7.9,9.7,8.2
Addition,Adding Large Numbers,https://youtu.be/T9asFgfN5bg?si=CI2z3n21hND5aFvQ,5:03,Intermediate,7.8,8.192,7.702
Addition,Add Numbers Faster,https://youtu.be/-x2yAOt_XFY?si=9WXX46kdbQDVhgO8,4:48,Advanced,8.8,8.038,8.125
Multiplication,Long Multiplication for Grade 7,https://www.youtube.com/watch?v=r85EMNbWMiE,21:00,Beginner,9.2,8.647,8.368
Simplifying Fractions,Reducing Fractions to Simplest Form,https://youtu.be/gVls1-gjIn0?si=vXNqJqUYBvTrC8xT,11:19,Advanced,8.5,7.341,7.44
Comparing Fractions,Comparing Fractions with different Denominators,https://youtu.be/d6fCqzuWjbo?si=eVQb7MoRlFCtsvGj,10:11,Intermediate,8.6,7.871,8.033
Ordering Fractions,How to Order Fractions,https://www.youtube.com/watch?v=i2PfHDs88YE,6:33,Beginner,8.8,8.135,8.394
Subtraction,Smart Subtraction,https://youtu.be/3fYgZgbOJmM?si=0Xq66JMU0XrVlOsn,13:38,Intermediate,7.9,8.624,7.788
Simplifying Fractions,Reducing Fractions to Simplest Form,https://youtu.be/gVls1-gjIn0?si=vXNqJqUYBvTrC8xT,11:19,Advanced,8.5,8.829,8.172
Ordering Fractions,Mastering Fractions,https://youtu.be/XvjQcHbUNNw?si=Xyv5SPufpJclBZIf,8:00,Advanced,8.7,8.513,8.112
Simplifying Fractions,Learn Fraction Simplification,https://youtu.be/IuB8yTJ0-hk?si=8-bnaKA-irwAua1m,6:20,Intermediate,8.0,8.039,7.757
Simplifying Fractions,Simplifying Fractions,https://www.youtube.com/watch?v=AtBUQH8Tkqc&t=67s,8:30,Beginner,9.0,9.624,8.865
Fractions to Decimals,Introduction to Fractions to Decimals,https://youtu.be/pDs4a4ijqh0?si=ktPINIYpIFYNILOV,8:00,Intermediate,8.0,9.829,8.455
Multiplication,Multi-Digit Multiplication,https://youtu.be/dNSrfoYLQZU?si=fjPUGvSBAA5fmj_V,5:02,Advanced,8.3,7.631,7.606
Division,Long Division for Grade 7,https://www.youtube.com/watch?v=J15nbHRpSiQ,19:57,Beginner,9.0,7.649,7.847
Multiplication,Long Multiplication for Grade 7,https://www.youtube.com/watch?v=r85EMNbWMiE,21:00,Beginner,9.2,9.545,8.521
Simplifying Fractions,Introduction to Simplifying Fractions,https://youtu.be/k73w_yZb9SM?si=sIcPAuwAjD24B_pV,7:30,Beginner,8.4,9.857,8.73
Division,Long Division with 2-Digit Divisors,https://youtu.be/HdU_rf7eMTI?si=Pr40TqBRgGXrpLxG,13:04,Intermediate,8.6,7.455,7.633
Ordering Fractions,Learn Ordering Fractions,https://youtu.be/QECYScPz4sA?si=qJW4l4BvbXma1lOP,10:15,Intermediate,8.5,8.291,8.152
Fractions to Decimals,Introduction to Fractions to Decimals,https://youtu.be/pDs4a4ijqh0?si=ktPINIYpIFYNILOV,8:00,Intermediate,8.0,7.38,7.557
Addition,Add Numbers Faster,https://youtu.be/-x2yAOt_XFY?si=9WXX46kdbQDVhgO8,4:48,Advanced,8.8,9.064,8.503
Comparing Fractions,Mastering Comparing Fractions,https://youtu.be/PEqV48jMeXw?si=55QJueBjYIoAgbk0,11:09,Advanced,8.7,8.511,7.94
Ordering Fractions,Fraction Ordering,https://youtu.be/76s8ZzK87rA?si=F0Z4GtJkicWyq5_A,14:40,Intermediate,7.9,7.395,7.28
Addition,Adding Large Numbers,https://youtu.be/T9asFgfN5bg?si=CI2z3n21hND5aFvQ,5:03,Intermediate,7.8,8.9,8.116
Multiplication,Understanding Multiplication,https://youtu.be/_PyA3CJ-V98?si=mTi02JfyOo0ydPLR,13:18,Intermediate,8.8,8.375,8.087
Comparing Fractions,Comparing Fractions,https://www.youtube.com/watch?v=u_QTuWj107o,7:42,Beginner,8.9,7.303,7.985
Division,Long Division for Grade 7,https://www.youtube.com/watch?v=J15nbHRpSiQ,19:57,Beginner,9.0,8.646,8.169
Simplifying Fractions,How to Simplify Fractions,https://youtu.be/R-FXE3g8GpU?si=TcmelTK3iD3Nzco1,16:06,Intermediate,8.7,9.481,8.099
Addition,Decimal Arithmetic,https://www.youtube.com/watch?v=kwh4SD1ToFc,12:14,Intermediate,9.0,7.561,7.821
Division,Smart Long Division,https://youtu.be/HJYHNxS64f0?si=PJiPytkuwiCJhiuV,14:40,Advanced,8.9,8.264,7.768
Division,Division Basics for Beginners,https://youtu.be/InIKW_tfhs4?si=i3EqqM2A_6JHTQYh,3:44,Intermediate,7.8,7.576,7.608
Comparing Fractions,Comparing Like Fractions,https://youtu.be/H3N5To5fO5U?si=Y3IFqQaqTK2GalSa,4:45,Intermediate,7.8,7.266,7.556
Multiplication,Box Method Multiplication,https://youtu.be/n3q3XzzIGSY?si=goczDT3wCWGEkSvm,7:19,Intermediate,8.0,9.425,8.227
Subtraction,Smart Subtraction,https://youtu.be/3fYgZgbOJmM?si=0Xq66JMU0XrVlOsn,13:38,Intermediate,7.9,9.467,8.001
Addition,Add Numbers Faster,https://youtu.be/-x2yAOt_XFY?si=9WXX46kdbQDVhgO8,4:48,Advanced,8.8,9.593,8.699
Addition,Add Numbers Faster,https://youtu.be/-x2yAOt_XFY?si=9WXX46kdbQDVhgO8,4:48,Advanced,8.8,7.823,7.95
Simplifying Fractions,Learn Fraction Simplification,https://youtu.be/IuB8yTJ0-hk?si=8-bnaKA-irwAua1m,6:20,Intermediate,8.0,8.441,7.916
Comparing Fractions,Mastering Comparing Fractions,https://youtu.be/PEqV48jMeXw?si=55QJueBjYIoAgbk0,11:09,Advanced,8.7,8.565,7.91
Division,Smart Long Division,https://youtu.be/HJYHNxS64f0?si=PJiPytkuwiCJhiuV,14:40,Advanced,8.9,7.804,7.824
Subtraction,Smart Subtraction,https://youtu.be/3fYgZgbOJmM?si=0Xq66JMU0XrVlOsn,13:38,Intermediate,7.9,9.172,7.888
Fractions to Decimals,Introduction to Fractions to Decimals,https://youtu.be/pDs4a4ijqh0?si=ktPINIYpIFYNILOV,8:00,Intermediate,8.0,7.191,7.368
Simplifying Fractions,Learn Fraction Simplification,https://youtu.be/IuB8yTJ0-hk?si=8-bnaKA-irwAua1m,6:20,Intermediate,8.0,9.61,8.347
Simplifying Fractions,Introduction to Simplifying Fractions,https://youtu.be/k73w_yZb9SM?si=sIcPAuwAjD24B_pV,7:30,Beginner,8.4,9.873,8.502
Multiplication,Long Multiplication for Grade 7,https://www.youtube.com/watch?v=r85EMNbWMiE,21:00,Beginner,9.2,8.715,8.408
Multiplication,Multi-Digit Multiplication,https://youtu.be/dNSrfoYLQZU?si=fjPUGvSBAA5fmj_V,5:02,Advanced,8.3,8.697,8.068
Subtraction,Multi-Digit Subtraction,https://youtu.be/Y6M89-6106I?si=6dT-roRnqAH6OHdl,6:56,Beginner,8.3,8.518,8.351
Subtraction,Multi-Digit Subtraction,https://youtu.be/Y6M89-6106I?si=6dT-roRnqAH6OHdl,6:56,Beginner,8.3,7.254,7.889
Comparing Fractions,Comparing Fractions with different Denominators,https://youtu.be/d6fCqzuWjbo?si=eVQb7MoRlFCtsvGj,10:11,Intermediate,8.6,9.627,8.514
Multiplication,Multi-Digit Multiplication,https://youtu.be/dNSrfoYLQZU?si=fjPUGvSBAA5fmj_V,5:02,Advanced,8.3,8.78,7.972
Simplifying Fractions,Learn Fraction Simplification,https://youtu.be/IuB8yTJ0-hk?si=8-bnaKA-irwAua1m,6:20,Intermediate,8.0,7.627,7.625
Division,Long Division for Grade 7,https://www.youtube.com/watch?v=J15nbHRpSiQ,19:57,Beginner,9.0,8.877,8.208
Fractions to Decimals,How to Convert Fractions to Decimals,https://www.youtube.com/watch?v=guBVW5PiHLs&list=PPSV,8:29,Beginner,9.1,9.56,8.897
Comparing Fractions,Introduction to Comparing Fractions,https://www.youtube.com/watch?v=KNdUJQ_qd4U,6:30,Beginner,8.3,7.034,7.684
Simplifying Fractions,Reducing Fractions to Simplest Form,https://youtu.be/gVls1-gjIn0?si=vXNqJqUYBvTrC8xT,11:19,Advanced,8.5,9.121,8.132
Fractions to Decimals,Convert any Fraction to a Decimal,https://youtu.be/do_IbHId2Os?si=WyTbHiTgY6AaEz_L,6:43,Beginner,8.4,8.345,8.197
Multiplication,Understanding Multiplication,https://youtu.be/_PyA3CJ-V98?si=mTi02JfyOo0ydPLR,13:18,Intermediate,8.8,9.515,8.516
Multiplication,Master Long Multiplication,https://youtu.be/GKetIwxaenA?si=9tvgkeqmmfUZ80xX,6:25,Beginner,8.5,7.653,7.985
Comparing Fractions,Mastering Comparing Fractions,https://youtu.be/PEqV48jMeXw?si=55QJueBjYIoAgbk0,11:09,Advanced,8.7,9.157,8.335
Simplifying Fractions,How to Simplify Fractions,https://youtu.be/R-FXE3g8GpU?si=TcmelTK3iD3Nzco1,16:06,Intermediate,8.7,9.396,8.145
Addition,Multi-Digit Addition,https://youtu.be/mAvuom42NyY?si=3Om627A44-sGimLU,6:28,Beginner,8.5,9.267,8.639
Subtraction,Multi-Digit Subtraction,https://youtu.be/Y6M89-6106I?si=6dT-roRnqAH6OHdl,6:56,Beginner,8.3,8.969,8.386
Division,Long Division with 2-Digit Divisors,https://youtu.be/HdU_rf7eMTI?si=Pr40TqBRgGXrpLxG,13:04,Intermediate,8.6,7.115,7.522
Addition,Multi-Digit Addition,https://youtu.be/mAvuom42NyY?si=3Om627A44-sGimLU,6:28,Beginner,8.5,8.32,8.196
Fractions to Decimals,Converting Fractions to Decimals,https://youtu.be/UtHGpx_yp4U?si=tVG8XzrdqWBZp_hs,7:54,Intermediate,8.7,7.946,8.037
Ordering Fractions,Learn Ordering Fractions,https://youtu.be/QECYScPz4sA?si=qJW4l4BvbXma1lOP,10:15,Intermediate,8.5,8.379,8.139
Simplifying Fractions,Introduction to Simplifying Fractions,https://youtu.be/k73w_yZb9SM?si=sIcPAuwAjD24B_pV,7:30,Beginner,8.4,8.033,8.026
Multiplication,Understanding Multiplication,https://youtu.be/_PyA3CJ-V98?si=mTi02JfyOo0ydPLR,13:18,Intermediate,8.8,7.806,8.008
Ordering Fractions,Mastering Fractions,https://youtu.be/XvjQcHbUNNw?si=Xyv5SPufpJclBZIf,8:00,Advanced,8.7,8.184,8.064
Fractions to Decimals,How to Convert Fractions to Decimals,https://www.youtube.com/watch?v=guBVW5PiHLs&list=PPSV,8:29,Beginner,9.1,7.421,8.07
Subtraction,Subtracting Large Numbers,https://youtu.be/HlxqCdDrbdc?si=1RAFlZfZuuD3LnjX,5:04,Intermediate,8.0,7.426,7.57
Multiplication,Box Method Multiplication,https://youtu.be/n3q3XzzIGSY?si=goczDT3wCWGEkSvm,7:19,Intermediate,8.0,9.913,8.144
Fractions to Decimals,How to Convert Fractions to Decimals,https://www.youtube.com/watch?v=guBVW5PiHLs&list=PPSV,8:29,Beginner,9.1,8.27,8.356
Comparing Fractions,Mastering Comparing Fractions,https://youtu.be/PEqV48jMeXw?si=55QJueBjYIoAgbk0,11:09,Advanced,8.7,7.393,7.676
Simplifying Fractions,Learn Fraction Simplification,https://youtu.be/IuB8yTJ0-hk?si=8-bnaKA-irwAua1m,6:20,Intermediate,8.0,7.584,7.618
Subtraction,Smart Subtraction,https://youtu.be/3fYgZgbOJmM?si=0Xq66JMU0XrVlOsn,13:38,Intermediate,7.9,7.865,7.713
Comparing Fractions,Comparing Like Fractions,https://youtu.be/H3N5To5fO5U?si=Y3IFqQaqTK2GalSa,4:45,Intermediate,7.8,7.217,7.383
Ordering Fractions,Learn Ordering Fractions,https://youtu.be/QECYScPz4sA?si=qJW4l4BvbXma1lOP,10:15,Intermediate,8.5,8.686,8.158
Subtraction,Subtracting Large Numbers,https://youtu.be/HlxqCdDrbdc?si=1RAFlZfZuuD3LnjX,5:04,Intermediate,8.0,9.837,8.544
Simplifying Fractions,Reducing Fractions to Simplest Form,https://youtu.be/gVls1-gjIn0?si=vXNqJqUYBvTrC8xT,11:19,Advanced,8.5,9.388,8.333
Fractions to Decimals,Mastering Fractions to Decimals,https://youtu.be/Mpv7AzOUOqg?si=dMjxnFwXU98D4MpH,9:06,Advanced,8.5,9.87,8.36
Simplifying Fractions,Introduction to Simplifying Fractions,https://youtu.be/k73w_yZb9SM?si=sIcPAuwAjD24B_pV,7:30,Beginner,8.4,8.636,8.351
Fractions to Decimals,Introduction to Fractions to Decimals,https://youtu.be/pDs4a4ijqh0?si=ktPINIYpIFYNILOV,8:00,Intermediate,8.0,7.916,7.731
Simplifying Fractions,Simplifying Fractions,https://www.youtube.com/watch?v=AtBUQH8Tkqc&t=67s,8:30,Beginner,9.0,8.116,8.406
Addition,Add Numbers Faster,https://youtu.be/-x2yAOt_XFY?si=9WXX46kdbQDVhgO8,4:48,Advanced,8.8,7.247,7.757
Simplifying Fractions,Introduction to Simplifying Fractions,https://youtu.be/k73w_yZb9SM?si=sIcPAuwAjD24B_pV,7:30,Beginner,8.4,7.582,8.002
Subtraction,Subtracting Whole Numbers,https://www.youtube.com/watch?v=z4bTlVxU9C0,8:40,Beginner,8.7,9.005,8.499
Multiplication,Master Long Multiplication,https://youtu.be/GKetIwxaenA?si=9tvgkeqmmfUZ80xX,6:25,Beginner,8.5,8.258,8.295
Comparing Fractions,Introduction to Comparing Fractions,https://www.youtube.com/watch?v=KNdUJQ_qd4U,6:30,Beginner,8.3,7.252,7.854
Simplifying Fractions,How to Simplify Fractions,https://youtu.be/R-FXE3g8GpU?si=TcmelTK3iD3Nzco1,16:06,Intermediate,8.7,9.114,8.223
Ordering Fractions,How to Order Fractions,https://www.youtube.com/watch?v=i2PfHDs88YE,6:33,Beginner,8.8,7.407,8.136
Ordering Fractions,Fraction Ordering,https://youtu.be/76s8ZzK87rA?si=F0Z4GtJkicWyq5_A,14:40,Intermediate,7.9,7.405,7.241
Division,Division Basics for Beginners,https://youtu.be/InIKW_tfhs4?si=i3EqqM2A_6JHTQYh,3:44,Intermediate,7.8,8.025,7.978
Ordering Fractions,Fraction Ordering,https://youtu.be/76s8ZzK87rA?si=F0Z4GtJkicWyq5_A,14:40,Intermediate,7.9,9.681,7.967
Simplifying Fractions,How to Simplify Fractions,https://youtu.be/R-FXE3g8GpU?si=TcmelTK3iD3Nzco1,16:06,Intermediate,8.7,7.579,7.753
Subtraction,Subtracting Large Numbers,https://youtu.be/HlxqCdDrbdc?si=1RAFlZfZuuD3LnjX,5:04,Intermediate,8.0,9.131,8.244
Fractions to Decimals,Mastering Fractions to Decimals,https://youtu.be/Mpv7AzOUOqg?si=dMjxnFwXU98D4MpH,9:06,Advanced,8.5,8.311,7.862
Subtraction,Smart Subtraction,https://youtu.be/3fYgZgbOJmM?si=0Xq66JMU0XrVlOsn,13:38,Intermediate,7.9,9.75,8.273
Ordering Fractions,How to Order Fractions,https://www.youtube.com/watch?v=i2PfHDs88YE,6:33,Beginner,8.8,8.509,8.563
Division,Smart Long Division,https://youtu.be/HJYHNxS64f0?si=PJiPytkuwiCJhiuV,14:40,Advanced,8.9,9.385,8.239
Subtraction,Subtracting Large Numbers,https://youtu.be/HlxqCdDrbdc?si=1RAFlZfZuuD3LnjX,5:04,Intermediate,8.0,7.474,7.82
Comparing Fractions,Comparing Fractions,https://www.youtube.com/watch?v=u_QTuWj107o,7:42,Beginner,8.9,9.156,8.545
Simplifying Fractions,Learn Fraction Simplification,https://youtu.be/IuB8yTJ0-hk?si=8-bnaKA-irwAua1m,6:20,Intermediate,8.0,9.22,8.248
Subtraction,Subtracting Whole Numbers,https://www.youtube.com/watch?v=z4bTlVxU9C0,8:40,Beginner,8.7,9.154,8.559
Comparing Fractions,Comparing Fractions with different Denominators,https://youtu.be/d6fCqzuWjbo?si=eVQb7MoRlFCtsvGj,10:11,Intermediate,8.6,9.312,8.237
Subtraction,Subtracting Whole Numbers,https://www.youtube.com/watch?v=z4bTlVxU9C0,8:40,Beginner,8.7,9.653,8.775
Subtraction,Subtracting Whole Numbers,https://www.youtube.com/watch?v=z4bTlVxU9C0,8:40,Beginner,8.7,7.587,7.894
Fractions to Decimals,Convert any Fraction to a Decimal,https://youtu.be/do_IbHId2Os?si=WyTbHiTgY6AaEz_L,6:43,Beginner,8.4,9.791,8.606
Division,Long Division with 2-Digit Divisors,https://youtu.be/HdU_rf7eMTI?si=Pr40TqBRgGXrpLxG,13:04,Intermediate,8.6,8.371,8.115
Division,Long Division with 2-Digit Divisors,https://youtu.be/HdU_rf7eMTI?si=Pr40TqBRgGXrpLxG,13:04,Intermediate,8.6,8.334,8.074
Fractions to Decimals,Introduction to Fractions to Decimals,https://youtu.be/pDs4a4ijqh0?si=ktPINIYpIFYNILOV,8:00,Intermediate,8.0,9.449,8.217
Addition,Adding Large Numbers,https://youtu.be/T9asFgfN5bg?si=CI2z3n21hND5aFvQ,5:03,Intermediate,7.8,8.626,8.005
Addition,Multi-Digit Addition,https://youtu.be/mAvuom42NyY?si=3Om627A44-sGimLU,6:28,Beginner,8.5,8.07,8.124
Ordering Fractions,Learn Ordering Fractions,https://youtu.be/QECYScPz4sA?si=qJW4l4BvbXma1lOP,10:15,Intermediate,8.5,8.59,8.117
Subtraction,Subtracting Large Numbers,https://youtu.be/HlxqCdDrbdc?si=1RAFlZfZuuD3LnjX,5:04,Intermediate,8.0,8.375,7.829
Division,Smart Long Division,https://youtu.be/HJYHNxS64f0?si=PJiPytkuwiCJhiuV,14:40,Advanced,8.9,8.636,8.015
Subtraction,Subtracting Large Numbers,https://youtu.be/HlxqCdDrbdc?si=1RAFlZfZuuD3LnjX,5:04,Intermediate,8.0,7.196,7.518
Comparing Fractions,Comparing Fractions,https://www.youtube.com/watch?v=u_QTuWj107o,7:42,Beginner,8.9,7.85,8.188
Comparing Fractions,Comparing Fractions,https://www.youtube.com/watch?v=u_QTuWj107o,7:42,Beginner,8.9,7.564,8.022
Division,Division Basics for Beginners,https://youtu.be/InIKW_tfhs4?si=i3EqqM2A_6JHTQYh,3:44,Intermediate,7.8,9.859,8.349
Comparing Fractions,Comparing Fractions,https://www.youtube.com/watch?v=u_QTuWj107o,7:42,Beginner,8.9,7.947,8.327
Fractions to Decimals,Converting Fractions to Decimals,https://youtu.be/UtHGpx_yp4U?si=tVG8XzrdqWBZp_hs,7:54,Intermediate,8.7,8.482,8.192
Multiplication,Long Multiplication for Grade 7,https://www.youtube.com/watch?v=r85EMNbWMiE,21:00,Beginner,9.2,7.997,8.051
Addition,Adding Large Numbers,https://youtu.be/T9asFgfN5bg?si=CI2z3n21hND5aFvQ,5:03,Intermediate,7.8,8.792,8.17
Comparing Fractions,Mastering Comparing Fractions,https://youtu.be/PEqV48jMeXw?si=55QJueBjYIoAgbk0,11:09,Advanced,8.7,8.269,8.017
Ordering Fractions,Fraction Ordering,https://youtu.be/76s8ZzK87rA?si=F0Z4GtJkicWyq5_A,14:40,Intermediate,7.9,9.8,8.208
Subtraction,Introduction to Subtraction,https://youtu.be/r3qKojj4g4g?si=-XA75LAElZS8jQOy,10:42,Advanced,8.6,7.947,7.764
Addition,Decimal Arithmetic,https://www.youtube.com/watch?v=kwh4SD1ToFc,12:14,Intermediate,9.0,9.006,8.457
Subtraction,Subtracting Large Numbers,https://youtu.be/HlxqCdDrbdc?si=1RAFlZfZuuD3LnjX,5:04,Intermediate,8.0,9.411,8.185
Division,Basic Division,https://youtu.be/KGMf314LUc0?si=jxaKi8tja1iw8LUl,9:57,Beginner,8.4,9.489,8.643
Subtraction,Introduction to Subtraction,https://youtu.be/r3qKojj4g4g?si=-XA75LAElZS8jQOy,10:42,Advanced,8.6,7.03,7.216
Division,Smart Long Division,https://youtu.be/HJYHNxS64f0?si=PJiPytkuwiCJhiuV,14:40,Advanced,8.9,9.667,8.368
Addition,Add Numbers Faster,https://youtu.be/-x2yAOt_XFY?si=9WXX46kdbQDVhgO8,4:48,Advanced,8.8,7.931,7.917
Multiplication,Master Long Multiplication,https://youtu.be/GKetIwxaenA?si=9tvgkeqmmfUZ80xX,6:25,Beginner,8.5,7.736,8.109
Subtraction,Subtracting Large Numbers,https://youtu.be/HlxqCdDrbdc?si=1RAFlZfZuuD3LnjX,5:04,Intermediate,8.0,8.582,8.186
Comparing Fractions,Introduction to Comparing Fractions,https://www.youtube.com/watch?v=KNdUJQ_qd4U,6:30,Beginner,8.3,9.345,8.772
Fractions to Decimals,Converting Fractions to Decimals,https://youtu.be/UtHGpx_yp4U?si=tVG8XzrdqWBZp_hs,7:54,Intermediate,8.7,7.355,7.803
Addition,Add Numbers Faster,https://youtu.be/-x2yAOt_XFY?si=9WXX46kdbQDVhgO8,4:48,Advanced,8.8,8.916,8.413
Fractions to Decimals,Mastering Fractions to Decimals,https://youtu.be/Mpv7AzOUOqg?si=dMjxnFwXU98D4MpH,9:06,Advanced,8.5,9.357,8.409
Ordering Fractions,How to Order Fractions,https://www.youtube.com/watch?v=i2PfHDs88YE,6:33,Beginner,8.8,8.999,8.52
Multiplication,Long Multiplication for Grade 7,https://www.youtube.com/watch?v=r85EMNbWMiE,21:00,Beginner,9.2,7.17,7.678
Subtraction,Smart Subtraction,https://youtu.be/3fYgZgbOJmM?si=0Xq66JMU0XrVlOsn,13:38,Intermediate,7.9,8.257,7.574
Subtraction,Subtracting Whole Numbers,https://www.youtube.com/watch?v=z4bTlVxU9C0,8:40,Beginner,8.7,7.824,7.924
Division,Smart Long Division,https://youtu.be/HJYHNxS64f0?si=PJiPytkuwiCJhiuV,14:40,Advanced,8.9,8.585,7.92
Ordering Fractions,Fraction Ordering,https://youtu.be/76s8ZzK87rA?si=F0Z4GtJkicWyq5_A,14:40,Intermediate,7.9,9.082,7.741
Addition,Adding Large Numbers,https://youtu.be/T9asFgfN5bg?si=CI2z3n21hND5aFvQ,5:03,Intermediate,7.8,7.73,7.575
Comparing Fractions,Comparing Fractions,https://www.youtube.com/watch?v=u_QTuWj107o,7:42,Beginner,8.9,7.977,8.147
Comparing Fractions,Comparing Fractions,https://www.youtube.com/watch?v=u_QTuWj107o,7:42,Beginner,8.9,9.587,8.806
Fractions to Decimals,Mastering Fractions to Decimals,https://youtu.be/Mpv7AzOUOqg?si=dMjxnFwXU98D4MpH,9:06,Advanced,8.5,9.084,8.041
Addition,Decimal Arithmetic,https://www.youtube.com/watch?v=kwh4SD1ToFc,12:14,Intermediate,9.0,8.231,8.172
Division,Basic Division,https://youtu.be/KGMf314LUc0?si=jxaKi8tja1iw8LUl,9:57,Beginner,8.4,7.812,7.894
Simplifying Fractions,Simplifying Fractions,https://www.youtube.com/watch?v=AtBUQH8Tkqc&t=67s,8:30,Beginner,9.0,7.724,8.097
Comparing Fractions,Comparing Fractions,https://www.youtube.com/watch?v=u_QTuWj107o,7:42,Beginner,8.9,8.51,8.475
Multiplication,Box Method Multiplication,https://youtu.be/n3q3XzzIGSY?si=goczDT3wCWGEkSvm,7:19,Intermediate,8.0,7.815,7.527
Comparing Fractions,Mastering Comparing Fractions,https://youtu.be/PEqV48jMeXw?si=55QJueBjYIoAgbk0,11:09,Advanced,8.7,8.788,7.986
Multiplication,Understanding Multiplication,https://youtu.be/_PyA3CJ-V98?si=mTi02JfyOo0ydPLR,13:18,Intermediate,8.8,8.065,8.172
Subtraction,Introduction to Subtraction,https://youtu.be/r3qKojj4g4g?si=-XA75LAElZS8jQOy,10:42,Advanced,8.6,7.899,7.674
Division,Long Division for Grade 7,https://www.youtube.com/watch?v=J15nbHRpSiQ,19:57,Beginner,9.0,9.353,8.395
Addition,Decimal Arithmetic,https://www.youtube.com/watch?v=kwh4SD1ToFc,12:14,Intermediate,9.0,7.836,8.147
Multiplication,Understanding Multiplication,https://youtu.be/_PyA3CJ-V98?si=mTi02JfyOo0ydPLR,13:18,Intermediate,8.8,8.028,7.844
Division,Basic Division,https://youtu.be/KGMf314LUc0?si=jxaKi8tja1iw8LUl,9:57,Beginner,8.4,8.946,8.352
Addition,Add Numbers Faster,https://youtu.be/-x2yAOt_XFY?si=9WXX46kdbQDVhgO8,4:48,Advanced,8.8,9.081,8.44
Fractions to Decimals,Convert any Fraction to a Decimal,https://youtu.be/do_IbHId2Os?si=WyTbHiTgY6AaEz_L,6:43,Beginner,8.4,7.718,8.068
Division,Smart Long Division,https://youtu.be/HJYHNxS64f0?si=PJiPytkuwiCJhiuV,14:40,Advanced,8.9,9.604,8.524
Division,Division Basics for Beginners,https://youtu.be/InIKW_tfhs4?si=i3EqqM2A_6JHTQYh,3:44,Intermediate,7.8,8.34,7.849
Simplifying Fractions,Simplifying Fractions,https://www.youtube.com/watch?v=AtBUQH8Tkqc&t=67s,8:30,Beginner,9.0,7.308,7.989
Division,Smart Long Division,https://youtu.be/HJYHNxS64f0?si=PJiPytkuwiCJhiuV,14:40,Advanced,8.9,8.407,7.837
Ordering Fractions,Introduction to Ordering Fractions,https://youtu.be/rL18ZMgCeKU?si=nixffH9YSe3hdGgm,12:04,Beginner,8.2,7.63,7.497
Addition,Adding Large Numbers,https://youtu.be/T9asFgfN5bg?si=CI2z3n21hND5aFvQ,5:03,Intermediate,7.8,9.004,8.159
Ordering Fractions,How to Order Fractions,https://www.youtube.com/watch?v=i2PfHDs88YE,6:33,Beginner,8.8,9.66,8.832
Subtraction,Smart Subtraction,https://youtu.be/3fYgZgbOJmM?si=0Xq66JMU0XrVlOsn,13:38,Intermediate,7.9,9.031,7.944
Comparing Fractions,Introduction to Comparing Fractions,https://www.youtube.com/watch?v=KNdUJQ_qd4U,6:30,Beginner,8.3,7.635,8.087
Simplifying Fractions,Introduction to Simplifying Fractions,https://youtu.be/k73w_yZb9SM?si=sIcPAuwAjD24B_pV,7:30,Beginner,8.4,8.572,8.22
Addition,Add Numbers Faster,https://youtu.be/-x2yAOt_XFY?si=9WXX46kdbQDVhgO8,4:48,Advanced,8.8,9.763,8.74
Comparing Fractions,Mastering Comparing Fractions,https://youtu.be/PEqV48jMeXw?si=55QJueBjYIoAgbk0,11:09,Advanced,8.7,8.984,8.249
Comparing Fractions,Introduction to Comparing Fractions,https://www.youtube.com/watch?v=KNdUJQ_qd4U,6:30,Beginner,8.3,8.308,8.135
Simplifying Fractions,How to Simplify Fractions,https://youtu.be/R-FXE3g8GpU?si=TcmelTK3iD3Nzco1,16:06,Intermediate,8.7,8.017,7.767
Division,Smart Long Division,https://youtu.be/HJYHNxS64f0?si=PJiPytkuwiCJhiuV,14:40,Advanced,8.9,9.012,8.158
Simplifying Fractions,How to Simplify Fractions,https://youtu.be/R-FXE3g8GpU?si=TcmelTK3iD3Nzco1,16:06,Intermediate,8.7,8.954,8.352
Addition,Decimal Arithmetic,https://www.youtube.com/watch?v=kwh4SD1ToFc,12:14,Intermediate,9.0,7.359,7.866
Subtraction,Introduction to Subtraction,https://youtu.be/r3qKojj4g4g?si=-XA75LAElZS8jQOy,10:42,Advanced,8.6,8.109,7.693
Multiplication,Box Method Multiplication,https://youtu.be/n3q3XzzIGSY?si=goczDT3wCWGEkSvm,7:19,Intermediate,8.0,7.889,7.859
Fractions to Decimals,Converting Fractions to Decimals,https://youtu.be/UtHGpx_yp4U?si=tVG8XzrdqWBZp_hs,7:54,Intermediate,8.7,7.028,7.927
Ordering Fractions,How to Order Fractions,https://www.youtube.com/watch?v=i2PfHDs88YE,6:33,Beginner,8.8,8.786,8.317
Comparing Fractions,Comparing Like Fractions,https://youtu.be/H3N5To5fO5U?si=Y3IFqQaqTK2GalSa,4:45,Intermediate,7.8,8.486,7.895
Ordering Fractions,Learn Ordering Fractions,https://youtu.be/QECYScPz4sA?si=qJW4l4BvbXma1lOP,10:15,Intermediate,8.5,8.322,7.94
Multiplication,Box Method Multiplication,https://youtu.be/n3q3XzzIGSY?si=goczDT3wCWGEkSvm,7:19,Intermediate,8.0,9.48,8.212
Ordering Fractions,Learn Ordering Fractions,https://youtu.be/QECYScPz4sA?si=qJW4l4BvbXma1lOP,10:15,Intermediate,8.5,9.286,8.31
Ordering Fractions,How to Order Fractions,https://www.youtube.com/watch?v=i2PfHDs88YE,6:33,Beginner,8.8,7.21,7.789
Division,Smart Long Division,https://youtu.be/HJYHNxS64f0?si=PJiPytkuwiCJhiuV,14:40,Advanced,8.9,9.927,8.52
Division,Division Basics for Beginners,https://youtu.be/InIKW_tfhs4?si=i3EqqM2A_6JHTQYh,3:44,Intermediate,7.8,8.335,7.891
Fractions to Decimals,How to Convert Fractions to Decimals,https://www.youtube.com/watch?v=guBVW5PiHLs&list=PPSV,8:29,Beginner,9.1,7.152,8.048
Division,Smart Long Division,https://youtu.be/HJYHNxS64f0?si=PJiPytkuwiCJhiuV,14:40,Advanced,8.9,8.708,8.032
Fractions to Decimals,How to Convert Fractions to Decimals,https://www.youtube.com/watch?v=guBVW5PiHLs&list=PPSV,8:29,Beginner,9.1,8.818,8.627
Comparing Fractions,Introduction to Comparing Fractions,https://www.youtube.com/watch?v=KNdUJQ_qd4U,6:30,Beginner,8.3,8.045,8.009
Multiplication,Long Multiplication for Grade 7,https://www.youtube.com/watch?v=r85EMNbWMiE,21:00,Beginner,9.2,7.909,7.881
Comparing Fractions,Comparing Fractions,https://www.youtube.com/watch?v=u_QTuWj107o,7:42,Beginner,8.9,7.641,8.291
Simplifying Fractions,Reducing Fractions to Simplest Form,https://youtu.be/gVls1-gjIn0?si=vXNqJqUYBvTrC8xT,11:19,Advanced,8.5,8.204,7.782
Simplifying Fractions,Simplifying Fractions,https://www.youtube.com/watch?v=AtBUQH8Tkqc&t=67s,8:30,Beginner,9.0,8.255,8.349
Division,Basic Division,https://youtu.be/KGMf314LUc0?si=jxaKi8tja1iw8LUl,9:57,Beginner,8.4,9.837,8.61
Division,Long Division for Grade 7,https://www.youtube.com/watch?v=J15nbHRpSiQ,19:57,Beginner,9.0,7.68,8.032
Simplifying Fractions,Introduction to Simplifying Fractions,https://youtu.be/k73w_yZb9SM?si=sIcPAuwAjD24B_pV,7:30,Beginner,8.4,8.462,8.279
Multiplication,Understanding Multiplication,https://youtu.be/_PyA3CJ-V98?si=mTi02JfyOo0ydPLR,13:18,Intermediate,8.8,8.517,8.251
Multiplication,Long Multiplication for Grade 7,https://www.youtube.com/watch?v=r85EMNbWMiE,21:00,Beginner,9.2,7.929,7.96
Simplifying Fractions,Simplifying Fractions,https://www.youtube.com/watch?v=AtBUQH8Tkqc&t=67s,8:30,Beginner,9.0,9.156,8.627
Division,Division Basics for Beginners,https://youtu.be/InIKW_tfhs4?si=i3EqqM2A_6JHTQYh,3:44,Intermediate,7.8,7.589,7.565
Division,Smart Long Division,https://youtu.be/HJYHNxS64f0?si=PJiPytkuwiCJhiuV,14:40,Advanced,8.9,8.942,8.106
Simplifying Fractions,Learn Fraction Simplification,https://youtu.be/IuB8yTJ0-hk?si=8-bnaKA-irwAua1m,6:20,Intermediate,8.0,8.985,8.159
Division,Long Division with 2-Digit Divisors,https://youtu.be/HdU_rf7eMTI?si=Pr40TqBRgGXrpLxG,13:04,Intermediate,8.6,9.393,8.242
Simplifying Fractions,Simplifying Fractions,https://www.youtube.com/watch?v=AtBUQH8Tkqc&t=67s,8:30,Beginner,9.0,9.109,8.965
Ordering Fractions,Mastering Fractions,https://youtu.be/XvjQcHbUNNw?si=Xyv5SPufpJclBZIf,8:00,Advanced,8.7,9.243,8.381
Subtraction,Introduction to Subtraction,https://youtu.be/r3qKojj4g4g?si=-XA75LAElZS8jQOy,10:42,Advanced,8.6,8.374,8.005
Comparing Fractions,Introduction to Comparing Fractions,https://www.youtube.com/watch?v=KNdUJQ_qd4U,6:30,Beginner,8.3,9.003,8.555
Subtraction,Subtracting Large Numbers,https://youtu.be/HlxqCdDrbdc?si=1RAFlZfZuuD3LnjX,5:04,Intermediate,8.0,7.487,7.758
Subtraction,Multi-Digit Subtraction,https://youtu.be/Y6M89-6106I?si=6dT-roRnqAH6OHdl,6:56,Beginner,8.3,7.757,8.022
Ordering Fractions,Mastering Fractions,https://youtu.be/XvjQcHbUNNw?si=Xyv5SPufpJclBZIf,8:00,Advanced,8.7,8.622,7.999
Multiplication,Box Method Multiplication,https://youtu.be/n3q3XzzIGSY?si=goczDT3wCWGEkSvm,7:19,Intermediate,8.0,7.318,7.489
Fractions to Decimals,Converting Fractions to Decimals,https://youtu.be/UtHGpx_yp4U?si=tVG8XzrdqWBZp_hs,7:54,Intermediate,8.7,8.631,8.178
Addition,Multi-Digit Addition,https://youtu.be/mAvuom42NyY?si=3Om627A44-sGimLU,6:28,Beginner,8.5,7.293,8.065
Addition,Adding Large Numbers,https://youtu.be/T9asFgfN5bg?si=CI2z3n21hND5aFvQ,5:03,Intermediate,7.8,8.276,7.894
Subtraction,Subtracting Large Numbers,https://youtu.be/HlxqCdDrbdc?si=1RAFlZfZuuD3LnjX,5:04,Intermediate,8.0,7.238,7.498
Comparing Fractions,Comparing Fractions with different Denominators,https://youtu.be/d6fCqzuWjbo?si=eVQb7MoRlFCtsvGj,10:11,Intermediate,8.6,9.096,8.617
Subtraction,Introduction to Subtraction,https://youtu.be/r3qKojj4g4g?si=-XA75LAElZS8jQOy,10:42,Advanced,8.6,8.785,8.145
Multiplication,Long Multiplication for Grade 7,https://www.youtube.com/watch?v=r85EMNbWMiE,21:00,Beginner,9.2,9.857,8.776
Division,Smart Long Division,https://youtu.be/HJYHNxS64f0?si=PJiPytkuwiCJhiuV,14:40,Advanced,8.9,7.968,7.792
Addition,Multi-Digit Addition,https://youtu.be/mAvuom42NyY?si=3Om627A44-sGimLU,6:28,Beginner,8.5,7.976,8.221
Subtraction,Subtracting Large Numbers,https://youtu.be/HlxqCdDrbdc?si=1RAFlZfZuuD3LnjX,5:04,Intermediate,8.0,7.975,7.868
Fractions to Decimals,How to Convert Fractions to Decimals,https://www.youtube.com/watch?v=guBVW5PiHLs&list=PPSV,8:29,Beginner,9.1,9.109,8.839
Subtraction,Subtracting Large Numbers,https://youtu.be/HlxqCdDrbdc?si=1RAFlZfZuuD3LnjX,5:04,Intermediate,8.0,9.088,7.994
Comparing Fractions,Introduction to Comparing Fractions,https://www.youtube.com/watch?v=KNdUJQ_qd4U,6:30,Beginner,8.3,9.991,8.544
Comparing Fractions,Comparing Fractions with different Denominators,https://youtu.be/d6fCqzuWjbo?si=eVQb7MoRlFCtsvGj,10:11,Intermediate,8.6,7.727,7.703
Multiplication,Master Long Multiplication,https://youtu.be/GKetIwxaenA?si=9tvgkeqmmfUZ80xX,6:25,Beginner,8.5,8.894,8.39
Fractions to Decimals,Convert any Fraction to a Decimal,https://youtu.be/do_IbHId2Os?si=WyTbHiTgY6AaEz_L,6:43,Beginner,8.4,7.843,8.075
Multiplication,Understanding Multiplication,https://youtu.be/_PyA3CJ-V98?si=mTi02JfyOo0ydPLR,13:18,Intermediate,8.8,7.248,7.698
Addition,Multi-Digit Addition,https://youtu.be/mAvuom42NyY?si=3Om627A44-sGimLU,6:28,Beginner,8.5,8.9,8.42
Multiplication,Master Long Multiplication,https://youtu.be/GKetIwxaenA?si=9tvgkeqmmfUZ80xX,6:25,Beginner,8.5,9.106,8.424
Comparing Fractions,Introduction to Comparing Fractions,https://www.youtube.com/watch?v=KNdUJQ_qd4U,6:30,Beginner,8.3,8.581,8.077
Addition,Adding Three Decimals,https://youtu.be/sQ1W919fgq8?si=V7TgnmmWgHYc_A5P,4:55,Beginner,8.2,7.138,7.79
Multiplication,Long Multiplication for Grade 7,https://www.youtube.com/watch?v=r85EMNbWMiE,21:00,Beginner,9.2,8.658,8.083
Ordering Fractions,Learn Ordering Fractions,https://youtu.be/QECYScPz4sA?si=qJW4l4BvbXma1lOP,10:15,Intermediate,8.5,7.796,7.78
Fractions to Decimals,Mastering Fractions to Decimals,https://youtu.be/Mpv7AzOUOqg?si=dMjxnFwXU98D4MpH,9:06,Advanced,8.5,9.557,8.2
Simplifying Fractions,How to Simplify Fractions,https://youtu.be/R-FXE3g8GpU?si=TcmelTK3iD3Nzco1,16:06,Intermediate,8.7,8.902,8.249
Comparing Fractions,Comparing Fractions with different Denominators,https://youtu.be/d6fCqzuWjbo?si=eVQb7MoRlFCtsvGj,10:11,Intermediate,8.6,7.07,7.732
Ordering Fractions,Introduction to Ordering Fractions,https://youtu.be/rL18ZMgCeKU?si=nixffH9YSe3hdGgm,12:04,Beginner,8.2,9.839,8.5
Simplifying Fractions,How to Simplify Fractions,https://youtu.be/R-FXE3g8GpU?si=TcmelTK3iD3Nzco1,16:06,Intermediate,8.7,9.904,8.515
Comparing Fractions,Comparing Fractions with different Denominators,https://youtu.be/d6fCqzuWjbo?si=eVQb7MoRlFCtsvGj,10:11,Intermediate,8.6,9.698,8.58
Multiplication,Box Method Multiplication,https://youtu.be/n3q3XzzIGSY?si=goczDT3wCWGEkSvm,7:19,Intermediate,8.0,7.68,7.456
Multiplication,Long Multiplication for Grade 7,https://www.youtube.com/watch?v=r85EMNbWMiE,21:00,Beginner,9.2,7.156,7.596
Multiplication,Master Long Multiplication,https://youtu.be/GKetIwxaenA?si=9tvgkeqmmfUZ80xX,6:25,Beginner,8.5,7.582,7.923
Division,Long Division for Grade 7,https://www.youtube.com/watch?v=J15nbHRpSiQ,19:57,Beginner,9.0,8.556,8.073
Addition,Add Numbers Faster,https://youtu.be/-x2yAOt_XFY?si=9WXX46kdbQDVhgO8,4:48,Advanced,8.8,7.602,7.895
Comparing Fractions,Comparing Like Fractions,https://youtu.be/H3N5To5fO5U?si=Y3IFqQaqTK2GalSa,4:45,Intermediate,7.8,7.185,7.557
Fractions to Decimals,How to Convert Fractions to Decimals,https://www.youtube.com/watch?v=guBVW5PiHLs&list=PPSV,8:29,Beginner,9.1,7.851,8.486
Division,Basic Division,https://youtu.be/KGMf314LUc0?si=jxaKi8tja1iw8LUl,9:57,Beginner,8.4,9.509,8.422
Subtraction,Subtracting Large Numbers,https://youtu.be/HlxqCdDrbdc?si=1RAFlZfZuuD3LnjX,5:04,Intermediate,8.0,8.454,7.891
Comparing Fractions,Introduction to Comparing Fractions,https://www.youtube.com/watch?v=KNdUJQ_qd4U,6:30,Beginner,8.3,7.157,7.554
Subtraction,Multi-Digit Subtraction,https://youtu.be/Y6M89-6106I?si=6dT-roRnqAH6OHdl,6:56,Beginner,8.3,9.293,8.713
Addition,Adding Three Decimals,https://youtu.be/sQ1W919fgq8?si=V7TgnmmWgHYc_A5P,4:55,Beginner,8.2,8.981,8.403
Addition,Multi-Digit Addition,https://youtu.be/mAvuom42NyY?si=3Om627A44-sGimLU,6:28,Beginner,8.5,7.637,7.975
Division,Long Division with 2-Digit Divisors,https://youtu.be/HdU_rf7eMTI?si=Pr40TqBRgGXrpLxG,13:04,Intermediate,8.6,8.064,7.937
Fractions to Decimals,How to Convert Fractions to Decimals,https://www.youtube.com/watch?v=guBVW5PiHLs&list=PPSV,8:29,Beginner,9.1,8.635,8.438
Division,Basic Division,https://youtu.be/KGMf314LUc0?si=jxaKi8tja1iw8LUl,9:57,Beginner,8.4,8.813,8.204
Subtraction,Multi-Digit Subtraction,https://youtu.be/Y6M89-6106I?si=6dT-roRnqAH6OHdl,6:56,Beginner,8.3,7.295,7.949
Ordering Fractions,Introduction to Ordering Fractions,https://youtu.be/rL18ZMgCeKU?si=nixffH9YSe3hdGgm,12:04,Beginner,8.2,9.17,8.569
Division,Smart Long Division,https://youtu.be/HJYHNxS64f0?si=PJiPytkuwiCJhiuV,14:40,Advanced,8.9,7.825,7.847
Fractions to Decimals,Mastering Fractions to Decimals,https://youtu.be/Mpv7AzOUOqg?si=dMjxnFwXU98D4MpH,9:06,Advanced,8.5,9.927,8.375
Multiplication,Understanding Multiplication,https://youtu.be/_PyA3CJ-V98?si=mTi02JfyOo0ydPLR,13:18,Intermediate,8.8,7.255,7.794
Multiplication,Multi-Digit Multiplication,https://youtu.be/dNSrfoYLQZU?si=fjPUGvSBAA5fmj_V,5:02,Advanced,8.3,9.241,8.266
Division,Long Division for Grade 7,https://www.youtube.com/watch?v=J15nbHRpSiQ,19:57,Beginner,9.0,7.738,7.763
Subtraction,Smart Subtraction,https://youtu.be/3fYgZgbOJmM?si=0Xq66JMU0XrVlOsn,13:38,Intermediate,7.9,7.885,7.611
Simplifying Fractions,How to Simplify Fractions,https://youtu.be/R-FXE3g8GpU?si=TcmelTK3iD3Nzco1,16:06,Intermediate,8.7,8.892,8.123
Multiplication,Understanding Multiplication,https://youtu.be/_PyA3CJ-V98?si=mTi02JfyOo0ydPLR,13:18,Intermediate,8.8,7.769,8.034
Ordering Fractions,Introduction to Ordering Fractions,https://youtu.be/rL18ZMgCeKU?si=nixffH9YSe3hdGgm,12:04,Beginner,8.2,9.929,8.594
Fractions to Decimals,Mastering Fractions to Decimals,https://youtu.be/Mpv7AzOUOqg?si=dMjxnFwXU98D4MpH,9:06,Advanced,8.5,9.021,8.235
Simplifying Fractions,Introduction to Simplifying Fractions,https://youtu.be/k73w_yZb9SM?si=sIcPAuwAjD24B_pV,7:30,Beginner,8.4,9.734,8.537
Addition,Multi-Digit Addition,https://youtu.be/mAvuom42NyY?si=3Om627A44-sGimLU,6:28,Beginner,8.5,9.187,8.811
Multiplication,Multi-Digit Multiplication,https://youtu.be/dNSrfoYLQZU?si=fjPUGvSBAA5fmj_V,5:02,Advanced,8.3,8.894,8.014
Division,Long Division for Grade 7,https://www.youtube.com/watch?v=J15nbHRpSiQ,19:57,Beginner,9.0,7.607,7.86
Division,Long Division with 2-Digit Divisors,https://youtu.be/HdU_rf7eMTI?si=Pr40TqBRgGXrpLxG,13:04,Intermediate,8.6,9.351,8.332
Ordering Fractions,How to Order Fractions,https://www.youtube.com/watch?v=i2PfHDs88YE,6:33,Beginner,8.8,9.126,8.638
Ordering Fractions,Learn Ordering Fractions,https://youtu.be/QECYScPz4sA?si=qJW4l4BvbXma1lOP,10:15,Intermediate,8.5,9.62,8.486
Comparing Fractions,Comparing Fractions with different Denominators,https://youtu.be/d6fCqzuWjbo?si=eVQb7MoRlFCtsvGj,10:11,Intermediate,8.6,9.415,8.527
Comparing Fractions,Comparing Like Fractions,https://youtu.be/H3N5To5fO5U?si=Y3IFqQaqTK2GalSa,4:45,Intermediate,7.8,7.538,7.692
Subtraction,Multi-Digit Subtraction,https://youtu.be/Y6M89-6106I?si=6dT-roRnqAH6OHdl,6:56,Beginner,8.3,7.395,7.79
Simplifying Fractions,How to Simplify Fractions,https://youtu.be/R-FXE3g8GpU?si=TcmelTK3iD3Nzco1,16:06,Intermediate,8.7,9.533,8.291
Fractions to Decimals,How to Convert Fractions to Decimals,https://www.youtube.com/watch?v=guBVW5PiHLs&list=PPSV,8:29,Beginner,9.1,8.711,8.441
Fractions to Decimals,Converting Fractions to Decimals,https://youtu.be/UtHGpx_yp4U?si=tVG8XzrdqWBZp_hs,7:54,Intermediate,8.7,9.183,8.372
Multiplication,Master Long Multiplication,https://youtu.be/GKetIwxaenA?si=9tvgkeqmmfUZ80xX,6:25,Beginner,8.5,7.006,7.709
Fractions to Decimals,Introduction to Fractions to Decimals,https://youtu.be/pDs4a4ijqh0?si=ktPINIYpIFYNILOV,8:00,Intermediate,8.0,8.167,7.728
Simplifying Fractions,Reducing Fractions to Simplest Form,https://youtu.be/gVls1-gjIn0?si=vXNqJqUYBvTrC8xT,11:19,Advanced,8.5,8.328,7.77
Subtraction,Subtracting Large Numbers,https://youtu.be/HlxqCdDrbdc?si=1RAFlZfZuuD3LnjX,5:04,Intermediate,8.0,8.631,8.153
Comparing Fractions,Comparing Fractions,https://www.youtube.com/watch?v=u_QTuWj107o,7:42,Beginner,8.9,8.513,8.584
Multiplication,Understanding Multiplication,https://youtu.be/_PyA3CJ-V98?si=mTi02JfyOo0ydPLR,13:18,Intermediate,8.8,8.362,8.112
Multiplication,Understanding Multiplication,https://youtu.be/_PyA3CJ-V98?si=mTi02JfyOo0ydPLR,13:18,Intermediate,8.8,7.502,7.685
Subtraction,Multi-Digit Subtraction,https://youtu.be/Y6M89-6106I?si=6dT-roRnqAH6OHdl,6:56,Beginner,8.3,8.183,8.136
Ordering Fractions,How to Order Fractions,https://www.youtube.com/watch?v=i2PfHDs88YE,6:33,Beginner,8.8,9.987,8.999
Simplifying Fractions,How to Simplify Fractions,https://youtu.be/R-FXE3g8GpU?si=TcmelTK3iD3Nzco1,16:06,Intermediate,8.7,8.224,8.079
Division,Long Division with 2-Digit Divisors,https://youtu.be/HdU_rf7eMTI?si=Pr40TqBRgGXrpLxG,13:04,Intermediate,8.6,9.479,8.355
Multiplication,Multi-Digit Multiplication,https://youtu.be/dNSrfoYLQZU?si=fjPUGvSBAA5fmj_V,5:02,Advanced,8.3,8.543,8.005
Subtraction,Smart Subtraction,https://youtu.be/3fYgZgbOJmM?si=0Xq66JMU0XrVlOsn,13:38,Intermediate,7.9,9.117,8.002
Addition,Multi-Digit Addition,https://youtu.be/mAvuom42NyY?si=3Om627A44-sGimLU,6:28,Beginner,8.5,9.599,8.7
Fractions to Decimals,Introduction to Fractions to Decimals,https://youtu.be/pDs4a4ijqh0?si=ktPINIYpIFYNILOV,8:00,Intermediate,8.0,9.35,8.359
Multiplication,Long Multiplication for Grade 7,https://www.youtube.com/watch?v=r85EMNbWMiE,21:00,Beginner,9.2,8.639,8.316
Fractions to Decimals,Converting Fractions to Decimals,https://youtu.be/UtHGpx_yp4U?si=tVG8XzrdqWBZp_hs,7:54,Intermediate,8.7,7.369,7.909
Multiplication,Master Long Multiplication,https://youtu.be/GKetIwxaenA?si=9tvgkeqmmfUZ80xX,6:25,Beginner,8.5,7.2,7.996
Subtraction,Multi-Digit Subtraction,https://youtu.be/Y6M89-6106I?si=6dT-roRnqAH6OHdl,6:56,Beginner,8.3,9.784,8.849
Comparing Fractions,Mastering Comparing Fractions,https://youtu.be/PEqV48jMeXw?si=55QJueBjYIoAgbk0,11:09,Advanced,8.7,8.264,8.001
Comparing Fractions,Introduction to Comparing Fractions,https://www.youtube.com/watch?v=KNdUJQ_qd4U,6:30,Beginner,8.3,9.591,8.745
Comparing Fractions,Comparing Fractions,https://www.youtube.com/watch?v=u_QTuWj107o,7:42,Beginner,8.9,9.424,9.041
Division,Basic Division,https://youtu.be/KGMf314LUc0?si=jxaKi8tja1iw8LUl,9:57,Beginner,8.4,8.426,8.102
Comparing Fractions,Comparing Like Fractions,https://youtu.be/H3N5To5fO5U?si=Y3IFqQaqTK2GalSa,4:45,Intermediate,7.8,9.847,8.483
Simplifying Fractions,Reducing Fractions to Simplest Form,https://youtu.be/gVls1-gjIn0?si=vXNqJqUYBvTrC8xT,11:19,Advanced,8.5,9.828,8.438
Division,Division Basics for Beginners,https://youtu.be/InIKW_tfhs4?si=i3EqqM2A_6JHTQYh,3:44,Intermediate,7.8,9.225,8.265
Fractions to Decimals,How to Convert Fractions to Decimals,https://www.youtube.com/watch?v=guBVW5PiHLs&list=PPSV,8:29,Beginner,9.1,9.712,8.852
Subtraction,Subtracting Large Numbers,https://youtu.be/HlxqCdDrbdc?si=1RAFlZfZuuD3LnjX,5:04,Intermediate,8.0,9.465,8.121
Fractions to Decimals,Converting Fractions to Decimals,https://youtu.be/UtHGpx_yp4U?si=tVG8XzrdqWBZp_hs,7:54,Intermediate,8.7,7.409,7.793
Comparing Fractions,Comparing Fractions,https://www.youtube.com/watch?v=u_QTuWj107o,7:42,Beginner,8.9,7.826,8.078
Addition,Adding Large Numbers,https://youtu.be/T9asFgfN5bg?si=CI2z3n21hND5aFvQ,5:03,Intermediate,7.8,9.567,8.329
Ordering Fractions,Introduction to Ordering Fractions,https://youtu.be/rL18ZMgCeKU?si=nixffH9YSe3hdGgm,12:04,Beginner,8.2,7.063,7.463
Simplifying Fractions,Learn Fraction Simplification,https://youtu.be/IuB8yTJ0-hk?si=8-bnaKA-irwAua1m,6:20,Intermediate,8.0,8.374,7.951
Ordering Fractions,Fraction Ordering,https://youtu.be/76s8ZzK87rA?si=F0Z4GtJkicWyq5_A,14:40,Intermediate,7.9,7.222,7.136
Subtraction,Subtracting Whole Numbers,https://www.youtube.com/watch?v=z4bTlVxU9C0,8:40,Beginner,8.7,7.77,7.982
Addition,Adding Large Numbers,https://youtu.be/T9asFgfN5bg?si=CI2z3n21hND5aFvQ,5:03,Intermediate,7.8,9.851,8.549
Addition,Decimal Arithmetic,https://www.youtube.com/watch?v=kwh4SD1ToFc,12:14,Intermediate,9.0,7.577,7.893
Simplifying Fractions,Learn Fraction Simplification,https://youtu.be/IuB8yTJ0-hk?si=8-bnaKA-irwAua1m,6:20,Intermediate,8.0,8.964,8.129
Addition,Adding Three Decimals,https://youtu.be/sQ1W919fgq8?si=V7TgnmmWgHYc_A5P,4:55,Beginner,8.2,8.869,8.442
Simplifying Fractions,Simplifying Fractions,https://www.youtube.com/watch?v=AtBUQH8Tkqc&t=67s,8:30,Beginner,9.0,8.872,8.742
Division,Basic Division,https://youtu.be/KGMf314LUc0?si=jxaKi8tja1iw8LUl,9:57,Beginner,8.4,8.245,8.029
Comparing Fractions,Mastering Comparing Fractions,https://youtu.be/PEqV48jMeXw?si=55QJueBjYIoAgbk0,11:09,Advanced,8.7,9.375,8.24
Subtraction,Introduction to Subtraction,https://youtu.be/r3qKojj4g4g?si=-XA75LAElZS8jQOy,10:42,Advanced,8.6,8.972,8.094
Fractions to Decimals,Introduction to Fractions to Decimals,https://youtu.be/pDs4a4ijqh0?si=ktPINIYpIFYNILOV,8:00,Intermediate,8.0,7.85,7.468
Division,Basic Division,https://youtu.be/KGMf314LUc0?si=jxaKi8tja1iw8LUl,9:57,Beginner,8.4,8.647,8.103
Ordering Fractions,How to Order Fractions,https://www.youtube.com/watch?v=i2PfHDs88YE,6:33,Beginner,8.8,8.698,8.504
Simplifying Fractions,Simplifying Fractions,https://www.youtube.com/watch?v=AtBUQH8Tkqc&t=67s,8:30,Beginner,9.0,7.171,8.032
Addition,Decimal Arithmetic,https://www.youtube.com/watch?v=kwh4SD1ToFc,12:14,Intermediate,9.0,8.276,8.146
Comparing Fractions,Introduction to Comparing Fractions,https://www.youtube.com/watch?v=KNdUJQ_qd4U,6:30,Beginner,8.3,7.682,7.947
Simplifying Fractions,How to Simplify Fractions,https://youtu.be/R-FXE3g8GpU?si=TcmelTK3iD3Nzco1,16:06,Intermediate,8.7,7.643,7.646
Ordering Fractions,Fraction Ordering,https://youtu.be/76s8ZzK87rA?si=F0Z4GtJkicWyq5_A,14:40,Intermediate,7.9,8.378,7.583
Addition,Decimal Arithmetic,https://www.youtube.com/watch?v=kwh4SD1ToFc,12:14,Intermediate,9.0,7.628,8.076
Division,Smart Long Division,https://youtu.be/HJYHNxS64f0?si=PJiPytkuwiCJhiuV,14:40,Advanced,8.9,8.949,8.108
Multiplication,Long Multiplication for Grade 7,https://www.youtube.com/watch?v=r85EMNbWMiE,21:00,Beginner,9.2,8.122,7.996
Multiplication,Multi-Digit Multiplication,https://youtu.be/dNSrfoYLQZU?si=fjPUGvSBAA5fmj_V,5:02,Advanced,8.3,8.436,8.035
Fractions to Decimals,Introduction to Fractions to Decimals,https://youtu.be/pDs4a4ijqh0?si=ktPINIYpIFYNILOV,8:00,Intermediate,8.0,9.198,8.178
Addition,Decimal Arithmetic,https://www.youtube.com/watch?v=kwh4SD1ToFc,12:14,Intermediate,9.0,8.817,8.363
Subtraction,Subtracting Whole Numbers,https://www.youtube.com/watch?v=z4bTlVxU9C0,8:40,Beginner,8.7,8.926,8.602
Subtraction,Subtracting Whole Numbers,https://www.youtube.com/watch?v=z4bTlVxU9C0,8:40,Beginner,8.7,8.64,8.412
Addition,Adding Three Decimals,https://youtu.be/sQ1W919fgq8?si=V7TgnmmWgHYc_A5P,4:55,Beginner,8.2,7.469,7.977
Addition,Decimal Arithmetic,https://www.youtube.com/watch?v=kwh4SD1ToFc,12:14,Intermediate,9.0,8.236,8.203
Addition,Adding Large Numbers,https://youtu.be/T9asFgfN5bg?si=CI2z3n21hND5aFvQ,5:03,Intermediate,7.8,7.42,7.63
Division,Basic Division,https://youtu.be/KGMf314LUc0?si=jxaKi8tja1iw8LUl,9:57,Beginner,8.4,9.64,8.619
Subtraction,Subtracting Large Numbers,https://youtu.be/HlxqCdDrbdc?si=1RAFlZfZuuD3LnjX,5:04,Intermediate,8.0,9.633,8.462
Comparing Fractions,Comparing Fractions,https://www.youtube.com/watch?v=u_QTuWj107o,7:42,Beginner,8.9,7.669,8.221
Subtraction,Multi-Digit Subtraction,https://youtu.be/Y6M89-6106I?si=6dT-roRnqAH6OHdl,6:56,Beginner,8.3,8.06,7.866
Simplifying Fractions,Introduction to Simplifying Fractions,https://youtu.be/k73w_yZb9SM?si=sIcPAuwAjD24B_pV,7:30,Beginner,8.4,9.308,8.341
Division,Long Division for Grade 7,https://www.youtube.com/watch?v=J15nbHRpSiQ,19:57,Beginner,9.0,7.531,7.844
Simplifying Fractions,Introduction to Simplifying Fractions,https://youtu.be/k73w_yZb9SM?si=sIcPAuwAjD24B_pV,7:30,Beginner,8.4,9.811,8.779
Fractions to Decimals,Converting Fractions to Decimals,https://youtu.be/UtHGpx_yp4U?si=tVG8XzrdqWBZp_hs,7:54,Intermediate,8.7,8.063,8.037
Multiplication,Long Multiplication for Grade 7,https://www.youtube.com/watch?v=r85EMNbWMiE,21:00,Beginner,9.2,7.205,7.665
Comparing Fractions,Comparing Fractions with different Denominators,https://youtu.be/d6fCqzuWjbo?si=eVQb7MoRlFCtsvGj,10:11,Intermediate,8.6,9.165,8.49
Multiplication,Multi-Digit Multiplication,https://youtu.be/dNSrfoYLQZU?si=fjPUGvSBAA5fmj_V,5:02,Advanced,8.3,9.022,8.099
Subtraction,Multi-Digit Subtraction,https://youtu.be/Y6M89-6106I?si=6dT-roRnqAH6OHdl,6:56,Beginner,8.3,8.465,8.273
Addition,Decimal Arithmetic,https://www.youtube.com/watch?v=kwh4SD1ToFc,12:14,Intermediate,9.0,7.738,8.033
Division,Smart Long Division,https://youtu.be/HJYHNxS64f0?si=PJiPytkuwiCJhiuV,14:40,Advanced,8.9,9.462,8.291
Addition,Add Numbers Faster,https://youtu.be/-x2yAOt_XFY?si=9WXX46kdbQDVhgO8,4:48,Advanced,8.8,7.398,7.701
Fractions to Decimals,How to Convert Fractions to Decimals,https://www.youtube.com/watch?v=guBVW5PiHLs&list=PPSV,8:29,Beginner,9.1,8.462,8.694
Subtraction,Subtracting Whole Numbers,https://www.youtube.com/watch?v=z4bTlVxU9C0,8:40,Beginner,8.7,9.295,8.506
Addition,Decimal Arithmetic,https://www.youtube.com/watch?v=kwh4SD1ToFc,12:14,Intermediate,9.0,9.193,8.511
Comparing Fractions,Comparing Fractions,https://www.youtube.com/watch?v=u_QTuWj107o,7:42,Beginner,8.9,8.173,8.349
Ordering Fractions,Fraction Ordering,https://youtu.be/76s8ZzK87rA?si=F0Z4GtJkicWyq5_A,14:40,Intermediate,7.9,8.431,7.672
Subtraction,Introduction to Subtraction,https://youtu.be/r3qKojj4g4g?si=-XA75LAElZS8jQOy,10:42,Advanced,8.6,9.367,8.375
Multiplication,Master Long Multiplication,https://youtu.be/GKetIwxaenA?si=9tvgkeqmmfUZ80xX,6:25,Beginner,8.5,8.849,8.472
Simplifying Fractions,Reducing Fractions to Simplest Form,https://youtu.be/gVls1-gjIn0?si=vXNqJqUYBvTrC8xT,11:19,Advanced,8.5,7.693,7.652
Addition,Multi-Digit Addition,https://youtu.be/mAvuom42NyY?si=3Om627A44-sGimLU,6:28,Beginner,8.5,7.933,8.075
Fractions to Decimals,How to Convert Fractions to Decimals,https://www.youtube.com/watch?v=guBVW5PiHLs&list=PPSV,8:29,Beginner,9.1,9.588,9.12
Ordering Fractions,Learn Ordering Fractions,https://youtu.be/QECYScPz4sA?si=qJW4l4BvbXma1lOP,10:15,Intermediate,8.5,8.366,7.941
Fractions to Decimals,Converting Fractions to Decimals,https://youtu.be/UtHGpx_yp4U?si=tVG8XzrdqWBZp_hs,7:54,Intermediate,8.7,7.694,7.875
Subtraction,Subtracting Large Numbers,https://youtu.be/HlxqCdDrbdc?si=1RAFlZfZuuD3LnjX,5:04,Intermediate,8.0,8.97,8.273
Ordering Fractions,Mastering Fractions,https://youtu.be/XvjQcHbUNNw?si=Xyv5SPufpJclBZIf,8:00,Advanced,8.7,9.0,8.352
Multiplication,Long Multiplication for Grade 7,https://www.youtube.com/watch?v=r85EMNbWMiE,21:00,Beginner,9.2,7.472,8.155
Fractions to Decimals,Introduction to Fractions to Decimals,https://youtu.be/pDs4a4ijqh0?si=ktPINIYpIFYNILOV,8:00,Intermediate,8.0,8.262,7.92
Ordering Fractions,How to Order Fractions,https://www.youtube.com/watch?v=i2PfHDs88YE,6:33,Beginner,8.8,7.635,8.155
Fractions to Decimals,Introduction to Fractions to Decimals,https://youtu.be/pDs4a4ijqh0?si=ktPINIYpIFYNILOV,8:00,Intermediate,8.0,7.911,7.557
Addition,Multi-Digit Addition,https://youtu.be/mAvuom42NyY?si=3Om627A44-sGimLU,6:28,Beginner,8.5,7.348,7.914
Addition,Decimal Arithmetic,https://www.youtube.com/watch?v=kwh4SD1ToFc,12:14,Intermediate,9.0,9.368,8.289
Comparing Fractions,Comparing Fractions with different Denominators,https://youtu.be/d6fCqzuWjbo?si=eVQb7MoRlFCtsvGj,10:11,Intermediate,8.6,7.923,7.924
Addition,Adding Three Decimals,https://youtu.be/sQ1W919fgq8?si=V7TgnmmWgHYc_A5P,4:55,Beginner,8.2,9.821,8.497
Ordering Fractions,Mastering Fractions,https://youtu.be/XvjQcHbUNNw?si=Xyv5SPufpJclBZIf,8:00,Advanced,8.7,7.72,7.774
Ordering Fractions,Fraction Ordering,https://youtu.be/76s8ZzK87rA?si=F0Z4GtJkicWyq5_A,14:40,Intermediate,7.9,8.984,7.834
Subtraction,Introduction to Subtraction,https://youtu.be/r3qKojj4g4g?si=-XA75LAElZS8jQOy,10:42,Advanced,8.6,7.145,7.378
Ordering Fractions,Learn Ordering Fractions,https://youtu.be/QECYScPz4sA?si=qJW4l4BvbXma1lOP,10:15,Intermediate,8.5,8.746,8.084
Simplifying Fractions,Introduction to Simplifying Fractions,https://youtu.be/k73w_yZb9SM?si=sIcPAuwAjD24B_pV,7:30,Beginner,8.4,7.763,8.04
Subtraction,Smart Subtraction,https://youtu.be/3fYgZgbOJmM?si=0Xq66JMU0XrVlOsn,13:38,Intermediate,7.9,7.463,7.466
Division,Division Basics for Beginners,https://youtu.be/InIKW_tfhs4?si=i3EqqM2A_6JHTQYh,3:44,Intermediate,7.8,9.694,8.311
Ordering Fractions,Introduction to Ordering Fractions,https://youtu.be/rL18ZMgCeKU?si=nixffH9YSe3hdGgm,12:04,Beginner,8.2,7.775,7.793
Fractions to Decimals,Mastering Fractions to Decimals,https://youtu.be/Mpv7AzOUOqg?si=dMjxnFwXU98D4MpH,9:06,Advanced,8.5,8.712,8.07
Fractions to Decimals,How to Convert Fractions to Decimals,https://www.youtube.com/watch?v=guBVW5PiHLs&list=PPSV,8:29,Beginner,9.1,8.42,8.357
Subtraction,Introduction to Subtraction,https://youtu.be/r3qKojj4g4g?si=-XA75LAElZS8jQOy,10:42,Advanced,8.6,9.873,8.398
Comparing Fractions,Comparing Like Fractions,https://youtu.be/H3N5To5fO5U?si=Y3IFqQaqTK2GalSa,4:45,Intermediate,7.8,9.373,8.23
Comparing Fractions,Mastering Comparing Fractions,https://youtu.be/PEqV48jMeXw?si=55QJueBjYIoAgbk0,11:09,Advanced,8.7,8.722,7.995
Addition,Add Numbers Faster,https://youtu.be/-x2yAOt_XFY?si=9WXX46kdbQDVhgO8,4:48,Advanced,8.8,9.615,8.875
Simplifying Fractions,Reducing Fractions to Simplest Form,https://youtu.be/gVls1-gjIn0?si=vXNqJqUYBvTrC8xT,11:19,Advanced,8.5,7.845,7.673
Multiplication,Master Long Multiplication,https://youtu.be/GKetIwxaenA?si=9tvgkeqmmfUZ80xX,6:25,Beginner,8.5,7.054,8.013
Addition,Adding Large Numbers,https://youtu.be/T9asFgfN5bg?si=CI2z3n21hND5aFvQ,5:03,Intermediate,7.8,9.622,8.411
Ordering Fractions,Mastering Fractions,https://youtu.be/XvjQcHbUNNw?si=Xyv5SPufpJclBZIf,8:00,Advanced,8.7,8.601,8.153
Subtraction,Subtracting Large Numbers,https://youtu.be/HlxqCdDrbdc?si=1RAFlZfZuuD3LnjX,5:04,Intermediate,8.0,9.937,8.533
Division,Smart Long Division,https://youtu.be/HJYHNxS64f0?si=PJiPytkuwiCJhiuV,14:40,Advanced,8.9,7.772,7.697
Simplifying Fractions,Learn Fraction Simplification,https://youtu.be/IuB8yTJ0-hk?si=8-bnaKA-irwAua1m,6:20,Intermediate,8.0,9.005,8.196
Simplifying Fractions,Reducing Fractions to Simplest Form,https://youtu.be/gVls1-gjIn0?si=vXNqJqUYBvTrC8xT,11:19,Advanced,8.5,7.793,7.609
Ordering Fractions,Introduction to Ordering Fractions,https://youtu.be/rL18ZMgCeKU?si=nixffH9YSe3hdGgm,12:04,Beginner,8.2,8.07,7.771
Comparing Fractions,Comparing Fractions with different Denominators,https://youtu.be/d6fCqzuWjbo?si=eVQb7MoRlFCtsvGj,10:11,Intermediate,8.6,8.503,8.191
Subtraction,Subtracting Whole Numbers,https://www.youtube.com/watch?v=z4bTlVxU9C0,8:40,Beginner,8.7,7.636,8.003
Subtraction,Multi-Digit Subtraction,https://youtu.be/Y6M89-6106I?si=6dT-roRnqAH6OHdl,6:56,Beginner,8.3,8.428,8.169
Multiplication,Understanding Multiplication,https://youtu.be/_PyA3CJ-V98?si=mTi02JfyOo0ydPLR,13:18,Intermediate,8.8,8.454,8.03
Simplifying Fractions,Learn Fraction Simplification,https://youtu.be/IuB8yTJ0-hk?si=8-bnaKA-irwAua1m,6:20,Intermediate,8.0,9.78,8.504
Ordering Fractions,Fraction Ordering,https://youtu.be/76s8ZzK87rA?si=F0Z4GtJkicWyq5_A,14:40,Intermediate,7.9,9.571,8.072
Addition,Adding Three Decimals,https://youtu.be/sQ1W919fgq8?si=V7TgnmmWgHYc_A5P,4:55,Beginner,8.2,9.468,8.355
Fractions to Decimals,Introduction to Fractions to Decimals,https://youtu.be/pDs4a4ijqh0?si=ktPINIYpIFYNILOV,8:00,Intermediate,8.0,7.249,7.431
Subtraction,Subtracting Whole Numbers,https://www.youtube.com/watch?v=z4bTlVxU9C0,8:40,Beginner,8.7,7.145,7.832
Addition,Decimal Arithmetic,https://www.youtube.com/watch?v=kwh4SD1ToFc,12:14,Intermediate,9.0,9.672,8.638
Addition,Adding Large Numbers,https://youtu.be/T9asFgfN5bg?si=CI2z3n21hND5aFvQ,5:03,Intermediate,7.8,7.619,7.56
Simplifying Fractions,Simplifying Fractions,https://www.youtube.com/watch?v=AtBUQH8Tkqc&t=67s,8:30,Beginner,9.0,9.949,8.997
Simplifying Fractions,Reducing Fractions to Simplest Form,https://youtu.be/gVls1-gjIn0?si=vXNqJqUYBvTrC8xT,11:19,Advanced,8.5,9.125,8.112
Comparing Fractions,Comparing Fractions,https://www.youtube.com/watch?v=u_QTuWj107o,7:42,Beginner,8.9,7.712,8.342
Multiplication,Multi-Digit Multiplication,https://youtu.be/dNSrfoYLQZU?si=fjPUGvSBAA5fmj_V,5:02,Advanced,8.3,7.084,7.304
Addition,Adding Large Numbers,https://youtu.be/T9asFgfN5bg?si=CI2z3n21hND5aFvQ,5:03,Intermediate,7.8,9.689,8.266
Subtraction,Subtracting Whole Numbers,https://www.youtube.com/watch?v=z4bTlVxU9C0,8:40,Beginner,8.7,9.148,8.564
Subtraction,Smart Subtraction,https://youtu.be/3fYgZgbOJmM?si=0Xq66JMU0XrVlOsn,13:38,Intermediate,7.9,8.229,7.641
Comparing Fractions,Introduction to Comparing Fractions,https://www.youtube.com/watch?v=KNdUJQ_qd4U,6:30,Beginner,8.3,9.56,8.575
Fractions to Decimals,Convert any Fraction to a Decimal,https://youtu.be/do_IbHId2Os?si=WyTbHiTgY6AaEz_L,6:43,Beginner,8.4,8.524,8.361
Addition,Multi-Digit Addition,https://youtu.be/mAvuom42NyY?si=3Om627A44-sGimLU,6:28,Beginner,8.5,8.684,8.342
Multiplication,Understanding Multiplication,https://youtu.be/_PyA3CJ-V98?si=mTi02JfyOo0ydPLR,13:18,Intermediate,8.8,7.187,7.62
Simplifying Fractions,Learn Fraction Simplification,https://youtu.be/IuB8yTJ0-hk?si=8-bnaKA-irwAua1m,6:20,Intermediate,8.0,8.708,8.06
Fractions to Decimals,Mastering Fractions to Decimals,https://youtu.be/Mpv7AzOUOqg?si=dMjxnFwXU98D4MpH,9:06,Advanced,8.5,7.811,7.635
Fractions to Decimals,Mastering Fractions to Decimals,https://youtu.be/Mpv7AzOUOqg?si=dMjxnFwXU98D4MpH,9:06,Advanced,8.5,8.475,8.002
Simplifying Fractions,Reducing Fractions to Simplest Form,https://youtu.be/gVls1-gjIn0?si=vXNqJqUYBvTrC8xT,11:19,Advanced,8.5,9.798,8.23
Subtraction,Smart Subtraction,https://youtu.be/3fYgZgbOJmM?si=0Xq66JMU0XrVlOsn,13:38,Intermediate,7.9,9.899,8.023
Ordering Fractions,How to Order Fractions,https://www.youtube.com/watch?v=i2PfHDs88YE,6:33,Beginner,8.8,8.006,8.207
Fractions to Decimals,Introduction to Fractions to Decimals,https://youtu.be/pDs4a4ijqh0?si=ktPINIYpIFYNILOV,8:00,Intermediate,8.0,8.484,7.904
Subtraction,Introduction to Subtraction,https://youtu.be/r3qKojj4g4g?si=-XA75LAElZS8jQOy,10:42,Advanced,8.6,7.685,7.354
Comparing Fractions,Comparing Fractions with different Denominators,https://youtu.be/d6fCqzuWjbo?si=eVQb7MoRlFCtsvGj,10:11,Intermediate,8.6,9.827,8.551
Ordering Fractions,Mastering Fractions,https://youtu.be/XvjQcHbUNNw?si=Xyv5SPufpJclBZIf,8:00,Advanced,8.7,9.494,8.506
Division,Smart Long Division,https://youtu.be/HJYHNxS64f0?si=PJiPytkuwiCJhiuV,14:40,Advanced,8.9,7.196,7.553
Multiplication,Understanding Multiplication,https://youtu.be/_PyA3CJ-V98?si=mTi02JfyOo0ydPLR,13:18,Intermediate,8.8,8.829,8.155
Multiplication,Multi-Digit Multiplication,https://youtu.be/dNSrfoYLQZU?si=fjPUGvSBAA5fmj_V,5:02,Advanced,8.3,7.049,7.646
Simplifying Fractions,Learn Fraction Simplification,https://youtu.be/IuB8yTJ0-hk?si=8-bnaKA-irwAua1m,6:20,Intermediate,8.0,7.121,7.284
Comparing Fractions,Comparing Fractions with different Denominators,https://youtu.be/d6fCqzuWjbo?si=eVQb7MoRlFCtsvGj,10:11,Intermediate,8.6,8.054,7.882
Multiplication,Multi-Digit Multiplication,https://youtu.be/dNSrfoYLQZU?si=fjPUGvSBAA5fmj_V,5:02,Advanced,8.3,9.47,8.532
Addition,Decimal Arithmetic,https://www.youtube.com/watch?v=kwh4SD1ToFc,12:14,Intermediate,9.0,9.788,8.551
Addition,Adding Three Decimals,https://youtu.be/sQ1W919fgq8?si=V7TgnmmWgHYc_A5P,4:55,Beginner,8.2,9.575,8.807
Fractions to Decimals,Mastering Fractions to Decimals,https://youtu.be/Mpv7AzOUOqg?si=dMjxnFwXU98D4MpH,9:06,Advanced,8.5,7.046,7.585
Multiplication,Long Multiplication for Grade 7,https://www.youtube.com/watch?v=r85EMNbWMiE,21:00,Beginner,9.2,7.127,7.812
Addition,Multi-Digit Addition,https://youtu.be/mAvuom42NyY?si=3Om627A44-sGimLU,6:28,Beginner,8.5,9.124,8.368
Multiplication,Understanding Multiplication,https://youtu.be/_PyA3CJ-V98?si=mTi02JfyOo0ydPLR,13:18,Intermediate,8.8,8.75,8.23
Fractions to Decimals,Mastering Fractions to Decimals,https://youtu.be/Mpv7AzOUOqg?si=dMjxnFwXU98D4MpH,9:06,Advanced,8.5,7.192,7.456
Comparing Fractions,Introduction to Comparing Fractions,https://www.youtube.com/watch?v=KNdUJQ_qd4U,6:30,Beginner,8.3,8.368,8.137
Simplifying Fractions,Simplifying Fractions,https://www.youtube.com/watch?v=AtBUQH8Tkqc&t=67s,8:30,Beginner,9.0,8.848,8.728
Ordering Fractions,Mastering Fractions,https://youtu.be/XvjQcHbUNNw?si=Xyv5SPufpJclBZIf,8:00,Advanced,8.7,8.739,8.144
Ordering Fractions,Learn Ordering Fractions,https://youtu.be/QECYScPz4sA?si=qJW4l4BvbXma1lOP,10:15,Intermediate,8.5,9.301,8.416
Ordering Fractions,Mastering Fractions,https://youtu.be/XvjQcHbUNNw?si=Xyv5SPufpJclBZIf,8:00,Advanced,8.7,8.582,8.025
Simplifying Fractions,Learn Fraction Simplification,https://youtu.be/IuB8yTJ0-hk?si=8-bnaKA-irwAua1m,6:20,Intermediate,8.0,7.761,7.758
Division,Long Division with 2-Digit Divisors,https://youtu.be/HdU_rf7eMTI?si=Pr40TqBRgGXrpLxG,13:04,Intermediate,8.6,7.032,7.488
Ordering Fractions,How to Order Fractions,https://www.youtube.com/watch?v=i2PfHDs88YE,6:33,Beginner,8.8,7.898,8.288
Ordering Fractions,Fraction Ordering,https://youtu.be/76s8ZzK87rA?si=F0Z4GtJkicWyq5_A,14:40,Intermediate,7.9,9.717,8.187
Addition,Multi-Digit Addition,https://youtu.be/mAvuom42NyY?si=3Om627A44-sGimLU,6:28,Beginner,8.5,8.777,8.423
Fractions to Decimals,Introduction to Fractions to Decimals,https://youtu.be/pDs4a4ijqh0?si=ktPINIYpIFYNILOV,8:00,Intermediate,8.0,9.193,8.282
Multiplication,Master Long Multiplication,https://youtu.be/GKetIwxaenA?si=9tvgkeqmmfUZ80xX,6:25,Beginner,8.5,8.399,8.316
Addition,Adding Three Decimals,https://youtu.be/sQ1W919fgq8?si=V7TgnmmWgHYc_A5P,4:55,Beginner,8.2,7.208,7.959
Addition,Multi-Digit Addition,https://youtu.be/mAvuom42NyY?si=3Om627A44-sGimLU,6:28,Beginner,8.5,9.847,8.793
Comparing Fractions,Comparing Like Fractions,https://youtu.be/H3N5To5fO5U?si=Y3IFqQaqTK2GalSa,4:45,Intermediate,7.8,7.154,7.428
Fractions to Decimals,Introduction to Fractions to Decimals,https://youtu.be/pDs4a4ijqh0?si=ktPINIYpIFYNILOV,8:00,Intermediate,8.0,7.584,7.615
Simplifying Fractions,Reducing Fractions to Simplest Form,https://youtu.be/gVls1-gjIn0?si=vXNqJqUYBvTrC8xT,11:19,Advanced,8.5,7.954,7.791
Comparing Fractions,Mastering Comparing Fractions,https://youtu.be/PEqV48jMeXw?si=55QJueBjYIoAgbk0,11:09,Advanced,8.7,8.773,8.196
Comparing Fractions,Comparing Fractions with different Denominators,https://youtu.be/d6fCqzuWjbo?si=eVQb7MoRlFCtsvGj,10:11,Intermediate,8.6,8.361,8.183
Comparing Fractions,Comparing Fractions,https://www.youtube.com/watch?v=u_QTuWj107o,7:42,Beginner,8.9,9.481,8.941
Comparing Fractions,Comparing Fractions with different Denominators,https://youtu.be/d6fCqzuWjbo?si=eVQb7MoRlFCtsvGj,10:11,Intermediate,8.6,8.515,8.078
Simplifying Fractions,How to Simplify Fractions,https://youtu.be/R-FXE3g8GpU?si=TcmelTK3iD3Nzco1,16:06,Intermediate,8.7,7.144,7.501
Addition,Multi-Digit Addition,https://youtu.be/mAvuom42NyY?si=3Om627A44-sGimLU,6:28,Beginner,8.5,7.062,7.875
Subtraction,Introduction to Subtraction,https://youtu.be/r3qKojj4g4g?si=-XA75LAElZS8jQOy,10:42,Advanced,8.6,9.216,8.248
Simplifying Fractions,How to Simplify Fractions,https://youtu.be/R-FXE3g8GpU?si=TcmelTK3iD3Nzco1,16:06,Intermediate,8.7,9.038,8.243
Subtraction,Smart Subtraction,https://youtu.be/3fYgZgbOJmM?si=0Xq66JMU0XrVlOsn,13:38,Intermediate,7.9,8.467,7.9
Comparing Fractions,Comparing Like Fractions,https://youtu.be/H3N5To5fO5U?si=Y3IFqQaqTK2GalSa,4:45,Intermediate,7.8,9.831,8.182
Ordering Fractions,Learn Ordering Fractions,https://youtu.be/QECYScPz4sA?si=qJW4l4BvbXma1lOP,10:15,Intermediate,8.5,9.129,8.367
Division,Basic Division,https://youtu.be/KGMf314LUc0?si=jxaKi8tja1iw8LUl,9:57,Beginner,8.4,8.786,8.163
Multiplication,Understanding Multiplication,https://youtu.be/_PyA3CJ-V98?si=mTi02JfyOo0ydPLR,13:18,Intermediate,8.8,9.643,8.583
Fractions to Decimals,Introduction to Fractions to Decimals,https://youtu.be/pDs4a4ijqh0?si=ktPINIYpIFYNILOV,8:00,Intermediate,8.0,8.826,7.969
Addition,Adding Three Decimals,https://youtu.be/sQ1W919fgq8?si=V7TgnmmWgHYc_A5P,4:55,Beginner,8.2,9.421,8.548
Division,Division Basics for Beginners,https://youtu.be/InIKW_tfhs4?si=i3EqqM2A_6JHTQYh,3:44,Intermediate,7.8,8.02,7.898
Addition,Adding Large Numbers,https://youtu.be/T9asFgfN5bg?si=CI2z3n21hND5aFvQ,5:03,Intermediate,7.8,8.749,8.087
Comparing Fractions,Comparing Like Fractions,https://youtu.be/H3N5To5fO5U?si=Y3IFqQaqTK2GalSa,4:45,Intermediate,7.8,8.283,7.937
Comparing Fractions,Mastering Comparing Fractions,https://youtu.be/PEqV48jMeXw?si=55QJueBjYIoAgbk0,11:09,Advanced,8.7,9.254,8.316
Fractions to Decimals,Introduction to Fractions to Decimals,https://youtu.be/pDs4a4ijqh0?si=ktPINIYpIFYNILOV,8:00,Intermediate,8.0,9.602,8.273
Comparing Fractions,Comparing Like Fractions,https://youtu.be/H3N5To5fO5U?si=Y3IFqQaqTK2GalSa,4:45,Intermediate,7.8,7.1,7.37
Fractions to Decimals,Introduction to Fractions to Decimals,https://youtu.be/pDs4a4ijqh0?si=ktPINIYpIFYNILOV,8:00,Intermediate,8.0,7.309,7.659
Fractions to Decimals,Convert any Fraction to a Decimal,https://youtu.be/do_IbHId2Os?si=WyTbHiTgY6AaEz_L,6:43,Beginner,8.4,8.009,8.223
Multiplication,Multi-Digit Multiplication,https://youtu.be/dNSrfoYLQZU?si=fjPUGvSBAA5fmj_V,5:02,Advanced,8.3,8.821,8.146
Fractions to Decimals,Introduction to Fractions to Decimals,https://youtu.be/pDs4a4ijqh0?si=ktPINIYpIFYNILOV,8:00,Intermediate,8.0,8.597,7.932
Simplifying Fractions,Learn Fraction Simplification,https://youtu.be/IuB8yTJ0-hk?si=8-bnaKA-irwAua1m,6:20,Intermediate,8.0,8.062,7.972
Subtraction,Multi-Digit Subtraction,https://youtu.be/Y6M89-6106I?si=6dT-roRnqAH6OHdl,6:56,Beginner,8.3,7.946,7.995
Fractions to Decimals,Introduction to Fractions to Decimals,https://youtu.be/pDs4a4ijqh0?si=ktPINIYpIFYNILOV,8:00,Intermediate,8.0,7.701,7.622
Multiplication,Multi-Digit Multiplication,https://youtu.be/dNSrfoYLQZU?si=fjPUGvSBAA5fmj_V,5:02,Advanced,8.3,7.656,7.765
Comparing Fractions,Mastering Comparing Fractions,https://youtu.be/PEqV48jMeXw?si=55QJueBjYIoAgbk0,11:09,Advanced,8.7,8.244,7.995
Fractions to Decimals,Converting Fractions to Decimals,https://youtu.be/UtHGpx_yp4U?si=tVG8XzrdqWBZp_hs,7:54,Intermediate,8.7,8.555,8.021
Comparing Fractions,Mastering Comparing Fractions,https://youtu.be/PEqV48jMeXw?si=55QJueBjYIoAgbk0,11:09,Advanced,8.7,9.436,8.478
Addition,Adding Large Numbers,https://youtu.be/T9asFgfN5bg?si=CI2z3n21hND5aFvQ,5:03,Intermediate,7.8,9.619,8.365
Subtraction,Multi-Digit Subtraction,https://youtu.be/Y6M89-6106I?si=6dT-roRnqAH6OHdl,6:56,Beginner,8.3,7.329,7.664
Ordering Fractions,Introduction to Ordering Fractions,https://youtu.be/rL18ZMgCeKU?si=nixffH9YSe3hdGgm,12:04,Beginner,8.2,9.349,8.312
Ordering Fractions,Introduction to Ordering Fractions,https://youtu.be/rL18ZMgCeKU?si=nixffH9YSe3hdGgm,12:04,Beginner,8.2,7.504,7.784
Comparing Fractions,Introduction to Comparing Fractions,https://www.youtube.com/watch?v=KNdUJQ_qd4U,6:30,Beginner,8.3,8.67,8.216
Addition,Multi-Digit Addition,https://youtu.be/mAvuom42NyY?si=3Om627A44-sGimLU,6:28,Beginner,8.5,7.423,7.906
Multiplication,Long Multiplication for Grade 7,https://www.youtube.com/watch?v=r85EMNbWMiE,21:00,Beginner,9.2,9.084,8.428
Simplifying Fractions,Simplifying Fractions,https://www.youtube.com/watch?v=AtBUQH8Tkqc&t=67s,8:30,Beginner,9.0,7.721,8.414
Ordering Fractions,Learn Ordering Fractions,https://youtu.be/QECYScPz4sA?si=qJW4l4BvbXma1lOP,10:15,Intermediate,8.5,7.839,7.971
Ordering Fractions,Learn Ordering Fractions,https://youtu.be/QECYScPz4sA?si=qJW4l4BvbXma1lOP,10:15,Intermediate,8.5,8.274,8.006
Addition,Adding Three Decimals,https://youtu.be/sQ1W919fgq8?si=V7TgnmmWgHYc_A5P,4:55,Beginner,8.2,9.632,8.696
Comparing Fractions,Comparing Fractions with different Denominators,https://youtu.be/d6fCqzuWjbo?si=eVQb7MoRlFCtsvGj,10:11,Intermediate,8.6,8.102,7.934
Ordering Fractions,Introduction to Ordering Fractions,https://youtu.be/rL18ZMgCeKU?si=nixffH9YSe3hdGgm,12:04,Beginner,8.2,8.878,8.141
Fractions to Decimals,Introduction to Fractions to Decimals,https://youtu.be/pDs4a4ijqh0?si=ktPINIYpIFYNILOV,8:00,Intermediate,8.0,9.111,8.181
Division,Basic Division,https://youtu.be/KGMf314LUc0?si=jxaKi8tja1iw8LUl,9:57,Beginner,8.4,9.659,8.479
Multiplication,Long Multiplication for Grade 7,https://www.youtube.com/watch?v=r85EMNbWMiE,21:00,Beginner,9.2,9.056,8.343
Addition,Adding Three Decimals,https://youtu.be/sQ1W919fgq8?si=V7TgnmmWgHYc_A5P,4:55,Beginner,8.2,8.317,8.095
Addition,Multi-Digit Addition,https://youtu.be/mAvuom42NyY?si=3Om627A44-sGimLU,6:28,Beginner,8.5,9.14,8.461
Comparing Fractions,Comparing Like Fractions,https://youtu.be/H3N5To5fO5U?si=Y3IFqQaqTK2GalSa,4:45,Intermediate,7.8,7.823,7.781
Comparing Fractions,Comparing Fractions with different Denominators,https://youtu.be/d6fCqzuWjbo?si=eVQb7MoRlFCtsvGj,10:11,Intermediate,8.6,8.798,8.183
Fractions to Decimals,Convert any Fraction to a Decimal,https://youtu.be/do_IbHId2Os?si=WyTbHiTgY6AaEz_L,6:43,Beginner,8.4,9.682,8.601
Subtraction,Subtracting Whole Numbers,https://www.youtube.com/watch?v=z4bTlVxU9C0,8:40,Beginner,8.7,7.934,8.2
Ordering Fractions,Learn Ordering Fractions,https://youtu.be/QECYScPz4sA?si=qJW4l4BvbXma1lOP,10:15,Intermediate,8.5,8.846,8.13
Comparing Fractions,Comparing Fractions,https://www.youtube.com/watch?v=u_QTuWj107o,7:42,Beginner,8.9,9.232,8.761
Multiplication,Master Long Multiplication,https://youtu.be/GKetIwxaenA?si=9tvgkeqmmfUZ80xX,6:25,Beginner,8.5,9.368,8.63
Multiplication,Multi-Digit Multiplication,https://youtu.be/dNSrfoYLQZU?si=fjPUGvSBAA5fmj_V,5:02,Advanced,8.3,7.255,7.52
Simplifying Fractions,How to Simplify Fractions,https://youtu.be/R-FXE3g8GpU?si=TcmelTK3iD3Nzco1,16:06,Intermediate,8.7,8.368,7.818
Addition,Adding Three Decimals,https://youtu.be/sQ1W919fgq8?si=V7TgnmmWgHYc_A5P,4:55,Beginner,8.2,7.256,7.746
Multiplication,Understanding Multiplication,https://youtu.be/_PyA3CJ-V98?si=mTi02JfyOo0ydPLR,13:18,Intermediate,8.8,8.614,8.043
Fractions to Decimals,Mastering Fractions to Decimals,https://youtu.be/Mpv7AzOUOqg?si=dMjxnFwXU98D4MpH,9:06,Advanced,8.5,7.592,7.7
Simplifying Fractions,Introduction to Simplifying Fractions,https://youtu.be/k73w_yZb9SM?si=sIcPAuwAjD24B_pV,7:30,Beginner,8.4,8.394,8.079
Subtraction,Subtracting Whole Numbers,https://www.youtube.com/watch?v=z4bTlVxU9C0,8:40,Beginner,8.7,7.855,8.174
Comparing Fractions,Introduction to Comparing Fractions,https://www.youtube.com/watch?v=KNdUJQ_qd4U,6:30,Beginner,8.3,8.935,8.316
Ordering Fractions,Mastering Fractions,https://youtu.be/XvjQcHbUNNw?si=Xyv5SPufpJclBZIf,8:00,Advanced,8.7,9.378,8.271
Ordering Fractions,Fraction Ordering,https://youtu.be/76s8ZzK87rA?si=F0Z4GtJkicWyq5_A,14:40,Intermediate,7.9,7.7,7.345
Comparing Fractions,Mastering Comparing Fractions,https://youtu.be/PEqV48jMeXw?si=55QJueBjYIoAgbk0,11:09,Advanced,8.7,8.228,7.955
Multiplication,Box Method Multiplication,https://youtu.be/n3q3XzzIGSY?si=goczDT3wCWGEkSvm,7:19,Intermediate,8.0,9.462,8.361
Ordering Fractions,Fraction Ordering,https://youtu.be/76s8ZzK87rA?si=F0Z4GtJkicWyq5_A,14:40,Intermediate,7.9,8.224,7.655
Addition,Adding Large Numbers,https://youtu.be/T9asFgfN5bg?si=CI2z3n21hND5aFvQ,5:03,Intermediate,7.8,8.663,8.026
Ordering Fractions,Learn Ordering Fractions,https://youtu.be/QECYScPz4sA?si=qJW4l4BvbXma1lOP,10:15,Intermediate,8.5,9.846,8.593
Division,Basic Division,https://youtu.be/KGMf314LUc0?si=jxaKi8tja1iw8LUl,9:57,Beginner,8.4,8.539,8.212
Multiplication,Multi-Digit Multiplication,https://youtu.be/dNSrfoYLQZU?si=fjPUGvSBAA5fmj_V,5:02,Advanced,8.3,8.576,8.248
Division,Long Division with 2-Digit Divisors,https://youtu.be/HdU_rf7eMTI?si=Pr40TqBRgGXrpLxG,13:04,Intermediate,8.6,7.248,7.645
Addition,Add Numbers Faster,https://youtu.be/-x2yAOt_XFY?si=9WXX46kdbQDVhgO8,4:48,Advanced,8.8,8.466,8.254
Addition,Adding Three Decimals,https://youtu.be/sQ1W919fgq8?si=V7TgnmmWgHYc_A5P,4:55,Beginner,8.2,9.479,8.574
Subtraction,Subtracting Whole Numbers,https://www.youtube.com/watch?v=z4bTlVxU9C0,8:40,Beginner,8.7,7.304,7.97
Comparing Fractions,Comparing Like Fractions,https://youtu.be/H3N5To5fO5U?si=Y3IFqQaqTK2GalSa,4:45,Intermediate,7.8,8.14,7.855
Fractions to Decimals,Convert any Fraction to a Decimal,https://youtu.be/do_IbHId2Os?si=WyTbHiTgY6AaEz_L,6:43,Beginner,8.4,8.627,8.225
Division,Basic Division,https://youtu.be/KGMf314LUc0?si=jxaKi8tja1iw8LUl,9:57,Beginner,8.4,7.895,7.844
Comparing Fractions,Comparing Fractions with different Denominators,https://youtu.be/d6fCqzuWjbo?si=eVQb7MoRlFCtsvGj,10:11,Intermediate,8.6,8.849,8.388
Fractions to Decimals,Mastering Fractions to Decimals,https://youtu.be/Mpv7AzOUOqg?si=dMjxnFwXU98D4MpH,9:06,Advanced,8.5,8.27,7.895
Multiplication,Understanding Multiplication,https://youtu.be/_PyA3CJ-V98?si=mTi02JfyOo0ydPLR,13:18,Intermediate,8.8,7.835,7.727
Addition,Add Numbers Faster,https://youtu.be/-x2yAOt_XFY?si=9WXX46kdbQDVhgO8,4:48,Advanced,8.8,9.05,8.417
Multiplication,Master Long Multiplication,https://youtu.be/GKetIwxaenA?si=9tvgkeqmmfUZ80xX,6:25,Beginner,8.5,9.076,8.614
Ordering Fractions,Mastering Fractions,https://youtu.be/XvjQcHbUNNw?si=Xyv5SPufpJclBZIf,8:00,Advanced,8.7,9.019,8.387
Fractions to Decimals,How to Convert Fractions to Decimals,https://www.youtube.com/watch?v=guBVW5PiHLs&list=PPSV,8:29,Beginner,9.1,8.868,8.769
Multiplication,Box Method Multiplication,https://youtu.be/n3q3XzzIGSY?si=goczDT3wCWGEkSvm,7:19,Intermediate,8.0,8.032,7.766
Ordering Fractions,Mastering Fractions,https://youtu.be/XvjQcHbUNNw?si=Xyv5SPufpJclBZIf,8:00,Advanced,8.7,7.575,7.745
Simplifying Fractions,Simplifying Fractions,https://www.youtube.com/watch?v=AtBUQH8Tkqc&t=67s,8:30,Beginner,9.0,7.695,8.289
Ordering Fractions,Fraction Ordering,https://youtu.be/76s8ZzK87rA?si=F0Z4GtJkicWyq5_A,14:40,Intermediate,7.9,8.118,7.499
Addition,Multi-Digit Addition,https://youtu.be/mAvuom42NyY?si=3Om627A44-sGimLU,6:28,Beginner,8.5,7.324,7.97
Multiplication,Master Long Multiplication,https://youtu.be/GKetIwxaenA?si=9tvgkeqmmfUZ80xX,6:25,Beginner,8.5,7.308,7.968
Division,Basic Division,https://youtu.be/KGMf314LUc0?si=jxaKi8tja1iw8LUl,9:57,Beginner,8.4,9.517,8.458
Division,Division Basics for Beginners,https://youtu.be/InIKW_tfhs4?si=i3EqqM2A_6JHTQYh,3:44,Intermediate,7.8,9.248,8.191
Fractions to Decimals,How to Convert Fractions to Decimals,https://www.youtube.com/watch?v=guBVW5PiHLs&list=PPSV,8:29,Beginner,9.1,7.581,8.16
Ordering Fractions,Fraction Ordering,https://youtu.be/76s8ZzK87rA?si=F0Z4GtJkicWyq5_A,14:40,Intermediate,7.9,8.232,7.373
Addition,Multi-Digit Addition,https://youtu.be/mAvuom42NyY?si=3Om627A44-sGimLU,6:28,Beginner,8.5,8.486,8.354
Comparing Fractions,Introduction to Comparing Fractions,https://www.youtube.com/watch?v=KNdUJQ_qd4U,6:30,Beginner,8.3,7.903,7.914
Simplifying Fractions,Reducing Fractions to Simplest Form,https://youtu.be/gVls1-gjIn0?si=vXNqJqUYBvTrC8xT,11:19,Advanced,8.5,7.45,7.579
Ordering Fractions,Introduction to Ordering Fractions,https://youtu.be/rL18ZMgCeKU?si=nixffH9YSe3hdGgm,12:04,Beginner,8.2,7.407,7.603
Fractions to Decimals,How to Convert Fractions to Decimals,https://www.youtube.com/watch?v=guBVW5PiHLs&list=PPSV,8:29,Beginner,9.1,9.275,8.795
Division,Basic Division,https://youtu.be/KGMf314LUc0?si=jxaKi8tja1iw8LUl,9:57,Beginner,8.4,7.587,7.972
Addition,Adding Large Numbers,https://youtu.be/T9asFgfN5bg?si=CI2z3n21hND5aFvQ,5:03,Intermediate,7.8,8.486,7.792
Comparing Fractions,Comparing Fractions with different Denominators,https://youtu.be/d6fCqzuWjbo?si=eVQb7MoRlFCtsvGj,10:11,Intermediate,8.6,8.833,8.255
Division,Basic Division,https://youtu.be/KGMf314LUc0?si=jxaKi8tja1iw8LUl,9:57,Beginner,8.4,9.626,8.583
Ordering Fractions,How to Order Fractions,https://www.youtube.com/watch?v=i2PfHDs88YE,6:33,Beginner,8.8,8.076,8.36
Fractions to Decimals,Convert any Fraction to a Decimal,https://youtu.be/do_IbHId2Os?si=WyTbHiTgY6AaEz_L,6:43,Beginner,8.4,8.681,8.216
Multiplication,Long Multiplication for Grade 7,https://www.youtube.com/watch?v=r85EMNbWMiE,21:00,Beginner,9.2,8.007,8.01
Multiplication,Multi-Digit Multiplication,https://youtu.be/dNSrfoYLQZU?si=fjPUGvSBAA5fmj_V,5:02,Advanced,8.3,9.187,8.162
Simplifying Fractions,Learn Fraction Simplification,https://youtu.be/IuB8yTJ0-hk?si=8-bnaKA-irwAua1m,6:20,Intermediate,8.0,9.139,8.31
Fractions to Decimals,Converting Fractions to Decimals,https://youtu.be/UtHGpx_yp4U?si=tVG8XzrdqWBZp_hs,7:54,Intermediate,8.7,8.705,8.391
Multiplication,Long Multiplication for Grade 7,https://www.youtube.com/watch?v=r85EMNbWMiE,21:00,Beginner,9.2,9.092,8.384
Addition,Adding Three Decimals,https://youtu.be/sQ1W919fgq8?si=V7TgnmmWgHYc_A5P,4:55,Beginner,8.2,9.252,8.587
Ordering Fractions,How to Order Fractions,https://www.youtube.com/watch?v=i2PfHDs88YE,6:33,Beginner,8.8,7.661,8.235
Addition,Add Numbers Faster,https://youtu.be/-x2yAOt_XFY?si=9WXX46kdbQDVhgO8,4:48,Advanced,8.8,8.747,8.328
Ordering Fractions,How to Order Fractions,https://www.youtube.com/watch?v=i2PfHDs88YE,6:33,Beginner,8.8,8.889,8.627
Fractions to Decimals,Convert any Fraction to a Decimal,https://youtu.be/do_IbHId2Os?si=WyTbHiTgY6AaEz_L,6:43,Beginner,8.4,9.75,8.674
Fractions to Decimals,How to Convert Fractions to Decimals,https://www.youtube.com/watch?v=guBVW5PiHLs&list=PPSV,8:29,Beginner,9.1,9.214,8.689
Ordering Fractions,Learn Ordering Fractions,https://youtu.be/QECYScPz4sA?si=qJW4l4BvbXma1lOP,10:15,Intermediate,8.5,8.375,8.006
Subtraction,Subtracting Whole Numbers,https://www.youtube.com/watch?v=z4bTlVxU9C0,8:40,Beginner,8.7,8.438,8.416
Simplifying Fractions,How to Simplify Fractions,https://youtu.be/R-FXE3g8GpU?si=TcmelTK3iD3Nzco1,16:06,Intermediate,8.7,9.428,8.374
Simplifying Fractions,Reducing Fractions to Simplest Form,https://youtu.be/gVls1-gjIn0?si=vXNqJqUYBvTrC8xT,11:19,Advanced,8.5,9.705,8.231
Division,Basic Division,https://youtu.be/KGMf314LUc0?si=jxaKi8tja1iw8LUl,9:57,Beginner,8.4,8.987,8.271
Ordering Fractions,Introduction to Ordering Fractions,https://youtu.be/rL18ZMgCeKU?si=nixffH9YSe3hdGgm,12:04,Beginner,8.2,9.623,8.276
Fractions to Decimals,How to Convert Fractions to Decimals,https://www.youtube.com/watch?v=guBVW5PiHLs&list=PPSV,8:29,Beginner,9.1,9.685,8.891
Ordering Fractions,Learn Ordering Fractions,https://youtu.be/QECYScPz4sA?si=qJW4l4BvbXma1lOP,10:15,Intermediate,8.5,8.555,8.1
Addition,Add Numbers Faster,https://youtu.be/-x2yAOt_XFY?si=9WXX46kdbQDVhgO8,4:48,Advanced,8.8,7.066,7.815
Multiplication,Long Multiplication for Grade 7,https://www.youtube.com/watch?v=r85EMNbWMiE,21:00,Beginner,9.2,8.19,8.194
Multiplication,Master Long Multiplication,https://youtu.be/GKetIwxaenA?si=9tvgkeqmmfUZ80xX,6:25,Beginner,8.5,7.497,8.108
Simplifying Fractions,How to Simplify Fractions,https://youtu.be/R-FXE3g8GpU?si=TcmelTK3iD3Nzco1,16:06,Intermediate,8.7,8.767,8.141
Simplifying Fractions,Introduction to Simplifying Fractions,https://youtu.be/k73w_yZb9SM?si=sIcPAuwAjD24B_pV,7:30,Beginner,8.4,9.927,8.548
Comparing Fractions,Introduction to Comparing Fractions,https://www.youtube.com/watch?v=KNdUJQ_qd4U,6:30,Beginner,8.3,7.968,7.966
Division,Long Division for Grade 7,https://www.youtube.com/watch?v=J15nbHRpSiQ,19:57,Beginner,9.0,7.436,7.855
Ordering Fractions,Fraction Ordering,https://youtu.be/76s8ZzK87rA?si=F0Z4GtJkicWyq5_A,14:40,Intermediate,7.9,9.127,7.766
Simplifying Fractions,Reducing Fractions to Simplest Form,https://youtu.be/gVls1-gjIn0?si=vXNqJqUYBvTrC8xT,11:19,Advanced,8.5,8.083,7.855
Fractions to Decimals,Convert any Fraction to a Decimal,https://youtu.be/do_IbHId2Os?si=WyTbHiTgY6AaEz_L,6:43,Beginner,8.4,7.634,8.24
Subtraction,Subtracting Large Numbers,https://youtu.be/HlxqCdDrbdc?si=1RAFlZfZuuD3LnjX,5:04,Intermediate,8.0,9.457,8.295
Simplifying Fractions,Introduction to Simplifying Fractions,https://youtu.be/k73w_yZb9SM?si=sIcPAuwAjD24B_pV,7:30,Beginner,8.4,9.993,8.81
Multiplication,Long Multiplication for Grade 7,https://www.youtube.com/watch?v=r85EMNbWMiE,21:00,Beginner,9.2,9.57,8.503
Subtraction,Subtracting Large Numbers,https://youtu.be/HlxqCdDrbdc?si=1RAFlZfZuuD3LnjX,5:04,Intermediate,8.0,9.004,8.297
Simplifying Fractions,Reducing Fractions to Simplest Form,https://youtu.be/gVls1-gjIn0?si=vXNqJqUYBvTrC8xT,11:19,Advanced,8.5,9.32,8.12
Division,Long Division with 2-Digit Divisors,https://youtu.be/HdU_rf7eMTI?si=Pr40TqBRgGXrpLxG,13:04,Intermediate,8.6,9.781,8.36
Multiplication,Understanding Multiplication,https://youtu.be/_PyA3CJ-V98?si=mTi02JfyOo0ydPLR,13:18,Intermediate,8.8,9.022,8.336
Simplifying Fractions,Introduction to Simplifying Fractions,https://youtu.be/k73w_yZb9SM?si=sIcPAuwAjD24B_pV,7:30,Beginner,8.4,8.416,8.135
Fractions to Decimals,How to Convert Fractions to Decimals,https://www.youtube.com/watch?v=guBVW5PiHLs&list=PPSV,8:29,Beginner,9.1,7.489,8.097
Simplifying Fractions,Simplifying Fractions,https://www.youtube.com/watch?v=AtBUQH8Tkqc&t=67s,8:30,Beginner,9.0,7.748,8.073
Subtraction,Subtracting Whole Numbers,https://www.youtube.com/watch?v=z4bTlVxU9C0,8:40,Beginner,8.7,8.633,8.33
Simplifying Fractions,How to Simplify Fractions,https://youtu.be/R-FXE3g8GpU?si=TcmelTK3iD3Nzco1,16:06,Intermediate,8.7,7.73,7.86
Ordering Fractions,Mastering Fractions,https://youtu.be/XvjQcHbUNNw?si=Xyv5SPufpJclBZIf,8:00,Advanced,8.7,8.087,7.932
Subtraction,Subtracting Whole Numbers,https://www.youtube.com/watch?v=z4bTlVxU9C0,8:40,Beginner,8.7,8.346,8.33
Fractions to Decimals,Introduction to Fractions to Decimals,https://youtu.be/pDs4a4ijqh0?si=ktPINIYpIFYNILOV,8:00,Intermediate,8.0,8.309,7.679
Division,Long Division for Grade 7,https://www.youtube.com/watch?v=J15nbHRpSiQ,19:57,Beginner,9.0,9.498,8.38
Simplifying Fractions,Simplifying Fractions,https://www.youtube.com/watch?v=AtBUQH8Tkqc&t=67s,8:30,Beginner,9.0,8.25,8.337
Ordering Fractions,Learn Ordering Fractions,https://youtu.be/QECYScPz4sA?si=qJW4l4BvbXma1lOP,10:15,Intermediate,8.5,9.228,8.381
Comparing Fractions,Introduction to Comparing Fractions,https://www.youtube.com/watch?v=KNdUJQ_qd4U,6:30,Beginner,8.3,8.277,8.172
Addition,Add Numbers Faster,https://youtu.be/-x2yAOt_XFY?si=9WXX46kdbQDVhgO8,4:48,Advanced,8.8,9.796,8.717
Addition,Multi-Digit Addition,https://youtu.be/mAvuom42NyY?si=3Om627A44-sGimLU,6:28,Beginner,8.5,9.325,8.582
Simplifying Fractions,Reducing Fractions to Simplest Form,https://youtu.be/gVls1-gjIn0?si=vXNqJqUYBvTrC8xT,11:19,Advanced,8.5,8.661,7.974
Multiplication,Long Multiplication for Grade 7,https://www.youtube.com/watch?v=r85EMNbWMiE,21:00,Beginner,9.2,9.263,8.358
Simplifying Fractions,Introduction to Simplifying Fractions,https://youtu.be/k73w_yZb9SM?si=sIcPAuwAjD24B_pV,7:30,Beginner,8.4,9.981,8.678
Subtraction,Subtracting Large Numbers,https://youtu.be/HlxqCdDrbdc?si=1RAFlZfZuuD3LnjX,5:04,Intermediate,8.0,7.72,7.64
Fractions to Decimals,Converting Fractions to Decimals,https://youtu.be/UtHGpx_yp4U?si=tVG8XzrdqWBZp_hs,7:54,Intermediate,8.7,8.236,8.177
Fractions to Decimals,Mastering Fractions to Decimals,https://youtu.be/Mpv7AzOUOqg?si=dMjxnFwXU98D4MpH,9:06,Advanced,8.5,8.529,8.071
Simplifying Fractions,Learn Fraction Simplification,https://youtu.be/IuB8yTJ0-hk?si=8-bnaKA-irwAua1m,6:20,Intermediate,8.0,9.787,8.34
Fractions to Decimals,How to Convert Fractions to Decimals,https://www.youtube.com/watch?v=guBVW5PiHLs&list=PPSV,8:29,Beginner,9.1,7.854,8.459
Division,Division Basics for Beginners,https://youtu.be/InIKW_tfhs4?si=i3EqqM2A_6JHTQYh,3:44,Intermediate,7.8,8.206,7.924
Comparing Fractions,Comparing Like Fractions,https://youtu.be/H3N5To5fO5U?si=Y3IFqQaqTK2GalSa,4:45,Intermediate,7.8,8.941,8.238
Subtraction,Multi-Digit Subtraction,https://youtu.be/Y6M89-6106I?si=6dT-roRnqAH6OHdl,6:56,Beginner,8.3,9.244,8.642
Addition,Decimal Arithmetic,https://www.youtube.com/watch?v=kwh4SD1ToFc,12:14,Intermediate,9.0,8.093,8.095
Division,Basic Division,https://youtu.be/KGMf314LUc0?si=jxaKi8tja1iw8LUl,9:57,Beginner,8.4,9.638,8.575
Division,Basic Division,https://youtu.be/KGMf314LUc0?si=jxaKi8tja1iw8LUl,9:57,Beginner,8.4,8.15,8.006
Subtraction,Subtracting Large Numbers,https://youtu.be/HlxqCdDrbdc?si=1RAFlZfZuuD3LnjX,5:04,Intermediate,8.0,7.562,7.699
Subtraction,Multi-Digit Subtraction,https://youtu.be/Y6M89-6106I?si=6dT-roRnqAH6OHdl,6:56,Beginner,8.3,7.974,8.133
Simplifying Fractions,Introduction to Simplifying Fractions,https://youtu.be/k73w_yZb9SM?si=sIcPAuwAjD24B_pV,7:30,Beginner,8.4,9.814,8.552
Subtraction,Subtracting Large Numbers,https://youtu.be/HlxqCdDrbdc?si=1RAFlZfZuuD3LnjX,5:04,Intermediate,8.0,8.863,8.078
Ordering Fractions,How to Order Fractions,https://www.youtube.com/watch?v=i2PfHDs88YE,6:33,Beginner,8.8,7.491,8.017
Addition,Adding Three Decimals,https://youtu.be/sQ1W919fgq8?si=V7TgnmmWgHYc_A5P,4:55,Beginner,8.2,8.726,8.124
Addition,Adding Three Decimals,https://youtu.be/sQ1W919fgq8?si=V7TgnmmWgHYc_A5P,4:55,Beginner,8.2,7.043,7.723
Multiplication,Understanding Multiplication,https://youtu.be/_PyA3CJ-V98?si=mTi02JfyOo0ydPLR,13:18,Intermediate,8.8,7.247,7.739
Addition,Adding Large Numbers,https://youtu.be/T9asFgfN5bg?si=CI2z3n21hND5aFvQ,5:03,Intermediate,7.8,8.264,7.848
Ordering Fractions,How to Order Fractions,https://www.youtube.com/watch?v=i2PfHDs88YE,6:33,Beginner,8.8,8.599,8.58
Comparing Fractions,Comparing Like Fractions,https://youtu.be/H3N5To5fO5U?si=Y3IFqQaqTK2GalSa,4:45,Intermediate,7.8,8.191,7.747
Simplifying Fractions,Learn Fraction Simplification,https://youtu.be/IuB8yTJ0-hk?si=8-bnaKA-irwAua1m,6:20,Intermediate,8.0,9.576,8.433
Multiplication,Long Multiplication for Grade 7,https://www.youtube.com/watch?v=r85EMNbWMiE,21:00,Beginner,9.2,9.4,8.561
Fractions to Decimals,How to Convert Fractions to Decimals,https://www.youtube.com/watch?v=guBVW5PiHLs&list=PPSV,8:29,Beginner,9.1,9.741,9.031
Subtraction,Smart Subtraction,https://youtu.be/3fYgZgbOJmM?si=0Xq66JMU0XrVlOsn,13:38,Intermediate,7.9,9.286,8.08
Simplifying Fractions,Introduction to Simplifying Fractions,https://youtu.be/k73w_yZb9SM?si=sIcPAuwAjD24B_pV,7:30,Beginner,8.4,8.345,8.069
Comparing Fractions,Comparing Fractions with different Denominators,https://youtu.be/d6fCqzuWjbo?si=eVQb7MoRlFCtsvGj,10:11,Intermediate,8.6,9.404,8.596
Fractions to Decimals,Converting Fractions to Decimals,https://youtu.be/UtHGpx_yp4U?si=tVG8XzrdqWBZp_hs,7:54,Intermediate,8.7,9.094,8.54
Multiplication,Long Multiplication for Grade 7,https://www.youtube.com/watch?v=r85EMNbWMiE,21:00,Beginner,9.2,7.976,8.154
Comparing Fractions,Comparing Like Fractions,https://youtu.be/H3N5To5fO5U?si=Y3IFqQaqTK2GalSa,4:45,Intermediate,7.8,9.208,8.318
Simplifying Fractions,How to Simplify Fractions,https://youtu.be/R-FXE3g8GpU?si=TcmelTK3iD3Nzco1,16:06,Intermediate,8.7,9.625,8.42
Fractions to Decimals,Mastering Fractions to Decimals,https://youtu.be/Mpv7AzOUOqg?si=dMjxnFwXU98D4MpH,9:06,Advanced,8.5,8.31,8.062
Simplifying Fractions,Introduction to Simplifying Fractions,https://youtu.be/k73w_yZb9SM?si=sIcPAuwAjD24B_pV,7:30,Beginner,8.4,9.713,8.678
Comparing Fractions,Comparing Like Fractions,https://youtu.be/H3N5To5fO5U?si=Y3IFqQaqTK2GalSa,4:45,Intermediate,7.8,8.206,7.873
Fractions to Decimals,Convert any Fraction to a Decimal,https://youtu.be/do_IbHId2Os?si=WyTbHiTgY6AaEz_L,6:43,Beginner,8.4,7.004,7.973
Fractions to Decimals,Convert any Fraction to a Decimal,https://youtu.be/do_IbHId2Os?si=WyTbHiTgY6AaEz_L,6:43,Beginner,8.4,8.181,8.219
Simplifying Fractions,Introduction to Simplifying Fractions,https://youtu.be/k73w_yZb9SM?si=sIcPAuwAjD24B_pV,7:30,Beginner,8.4,8.943,8.476
Fractions to Decimals,How to Convert Fractions to Decimals,https://www.youtube.com/watch?v=guBVW5PiHLs&list=PPSV,8:29,Beginner,9.1,8.328,8.472
Addition,Decimal Arithmetic,https://www.youtube.com/watch?v=kwh4SD1ToFc,12:14,Intermediate,9.0,8.761,8.395
Multiplication,Multi-Digit Multiplication,https://youtu.be/dNSrfoYLQZU?si=fjPUGvSBAA5fmj_V,5:02,Advanced,8.3,8.206,8.001
Division,Smart Long Division,https://youtu.be/HJYHNxS64f0?si=PJiPytkuwiCJhiuV,14:40,Advanced,8.9,9.786,8.406
Division,Basic Division,https://youtu.be/KGMf314LUc0?si=jxaKi8tja1iw8LUl,9:57,Beginner,8.4,7.936,8.003
Division,Basic Division,https://youtu.be/KGMf314LUc0?si=jxaKi8tja1iw8LUl,9:57,Beginner,8.4,7.907,7.963
Multiplication,Multi-Digit Multiplication,https://youtu.be/dNSrfoYLQZU?si=fjPUGvSBAA5fmj_V,5:02,Advanced,8.3,9.597,8.623
Simplifying Fractions,How to Simplify Fractions,https://youtu.be/R-FXE3g8GpU?si=TcmelTK3iD3Nzco1,16:06,Intermediate,8.7,7.742,7.812
Addition,Decimal Arithmetic,https://www.youtube.com/watch?v=kwh4SD1ToFc,12:14,Intermediate,9.0,7.866,8.009
Subtraction,Multi-Digit Subtraction,https://youtu.be/Y6M89-6106I?si=6dT-roRnqAH6OHdl,6:56,Beginner,8.3,9.041,8.116
Ordering Fractions,Mastering Fractions,https://youtu.be/XvjQcHbUNNw?si=Xyv5SPufpJclBZIf,8:00,Advanced,8.7,9.953,8.495
Simplifying Fractions,How to Simplify Fractions,https://youtu.be/R-FXE3g8GpU?si=TcmelTK3iD3Nzco1,16:06,Intermediate,8.7,7.63,7.715
Fractions to Decimals,Converting Fractions to Decimals,https://youtu.be/UtHGpx_yp4U?si=tVG8XzrdqWBZp_hs,7:54,Intermediate,8.7,9.663,8.853
Subtraction,Introduction to Subtraction,https://youtu.be/r3qKojj4g4g?si=-XA75LAElZS8jQOy,10:42,Advanced,8.6,8.898,8.067
Simplifying Fractions,Simplifying Fractions,https://www.youtube.com/watch?v=AtBUQH8Tkqc&t=67s,8:30,Beginner,9.0,7.195,8.042
Fractions to Decimals,Introduction to Fractions to Decimals,https://youtu.be/pDs4a4ijqh0?si=ktPINIYpIFYNILOV,8:00,Intermediate,8.0,8.33,7.899
Simplifying Fractions,Reducing Fractions to Simplest Form,https://youtu.be/gVls1-gjIn0?si=vXNqJqUYBvTrC8xT,11:19,Advanced,8.5,7.9,7.646
Division,Division Basics for Beginners,https://youtu.be/InIKW_tfhs4?si=i3EqqM2A_6JHTQYh,3:44,Intermediate,7.8,7.149,7.271
Fractions to Decimals,Converting Fractions to Decimals,https://youtu.be/UtHGpx_yp4U?si=tVG8XzrdqWBZp_hs,7:54,Intermediate,8.7,8.026,8.063
Division,Division Basics for Beginners,https://youtu.be/InIKW_tfhs4?si=i3EqqM2A_6JHTQYh,3:44,Intermediate,7.8,9.416,8.202
Division,Long Division for Grade 7,https://www.youtube.com/watch?v=J15nbHRpSiQ,19:57,Beginner,9.0,8.232,8.213
Multiplication,Master Long Multiplication,https://youtu.be/GKetIwxaenA?si=9tvgkeqmmfUZ80xX,6:25,Beginner,8.5,7.484,8.051
Subtraction,Multi-Digit Subtraction,https://youtu.be/Y6M89-6106I?si=6dT-roRnqAH6OHdl,6:56,Beginner,8.3,8.146,8.032
Subtraction,Multi-Digit Subtraction,https://youtu.be/Y6M89-6106I?si=6dT-roRnqAH6OHdl,6:56,Beginner,8.3,8.806,8.232
Fractions to Decimals,Mastering Fractions to Decimals,https://youtu.be/Mpv7AzOUOqg?si=dMjxnFwXU98D4MpH,9:06,Advanced,8.5,8.325,7.967
Comparing Fractions,Introduction to Comparing Fractions,https://www.youtube.com/watch?v=KNdUJQ_qd4U,6:30,Beginner,8.3,7.794,8.136
Addition,Multi-Digit Addition,https://youtu.be/mAvuom42NyY?si=3Om627A44-sGimLU,6:28,Beginner,8.5,9.446,8.615
Ordering Fractions,Fraction Ordering,https://youtu.be/76s8ZzK87rA?si=F0Z4GtJkicWyq5_A,14:40,Intermediate,7.9,7.697,7.475
Fractions to Decimals,Convert any Fraction to a Decimal,https://youtu.be/do_IbHId2Os?si=WyTbHiTgY6AaEz_L,6:43,Beginner,8.4,8.828,8.367
Division,Long Division for Grade 7,https://www.youtube.com/watch?v=J15nbHRpSiQ,19:57,Beginner,9.0,8.229,8.088
Fractions to Decimals,Mastering Fractions to Decimals,https://youtu.be/Mpv7AzOUOqg?si=dMjxnFwXU98D4MpH,9:06,Advanced,8.5,9.887,8.501
Simplifying Fractions,How to Simplify Fractions,https://youtu.be/R-FXE3g8GpU?si=TcmelTK3iD3Nzco1,16:06,Intermediate,8.7,9.863,8.434
Subtraction,Subtracting Large Numbers,https://youtu.be/HlxqCdDrbdc?si=1RAFlZfZuuD3LnjX,5:04,Intermediate,8.0,7.776,7.873
Multiplication,Box Method Multiplication,https://youtu.be/n3q3XzzIGSY?si=goczDT3wCWGEkSvm,7:19,Intermediate,8.0,8.971,8.045
Fractions to Decimals,Convert any Fraction to a Decimal,https://youtu.be/do_IbHId2Os?si=WyTbHiTgY6AaEz_L,6:43,Beginner,8.4,7.36,7.797
Division,Division Basics for Beginners,https://youtu.be/InIKW_tfhs4?si=i3EqqM2A_6JHTQYh,3:44,Intermediate,7.8,7.205,7.577
Subtraction,Introduction to Subtraction,https://youtu.be/r3qKojj4g4g?si=-XA75LAElZS8jQOy,10:42,Advanced,8.6,9.061,8.216
Subtraction,Subtracting Large Numbers,https://youtu.be/HlxqCdDrbdc?si=1RAFlZfZuuD3LnjX,5:04,Intermediate,8.0,9.38,8.247
Ordering Fractions,How to Order Fractions,https://www.youtube.com/watch?v=i2PfHDs88YE,6:33,Beginner,8.8,8.76,8.552
Addition,Adding Three Decimals,https://youtu.be/sQ1W919fgq8?si=V7TgnmmWgHYc_A5P,4:55,Beginner,8.2,7.489,7.762
Ordering Fractions,Mastering Fractions,https://youtu.be/XvjQcHbUNNw?si=Xyv5SPufpJclBZIf,8:00,Advanced,8.7,8.308,8.081
Fractions to Decimals,How to Convert Fractions to Decimals,https://www.youtube.com/watch?v=guBVW5PiHLs&list=PPSV,8:29,Beginner,9.1,7.149,7.892
Multiplication,Master Long Multiplication,https://youtu.be/GKetIwxaenA?si=9tvgkeqmmfUZ80xX,6:25,Beginner,8.5,8.817,8.459
Ordering Fractions,Introduction to Ordering Fractions,https://youtu.be/rL18ZMgCeKU?si=nixffH9YSe3hdGgm,12:04,Beginner,8.2,7.189,7.452
Subtraction,Multi-Digit Subtraction,https://youtu.be/Y6M89-6106I?si=6dT-roRnqAH6OHdl,6:56,Beginner,8.3,7.494,7.78
Simplifying Fractions,How to Simplify Fractions,https://youtu.be/R-FXE3g8GpU?si=TcmelTK3iD3Nzco1,16:06,Intermediate,8.7,9.648,8.183
Ordering Fractions,Mastering Fractions,https://youtu.be/XvjQcHbUNNw?si=Xyv5SPufpJclBZIf,8:00,Advanced,8.7,8.938,8.287
Fractions to Decimals,Converting Fractions to Decimals,https://youtu.be/UtHGpx_yp4U?si=tVG8XzrdqWBZp_hs,7:54,Intermediate,8.7,7.701,8.021
Fractions to Decimals,How to Convert Fractions to Decimals,https://www.youtube.com/watch?v=guBVW5PiHLs&list=PPSV,8:29,Beginner,9.1,7.702,8.278
Addition,Decimal Arithmetic,https://www.youtube.com/watch?v=kwh4SD1ToFc,12:14,Intermediate,9.0,7.345,7.855
Simplifying Fractions,Reducing Fractions to Simplest Form,https://youtu.be/gVls1-gjIn0?si=vXNqJqUYBvTrC8xT,11:19,Advanced,8.5,9.836,8.371
Addition,Adding Large Numbers,https://youtu.be/T9asFgfN5bg?si=CI2z3n21hND5aFvQ,5:03,Intermediate,7.8,9.214,8.395
Simplifying Fractions,Simplifying Fractions,https://www.youtube.com/watch?v=AtBUQH8Tkqc&t=67s,8:30,Beginner,9.0,8.412,8.461
Division,Long Division with 2-Digit Divisors,https://youtu.be/HdU_rf7eMTI?si=Pr40TqBRgGXrpLxG,13:04,Intermediate,8.6,9.34,8.236
Ordering Fractions,Introduction to Ordering Fractions,https://youtu.be/rL18ZMgCeKU?si=nixffH9YSe3hdGgm,12:04,Beginner,8.2,7.764,7.777
Division,Basic Division,https://youtu.be/KGMf314LUc0?si=jxaKi8tja1iw8LUl,9:57,Beginner,8.4,8.072,7.97
Fractions to Decimals,Converting Fractions to Decimals,https://youtu.be/UtHGpx_yp4U?si=tVG8XzrdqWBZp_hs,7:54,Intermediate,8.7,7.494,7.943
Subtraction,Subtracting Whole Numbers,https://www.youtube.com/watch?v=z4bTlVxU9C0,8:40,Beginner,8.7,8.76,8.45
Subtraction,Subtracting Large Numbers,https://youtu.be/HlxqCdDrbdc?si=1RAFlZfZuuD3LnjX,5:04,Intermediate,8.0,8.733,8.089
Simplifying Fractions,Simplifying Fractions,https://www.youtube.com/watch?v=AtBUQH8Tkqc&t=67s,8:30,Beginner,9.0,9.682,8.85
Comparing Fractions,Mastering Comparing Fractions,https://youtu.be/PEqV48jMeXw?si=55QJueBjYIoAgbk0,11:09,Advanced,8.7,9.036,8.356
Division,Long Division with 2-Digit Divisors,https://youtu.be/HdU_rf7eMTI?si=Pr40TqBRgGXrpLxG,13:04,Intermediate,8.6,7.25,7.797
Subtraction,Subtracting Large Numbers,https://youtu.be/HlxqCdDrbdc?si=1RAFlZfZuuD3LnjX,5:04,Intermediate,8.0,9.158,8.048
Fractions to Decimals,How to Convert Fractions to Decimals,https://www.youtube.com/watch?v=guBVW5PiHLs&list=PPSV,8:29,Beginner,9.1,9.663,8.772
Multiplication,Multi-Digit Multiplication,https://youtu.be/dNSrfoYLQZU?si=fjPUGvSBAA5fmj_V,5:02,Advanced,8.3,8.282,8.05
Simplifying Fractions,Introduction to Simplifying Fractions,https://youtu.be/k73w_yZb9SM?si=sIcPAuwAjD24B_pV,7:30,Beginner,8.4,8.099,8.278
Addition,Decimal Arithmetic,https://www.youtube.com/watch?v=kwh4SD1ToFc,12:14,Intermediate,9.0,8.535,8.517
Ordering Fractions,How to Order Fractions,https://www.youtube.com/watch?v=i2PfHDs88YE,6:33,Beginner,8.8,9.786,8.79
Multiplication,Master Long Multiplication,https://youtu.be/GKetIwxaenA?si=9tvgkeqmmfUZ80xX,6:25,Beginner,8.5,9.486,8.809
Multiplication,Box Method Multiplication,https://youtu.be/n3q3XzzIGSY?si=goczDT3wCWGEkSvm,7:19,Intermediate,8.0,7.356,7.501
Subtraction,Smart Subtraction,https://youtu.be/3fYgZgbOJmM?si=0Xq66JMU0XrVlOsn,13:38,Intermediate,7.9,9.892,8.176
Ordering Fractions,How to Order Fractions,https://www.youtube.com/watch?v=i2PfHDs88YE,6:33,Beginner,8.8,8.296,8.431
Addition,Decimal Arithmetic,https://www.youtube.com/watch?v=kwh4SD1ToFc,12:14,Intermediate,9.0,8.01,8.064
Fractions to Decimals,Mastering Fractions to Decimals,https://youtu.be/Mpv7AzOUOqg?si=dMjxnFwXU98D4MpH,9:06,Advanced,8.5,9.575,8.455
Addition,Adding Three Decimals,https://youtu.be/sQ1W919fgq8?si=V7TgnmmWgHYc_A5P,4:55,Beginner,8.2,8.549,8.195
Subtraction,Subtracting Whole Numbers,https://www.youtube.com/watch?v=z4bTlVxU9C0,8:40,Beginner,8.7,9.211,8.526
Fractions to Decimals,Converting Fractions to Decimals,https://youtu.be/UtHGpx_yp4U?si=tVG8XzrdqWBZp_hs,7:54,Intermediate,8.7,8.263,8.064
Subtraction,Smart Subtraction,https://youtu.be/3fYgZgbOJmM?si=0Xq66JMU0XrVlOsn,13:38,Intermediate,7.9,9.621,8.246
Subtraction,Multi-Digit Subtraction,https://youtu.be/Y6M89-6106I?si=6dT-roRnqAH6OHdl,6:56,Beginner,8.3,7.13,7.704
Subtraction,Subtracting Large Numbers,https://youtu.be/HlxqCdDrbdc?si=1RAFlZfZuuD3LnjX,5:04,Intermediate,8.0,7.831,7.815
Simplifying Fractions,How to Simplify Fractions,https://youtu.be/R-FXE3g8GpU?si=TcmelTK3iD3Nzco1,16:06,Intermediate,8.7,8.987,8.219
Multiplication,Master Long Multiplication,https://youtu.be/GKetIwxaenA?si=9tvgkeqmmfUZ80xX,6:25,Beginner,8.5,8.168,8.128
Comparing Fractions,Introduction to Comparing Fractions,https://www.youtube.com/watch?v=KNdUJQ_qd4U,6:30,Beginner,8.3,8.776,8.492
Division,Division Basics for Beginners,https://youtu.be/InIKW_tfhs4?si=i3EqqM2A_6JHTQYh,3:44,Intermediate,7.8,9.535,8.251
Ordering Fractions,Introduction to Ordering Fractions,https://youtu.be/rL18ZMgCeKU?si=nixffH9YSe3hdGgm,12:04,Beginner,8.2,9.508,8.167
Subtraction,Subtracting Whole Numbers,https://www.youtube.com/watch?v=z4bTlVxU9C0,8:40,Beginner,8.7,7.543,7.978
Subtraction,Smart Subtraction,https://youtu.be/3fYgZgbOJmM?si=0Xq66JMU0XrVlOsn,13:38,Intermediate,7.9,8.114,7.777
Addition,Multi-Digit Addition,https://youtu.be/mAvuom42NyY?si=3Om627A44-sGimLU,6:28,Beginner,8.5,7.748,8.076
Addition,Decimal Arithmetic,https://www.youtube.com/watch?v=kwh4SD1ToFc,12:14,Intermediate,9.0,7.851,8.12
Division,Division Basics for Beginners,https://youtu.be/InIKW_tfhs4?si=i3EqqM2A_6JHTQYh,3:44,Intermediate,7.8,7.545,7.703
Simplifying Fractions,How to Simplify Fractions,https://youtu.be/R-FXE3g8GpU?si=TcmelTK3iD3Nzco1,16:06,Intermediate,8.7,9.081,8.048
Division,Long Division for Grade 7,https://www.youtube.com/watch?v=J15nbHRpSiQ,19:57,Beginner,9.0,8.798,8.147
Fractions to Decimals,Introduction to Fractions to Decimals,https://youtu.be/pDs4a4ijqh0?si=ktPINIYpIFYNILOV,8:00,Intermediate,8.0,8.322,7.824
Simplifying Fractions,Learn Fraction Simplification,https://youtu.be/IuB8yTJ0-hk?si=8-bnaKA-irwAua1m,6:20,Intermediate,8.0,9.999,8.356
Subtraction,Introduction to Subtraction,https://youtu.be/r3qKojj4g4g?si=-XA75LAElZS8jQOy,10:42,Advanced,8.6,8.392,7.791
Division,Long Division for Grade 7,https://www.youtube.com/watch?v=J15nbHRpSiQ,19:57,Beginner,9.0,9.347,8.422
Addition,Multi-Digit Addition,https://youtu.be/mAvuom42NyY?si=3Om627A44-sGimLU,6:28,Beginner,8.5,9.317,8.679
Simplifying Fractions,Learn Fraction Simplification,https://youtu.be/IuB8yTJ0-hk?si=8-bnaKA-irwAua1m,6:20,Intermediate,8.0,8.774,8.102
Comparing Fractions,Comparing Fractions with different Denominators,https://youtu.be/d6fCqzuWjbo?si=eVQb7MoRlFCtsvGj,10:11,Intermediate,8.6,7.868,7.79
Comparing Fractions,Comparing Like Fractions,https://youtu.be/H3N5To5fO5U?si=Y3IFqQaqTK2GalSa,4:45,Intermediate,7.8,7.321,7.519
Subtraction,Multi-Digit Subtraction,https://youtu.be/Y6M89-6106I?si=6dT-roRnqAH6OHdl,6:56,Beginner,8.3,9.448,8.573
Subtraction,Subtracting Large Numbers,https://youtu.be/HlxqCdDrbdc?si=1RAFlZfZuuD3LnjX,5:04,Intermediate,8.0,7.497,7.608
Simplifying Fractions,How to Simplify Fractions,https://youtu.be/R-FXE3g8GpU?si=TcmelTK3iD3Nzco1,16:06,Intermediate,8.7,7.462,7.712
Subtraction,Subtracting Large Numbers,https://youtu.be/HlxqCdDrbdc?si=1RAFlZfZuuD3LnjX,5:04,Intermediate,8.0,7.187,7.363
Ordering Fractions,Introduction to Ordering Fractions,https://youtu.be/rL18ZMgCeKU?si=nixffH9YSe3hdGgm,12:04,Beginner,8.2,8.685,7.954
Fractions to Decimals,Introduction to Fractions to Decimals,https://youtu.be/pDs4a4ijqh0?si=ktPINIYpIFYNILOV,8:00,Intermediate,8.0,8.499,7.96
Division,Smart Long Division,https://youtu.be/HJYHNxS64f0?si=PJiPytkuwiCJhiuV,14:40,Advanced,8.9,8.939,8.247
Simplifying Fractions,Introduction to Simplifying Fractions,https://youtu.be/k73w_yZb9SM?si=sIcPAuwAjD24B_pV,7:30,Beginner,8.4,7.861,8.14
Simplifying Fractions,Reducing Fractions to Simplest Form,https://youtu.be/gVls1-gjIn0?si=vXNqJqUYBvTrC8xT,11:19,Advanced,8.5,9.746,8.342
Comparing Fractions,Comparing Fractions with different Denominators,https://youtu.be/d6fCqzuWjbo?si=eVQb7MoRlFCtsvGj,10:11,Intermediate,8.6,9.707,8.518
Simplifying Fractions,Introduction to Simplifying Fractions,https://youtu.be/k73w_yZb9SM?si=sIcPAuwAjD24B_pV,7:30,Beginner,8.4,8.803,8.421
Addition,Adding Large Numbers,https://youtu.be/T9asFgfN5bg?si=CI2z3n21hND5aFvQ,5:03,Intermediate,7.8,9.016,8.108
Comparing Fractions,Introduction to Comparing Fractions,https://www.youtube.com/watch?v=KNdUJQ_qd4U,6:30,Beginner,8.3,8.763,8.327
Comparing Fractions,Mastering Comparing Fractions,https://youtu.be/PEqV48jMeXw?si=55QJueBjYIoAgbk0,11:09,Advanced,8.7,7.268,7.443
Simplifying Fractions,Introduction to Simplifying Fractions,https://youtu.be/k73w_yZb9SM?si=sIcPAuwAjD24B_pV,7:30,Beginner,8.4,8.111,8.132
Addition,Add Numbers Faster,https://youtu.be/-x2yAOt_XFY?si=9WXX46kdbQDVhgO8,4:48,Advanced,8.8,8.106,8.129
Division,Long Division with 2-Digit Divisors,https://youtu.be/HdU_rf7eMTI?si=Pr40TqBRgGXrpLxG,13:04,Intermediate,8.6,7.504,7.802
Simplifying Fractions,How to Simplify Fractions,https://youtu.be/R-FXE3g8GpU?si=TcmelTK3iD3Nzco1,16:06,Intermediate,8.7,7.214,7.42
Comparing Fractions,Comparing Fractions,https://www.youtube.com/watch?v=u_QTuWj107o,7:42,Beginner,8.9,7.754,8.406
Subtraction,Subtracting Large Numbers,https://youtu.be/HlxqCdDrbdc?si=1RAFlZfZuuD3LnjX,5:04,Intermediate,8.0,7.422,7.692
Fractions to Decimals,Mastering Fractions to Decimals,https://youtu.be/Mpv7AzOUOqg?si=dMjxnFwXU98D4MpH,9:06,Advanced,8.5,9.411,8.187
Simplifying Fractions,How to Simplify Fractions,https://youtu.be/R-FXE3g8GpU?si=TcmelTK3iD3Nzco1,16:06,Intermediate,8.7,8.694,8.136
Division,Long Division with 2-Digit Divisors,https://youtu.be/HdU_rf7eMTI?si=Pr40TqBRgGXrpLxG,13:04,Intermediate,8.6,9.091,8.178
Fractions to Decimals,Introduction to Fractions to Decimals,https://youtu.be/pDs4a4ijqh0?si=ktPINIYpIFYNILOV,8:00,Intermediate,8.0,8.895,7.959
Addition,Adding Three Decimals,https://youtu.be/sQ1W919fgq8?si=V7TgnmmWgHYc_A5P,4:55,Beginner,8.2,7.846,7.991
Fractions to Decimals,How to Convert Fractions to Decimals,https://www.youtube.com/watch?v=guBVW5PiHLs&list=PPSV,8:29,Beginner,9.1,8.291,8.535
Multiplication,Long Multiplication for Grade 7,https://www.youtube.com/watch?v=r85EMNbWMiE,21:00,Beginner,9.2,9.483,8.488
Ordering Fractions,Mastering Fractions,https://youtu.be/XvjQcHbUNNw?si=Xyv5SPufpJclBZIf,8:00,Advanced,8.7,7.616,7.761
Fractions to Decimals,Introduction to Fractions to Decimals,https://youtu.be/pDs4a4ijqh0?si=ktPINIYpIFYNILOV,8:00,Intermediate,8.0,9.801,8.349
Ordering Fractions,Introduction to Ordering Fractions,https://youtu.be/rL18ZMgCeKU?si=nixffH9YSe3hdGgm,12:04,Beginner,8.2,9.718,8.42
Comparing Fractions,Comparing Fractions with different Denominators,https://youtu.be/d6fCqzuWjbo?si=eVQb7MoRlFCtsvGj,10:11,Intermediate,8.6,9.061,8.365
Multiplication,Multi-Digit Multiplication,https://youtu.be/dNSrfoYLQZU?si=fjPUGvSBAA5fmj_V,5:02,Advanced,8.3,8.731,8.29
Simplifying Fractions,Simplifying Fractions,https://www.youtube.com/watch?v=AtBUQH8Tkqc&t=67s,8:30,Beginner,9.0,8.88,8.469
Ordering Fractions,Learn Ordering Fractions,https://youtu.be/QECYScPz4sA?si=qJW4l4BvbXma1lOP,10:15,Intermediate,8.5,7.097,7.659
Ordering Fractions,Mastering Fractions,https://youtu.be/XvjQcHbUNNw?si=Xyv5SPufpJclBZIf,8:00,Advanced,8.7,9.189,8.398
Subtraction,Introduction to Subtraction,https://youtu.be/r3qKojj4g4g?si=-XA75LAElZS8jQOy,10:42,Advanced,8.6,9.898,8.352
Multiplication,Box Method Multiplication,https://youtu.be/n3q3XzzIGSY?si=goczDT3wCWGEkSvm,7:19,Intermediate,8.0,8.704,8.133
Fractions to Decimals,Converting Fractions to Decimals,https://youtu.be/UtHGpx_yp4U?si=tVG8XzrdqWBZp_hs,7:54,Intermediate,8.7,7.025,7.758
Fractions to Decimals,Converting Fractions to Decimals,https://youtu.be/UtHGpx_yp4U?si=tVG8XzrdqWBZp_hs,7:54,Intermediate,8.7,7.17,7.893
Ordering Fractions,Learn Ordering Fractions,https://youtu.be/QECYScPz4sA?si=qJW4l4BvbXma1lOP,10:15,Intermediate,8.5,9.67,8.509
Multiplication,Multi-Digit Multiplication,https://youtu.be/dNSrfoYLQZU?si=fjPUGvSBAA5fmj_V,5:02,Advanced,8.3,8.22,8.073
Comparing Fractions,Comparing Fractions,https://www.youtube.com/watch?v=u_QTuWj107o,7:42,Beginner,8.9,7.757,8.298
Fractions to Decimals,Convert any Fraction to a Decimal,https://youtu.be/do_IbHId2Os?si=WyTbHiTgY6AaEz_L,6:43,Beginner,8.4,7.576,7.859
Fractions to Decimals,Convert any Fraction to a Decimal,https://youtu.be/do_IbHId2Os?si=WyTbHiTgY6AaEz_L,6:43,Beginner,8.4,9.971,8.862
Fractions to Decimals,Introduction to Fractions to Decimals,https://youtu.be/pDs4a4ijqh0?si=ktPINIYpIFYNILOV,8:00,Intermediate,8.0,9.136,7.941
Fractions to Decimals,Converting Fractions to Decimals,https://youtu.be/UtHGpx_yp4U?si=tVG8XzrdqWBZp_hs,7:54,Intermediate,8.7,7.285,7.745
Addition,Add Numbers Faster,https://youtu.be/-x2yAOt_XFY?si=9WXX46kdbQDVhgO8,4:48,Advanced,8.8,7.557,7.81
Ordering Fractions,Mastering Fractions,https://youtu.be/XvjQcHbUNNw?si=Xyv5SPufpJclBZIf,8:00,Advanced,8.7,7.741,7.904
Simplifying Fractions,Introduction to Simplifying Fractions,https://youtu.be/k73w_yZb9SM?si=sIcPAuwAjD24B_pV,7:30,Beginner,8.4,9.418,8.505
Addition,Adding Three Decimals,https://youtu.be/sQ1W919fgq8?si=V7TgnmmWgHYc_A5P,4:55,Beginner,8.2,8.905,8.559
Comparing Fractions,Introduction to Comparing Fractions,https://www.youtube.com/watch?v=KNdUJQ_qd4U,6:30,Beginner,8.3,8.912,8.428
Ordering Fractions,Fraction Ordering,https://youtu.be/76s8ZzK87rA?si=F0Z4GtJkicWyq5_A,14:40,Intermediate,7.9,7.739,7.494
Fractions to Decimals,Introduction to Fractions to Decimals,https://youtu.be/pDs4a4ijqh0?si=ktPINIYpIFYNILOV,8:00,Intermediate,8.0,8.122,7.818
Ordering Fractions,Introduction to Ordering Fractions,https://youtu.be/rL18ZMgCeKU?si=nixffH9YSe3hdGgm,12:04,Beginner,8.2,8.691,7.88
Subtraction,Multi-Digit Subtraction,https://youtu.be/Y6M89-6106I?si=6dT-roRnqAH6OHdl,6:56,Beginner,8.3,8.91,8.496
Multiplication,Box Method Multiplication,https://youtu.be/n3q3XzzIGSY?si=goczDT3wCWGEkSvm,7:19,Intermediate,8.0,7.759,7.695
Subtraction,Subtracting Large Numbers,https://youtu.be/HlxqCdDrbdc?si=1RAFlZfZuuD3LnjX,5:04,Intermediate,8.0,9.682,8.416
Fractions to Decimals,Convert any Fraction to a Decimal,https://youtu.be/do_IbHId2Os?si=WyTbHiTgY6AaEz_L,6:43,Beginner,8.4,9.116,8.686
Simplifying Fractions,Reducing Fractions to Simplest Form,https://youtu.be/gVls1-gjIn0?si=vXNqJqUYBvTrC8xT,11:19,Advanced,8.5,7.941,7.723
Division,Division Basics for Beginners,https://youtu.be/InIKW_tfhs4?si=i3EqqM2A_6JHTQYh,3:44,Intermediate,7.8,8.801,7.983
Simplifying Fractions,Introduction to Simplifying Fractions,https://youtu.be/k73w_yZb9SM?si=sIcPAuwAjD24B_pV,7:30,Beginner,8.4,8.368,8.462
Division,Smart Long Division,https://youtu.be/HJYHNxS64f0?si=PJiPytkuwiCJhiuV,14:40,Advanced,8.9,7.791,7.867
Addition,Decimal Arithmetic,https://www.youtube.com/watch?v=kwh4SD1ToFc,12:14,Intermediate,9.0,9.621,8.782
Division,Long Division with 2-Digit Divisors,https://youtu.be/HdU_rf7eMTI?si=Pr40TqBRgGXrpLxG,13:04,Intermediate,8.6,7.682,7.799
Addition,Decimal Arithmetic,https://www.youtube.com/watch?v=kwh4SD1ToFc,12:14,Intermediate,9.0,7.322,7.823
Subtraction,Multi-Digit Subtraction,https://youtu.be/Y6M89-6106I?si=6dT-roRnqAH6OHdl,6:56,Beginner,8.3,9.067,8.287
Fractions to Decimals,How to Convert Fractions to Decimals,https://www.youtube.com/watch?v=guBVW5PiHLs&list=PPSV,8:29,Beginner,9.1,8.596,8.686
Comparing Fractions,Comparing Like Fractions,https://youtu.be/H3N5To5fO5U?si=Y3IFqQaqTK2GalSa,4:45,Intermediate,7.8,7.101,7.369
Simplifying Fractions,Learn Fraction Simplification,https://youtu.be/IuB8yTJ0-hk?si=8-bnaKA-irwAua1m,6:20,Intermediate,8.0,7.077,7.528
Fractions to Decimals,Convert any Fraction to a Decimal,https://youtu.be/do_IbHId2Os?si=WyTbHiTgY6AaEz_L,6:43,Beginner,8.4,7.736,7.932
Comparing Fractions,Comparing Fractions with different Denominators,https://youtu.be/d6fCqzuWjbo?si=eVQb7MoRlFCtsvGj,10:11,Intermediate,8.6,8.478,8.089
Division,Basic Division,https://youtu.be/KGMf314LUc0?si=jxaKi8tja1iw8LUl,9:57,Beginner,8.4,9.987,8.708
Multiplication,Multi-Digit Multiplication,https://youtu.be/dNSrfoYLQZU?si=fjPUGvSBAA5fmj_V,5:02,Advanced,8.3,8.901,7.984
Subtraction,Multi-Digit Subtraction,https://youtu.be/Y6M89-6106I?si=6dT-roRnqAH6OHdl,6:56,Beginner,8.3,7.214,7.699
Simplifying Fractions,Reducing Fractions to Simplest Form,https://youtu.be/gVls1-gjIn0?si=vXNqJqUYBvTrC8xT,11:19,Advanced,8.5,7.27,7.39
Ordering Fractions,Introduction to Ordering Fractions,https://youtu.be/rL18ZMgCeKU?si=nixffH9YSe3hdGgm,12:04,Beginner,8.2,8.132,7.848
Addition,Multi-Digit Addition,https://youtu.be/mAvuom42NyY?si=3Om627A44-sGimLU,6:28,Beginner,8.5,7.869,8.051
Comparing Fractions,Comparing Fractions,https://www.youtube.com/watch?v=u_QTuWj107o,7:42,Beginner,8.9,7.664,8.211
Ordering Fractions,Fraction Ordering,https://youtu.be/76s8ZzK87rA?si=F0Z4GtJkicWyq5_A,14:40,Intermediate,7.9,7.259,7.369
Division,Long Division with 2-Digit Divisors,https://youtu.be/HdU_rf7eMTI?si=Pr40TqBRgGXrpLxG,13:04,Intermediate,8.6,8.531,7.994
Comparing Fractions,Comparing Like Fractions,https://youtu.be/H3N5To5fO5U?si=Y3IFqQaqTK2GalSa,4:45,Intermediate,7.8,9.323,8.177
Simplifying Fractions,Simplifying Fractions,https://www.youtube.com/watch?v=AtBUQH8Tkqc&t=67s,8:30,Beginner,9.0,9.339,8.561
Fractions to Decimals,How to Convert Fractions to Decimals,https://www.youtube.com/watch?v=guBVW5PiHLs&list=PPSV,8:29,Beginner,9.1,9.838,9.1
Ordering Fractions,Learn Ordering Fractions,https://youtu.be/QECYScPz4sA?si=qJW4l4BvbXma1lOP,10:15,Intermediate,8.5,8.536,8.159
Ordering Fractions,Fraction Ordering,https://youtu.be/76s8ZzK87rA?si=F0Z4GtJkicWyq5_A,14:40,Intermediate,7.9,7.479,7.373
Multiplication,Multi-Digit Multiplication,https://youtu.be/dNSrfoYLQZU?si=fjPUGvSBAA5fmj_V,5:02,Advanced,8.3,9.755,8.198
Multiplication,Multi-Digit Multiplication,https://youtu.be/dNSrfoYLQZU?si=fjPUGvSBAA5fmj_V,5:02,Advanced,8.3,9.67,8.571
Ordering Fractions,Introduction to Ordering Fractions,https://youtu.be/rL18ZMgCeKU?si=nixffH9YSe3hdGgm,12:04,Beginner,8.2,8.634,8.163
Division,Division Basics for Beginners,https://youtu.be/InIKW_tfhs4?si=i3EqqM2A_6JHTQYh,3:44,Intermediate,7.8,7.777,7.723
Division,Long Division with 2-Digit Divisors,https://youtu.be/HdU_rf7eMTI?si=Pr40TqBRgGXrpLxG,13:04,Intermediate,8.6,9.916,8.501
Subtraction,Subtracting Large Numbers,https://youtu.be/HlxqCdDrbdc?si=1RAFlZfZuuD3LnjX,5:04,Intermediate,8.0,8.538,7.921
Ordering Fractions,Mastering Fractions,https://youtu.be/XvjQcHbUNNw?si=Xyv5SPufpJclBZIf,8:00,Advanced,8.7,8.34,8.186
Subtraction,Smart Subtraction,https://youtu.be/3fYgZgbOJmM?si=0Xq66JMU0XrVlOsn,13:38,Intermediate,7.9,7.957,7.44
Ordering Fractions,How to Order Fractions,https://www.youtube.com/watch?v=i2PfHDs88YE,6:33,Beginner,8.8,7.17,7.959
Division,Division Basics for Beginners,https://youtu.be/InIKW_tfhs4?si=i3EqqM2A_6JHTQYh,3:44,Intermediate,7.8,9.447,8.302
Addition,Adding Large Numbers,https://youtu.be/T9asFgfN5bg?si=CI2z3n21hND5aFvQ,5:03,Intermediate,7.8,8.958,7.994
Subtraction,Subtracting Large Numbers,https://youtu.be/HlxqCdDrbdc?si=1RAFlZfZuuD3LnjX,5:04,Intermediate,8.0,8.141,7.921
Multiplication,Long Multiplication for Grade 7,https://www.youtube.com/watch?v=r85EMNbWMiE,21:00,Beginner,9.2,8.989,8.48
Addition,Adding Large Numbers,https://youtu.be/T9asFgfN5bg?si=CI2z3n21hND5aFvQ,5:03,Intermediate,7.8,7.353,7.555
Division,Basic Division,https://youtu.be/KGMf314LUc0?si=jxaKi8tja1iw8LUl,9:57,Beginner,8.4,7.418,7.706
Subtraction,Introduction to Subtraction,https://youtu.be/r3qKojj4g4g?si=-XA75LAElZS8jQOy,10:42,Advanced,8.6,8.593,8.06
Ordering Fractions,Introduction to Ordering Fractions,https://youtu.be/rL18ZMgCeKU?si=nixffH9YSe3hdGgm,12:04,Beginner,8.2,8.912,8.09
Simplifying Fractions,Learn Fraction Simplification,https://youtu.be/IuB8yTJ0-hk?si=8-bnaKA-irwAua1m,6:20,Intermediate,8.0,8.924,8.179
Division,Long Division for Grade 7,https://www.youtube.com/watch?v=J15nbHRpSiQ,19:57,Beginner,9.0,8.179,7.949
Ordering Fractions,Mastering Fractions,https://youtu.be/XvjQcHbUNNw?si=Xyv5SPufpJclBZIf,8:00,Advanced,8.7,9.505,8.352
Comparing Fractions,Comparing Fractions with different Denominators,https://youtu.be/d6fCqzuWjbo?si=eVQb7MoRlFCtsvGj,10:11,Intermediate,8.6,8.143,8.061
Division,Division Basics for Beginners,https://youtu.be/InIKW_tfhs4?si=i3EqqM2A_6JHTQYh,3:44,Intermediate,7.8,9.543,8.337
Fractions to Decimals,Mastering Fractions to Decimals,https://youtu.be/Mpv7AzOUOqg?si=dMjxnFwXU98D4MpH,9:06,Advanced,8.5,7.401,7.445
Division,Long Division for Grade 7,https://www.youtube.com/watch?v=J15nbHRpSiQ,19:57,Beginner,9.0,7.137,7.679
Comparing Fractions,Comparing Fractions with different Denominators,https://youtu.be/d6fCqzuWjbo?si=eVQb7MoRlFCtsvGj,10:11,Intermediate,8.6,8.666,8.153
Ordering Fractions,Mastering Fractions,https://youtu.be/XvjQcHbUNNw?si=Xyv5SPufpJclBZIf,8:00,Advanced,8.7,9.031,8.289
Subtraction,Introduction to Subtraction,https://youtu.be/r3qKojj4g4g?si=-XA75LAElZS8jQOy,10:42,Advanced,8.6,9.344,8.179
Division,Division Basics for Beginners,https://youtu.be/InIKW_tfhs4?si=i3EqqM2A_6JHTQYh,3:44,Intermediate,7.8,7.459,7.485
Ordering Fractions,Introduction to Ordering Fractions,https://youtu.be/rL18ZMgCeKU?si=nixffH9YSe3hdGgm,12:04,Beginner,8.2,9.23,8.178
Subtraction,Subtracting Large Numbers,https://youtu.be/HlxqCdDrbdc?si=1RAFlZfZuuD3LnjX,5:04,Intermediate,8.0,8.904,8.223
Division,Division Basics for Beginners,https://youtu.be/InIKW_tfhs4?si=i3EqqM2A_6JHTQYh,3:44,Intermediate,7.8,9.183,8.237
Comparing Fractions,Comparing Fractions,https://www.youtube.com/watch?v=u_QTuWj107o,7:42,Beginner,8.9,8.256,8.29
Fractions to Decimals,Introduction to Fractions to Decimals,https://youtu.be/pDs4a4ijqh0?si=ktPINIYpIFYNILOV,8:00,Intermediate,8.0,7.426,7.508
Multiplication,Long Multiplication for Grade 7,https://www.youtube.com/watch?v=r85EMNbWMiE,21:00,Beginner,9.2,7.751,7.951
Multiplication,Multi-Digit Multiplication,https://youtu.be/dNSrfoYLQZU?si=fjPUGvSBAA5fmj_V,5:02,Advanced,8.3,9.039,8.191
Division,Long Division with 2-Digit Divisors,https://youtu.be/HdU_rf7eMTI?si=Pr40TqBRgGXrpLxG,13:04,Intermediate,8.6,7.499,7.77
Division,Smart Long Division,https://youtu.be/HJYHNxS64f0?si=PJiPytkuwiCJhiuV,14:40,Advanced,8.9,8.023,7.877
Division,Division Basics for Beginners,https://youtu.be/InIKW_tfhs4?si=i3EqqM2A_6JHTQYh,3:44,Intermediate,7.8,9.885,8.601
Subtraction,Smart Subtraction,https://youtu.be/3fYgZgbOJmM?si=0Xq66JMU0XrVlOsn,13:38,Intermediate,7.9,7.428,7.178
Simplifying Fractions,Reducing Fractions to Simplest Form,https://youtu.be/gVls1-gjIn0?si=vXNqJqUYBvTrC8xT,11:19,Advanced,8.5,9.45,8.26
Ordering Fractions,How to Order Fractions,https://www.youtube.com/watch?v=i2PfHDs88YE,6:33,Beginner,8.8,7.388,8.02
Addition,Multi-Digit Addition,https://youtu.be/mAvuom42NyY?si=3Om627A44-sGimLU,6:28,Beginner,8.5,9.91,8.825
Ordering Fractions,Fraction Ordering,https://youtu.be/76s8ZzK87rA?si=F0Z4GtJkicWyq5_A,14:40,Intermediate,7.9,9.689,8.098
Multiplication,Long Multiplication for Grade 7,https://www.youtube.com/watch?v=r85EMNbWMiE,21:00,Beginner,9.2,8.002,7.967
Comparing Fractions,Mastering Comparing Fractions,https://youtu.be/PEqV48jMeXw?si=55QJueBjYIoAgbk0,11:09,Advanced,8.7,7.015,7.54
Subtraction,Multi-Digit Subtraction,https://youtu.be/Y6M89-6106I?si=6dT-roRnqAH6OHdl,6:56,Beginner,8.3,7.722,7.899
Comparing Fractions,Comparing Fractions,https://www.youtube.com/watch?v=u_QTuWj107o,7:42,Beginner,8.9,7.036,8.026
Simplifying Fractions,Learn Fraction Simplification,https://youtu.be/IuB8yTJ0-hk?si=8-bnaKA-irwAua1m,6:20,Intermediate,8.0,7.4,7.71
Ordering Fractions,Fraction Ordering,https://youtu.be/76s8ZzK87rA?si=F0Z4GtJkicWyq5_A,14:40,Intermediate,7.9,8.012,7.514
Fractions to Decimals,Converting Fractions to Decimals,https://youtu.be/UtHGpx_yp4U?si=tVG8XzrdqWBZp_hs,7:54,Intermediate,8.7,7.619,7.886
Ordering Fractions,How to Order Fractions,https://www.youtube.com/watch?v=i2PfHDs88YE,6:33,Beginner,8.8,8.759,8.421
Simplifying Fractions,Reducing Fractions to Simplest Form,https://youtu.be/gVls1-gjIn0?si=vXNqJqUYBvTrC8xT,11:19,Advanced,8.5,8.32,7.795
Ordering Fractions,Introduction to Ordering Fractions,https://youtu.be/rL18ZMgCeKU?si=nixffH9YSe3hdGgm,12:04,Beginner,8.2,8.655,8.076
Fractions to Decimals,Introduction to Fractions to Decimals,https://youtu.be/pDs4a4ijqh0?si=ktPINIYpIFYNILOV,8:00,Intermediate,8.0,9.921,8.394
Addition,Adding Large Numbers,https://youtu.be/T9asFgfN5bg?si=CI2z3n21hND5aFvQ,5:03,Intermediate,7.8,7.536,7.57
Division,Long Division for Grade 7,https://www.youtube.com/watch?v=J15nbHRpSiQ,19:57,Beginner,9.0,8.735,8.058
Comparing Fractions,Mastering Comparing Fractions,https://youtu.be/PEqV48jMeXw?si=55QJueBjYIoAgbk0,11:09,Advanced,8.7,9.959,8.641
Simplifying Fractions,Simplifying Fractions,https://www.youtube.com/watch?v=AtBUQH8Tkqc&t=67s,8:30,Beginner,9.0,7.096,7.835
Comparing Fractions,Comparing Fractions with different Denominators,https://youtu.be/d6fCqzuWjbo?si=eVQb7MoRlFCtsvGj,10:11,Intermediate,8.6,9.21,8.409
Multiplication,Understanding Multiplication,https://youtu.be/_PyA3CJ-V98?si=mTi02JfyOo0ydPLR,13:18,Intermediate,8.8,8.868,8.213
Subtraction,Smart Subtraction,https://youtu.be/3fYgZgbOJmM?si=0Xq66JMU0XrVlOsn,13:38,Intermediate,7.9,7.213,7.361
Fractions to Decimals,Mastering Fractions to Decimals,https://youtu.be/Mpv7AzOUOqg?si=dMjxnFwXU98D4MpH,9:06,Advanced,8.5,9.147,8.273
Fractions to Decimals,Converting Fractions to Decimals,https://youtu.be/UtHGpx_yp4U?si=tVG8XzrdqWBZp_hs,7:54,Intermediate,8.7,7.096,7.704
Simplifying Fractions,Learn Fraction Simplification,https://youtu.be/IuB8yTJ0-hk?si=8-bnaKA-irwAua1m,6:20,Intermediate,8.0,8.538,7.933
Ordering Fractions,Fraction Ordering,https://youtu.be/76s8ZzK87rA?si=F0Z4GtJkicWyq5_A,14:40,Intermediate,7.9,9.471,8.03
Division,Long Division for Grade 7,https://www.youtube.com/watch?v=J15nbHRpSiQ,19:57,Beginner,9.0,7.89,7.897
Simplifying Fractions,Reducing Fractions to Simplest Form,https://youtu.be/gVls1-gjIn0?si=vXNqJqUYBvTrC8xT,11:19,Advanced,8.5,9.108,8.113
Comparing Fractions,Mastering Comparing Fractions,https://youtu.be/PEqV48jMeXw?si=55QJueBjYIoAgbk0,11:09,Advanced,8.7,8.542,8.048
Division,Smart Long Division,https://youtu.be/HJYHNxS64f0?si=PJiPytkuwiCJhiuV,14:40,Advanced,8.9,8.155,7.695
Multiplication,Long Multiplication for Grade 7,https://www.youtube.com/watch?v=r85EMNbWMiE,21:00,Beginner,9.2,7.822,7.96
Addition,Decimal Arithmetic,https://www.youtube.com/watch?v=kwh4SD1ToFc,12:14,Intermediate,9.0,8.415,8.087
Multiplication,Understanding Multiplication,https://youtu.be/_PyA3CJ-V98?si=mTi02JfyOo0ydPLR,13:18,Intermediate,8.8,7.589,7.882
Fractions to Decimals,Mastering Fractions to Decimals,https://youtu.be/Mpv7AzOUOqg?si=dMjxnFwXU98D4MpH,9:06,Advanced,8.5,7.81,7.728
Division,Basic Division,https://youtu.be/KGMf314LUc0?si=jxaKi8tja1iw8LUl,9:57,Beginner,8.4,9.745,8.523
Division,Division Basics for Beginners,https://youtu.be/InIKW_tfhs4?si=i3EqqM2A_6JHTQYh,3:44,Intermediate,7.8,8.802,7.988
Multiplication,Box Method Multiplication,https://youtu.be/n3q3XzzIGSY?si=goczDT3wCWGEkSvm,7:19,Intermediate,8.0,8.976,8.132
Addition,Decimal Arithmetic,https://www.youtube.com/watch?v=kwh4SD1ToFc,12:14,Intermediate,9.0,8.422,8.003
Simplifying Fractions,Simplifying Fractions,https://www.youtube.com/watch?v=AtBUQH8Tkqc&t=67s,8:30,Beginner,9.0,8.164,8.277
Division,Basic Division,https://youtu.be/KGMf314LUc0?si=jxaKi8tja1iw8LUl,9:57,Beginner,8.4,7.659,7.837
Subtraction,Subtracting Large Numbers,https://youtu.be/HlxqCdDrbdc?si=1RAFlZfZuuD3LnjX,5:04,Intermediate,8.0,8.253,7.823
Fractions to Decimals,Mastering Fractions to Decimals,https://youtu.be/Mpv7AzOUOqg?si=dMjxnFwXU98D4MpH,9:06,Advanced,8.5,7.774,7.708
Division,Basic Division,https://youtu.be/KGMf314LUc0?si=jxaKi8tja1iw8LUl,9:57,Beginner,8.4,9.857,8.44
Division,Long Division for Grade 7,https://www.youtube.com/watch?v=J15nbHRpSiQ,19:57,Beginner,9.0,7.674,7.99
Multiplication,Multi-Digit Multiplication,https://youtu.be/dNSrfoYLQZU?si=fjPUGvSBAA5fmj_V,5:02,Advanced,8.3,9.541,8.417
Multiplication,Understanding Multiplication,https://youtu.be/_PyA3CJ-V98?si=mTi02JfyOo0ydPLR,13:18,Intermediate,8.8,8.608,8.107
Simplifying Fractions,Simplifying Fractions,https://www.youtube.com/watch?v=AtBUQH8Tkqc&t=67s,8:30,Beginner,9.0,8.381,8.486
Comparing Fractions,Comparing Like Fractions,https://youtu.be/H3N5To5fO5U?si=Y3IFqQaqTK2GalSa,4:45,Intermediate,7.8,8.408,7.686
Addition,Adding Three Decimals,https://youtu.be/sQ1W919fgq8?si=V7TgnmmWgHYc_A5P,4:55,Beginner,8.2,8.475,8.366
Subtraction,Subtracting Whole Numbers,https://www.youtube.com/watch?v=z4bTlVxU9C0,8:40,Beginner,8.7,7.017,7.792
Simplifying Fractions,Simplifying Fractions,https://www.youtube.com/watch?v=AtBUQH8Tkqc&t=67s,8:30,Beginner,9.0,8.661,8.569
Subtraction,Introduction to Subtraction,https://youtu.be/r3qKojj4g4g?si=-XA75LAElZS8jQOy,10:42,Advanced,8.6,7.058,7.541
Ordering Fractions,Learn Ordering Fractions,https://youtu.be/QECYScPz4sA?si=qJW4l4BvbXma1lOP,10:15,Intermediate,8.5,9.762,8.4
Subtraction,Multi-Digit Subtraction,https://youtu.be/Y6M89-6106I?si=6dT-roRnqAH6OHdl,6:56,Beginner,8.3,7.063,7.627
Ordering Fractions,How to Order Fractions,https://www.youtube.com/watch?v=i2PfHDs88YE,6:33,Beginner,8.8,8.464,8.489
Ordering Fractions,Fraction Ordering,https://youtu.be/76s8ZzK87rA?si=F0Z4GtJkicWyq5_A,14:40,Intermediate,7.9,9.37,7.922
Addition,Multi-Digit Addition,https://youtu.be/mAvuom42NyY?si=3Om627A44-sGimLU,6:28,Beginner,8.5,7.222,7.957
Subtraction,Subtracting Whole Numbers,https://www.youtube.com/watch?v=z4bTlVxU9C0,8:40,Beginner,8.7,9.003,8.562
Addition,Multi-Digit Addition,https://youtu.be/mAvuom42NyY?si=3Om627A44-sGimLU,6:28,Beginner,8.5,7.545,7.954
Comparing Fractions,Comparing Like Fractions,https://youtu.be/H3N5To5fO5U?si=Y3IFqQaqTK2GalSa,4:45,Intermediate,7.8,7.132,7.469
Addition,Adding Large Numbers,https://youtu.be/T9asFgfN5bg?si=CI2z3n21hND5aFvQ,5:03,Intermediate,7.8,7.624,7.521
Addition,Multi-Digit Addition,https://youtu.be/mAvuom42NyY?si=3Om627A44-sGimLU,6:28,Beginner,8.5,7.468,7.939
Subtraction,Subtracting Large Numbers,https://youtu.be/HlxqCdDrbdc?si=1RAFlZfZuuD3LnjX,5:04,Intermediate,8.0,7.379,7.69
Ordering Fractions,How to Order Fractions,https://www.youtube.com/watch?v=i2PfHDs88YE,6:33,Beginner,8.8,8.552,8.493
Subtraction,Smart Subtraction,https://youtu.be/3fYgZgbOJmM?si=0Xq66JMU0XrVlOsn,13:38,Intermediate,7.9,7.919,7.51
Ordering Fractions,How to Order Fractions,https://www.youtube.com/watch?v=i2PfHDs88YE,6:33,Beginner,8.8,8.88,8.455
Addition,Adding Three Decimals,https://youtu.be/sQ1W919fgq8?si=V7TgnmmWgHYc_A5P,4:55,Beginner,8.2,7.969,8.039
Subtraction,Introduction to Subtraction,https://youtu.be/r3qKojj4g4g?si=-XA75LAElZS8jQOy,10:42,Advanced,8.6,8.421,7.888
Ordering Fractions,Learn Ordering Fractions,https://youtu.be/QECYScPz4sA?si=qJW4l4BvbXma1lOP,10:15,Intermediate,8.5,7.597,7.987
Fractions to Decimals,Mastering Fractions to Decimals,https://youtu.be/Mpv7AzOUOqg?si=dMjxnFwXU98D4MpH,9:06,Advanced,8.5,8.615,8.07
Division,Smart Long Division,https://youtu.be/HJYHNxS64f0?si=PJiPytkuwiCJhiuV,14:40,Advanced,8.9,9.424,8.217
Fractions to Decimals,Introduction to Fractions to Decimals,https://youtu.be/pDs4a4ijqh0?si=ktPINIYpIFYNILOV,8:00,Intermediate,8.0,7.067,7.5
Fractions to Decimals,Converting Fractions to Decimals,https://youtu.be/UtHGpx_yp4U?si=tVG8XzrdqWBZp_hs,7:54,Intermediate,8.7,7.773,7.946
Ordering Fractions,How to Order Fractions,https://www.youtube.com/watch?v=i2PfHDs88YE,6:33,Beginner,8.8,8.257,8.412
Multiplication,Understanding Multiplication,https://youtu.be/_PyA3CJ-V98?si=mTi02JfyOo0ydPLR,13:18,Intermediate,8.8,8.319,7.952
Simplifying Fractions,Learn Fraction Simplification,https://youtu.be/IuB8yTJ0-hk?si=8-bnaKA-irwAua1m,6:20,Intermediate,8.0,9.636,8.314
Division,Long Division with 2-Digit Divisors,https://youtu.be/HdU_rf7eMTI?si=Pr40TqBRgGXrpLxG,13:04,Intermediate,8.6,7.776,7.945
Ordering Fractions,Introduction to Ordering Fractions,https://youtu.be/rL18ZMgCeKU?si=nixffH9YSe3hdGgm,12:04,Beginner,8.2,9.831,8.634
Simplifying Fractions,Simplifying Fractions,https://www.youtube.com/watch?v=AtBUQH8Tkqc&t=67s,8:30,Beginner,9.0,8.491,8.662
Multiplication,Long Multiplication for Grade 7,https://www.youtube.com/watch?v=r85EMNbWMiE,21:00,Beginner,9.2,9.498,8.599
Fractions to Decimals,Converting Fractions to Decimals,https://youtu.be/UtHGpx_yp4U?si=tVG8XzrdqWBZp_hs,7:54,Intermediate,8.7,7.91,7.945
Comparing Fractions,Comparing Fractions,https://www.youtube.com/watch?v=u_QTuWj107o,7:42,Beginner,8.9,9.946,9.235
Simplifying Fractions,How to Simplify Fractions,https://youtu.be/R-FXE3g8GpU?si=TcmelTK3iD3Nzco1,16:06,Intermediate,8.7,9.115,8.077
Division,Long Division with 2-Digit Divisors,https://youtu.be/HdU_rf7eMTI?si=Pr40TqBRgGXrpLxG,13:04,Intermediate,8.6,9.161,8.219
Division,Long Division for Grade 7,https://www.youtube.com/watch?v=J15nbHRpSiQ,19:57,Beginner,9.0,7.179,7.733
Fractions to Decimals,Introduction to Fractions to Decimals,https://youtu.be/pDs4a4ijqh0?si=ktPINIYpIFYNILOV,8:00,Intermediate,8.0,7.317,7.49
Multiplication,Multi-Digit Multiplication,https://youtu.be/dNSrfoYLQZU?si=fjPUGvSBAA5fmj_V,5:02,Advanced,8.3,9.552,8.287
Ordering Fractions,Introduction to Ordering Fractions,https://youtu.be/rL18ZMgCeKU?si=nixffH9YSe3hdGgm,12:04,Beginner,8.2,8.536,7.951
Simplifying Fractions,Learn Fraction Simplification,https://youtu.be/IuB8yTJ0-hk?si=8-bnaKA-irwAua1m,6:20,Intermediate,8.0,7.069,7.476
Division,Smart Long Division,https://youtu.be/HJYHNxS64f0?si=PJiPytkuwiCJhiuV,14:40,Advanced,8.9,7.73,7.636
Comparing Fractions,Comparing Fractions with different Denominators,https://youtu.be/d6fCqzuWjbo?si=eVQb7MoRlFCtsvGj,10:11,Intermediate,8.6,8.712,8.156
Multiplication,Master Long Multiplication,https://youtu.be/GKetIwxaenA?si=9tvgkeqmmfUZ80xX,6:25,Beginner,8.5,7.515,7.925
Comparing Fractions,Comparing Like Fractions,https://youtu.be/H3N5To5fO5U?si=Y3IFqQaqTK2GalSa,4:45,Intermediate,7.8,8.044,7.706
Division,Division Basics for Beginners,https://youtu.be/InIKW_tfhs4?si=i3EqqM2A_6JHTQYh,3:44,Intermediate,7.8,8.583,8.198
Subtraction,Introduction to Subtraction,https://youtu.be/r3qKojj4g4g?si=-XA75LAElZS8jQOy,10:42,Advanced,8.6,7.647,7.564
Simplifying Fractions,Introduction to Simplifying Fractions,https://youtu.be/k73w_yZb9SM?si=sIcPAuwAjD24B_pV,7:30,Beginner,8.4,7.311,8.026
Addition,Adding Three Decimals,https://youtu.be/sQ1W919fgq8?si=V7TgnmmWgHYc_A5P,4:55,Beginner,8.2,9.865,8.723
Addition,Multi-Digit Addition,https://youtu.be/mAvuom42NyY?si=3Om627A44-sGimLU,6:28,Beginner,8.5,7.843,8.192
Multiplication,Understanding Multiplication,https://youtu.be/_PyA3CJ-V98?si=mTi02JfyOo0ydPLR,13:18,Intermediate,8.8,7.432,7.632
Fractions to Decimals,Convert any Fraction to a Decimal,https://youtu.be/do_IbHId2Os?si=WyTbHiTgY6AaEz_L,6:43,Beginner,8.4,9.192,8.518
Fractions to Decimals,Introduction to Fractions to Decimals,https://youtu.be/pDs4a4ijqh0?si=ktPINIYpIFYNILOV,8:00,Intermediate,8.0,7.045,7.42
Addition,Adding Three Decimals,https://youtu.be/sQ1W919fgq8?si=V7TgnmmWgHYc_A5P,4:55,Beginner,8.2,7.381,7.684
Multiplication,Long Multiplication for Grade 7,https://www.youtube.com/watch?v=r85EMNbWMiE,21:00,Beginner,9.2,7.705,7.998
Division,Long Division for Grade 7,https://www.youtube.com/watch?v=J15nbHRpSiQ,19:57,Beginner,9.0,7.24,7.521
Simplifying Fractions,Introduction to Simplifying Fractions,https://youtu.be/k73w_yZb9SM?si=sIcPAuwAjD24B_pV,7:30,Beginner,8.4,7.061,7.661
Simplifying Fractions,Simplifying Fractions,https://www.youtube.com/watch?v=AtBUQH8Tkqc&t=67s,8:30,Beginner,9.0,8.838,8.502
Division,Basic Division,https://youtu.be/KGMf314LUc0?si=jxaKi8tja1iw8LUl,9:57,Beginner,8.4,7.032,7.708
Ordering Fractions,Mastering Fractions,https://youtu.be/XvjQcHbUNNw?si=Xyv5SPufpJclBZIf,8:00,Advanced,8.7,9.336,8.373
Comparing Fractions,Mastering Comparing Fractions,https://youtu.be/PEqV48jMeXw?si=55QJueBjYIoAgbk0,11:09,Advanced,8.7,8.938,8.127
Fractions to Decimals,Convert any Fraction to a Decimal,https://youtu.be/do_IbHId2Os?si=WyTbHiTgY6AaEz_L,6:43,Beginner,8.4,9.361,8.493
Simplifying Fractions,Simplifying Fractions,https://www.youtube.com/watch?v=AtBUQH8Tkqc&t=67s,8:30,Beginner,9.0,9.288,8.833
Ordering Fractions,Learn Ordering Fractions,https://youtu.be/QECYScPz4sA?si=qJW4l4BvbXma1lOP,10:15,Intermediate,8.5,8.772,8.219
Subtraction,Subtracting Large Numbers,https://youtu.be/HlxqCdDrbdc?si=1RAFlZfZuuD3LnjX,5:04,Intermediate,8.0,7.943,7.648
Multiplication,Box Method Multiplication,https://youtu.be/n3q3XzzIGSY?si=goczDT3wCWGEkSvm,7:19,Intermediate,8.0,9.707,8.168
Addition,Decimal Arithmetic,https://www.youtube.com/watch?v=kwh4SD1ToFc,12:14,Intermediate,9.0,9.908,8.536
Fractions to Decimals,Convert any Fraction to a Decimal,https://youtu.be/do_IbHId2Os?si=WyTbHiTgY6AaEz_L,6:43,Beginner,8.4,9.233,8.522
Division,Division Basics for Beginners,https://youtu.be/InIKW_tfhs4?si=i3EqqM2A_6JHTQYh,3:44,Intermediate,7.8,7.681,7.689
Comparing Fractions,Comparing Fractions with different Denominators,https://youtu.be/d6fCqzuWjbo?si=eVQb7MoRlFCtsvGj,10:11,Intermediate,8.6,9.654,8.502
Addition,Add Numbers Faster,https://youtu.be/-x2yAOt_XFY?si=9WXX46kdbQDVhgO8,4:48,Advanced,8.8,9.991,8.778
Addition,Multi-Digit Addition,https://youtu.be/mAvuom42NyY?si=3Om627A44-sGimLU,6:28,Beginner,8.5,9.909,8.789
Subtraction,Subtracting Whole Numbers,https://www.youtube.com/watch?v=z4bTlVxU9C0,8:40,Beginner,8.7,7.055,7.872
Addition,Decimal Arithmetic,https://www.youtube.com/watch?v=kwh4SD1ToFc,12:14,Intermediate,9.0,9.071,8.288
Ordering Fractions,Learn Ordering Fractions,https://youtu.be/QECYScPz4sA?si=qJW4l4BvbXma1lOP,10:15,Intermediate,8.5,8.802,8.114
Multiplication,Long Multiplication for Grade 7,https://www.youtube.com/watch?v=r85EMNbWMiE,21:00,Beginner,9.2,9.799,8.757
Division,Basic Division,https://youtu.be/KGMf314LUc0?si=jxaKi8tja1iw8LUl,9:57,Beginner,8.4,9.037,8.164
Fractions to Decimals,Mastering Fractions to Decimals,https://youtu.be/Mpv7AzOUOqg?si=dMjxnFwXU98D4MpH,9:06,Advanced,8.5,8.497,8.064
Comparing Fractions,Comparing Like Fractions,https://youtu.be/H3N5To5fO5U?si=Y3IFqQaqTK2GalSa,4:45,Intermediate,7.8,7.616,7.577
Ordering Fractions,Fraction Ordering,https://youtu.be/76s8ZzK87rA?si=F0Z4GtJkicWyq5_A,14:40,Intermediate,7.9,7.535,7.244
Comparing Fractions,Comparing Like Fractions,https://youtu.be/H3N5To5fO5U?si=Y3IFqQaqTK2GalSa,4:45,Intermediate,7.8,8.779,8.078
Division,Long Division with 2-Digit Divisors,https://youtu.be/HdU_rf7eMTI?si=Pr40TqBRgGXrpLxG,13:04,Intermediate,8.6,8.319,8.091
Division,Long Division with 2-Digit Divisors,https://youtu.be/HdU_rf7eMTI?si=Pr40TqBRgGXrpLxG,13:04,Intermediate,8.6,9.653,8.503
Division,Long Division with 2-Digit Divisors,https://youtu.be/HdU_rf7eMTI?si=Pr40TqBRgGXrpLxG,13:04,Intermediate,8.6,8.818,8.258
Multiplication,Multi-Digit Multiplication,https://youtu.be/dNSrfoYLQZU?si=fjPUGvSBAA5fmj_V,5:02,Advanced,8.3,7.12,7.563
Division,Long Division for Grade 7,https://www.youtube.com/watch?v=J15nbHRpSiQ,19:57,Beginner,9.0,8.003,8.055
Comparing Fractions,Mastering Comparing Fractions,https://youtu.be/PEqV48jMeXw?si=55QJueBjYIoAgbk0,11:09,Advanced,8.7,7.6,7.833
Ordering Fractions,Mastering Fractions,https://youtu.be/XvjQcHbUNNw?si=Xyv5SPufpJclBZIf,8:00,Advanced,8.7,7.597,7.718
Division,Smart Long Division,https://youtu.be/HJYHNxS64f0?si=PJiPytkuwiCJhiuV,14:40,Advanced,8.9,8.732,8.276
Addition,Add Numbers Faster,https://youtu.be/-x2yAOt_XFY?si=9WXX46kdbQDVhgO8,4:48,Advanced,8.8,8.259,8.203
Comparing Fractions,Introduction to Comparing Fractions,https://www.youtube.com/watch?v=KNdUJQ_qd4U,6:30,Beginner,8.3,9.933,8.806
Ordering Fractions,Mastering Fractions,https://youtu.be/XvjQcHbUNNw?si=Xyv5SPufpJclBZIf,8:00,Advanced,8.7,8.652,8.108
Comparing Fractions,Comparing Like Fractions,https://youtu.be/H3N5To5fO5U?si=Y3IFqQaqTK2GalSa,4:45,Intermediate,7.8,8.481,8.026
Division,Long Division for Grade 7,https://www.youtube.com/watch?v=J15nbHRpSiQ,19:57,Beginner,9.0,8.246,8.144
Subtraction,Subtracting Whole Numbers,https://www.youtube.com/watch?v=z4bTlVxU9C0,8:40,Beginner,8.7,7.818,8.201
Comparing Fractions,Comparing Like Fractions,https://youtu.be/H3N5To5fO5U?si=Y3IFqQaqTK2GalSa,4:45,Intermediate,7.8,8.493,7.942
Subtraction,Subtracting Whole Numbers,https://www.youtube.com/watch?v=z4bTlVxU9C0,8:40,Beginner,8.7,9.974,8.88
Comparing Fractions,Mastering Comparing Fractions,https://youtu.be/PEqV48jMeXw?si=55QJueBjYIoAgbk0,11:09,Advanced,8.7,9.151,8.28
Division,Long Division for Grade 7,https://www.youtube.com/watch?v=J15nbHRpSiQ,19:57,Beginner,9.0,8.247,7.947
Fractions to Decimals,Convert any Fraction to a Decimal,https://youtu.be/do_IbHId2Os?si=WyTbHiTgY6AaEz_L,6:43,Beginner,8.4,7.5,7.844
Addition,Decimal Arithmetic,https://www.youtube.com/watch?v=kwh4SD1ToFc,12:14,Intermediate,9.0,7.982,7.982
Multiplication,Box Method Multiplication,https://youtu.be/n3q3XzzIGSY?si=goczDT3wCWGEkSvm,7:19,Intermediate,8.0,8.253,7.899
Ordering Fractions,Fraction Ordering,https://youtu.be/76s8ZzK87rA?si=F0Z4GtJkicWyq5_A,14:40,Intermediate,7.9,7.227,7.353
Subtraction,Subtracting Large Numbers,https://youtu.be/HlxqCdDrbdc?si=1RAFlZfZuuD3LnjX,5:04,Intermediate,8.0,8.354,7.946
Simplifying Fractions,Learn Fraction Simplification,https://youtu.be/IuB8yTJ0-hk?si=8-bnaKA-irwAua1m,6:20,Intermediate,8.0,8.105,7.878
Subtraction,Multi-Digit Subtraction,https://youtu.be/Y6M89-6106I?si=6dT-roRnqAH6OHdl,6:56,Beginner,8.3,9.212,8.411
Division,Long Division for Grade 7,https://www.youtube.com/watch?v=J15nbHRpSiQ,19:57,Beginner,9.0,8.425,8.168
Comparing Fractions,Comparing Fractions with different Denominators,https://youtu.be/d6fCqzuWjbo?si=eVQb7MoRlFCtsvGj,10:11,Intermediate,8.6,7.382,7.727
Comparing Fractions,Comparing Fractions,https://www.youtube.com/watch?v=u_QTuWj107o,7:42,Beginner,8.9,8.158,8.425
Comparing Fractions,Comparing Like Fractions,https://youtu.be/H3N5To5fO5U?si=Y3IFqQaqTK2GalSa,4:45,Intermediate,7.8,8.196,7.749
Comparing Fractions,Comparing Fractions,https://www.youtube.com/watch?v=u_QTuWj107o,7:42,Beginner,8.9,7.94,8.285
Comparing Fractions,Mastering Comparing Fractions,https://youtu.be/PEqV48jMeXw?si=55QJueBjYIoAgbk0,11:09,Advanced,8.7,8.059,8.151
Ordering Fractions,How to Order Fractions,https://www.youtube.com/watch?v=i2PfHDs88YE,6:33,Beginner,8.8,8.554,8.507
Comparing Fractions,Comparing Like Fractions,https://youtu.be/H3N5To5fO5U?si=Y3IFqQaqTK2GalSa,4:45,Intermediate,7.8,8.597,7.968
Ordering Fractions,Mastering Fractions,https://youtu.be/XvjQcHbUNNw?si=Xyv5SPufpJclBZIf,8:00,Advanced,8.7,9.79,8.527
Fractions to Decimals,Introduction to Fractions to Decimals,https://youtu.be/pDs4a4ijqh0?si=ktPINIYpIFYNILOV,8:00,Intermediate,8.0,9.852,8.39
Ordering Fractions,Learn Ordering Fractions,https://youtu.be/QECYScPz4sA?si=qJW4l4BvbXma1lOP,10:15,Intermediate,8.5,9.904,8.484
Fractions to Decimals,Converting Fractions to Decimals,https://youtu.be/UtHGpx_yp4U?si=tVG8XzrdqWBZp_hs,7:54,Intermediate,8.7,8.2,8.174
Addition,Adding Three Decimals,https://youtu.be/sQ1W919fgq8?si=V7TgnmmWgHYc_A5P,4:55,Beginner,8.2,7.122,7.92
Division,Division Basics for Beginners,https://youtu.be/InIKW_tfhs4?si=i3EqqM2A_6JHTQYh,3:44,Intermediate,7.8,8.139,7.664
Division,Division Basics for Beginners,https://youtu.be/InIKW_tfhs4?si=i3EqqM2A_6JHTQYh,3:44,Intermediate,7.8,9.926,8.282
Fractions to Decimals,How to Convert Fractions to Decimals,https://www.youtube.com/watch?v=guBVW5PiHLs&list=PPSV,8:29,Beginner,9.1,8.016,8.547
Comparing Fractions,Mastering Comparing Fractions,https://youtu.be/PEqV48jMeXw?si=55QJueBjYIoAgbk0,11:09,Advanced,8.7,9.975,8.507
Comparing Fractions,Mastering Comparing Fractions,https://youtu.be/PEqV48jMeXw?si=55QJueBjYIoAgbk0,11:09,Advanced,8.7,9.382,8.301
Comparing Fractions,Mastering Comparing Fractions,https://youtu.be/PEqV48jMeXw?si=55QJueBjYIoAgbk0,11:09,Advanced,8.7,7.267,7.56
Multiplication,Long Multiplication for Grade 7,https://www.youtube.com/watch?v=r85EMNbWMiE,21:00,Beginner,9.2,8.142,8.183
Division,Basic Division,https://youtu.be/KGMf314LUc0?si=jxaKi8tja1iw8LUl,9:57,Beginner,8.4,7.75,7.855
Division,Smart Long Division,https://youtu.be/HJYHNxS64f0?si=PJiPytkuwiCJhiuV,14:40,Advanced,8.9,8.923,8.297
Multiplication,Long Multiplication for Grade 7,https://www.youtube.com/watch?v=r85EMNbWMiE,21:00,Beginner,9.2,9.155,8.4
Multiplication,Long Multiplication for Grade 7,https://www.youtube.com/watch?v=r85EMNbWMiE,21:00,Beginner,9.2,9.203,8.342
Division,Division Basics for Beginners,https://youtu.be/InIKW_tfhs4?si=i3EqqM2A_6JHTQYh,3:44,Intermediate,7.8,9.564,8.226
Division,Basic Division,https://youtu.be/KGMf314LUc0?si=jxaKi8tja1iw8LUl,9:57,Beginner,8.4,7.338,7.692
Comparing Fractions,Introduction to Comparing Fractions,https://www.youtube.com/watch?v=KNdUJQ_qd4U,6:30,Beginner,8.3,8.17,8.075
Multiplication,Long Multiplication for Grade 7,https://www.youtube.com/watch?v=r85EMNbWMiE,21:00,Beginner,9.2,8.489,8.193
Fractions to Decimals,Convert any Fraction to a Decimal,https://youtu.be/do_IbHId2Os?si=WyTbHiTgY6AaEz_L,6:43,Beginner,8.4,9.207,8.595
Fractions to Decimals,Convert any Fraction to a Decimal,https://youtu.be/do_IbHId2Os?si=WyTbHiTgY6AaEz_L,6:43,Beginner,8.4,9.712,8.572
Ordering Fractions,Learn Ordering Fractions,https://youtu.be/QECYScPz4sA?si=qJW4l4BvbXma1lOP,10:15,Intermediate,8.5,7.123,7.737
Multiplication,Multi-Digit Multiplication,https://youtu.be/dNSrfoYLQZU?si=fjPUGvSBAA5fmj_V,5:02,Advanced,8.3,7.355,7.698
Ordering Fractions,Mastering Fractions,https://youtu.be/XvjQcHbUNNw?si=Xyv5SPufpJclBZIf,8:00,Advanced,8.7,7.894,7.758
Addition,Adding Large Numbers,https://youtu.be/T9asFgfN5bg?si=CI2z3n21hND5aFvQ,5:03,Intermediate,7.8,7.817,7.788
Addition,Adding Three Decimals,https://youtu.be/sQ1W919fgq8?si=V7TgnmmWgHYc_A5P,4:55,Beginner,8.2,9.716,8.785
Subtraction,Smart Subtraction,https://youtu.be/3fYgZgbOJmM?si=0Xq66JMU0XrVlOsn,13:38,Intermediate,7.9,8.602,7.76
Division,Long Division for Grade 7,https://www.youtube.com/watch?v=J15nbHRpSiQ,19:57,Beginner,9.0,9.478,8.562
Comparing Fractions,Mastering Comparing Fractions,https://youtu.be/PEqV48jMeXw?si=55QJueBjYIoAgbk0,11:09,Advanced,8.7,8.61,8.143
Comparing Fractions,Introduction to Comparing Fractions,https://www.youtube.com/watch?v=KNdUJQ_qd4U,6:30,Beginner,8.3,8.146,7.99
Subtraction,Multi-Digit Subtraction,https://youtu.be/Y6M89-6106I?si=6dT-roRnqAH6OHdl,6:56,Beginner,8.3,8.128,8.142
Division,Division Basics for Beginners,https://youtu.be/InIKW_tfhs4?si=i3EqqM2A_6JHTQYh,3:44,Intermediate,7.8,8.071,7.776
Subtraction,Subtracting Whole Numbers,https://www.youtube.com/watch?v=z4bTlVxU9C0,8:40,Beginner,8.7,7.711,7.935
Addition,Adding Three Decimals,https://youtu.be/sQ1W919fgq8?si=V7TgnmmWgHYc_A5P,4:55,Beginner,8.2,7.274,7.845
Multiplication,Understanding Multiplication,https://youtu.be/_PyA3CJ-V98?si=mTi02JfyOo0ydPLR,13:18,Intermediate,8.8,8.465,8.151
Fractions to Decimals,Converting Fractions to Decimals,https://youtu.be/UtHGpx_yp4U?si=tVG8XzrdqWBZp_hs,7:54,Intermediate,8.7,7.59,7.947
Division,Basic Division,https://youtu.be/KGMf314LUc0?si=jxaKi8tja1iw8LUl,9:57,Beginner,8.4,8.633,8.077
Multiplication,Multi-Digit Multiplication,https://youtu.be/dNSrfoYLQZU?si=fjPUGvSBAA5fmj_V,5:02,Advanced,8.3,8.669,7.936
Subtraction,Subtracting Whole Numbers,https://www.youtube.com/watch?v=z4bTlVxU9C0,8:40,Beginner,8.7,9.803,8.68
Simplifying Fractions,How to Simplify Fractions,https://youtu.be/R-FXE3g8GpU?si=TcmelTK3iD3Nzco1,16:06,Intermediate,8.7,8.434,7.989
Division,Basic Division,https://youtu.be/KGMf314LUc0?si=jxaKi8tja1iw8LUl,9:57,Beginner,8.4,8.894,8.172
Comparing Fractions,Comparing Like Fractions,https://youtu.be/H3N5To5fO5U?si=Y3IFqQaqTK2GalSa,4:45,Intermediate,7.8,9.787,8.286
Ordering Fractions,Introduction to Ordering Fractions,https://youtu.be/rL18ZMgCeKU?si=nixffH9YSe3hdGgm,12:04,Beginner,8.2,9.364,8.382
Simplifying Fractions,Introduction to Simplifying Fractions,https://youtu.be/k73w_yZb9SM?si=sIcPAuwAjD24B_pV,7:30,Beginner,8.4,8.183,8.162
Multiplication,Master Long Multiplication,https://youtu.be/GKetIwxaenA?si=9tvgkeqmmfUZ80xX,6:25,Beginner,8.5,8.945,8.582
Multiplication,Box Method Multiplication,https://youtu.be/n3q3XzzIGSY?si=goczDT3wCWGEkSvm,7:19,Intermediate,8.0,7.202,7.37
Ordering Fractions,Learn Ordering Fractions,https://youtu.be/QECYScPz4sA?si=qJW4l4BvbXma1lOP,10:15,Intermediate,8.5,7.721,7.834
Division,Basic Division,https://youtu.be/KGMf314LUc0?si=jxaKi8tja1iw8LUl,9:57,Beginner,8.4,7.995,8.122
Addition,Adding Large Numbers,https://youtu.be/T9asFgfN5bg?si=CI2z3n21hND5aFvQ,5:03,Intermediate,7.8,9.457,8.114
Addition,Adding Large Numbers,https://youtu.be/T9asFgfN5bg?si=CI2z3n21hND5aFvQ,5:03,Intermediate,7.8,7.468,7.635
Simplifying Fractions,Introduction to Simplifying Fractions,https://youtu.be/k73w_yZb9SM?si=sIcPAuwAjD24B_pV,7:30,Beginner,8.4,7.485,7.802
Division,Division Basics for Beginners,https://youtu.be/InIKW_tfhs4?si=i3EqqM2A_6JHTQYh,3:44,Intermediate,7.8,9.79,8.395
Multiplication,Box Method Multiplication,https://youtu.be/n3q3XzzIGSY?si=goczDT3wCWGEkSvm,7:19,Intermediate,8.0,8.026,7.956
Simplifying Fractions,Introduction to Simplifying Fractions,https://youtu.be/k73w_yZb9SM?si=sIcPAuwAjD24B_pV,7:30,Beginner,8.4,9.331,8.394
Comparing Fractions,Introduction to Comparing Fractions,https://www.youtube.com/watch?v=KNdUJQ_qd4U,6:30,Beginner,8.3,8.946,8.337
Comparing Fractions,Comparing Like Fractions,https://youtu.be/H3N5To5fO5U?si=Y3IFqQaqTK2GalSa,4:45,Intermediate,7.8,7.967,7.98
Addition,Adding Three Decimals,https://youtu.be/sQ1W919fgq8?si=V7TgnmmWgHYc_A5P,4:55,Beginner,8.2,7.743,7.934
Division,Division Basics for Beginners,https://youtu.be/InIKW_tfhs4?si=i3EqqM2A_6JHTQYh,3:44,Intermediate,7.8,7.154,7.501
Fractions to Decimals,How to Convert Fractions to Decimals,https://www.youtube.com/watch?v=guBVW5PiHLs&list=PPSV,8:29,Beginner,9.1,9.813,8.864
Multiplication,Multi-Digit Multiplication,https://youtu.be/dNSrfoYLQZU?si=fjPUGvSBAA5fmj_V,5:02,Advanced,8.3,8.279,7.864
Simplifying Fractions,Introduction to Simplifying Fractions,https://youtu.be/k73w_yZb9SM?si=sIcPAuwAjD24B_pV,7:30,Beginner,8.4,8.508,8.129
Subtraction,Multi-Digit Subtraction,https://youtu.be/Y6M89-6106I?si=6dT-roRnqAH6OHdl,6:56,Beginner,8.3,8.845,8.414
Ordering Fractions,Learn Ordering Fractions,https://youtu.be/QECYScPz4sA?si=qJW4l4BvbXma1lOP,10:15,Intermediate,8.5,7.344,7.717
Addition,Multi-Digit Addition,https://youtu.be/mAvuom42NyY?si=3Om627A44-sGimLU,6:28,Beginner,8.5,9.196,8.701
Division,Long Division for Grade 7,https://www.youtube.com/watch?v=J15nbHRpSiQ,19:57,Beginner,9.0,7.37,7.871
Multiplication,Multi-Digit Multiplication,https://youtu.be/dNSrfoYLQZU?si=fjPUGvSBAA5fmj_V,5:02,Advanced,8.3,9.144,8.288
Addition,Decimal Arithmetic,https://www.youtube.com/watch?v=kwh4SD1ToFc,12:14,Intermediate,9.0,7.362,7.911
Simplifying Fractions,Introduction to Simplifying Fractions,https://youtu.be/k73w_yZb9SM?si=sIcPAuwAjD24B_pV,7:30,Beginner,8.4,9.603,8.477
Multiplication,Understanding Multiplication,https://youtu.be/_PyA3CJ-V98?si=mTi02JfyOo0ydPLR,13:18,Intermediate,8.8,9.764,8.556
Ordering Fractions,Fraction Ordering,https://youtu.be/76s8ZzK87rA?si=F0Z4GtJkicWyq5_A,14:40,Intermediate,7.9,9.233,7.886
Subtraction,Subtracting Large Numbers,https://youtu.be/HlxqCdDrbdc?si=1RAFlZfZuuD3LnjX,5:04,Intermediate,8.0,8.351,8.042
Simplifying Fractions,Simplifying Fractions,https://www.youtube.com/watch?v=AtBUQH8Tkqc&t=67s,8:30,Beginner,9.0,9.272,8.696
Ordering Fractions,How to Order Fractions,https://www.youtube.com/watch?v=i2PfHDs88YE,6:33,Beginner,8.8,9.896,9.024
Comparing Fractions,Comparing Fractions,https://www.youtube.com/watch?v=u_QTuWj107o,7:42,Beginner,8.9,9.485,8.743
Comparing Fractions,Comparing Like Fractions,https://youtu.be/H3N5To5fO5U?si=Y3IFqQaqTK2GalSa,4:45,Intermediate,7.8,9.868,8.384
Ordering Fractions,Learn Ordering Fractions,https://youtu.be/QECYScPz4sA?si=qJW4l4BvbXma1lOP,10:15,Intermediate,8.5,9.058,8.32
Addition,Add Numbers Faster,https://youtu.be/-x2yAOt_XFY?si=9WXX46kdbQDVhgO8,4:48,Advanced,8.8,7.662,7.905
Ordering Fractions,Introduction to Ordering Fractions,https://youtu.be/rL18ZMgCeKU?si=nixffH9YSe3hdGgm,12:04,Beginner,8.2,7.454,7.53
Simplifying Fractions,Simplifying Fractions,https://www.youtube.com/watch?v=AtBUQH8Tkqc&t=67s,8:30,Beginner,9.0,7.841,8.341
Simplifying Fractions,Introduction to Simplifying Fractions,https://youtu.be/k73w_yZb9SM?si=sIcPAuwAjD24B_pV,7:30,Beginner,8.4,8.306,8.428
Subtraction,Introduction to Subtraction,https://youtu.be/r3qKojj4g4g?si=-XA75LAElZS8jQOy,10:42,Advanced,8.6,8.137,7.882
Subtraction,Subtracting Whole Numbers,https://www.youtube.com/watch?v=z4bTlVxU9C0,8:40,Beginner,8.7,8.833,8.43
Ordering Fractions,Mastering Fractions,https://youtu.be/XvjQcHbUNNw?si=Xyv5SPufpJclBZIf,8:00,Advanced,8.7,8.079,7.938
Addition,Decimal Arithmetic,https://www.youtube.com/watch?v=kwh4SD1ToFc,12:14,Intermediate,9.0,8.295,8.247
Ordering Fractions,Learn Ordering Fractions,https://youtu.be/QECYScPz4sA?si=qJW4l4BvbXma1lOP,10:15,Intermediate,8.5,9.483,8.57
Ordering Fractions,Learn Ordering Fractions,https://youtu.be/QECYScPz4sA?si=qJW4l4BvbXma1lOP,10:15,Intermediate,8.5,7.113,7.552
Multiplication,Long Multiplication for Grade 7,https://www.youtube.com/watch?v=r85EMNbWMiE,21:00,Beginner,9.2,8.527,8.225
Addition,Adding Large Numbers,https://youtu.be/T9asFgfN5bg?si=CI2z3n21hND5aFvQ,5:03,Intermediate,7.8,7.499,7.696
Ordering Fractions,Introduction to Ordering Fractions,https://youtu.be/rL18ZMgCeKU?si=nixffH9YSe3hdGgm,12:04,Beginner,8.2,8.581,8.082
Fractions to Decimals,Convert any Fraction to a Decimal,https://youtu.be/do_IbHId2Os?si=WyTbHiTgY6AaEz_L,6:43,Beginner,8.4,7.34,7.862
Fractions to Decimals,Mastering Fractions to Decimals,https://youtu.be/Mpv7AzOUOqg?si=dMjxnFwXU98D4MpH,9:06,Advanced,8.5,8.249,7.788
Multiplication,Master Long Multiplication,https://youtu.be/GKetIwxaenA?si=9tvgkeqmmfUZ80xX,6:25,Beginner,8.5,9.823,8.801
Fractions to Decimals,Introduction to Fractions to Decimals,https://youtu.be/pDs4a4ijqh0?si=ktPINIYpIFYNILOV,8:00,Intermediate,8.0,9.471,8.415
Simplifying Fractions,Simplifying Fractions,https://www.youtube.com/watch?v=AtBUQH8Tkqc&t=67s,8:30,Beginner,9.0,9.935,8.936
Fractions to Decimals,Converting Fractions to Decimals,https://youtu.be/UtHGpx_yp4U?si=tVG8XzrdqWBZp_hs,7:54,Intermediate,8.7,7.073,7.667
Multiplication,Long Multiplication for Grade 7,https://www.youtube.com/watch?v=r85EMNbWMiE,21:00,Beginner,9.2,9.901,8.526
Fractions to Decimals,Introduction to Fractions to Decimals,https://youtu.be/pDs4a4ijqh0?si=ktPINIYpIFYNILOV,8:00,Intermediate,8.0,9.448,8.215
Multiplication,Long Multiplication for Grade 7,https://www.youtube.com/watch?v=r85EMNbWMiE,21:00,Beginner,9.2,7.545,7.889
Simplifying Fractions,Learn Fraction Simplification,https://youtu.be/IuB8yTJ0-hk?si=8-bnaKA-irwAua1m,6:20,Intermediate,8.0,9.028,8.015
Comparing Fractions,Mastering Comparing Fractions,https://youtu.be/PEqV48jMeXw?si=55QJueBjYIoAgbk0,11:09,Advanced,8.7,7.882,7.955
Fractions to Decimals,Convert any Fraction to a Decimal,https://youtu.be/do_IbHId2Os?si=WyTbHiTgY6AaEz_L,6:43,Beginner,8.4,9.011,8.573
Ordering Fractions,Fraction Ordering,https://youtu.be/76s8ZzK87rA?si=F0Z4GtJkicWyq5_A,14:40,Intermediate,7.9,9.586,8.147
Comparing Fractions,Comparing Like Fractions,https://youtu.be/H3N5To5fO5U?si=Y3IFqQaqTK2GalSa,4:45,Intermediate,7.8,8.827,7.94
Multiplication,Multi-Digit Multiplication,https://youtu.be/dNSrfoYLQZU?si=fjPUGvSBAA5fmj_V,5:02,Advanced,8.3,8.783,8.104
Simplifying Fractions,Learn Fraction Simplification,https://youtu.be/IuB8yTJ0-hk?si=8-bnaKA-irwAua1m,6:20,Intermediate,8.0,9.721,8.26
Division,Basic Division,https://youtu.be/KGMf314LUc0?si=jxaKi8tja1iw8LUl,9:57,Beginner,8.4,8.502,8.233
Addition,Adding Three Decimals,https://youtu.be/sQ1W919fgq8?si=V7TgnmmWgHYc_A5P,4:55,Beginner,8.2,8.628,8.337
Subtraction,Subtracting Large Numbers,https://youtu.be/HlxqCdDrbdc?si=1RAFlZfZuuD3LnjX,5:04,Intermediate,8.0,9.394,8.325
Subtraction,Multi-Digit Subtraction,https://youtu.be/Y6M89-6106I?si=6dT-roRnqAH6OHdl,6:56,Beginner,8.3,7.532,7.855
Simplifying Fractions,Introduction to Simplifying Fractions,https://youtu.be/k73w_yZb9SM?si=sIcPAuwAjD24B_pV,7:30,Beginner,8.4,7.391,7.843
Multiplication,Understanding Multiplication,https://youtu.be/_PyA3CJ-V98?si=mTi02JfyOo0ydPLR,13:18,Intermediate,8.8,9.579,8.546
Subtraction,Introduction to Subtraction,https://youtu.be/r3qKojj4g4g?si=-XA75LAElZS8jQOy,10:42,Advanced,8.6,9.341,8.336
Addition,Add Numbers Faster,https://youtu.be/-x2yAOt_XFY?si=9WXX46kdbQDVhgO8,4:48,Advanced,8.8,9.313,8.618
Comparing Fractions,Mastering Comparing Fractions,https://youtu.be/PEqV48jMeXw?si=55QJueBjYIoAgbk0,11:09,Advanced,8.7,7.595,7.614
Division,Long Division for Grade 7,https://www.youtube.com/watch?v=J15nbHRpSiQ,19:57,Beginner,9.0,7.146,7.587
Ordering Fractions,Mastering Fractions,https://youtu.be/XvjQcHbUNNw?si=Xyv5SPufpJclBZIf,8:00,Advanced,8.7,8.337,8.059
Division,Long Division for Grade 7,https://www.youtube.com/watch?v=J15nbHRpSiQ,19:57,Beginner,9.0,9.526,8.597
Multiplication,Master Long Multiplication,https://youtu.be/GKetIwxaenA?si=9tvgkeqmmfUZ80xX,6:25,Beginner,8.5,9.858,8.864
Subtraction,Subtracting Large Numbers,https://youtu.be/HlxqCdDrbdc?si=1RAFlZfZuuD3LnjX,5:04,Intermediate,8.0,8.235,7.741
Addition,Adding Large Numbers,https://youtu.be/T9asFgfN5bg?si=CI2z3n21hND5aFvQ,5:03,Intermediate,7.8,8.73,8.103
Simplifying Fractions,Reducing Fractions to Simplest Form,https://youtu.be/gVls1-gjIn0?si=vXNqJqUYBvTrC8xT,11:19,Advanced,8.5,7.801,7.785
Fractions to Decimals,Mastering Fractions to Decimals,https://youtu.be/Mpv7AzOUOqg?si=dMjxnFwXU98D4MpH,9:06,Advanced,8.5,7.45,7.57
Simplifying Fractions,Introduction to Simplifying Fractions,https://youtu.be/k73w_yZb9SM?si=sIcPAuwAjD24B_pV,7:30,Beginner,8.4,8.082,8.089
Comparing Fractions,Mastering Comparing Fractions,https://youtu.be/PEqV48jMeXw?si=55QJueBjYIoAgbk0,11:09,Advanced,8.7,7.552,7.681
Fractions to Decimals,Introduction to Fractions to Decimals,https://youtu.be/pDs4a4ijqh0?si=ktPINIYpIFYNILOV,8:00,Intermediate,8.0,8.756,8.014
Comparing Fractions,Comparing Like Fractions,https://youtu.be/H3N5To5fO5U?si=Y3IFqQaqTK2GalSa,4:45,Intermediate,7.8,9.698,8.317
Fractions to Decimals,Introduction to Fractions to Decimals,https://youtu.be/pDs4a4ijqh0?si=ktPINIYpIFYNILOV,8:00,Intermediate,8.0,8.121,7.787
Subtraction,Subtracting Whole Numbers,https://www.youtube.com/watch?v=z4bTlVxU9C0,8:40,Beginner,8.7,8.831,8.263
Comparing Fractions,Comparing Like Fractions,https://youtu.be/H3N5To5fO5U?si=Y3IFqQaqTK2GalSa,4:45,Intermediate,7.8,8.067,7.781
Division,Division Basics for Beginners,https://youtu.be/InIKW_tfhs4?si=i3EqqM2A_6JHTQYh,3:44,Intermediate,7.8,7.124,7.434
Ordering Fractions,Fraction Ordering,https://youtu.be/76s8ZzK87rA?si=F0Z4GtJkicWyq5_A,14:40,Intermediate,7.9,8.714,7.764
Multiplication,Multi-Digit Multiplication,https://youtu.be/dNSrfoYLQZU?si=fjPUGvSBAA5fmj_V,5:02,Advanced,8.3,8.67,8.02
Fractions to Decimals,Converting Fractions to Decimals,https://youtu.be/UtHGpx_yp4U?si=tVG8XzrdqWBZp_hs,7:54,Intermediate,8.7,8.844,8.331
Fractions to Decimals,How to Convert Fractions to Decimals,https://www.youtube.com/watch?v=guBVW5PiHLs&list=PPSV,8:29,Beginner,9.1,8.302,8.243
Multiplication,Multi-Digit Multiplication,https://youtu.be/dNSrfoYLQZU?si=fjPUGvSBAA5fmj_V,5:02,Advanced,8.3,9.803,8.486
Subtraction,Introduction to Subtraction,https://youtu.be/r3qKojj4g4g?si=-XA75LAElZS8jQOy,10:42,Advanced,8.6,8.115,7.889
Multiplication,Long Multiplication for Grade 7,https://www.youtube.com/watch?v=r85EMNbWMiE,21:00,Beginner,9.2,8.633,8.317
Comparing Fractions,Mastering Comparing Fractions,https://youtu.be/PEqV48jMeXw?si=55QJueBjYIoAgbk0,11:09,Advanced,8.7,7.794,7.786
Addition,Add Numbers Faster,https://youtu.be/-x2yAOt_XFY?si=9WXX46kdbQDVhgO8,4:48,Advanced,8.8,9.283,8.726
Multiplication,Box Method Multiplication,https://youtu.be/n3q3XzzIGSY?si=goczDT3wCWGEkSvm,7:19,Intermediate,8.0,9.403,8.305
Addition,Adding Large Numbers,https://youtu.be/T9asFgfN5bg?si=CI2z3n21hND5aFvQ,5:03,Intermediate,7.8,7.094,7.287
Simplifying Fractions,Introduction to Simplifying Fractions,https://youtu.be/k73w_yZb9SM?si=sIcPAuwAjD24B_pV,7:30,Beginner,8.4,7.15,7.674
Multiplication,Multi-Digit Multiplication,https://youtu.be/dNSrfoYLQZU?si=fjPUGvSBAA5fmj_V,5:02,Advanced,8.3,7.971,7.878
Multiplication,Master Long Multiplication,https://youtu.be/GKetIwxaenA?si=9tvgkeqmmfUZ80xX,6:25,Beginner,8.5,7.689,8.075
Fractions to Decimals,Mastering Fractions to Decimals,https://youtu.be/Mpv7AzOUOqg?si=dMjxnFwXU98D4MpH,9:06,Advanced,8.5,8.929,8.129
Division,Smart Long Division,https://youtu.be/HJYHNxS64f0?si=PJiPytkuwiCJhiuV,14:40,Advanced,8.9,9.783,8.585
Fractions to Decimals,How to Convert Fractions to Decimals,https://www.youtube.com/watch?v=guBVW5PiHLs&list=PPSV,8:29,Beginner,9.1,9.935,9.014
Multiplication,Understanding Multiplication,https://youtu.be/_PyA3CJ-V98?si=mTi02JfyOo0ydPLR,13:18,Intermediate,8.8,8.157,7.945
Subtraction,Introduction to Subtraction,https://youtu.be/r3qKojj4g4g?si=-XA75LAElZS8jQOy,10:42,Advanced,8.6,7.636,7.78
Ordering Fractions,Introduction to Ordering Fractions,https://youtu.be/rL18ZMgCeKU?si=nixffH9YSe3hdGgm,12:04,Beginner,8.2,9.269,8.272
Ordering Fractions,Fraction Ordering,https://youtu.be/76s8ZzK87rA?si=F0Z4GtJkicWyq5_A,14:40,Intermediate,7.9,7.268,7.396
Subtraction,Introduction to Subtraction,https://youtu.be/r3qKojj4g4g?si=-XA75LAElZS8jQOy,10:42,Advanced,8.6,7.422,7.643
Multiplication,Understanding Multiplication,https://youtu.be/_PyA3CJ-V98?si=mTi02JfyOo0ydPLR,13:18,Intermediate,8.8,7.254,7.688
Fractions to Decimals,Convert any Fraction to a Decimal,https://youtu.be/do_IbHId2Os?si=WyTbHiTgY6AaEz_L,6:43,Beginner,8.4,7.961,8.136
Fractions to Decimals,Convert any Fraction to a Decimal,https://youtu.be/do_IbHId2Os?si=WyTbHiTgY6AaEz_L,6:43,Beginner,8.4,7.94,7.939
Ordering Fractions,How to Order Fractions,https://www.youtube.com/watch?v=i2PfHDs88YE,6:33,Beginner,8.8,8.085,8.3
Subtraction,Subtracting Large Numbers,https://youtu.be/HlxqCdDrbdc?si=1RAFlZfZuuD3LnjX,5:04,Intermediate,8.0,8.392,7.726
Comparing Fractions,Mastering Comparing Fractions,https://youtu.be/PEqV48jMeXw?si=55QJueBjYIoAgbk0,11:09,Advanced,8.7,9.355,8.357
Subtraction,Subtracting Whole Numbers,https://www.youtube.com/watch?v=z4bTlVxU9C0,8:40,Beginner,8.7,8.557,8.459
Subtraction,Introduction to Subtraction,https://youtu.be/r3qKojj4g4g?si=-XA75LAElZS8jQOy,10:42,Advanced,8.6,8.735,8.074
Fractions to Decimals,Convert any Fraction to a Decimal,https://youtu.be/do_IbHId2Os?si=WyTbHiTgY6AaEz_L,6:43,Beginner,8.4,7.223,7.917
Ordering Fractions,Fraction Ordering,https://youtu.be/76s8ZzK87rA?si=F0Z4GtJkicWyq5_A,14:40,Intermediate,7.9,8.63,7.808
Division,Division Basics for Beginners,https://youtu.be/InIKW_tfhs4?si=i3EqqM2A_6JHTQYh,3:44,Intermediate,7.8,9.909,8.393
Subtraction,Smart Subtraction,https://youtu.be/3fYgZgbOJmM?si=0Xq66JMU0XrVlOsn,13:38,Intermediate,7.9,7.422,7.257
Ordering Fractions,How to Order Fractions,https://www.youtube.com/watch?v=i2PfHDs88YE,6:33,Beginner,8.8,8.219,8.424
Subtraction,Introduction to Subtraction,https://youtu.be/r3qKojj4g4g?si=-XA75LAElZS8jQOy,10:42,Advanced,8.6,9.974,8.56
Fractions to Decimals,How to Convert Fractions to Decimals,https://www.youtube.com/watch?v=guBVW5PiHLs&list=PPSV,8:29,Beginner,9.1,7.118,7.907
Fractions to Decimals,Mastering Fractions to Decimals,https://youtu.be/Mpv7AzOUOqg?si=dMjxnFwXU98D4MpH,9:06,Advanced,8.5,9.438,8.306
Ordering Fractions,Fraction Ordering,https://youtu.be/76s8ZzK87rA?si=F0Z4GtJkicWyq5_A,14:40,Intermediate,7.9,7.483,7.212
Simplifying Fractions,Simplifying Fractions,https://www.youtube.com/watch?v=AtBUQH8Tkqc&t=67s,8:30,Beginner,9.0,9.463,8.779
Fractions to Decimals,How to Convert Fractions to Decimals,https://www.youtube.com/watch?v=guBVW5PiHLs&list=PPSV,8:29,Beginner,9.1,7.567,8.394
Addition,Adding Three Decimals,https://youtu.be/sQ1W919fgq8?si=V7TgnmmWgHYc_A5P,4:55,Beginner,8.2,8.165,8.129
Fractions to Decimals,Introduction to Fractions to Decimals,https://youtu.be/pDs4a4ijqh0?si=ktPINIYpIFYNILOV,8:00,Intermediate,8.0,9.227,8.204
Ordering Fractions,Learn Ordering Fractions,https://youtu.be/QECYScPz4sA?si=qJW4l4BvbXma1lOP,10:15,Intermediate,8.5,8.546,8.156
Subtraction,Subtracting Whole Numbers,https://www.youtube.com/watch?v=z4bTlVxU9C0,8:40,Beginner,8.7,9.889,8.891
Multiplication,Multi-Digit Multiplication,https://youtu.be/dNSrfoYLQZU?si=fjPUGvSBAA5fmj_V,5:02,Advanced,8.3,7.151,7.442
Ordering Fractions,How to Order Fractions,https://www.youtube.com/watch?v=i2PfHDs88YE,6:33,Beginner,8.8,8.328,8.437
Comparing Fractions,Mastering Comparing Fractions,https://youtu.be/PEqV48jMeXw?si=55QJueBjYIoAgbk0,11:09,Advanced,8.7,9.777,8.449
Comparing Fractions,Comparing Like Fractions,https://youtu.be/H3N5To5fO5U?si=Y3IFqQaqTK2GalSa,4:45,Intermediate,7.8,8.391,8.015
Addition,Adding Large Numbers,https://youtu.be/T9asFgfN5bg?si=CI2z3n21hND5aFvQ,5:03,Intermediate,7.8,8.771,8.137
Simplifying Fractions,Learn Fraction Simplification,https://youtu.be/IuB8yTJ0-hk?si=8-bnaKA-irwAua1m,6:20,Intermediate,8.0,9.396,8.322
Simplifying Fractions,Simplifying Fractions,https://www.youtube.com/watch?v=AtBUQH8Tkqc&t=67s,8:30,Beginner,9.0,9.045,8.608
Multiplication,Long Multiplication for Grade 7,https://www.youtube.com/watch?v=r85EMNbWMiE,21:00,Beginner,9.2,9.941,8.758
Simplifying Fractions,Introduction to Simplifying Fractions,https://youtu.be/k73w_yZb9SM?si=sIcPAuwAjD24B_pV,7:30,Beginner,8.4,9.031,8.503
Addition,Add Numbers Faster,https://youtu.be/-x2yAOt_XFY?si=9WXX46kdbQDVhgO8,4:48,Advanced,8.8,7.264,7.612
Comparing Fractions,Introduction to Comparing Fractions,https://www.youtube.com/watch?v=KNdUJQ_qd4U,6:30,Beginner,8.3,8.66,8.144
Ordering Fractions,Fraction Ordering,https://youtu.be/76s8ZzK87rA?si=F0Z4GtJkicWyq5_A,14:40,Intermediate,7.9,7.754,7.683
Division,Long Division with 2-Digit Divisors,https://youtu.be/HdU_rf7eMTI?si=Pr40TqBRgGXrpLxG,13:04,Intermediate,8.6,8.105,7.96
Comparing Fractions,Comparing Fractions,https://www.youtube.com/watch?v=u_QTuWj107o,7:42,Beginner,8.9,8.494,8.391
Fractions to Decimals,Converting Fractions to Decimals,https://youtu.be/UtHGpx_yp4U?si=tVG8XzrdqWBZp_hs,7:54,Intermediate,8.7,7.669,8.091
Comparing Fractions,Comparing Fractions,https://www.youtube.com/watch?v=u_QTuWj107o,7:42,Beginner,8.9,7.24,7.968
Comparing Fractions,Comparing Like Fractions,https://youtu.be/H3N5To5fO5U?si=Y3IFqQaqTK2GalSa,4:45,Intermediate,7.8,9.413,8.254
Simplifying Fractions,Introduction to Simplifying Fractions,https://youtu.be/k73w_yZb9SM?si=sIcPAuwAjD24B_pV,7:30,Beginner,8.4,9.081,8.526
Division,Division Basics for Beginners,https://youtu.be/InIKW_tfhs4?si=i3EqqM2A_6JHTQYh,3:44,Intermediate,7.8,9.729,8.441
Multiplication,Understanding Multiplication,https://youtu.be/_PyA3CJ-V98?si=mTi02JfyOo0ydPLR,13:18,Intermediate,8.8,7.898,7.871
Comparing Fractions,Comparing Fractions with different Denominators,https://youtu.be/d6fCqzuWjbo?si=eVQb7MoRlFCtsvGj,10:11,Intermediate,8.6,8.521,8.199
Subtraction,Smart Subtraction,https://youtu.be/3fYgZgbOJmM?si=0Xq66JMU0XrVlOsn,13:38,Intermediate,7.9,7.076,7.191
Ordering Fractions,Learn Ordering Fractions,https://youtu.be/QECYScPz4sA?si=qJW4l4BvbXma1lOP,10:15,Intermediate,8.5,8.974,8.311
Ordering Fractions,Fraction Ordering,https://youtu.be/76s8ZzK87rA?si=F0Z4GtJkicWyq5_A,14:40,Intermediate,7.9,7.889,7.296
Ordering Fractions,How to Order Fractions,https://www.youtube.com/watch?v=i2PfHDs88YE,6:33,Beginner,8.8,7.265,8.099
Fractions to Decimals,Converting Fractions to Decimals,https://youtu.be/UtHGpx_yp4U?si=tVG8XzrdqWBZp_hs,7:54,Intermediate,8.7,7.002,7.606
Subtraction,Subtracting Whole Numbers,https://www.youtube.com/watch?v=z4bTlVxU9C0,8:40,Beginner,8.7,8.196,8.289
Ordering Fractions,Learn Ordering Fractions,https://youtu.be/QECYScPz4sA?si=qJW4l4BvbXma1lOP,10:15,Intermediate,8.5,9.434,8.321
Fractions to Decimals,Convert any Fraction to a Decimal,https://youtu.be/do_IbHId2Os?si=WyTbHiTgY6AaEz_L,6:43,Beginner,8.4,9.837,8.615
Subtraction,Subtracting Whole Numbers,https://www.youtube.com/watch?v=z4bTlVxU9C0,8:40,Beginner,8.7,9.7,8.781
Addition,Adding Large Numbers,https://youtu.be/T9asFgfN5bg?si=CI2z3n21hND5aFvQ,5:03,Intermediate,7.8,8.083,7.86
Fractions to Decimals,How to Convert Fractions to Decimals,https://www.youtube.com/watch?v=guBVW5PiHLs&list=PPSV,8:29,Beginner,9.1,9.006,8.578
Multiplication,Understanding Multiplication,https://youtu.be/_PyA3CJ-V98?si=mTi02JfyOo0ydPLR,13:18,Intermediate,8.8,7.442,7.725
Subtraction,Multi-Digit Subtraction,https://youtu.be/Y6M89-6106I?si=6dT-roRnqAH6OHdl,6:56,Beginner,8.3,7.48,7.897
Fractions to Decimals,Convert any Fraction to a Decimal,https://youtu.be/do_IbHId2Os?si=WyTbHiTgY6AaEz_L,6:43,Beginner,8.4,7.506,7.726
Comparing Fractions,Introduction to Comparing Fractions,https://www.youtube.com/watch?v=KNdUJQ_qd4U,6:30,Beginner,8.3,8.494,8.256
Addition,Add Numbers Faster,https://youtu.be/-x2yAOt_XFY?si=9WXX46kdbQDVhgO8,4:48,Advanced,8.8,9.249,8.526
Addition,Multi-Digit Addition,https://youtu.be/mAvuom42NyY?si=3Om627A44-sGimLU,6:28,Beginner,8.5,9.688,8.763
Addition,Adding Large Numbers,https://youtu.be/T9asFgfN5bg?si=CI2z3n21hND5aFvQ,5:03,Intermediate,7.8,7.08,7.497
Ordering Fractions,Mastering Fractions,https://youtu.be/XvjQcHbUNNw?si=Xyv5SPufpJclBZIf,8:00,Advanced,8.7,8.288,8.092
Multiplication,Box Method Multiplication,https://youtu.be/n3q3XzzIGSY?si=goczDT3wCWGEkSvm,7:19,Intermediate,8.0,9.027,8.184
Simplifying Fractions,Reducing Fractions to Simplest Form,https://youtu.be/gVls1-gjIn0?si=vXNqJqUYBvTrC8xT,11:19,Advanced,8.5,8.288,7.807
Comparing Fractions,Comparing Like Fractions,https://youtu.be/H3N5To5fO5U?si=Y3IFqQaqTK2GalSa,4:45,Intermediate,7.8,9.217,8.097
Ordering Fractions,Fraction Ordering,https://youtu.be/76s8ZzK87rA?si=F0Z4GtJkicWyq5_A,14:40,Intermediate,7.9,8.137,7.379
Simplifying Fractions,How to Simplify Fractions,https://youtu.be/R-FXE3g8GpU?si=TcmelTK3iD3Nzco1,16:06,Intermediate,8.7,8.333,8.066
Division,Basic Division,https://youtu.be/KGMf314LUc0?si=jxaKi8tja1iw8LUl,9:57,Beginner,8.4,8.032,7.912
Subtraction,Multi-Digit Subtraction,https://youtu.be/Y6M89-6106I?si=6dT-roRnqAH6OHdl,6:56,Beginner,8.3,7.294,7.699
Ordering Fractions,How to Order Fractions,https://www.youtube.com/watch?v=i2PfHDs88YE,6:33,Beginner,8.8,7.632,8.384
Comparing Fractions,Introduction to Comparing Fractions,https://www.youtube.com/watch?v=KNdUJQ_qd4U,6:30,Beginner,8.3,7.2,7.751
Fractions to Decimals,Convert any Fraction to a Decimal,https://youtu.be/do_IbHId2Os?si=WyTbHiTgY6AaEz_L,6:43,Beginner,8.4,8.698,8.417
Comparing Fractions,Comparing Fractions with different Denominators,https://youtu.be/d6fCqzuWjbo?si=eVQb7MoRlFCtsvGj,10:11,Intermediate,8.6,8.152,7.97
Division,Smart Long Division,https://youtu.be/HJYHNxS64f0?si=PJiPytkuwiCJhiuV,14:40,Advanced,8.9,7.337,7.543
Simplifying Fractions,Simplifying Fractions,https://www.youtube.com/watch?v=AtBUQH8Tkqc&t=67s,8:30,Beginner,9.0,8.837,8.549
Subtraction,Smart Subtraction,https://youtu.be/3fYgZgbOJmM?si=0Xq66JMU0XrVlOsn,13:38,Intermediate,7.9,7.117,7.213
Comparing Fractions,Introduction to Comparing Fractions,https://www.youtube.com/watch?v=KNdUJQ_qd4U,6:30,Beginner,8.3,8.289,8.074
Fractions to Decimals,Converting Fractions to Decimals,https://youtu.be/UtHGpx_yp4U?si=tVG8XzrdqWBZp_hs,7:54,Intermediate,8.7,7.594,7.91
Ordering Fractions,Introduction to Ordering Fractions,https://youtu.be/rL18ZMgCeKU?si=nixffH9YSe3hdGgm,12:04,Beginner,8.2,8.222,8.007
Comparing Fractions,Comparing Fractions with different Denominators,https://youtu.be/d6fCqzuWjbo?si=eVQb7MoRlFCtsvGj,10:11,Intermediate,8.6,7.193,7.596
Multiplication,Understanding Multiplication,https://youtu.be/_PyA3CJ-V98?si=mTi02JfyOo0ydPLR,13:18,Intermediate,8.8,7.59,7.731
Division,Smart Long Division,https://youtu.be/HJYHNxS64f0?si=PJiPytkuwiCJhiuV,14:40,Advanced,8.9,9.123,8.395
Fractions to Decimals,Mastering Fractions to Decimals,https://youtu.be/Mpv7AzOUOqg?si=dMjxnFwXU98D4MpH,9:06,Advanced,8.5,7.597,7.672
Simplifying Fractions,How to Simplify Fractions,https://youtu.be/R-FXE3g8GpU?si=TcmelTK3iD3Nzco1,16:06,Intermediate,8.7,8.768,8.123
Multiplication,Box Method Multiplication,https://youtu.be/n3q3XzzIGSY?si=goczDT3wCWGEkSvm,7:19,Intermediate,8.0,8.507,7.901
Subtraction,Multi-Digit Subtraction,https://youtu.be/Y6M89-6106I?si=6dT-roRnqAH6OHdl,6:56,Beginner,8.3,7.115,7.727
Fractions to Decimals,Introduction to Fractions to Decimals,https://youtu.be/pDs4a4ijqh0?si=ktPINIYpIFYNILOV,8:00,Intermediate,8.0,8.458,7.804
Subtraction,Subtracting Large Numbers,https://youtu.be/HlxqCdDrbdc?si=1RAFlZfZuuD3LnjX,5:04,Intermediate,8.0,8.378,7.734
Simplifying Fractions,Introduction to Simplifying Fractions,https://youtu.be/k73w_yZb9SM?si=sIcPAuwAjD24B_pV,7:30,Beginner,8.4,9.279,8.574
Addition,Decimal Arithmetic,https://www.youtube.com/watch?v=kwh4SD1ToFc,12:14,Intermediate,9.0,8.596,8.347
Ordering Fractions,Learn Ordering Fractions,https://youtu.be/QECYScPz4sA?si=qJW4l4BvbXma1lOP,10:15,Intermediate,8.5,7.264,7.634
Ordering Fractions,Mastering Fractions,https://youtu.be/XvjQcHbUNNw?si=Xyv5SPufpJclBZIf,8:00,Advanced,8.7,8.76,8.287
Multiplication,Long Multiplication for Grade 7,https://www.youtube.com/watch?v=r85EMNbWMiE,21:00,Beginner,9.2,7.92,8.216
Subtraction,Smart Subtraction,https://youtu.be/3fYgZgbOJmM?si=0Xq66JMU0XrVlOsn,13:38,Intermediate,7.9,7.241,7.363
Ordering Fractions,Learn Ordering Fractions,https://youtu.be/QECYScPz4sA?si=qJW4l4BvbXma1lOP,10:15,Intermediate,8.5,8.658,7.931
Multiplication,Box Method Multiplication,https://youtu.be/n3q3XzzIGSY?si=goczDT3wCWGEkSvm,7:19,Intermediate,8.0,7.493,7.751
Division,Smart Long Division,https://youtu.be/HJYHNxS64f0?si=PJiPytkuwiCJhiuV,14:40,Advanced,8.9,9.993,8.568
Fractions to Decimals,Mastering Fractions to Decimals,https://youtu.be/Mpv7AzOUOqg?si=dMjxnFwXU98D4MpH,9:06,Advanced,8.5,8.164,7.899
Fractions to Decimals,Convert any Fraction to a Decimal,https://youtu.be/do_IbHId2Os?si=WyTbHiTgY6AaEz_L,6:43,Beginner,8.4,7.113,7.975
Simplifying Fractions,How to Simplify Fractions,https://youtu.be/R-FXE3g8GpU?si=TcmelTK3iD3Nzco1,16:06,Intermediate,8.7,9.543,8.372
Division,Basic Division,https://youtu.be/KGMf314LUc0?si=jxaKi8tja1iw8LUl,9:57,Beginner,8.4,8.292,8.096
Simplifying Fractions,Simplifying Fractions,https://www.youtube.com/watch?v=AtBUQH8Tkqc&t=67s,8:30,Beginner,9.0,7.727,8.171
Simplifying Fractions,Reducing Fractions to Simplest Form,https://youtu.be/gVls1-gjIn0?si=vXNqJqUYBvTrC8xT,11:19,Advanced,8.5,9.131,8.241
Multiplication,Box Method Multiplication,https://youtu.be/n3q3XzzIGSY?si=goczDT3wCWGEkSvm,7:19,Intermediate,8.0,7.572,7.671
Division,Smart Long Division,https://youtu.be/HJYHNxS64f0?si=PJiPytkuwiCJhiuV,14:40,Advanced,8.9,8.917,8.15
Division,Long Division with 2-Digit Divisors,https://youtu.be/HdU_rf7eMTI?si=Pr40TqBRgGXrpLxG,13:04,Intermediate,8.6,8.381,8.006
Ordering Fractions,Fraction Ordering,https://youtu.be/76s8ZzK87rA?si=F0Z4GtJkicWyq5_A,14:40,Intermediate,7.9,9.41,7.886
Simplifying Fractions,How to Simplify Fractions,https://youtu.be/R-FXE3g8GpU?si=TcmelTK3iD3Nzco1,16:06,Intermediate,8.7,9.81,8.64
Ordering Fractions,Mastering Fractions,https://youtu.be/XvjQcHbUNNw?si=Xyv5SPufpJclBZIf,8:00,Advanced,8.7,7.001,7.695
Division,Division Basics for Beginners,https://youtu.be/InIKW_tfhs4?si=i3EqqM2A_6JHTQYh,3:44,Intermediate,7.8,8.707,8.071
Ordering Fractions,Mastering Fractions,https://youtu.be/XvjQcHbUNNw?si=Xyv5SPufpJclBZIf,8:00,Advanced,8.7,7.582,7.615
Simplifying Fractions,How to Simplify Fractions,https://youtu.be/R-FXE3g8GpU?si=TcmelTK3iD3Nzco1,16:06,Intermediate,8.7,7.289,7.506
Comparing Fractions,Comparing Fractions with different Denominators,https://youtu.be/d6fCqzuWjbo?si=eVQb7MoRlFCtsvGj,10:11,Intermediate,8.6,7.757,8.035
Fractions to Decimals,Convert any Fraction to a Decimal,https://youtu.be/do_IbHId2Os?si=WyTbHiTgY6AaEz_L,6:43,Beginner,8.4,8.67,8.171
Ordering Fractions,Introduction to Ordering Fractions,https://youtu.be/rL18ZMgCeKU?si=nixffH9YSe3hdGgm,12:04,Beginner,8.2,7.012,7.576
Fractions to Decimals,Introduction to Fractions to Decimals,https://youtu.be/pDs4a4ijqh0?si=ktPINIYpIFYNILOV,8:00,Intermediate,8.0,8.655,7.824
Multiplication,Box Method Multiplication,https://youtu.be/n3q3XzzIGSY?si=goczDT3wCWGEkSvm,7:19,Intermediate,8.0,9.199,8.124
Comparing Fractions,Comparing Like Fractions,https://youtu.be/H3N5To5fO5U?si=Y3IFqQaqTK2GalSa,4:45,Intermediate,7.8,9.154,8.029
Fractions to Decimals,How to Convert Fractions to Decimals,https://www.youtube.com/watch?v=guBVW5PiHLs&list=PPSV,8:29,Beginner,9.1,9.418,8.884
Division,Long Division with 2-Digit Divisors,https://youtu.be/HdU_rf7eMTI?si=Pr40TqBRgGXrpLxG,13:04,Intermediate,8.6,7.894,7.826
Addition,Add Numbers Faster,https://youtu.be/-x2yAOt_XFY?si=9WXX46kdbQDVhgO8,4:48,Advanced,8.8,7.035,7.699
Multiplication,Master Long Multiplication,https://youtu.be/GKetIwxaenA?si=9tvgkeqmmfUZ80xX,6:25,Beginner,8.5,8.677,8.395
Comparing Fractions,Comparing Fractions with different Denominators,https://youtu.be/d6fCqzuWjbo?si=eVQb7MoRlFCtsvGj,10:11,Intermediate,8.6,7.84,7.902
Fractions to Decimals,Convert any Fraction to a Decimal,https://youtu.be/do_IbHId2Os?si=WyTbHiTgY6AaEz_L,6:43,Beginner,8.4,9.986,8.712
Simplifying Fractions,Introduction to Simplifying Fractions,https://youtu.be/k73w_yZb9SM?si=sIcPAuwAjD24B_pV,7:30,Beginner,8.4,7.712,8.15
Fractions to Decimals,Mastering Fractions to Decimals,https://youtu.be/Mpv7AzOUOqg?si=dMjxnFwXU98D4MpH,9:06,Advanced,8.5,8.769,8.074
Addition,Add Numbers Faster,https://youtu.be/-x2yAOt_XFY?si=9WXX46kdbQDVhgO8,4:48,Advanced,8.8,9.33,8.25
Ordering Fractions,Learn Ordering Fractions,https://youtu.be/QECYScPz4sA?si=qJW4l4BvbXma1lOP,10:15,Intermediate,8.5,7.179,7.58
Addition,Add Numbers Faster,https://youtu.be/-x2yAOt_XFY?si=9WXX46kdbQDVhgO8,4:48,Advanced,8.8,8.026,8.252
Subtraction,Smart Subtraction,https://youtu.be/3fYgZgbOJmM?si=0Xq66JMU0XrVlOsn,13:38,Intermediate,7.9,7.462,7.277
Multiplication,Box Method Multiplication,https://youtu.be/n3q3XzzIGSY?si=goczDT3wCWGEkSvm,7:19,Intermediate,8.0,8.21,7.709
Subtraction,Smart Subtraction,https://youtu.be/3fYgZgbOJmM?si=0Xq66JMU0XrVlOsn,13:38,Intermediate,7.9,8.321,7.617
Division,Long Division for Grade 7,https://www.youtube.com/watch?v=J15nbHRpSiQ,19:57,Beginner,9.0,8.193,7.988
Subtraction,Introduction to Subtraction,https://youtu.be/r3qKojj4g4g?si=-XA75LAElZS8jQOy,10:42,Advanced,8.6,9.14,8.154
Ordering Fractions,Learn Ordering Fractions,https://youtu.be/QECYScPz4sA?si=qJW4l4BvbXma1lOP,10:15,Intermediate,8.5,9.169,8.343
Addition,Multi-Digit Addition,https://youtu.be/mAvuom42NyY?si=3Om627A44-sGimLU,6:28,Beginner,8.5,9.723,8.747
Subtraction,Subtracting Whole Numbers,https://www.youtube.com/watch?v=z4bTlVxU9C0,8:40,Beginner,8.7,9.127,8.618
Simplifying Fractions,Learn Fraction Simplification,https://youtu.be/IuB8yTJ0-hk?si=8-bnaKA-irwAua1m,6:20,Intermediate,8.0,9.559,8.482
Fractions to Decimals,Mastering Fractions to Decimals,https://youtu.be/Mpv7AzOUOqg?si=dMjxnFwXU98D4MpH,9:06,Advanced,8.5,9.958,8.596
Subtraction,Multi-Digit Subtraction,https://youtu.be/Y6M89-6106I?si=6dT-roRnqAH6OHdl,6:56,Beginner,8.3,9.361,8.535
Addition,Multi-Digit Addition,https://youtu.be/mAvuom42NyY?si=3Om627A44-sGimLU,6:28,Beginner,8.5,7.512,7.972
Simplifying Fractions,Learn Fraction Simplification,https://youtu.be/IuB8yTJ0-hk?si=8-bnaKA-irwAua1m,6:20,Intermediate,8.0,8.731,8.183
Simplifying Fractions,How to Simplify Fractions,https://youtu.be/R-FXE3g8GpU?si=TcmelTK3iD3Nzco1,16:06,Intermediate,8.7,9.036,8.193
Subtraction,Subtracting Whole Numbers,https://www.youtube.com/watch?v=z4bTlVxU9C0,8:40,Beginner,8.7,9.215,8.518
Simplifying Fractions,Simplifying Fractions,https://www.youtube.com/watch?v=AtBUQH8Tkqc&t=67s,8:30,Beginner,9.0,9.038,8.575
Comparing Fractions,Mastering Comparing Fractions,https://youtu.be/PEqV48jMeXw?si=55QJueBjYIoAgbk0,11:09,Advanced,8.7,9.67,8.207
Comparing Fractions,Comparing Like Fractions,https://youtu.be/H3N5To5fO5U?si=Y3IFqQaqTK2GalSa,4:45,Intermediate,7.8,7.058,7.31
Subtraction,Subtracting Large Numbers,https://youtu.be/HlxqCdDrbdc?si=1RAFlZfZuuD3LnjX,5:04,Intermediate,8.0,9.478,8.328
Subtraction,Subtracting Large Numbers,https://youtu.be/HlxqCdDrbdc?si=1RAFlZfZuuD3LnjX,5:04,Intermediate,8.0,8.953,8.122
Addition,Multi-Digit Addition,https://youtu.be/mAvuom42NyY?si=3Om627A44-sGimLU,6:28,Beginner,8.5,7.55,8.03
Ordering Fractions,Mastering Fractions,https://youtu.be/XvjQcHbUNNw?si=Xyv5SPufpJclBZIf,8:00,Advanced,8.7,9.635,8.523
Ordering Fractions,Mastering Fractions,https://youtu.be/XvjQcHbUNNw?si=Xyv5SPufpJclBZIf,8:00,Advanced,8.7,8.64,8.039
Ordering Fractions,Introduction to Ordering Fractions,https://youtu.be/rL18ZMgCeKU?si=nixffH9YSe3hdGgm,12:04,Beginner,8.2,7.232,7.746
Division,Smart Long Division,https://youtu.be/HJYHNxS64f0?si=PJiPytkuwiCJhiuV,14:40,Advanced,8.9,9.048,8.267
Comparing Fractions,Comparing Fractions,https://www.youtube.com/watch?v=u_QTuWj107o,7:42,Beginner,8.9,8.612,8.58
Multiplication,Box Method Multiplication,https://youtu.be/n3q3XzzIGSY?si=goczDT3wCWGEkSvm,7:19,Intermediate,8.0,7.31,7.535
Subtraction,Introduction to Subtraction,https://youtu.be/r3qKojj4g4g?si=-XA75LAElZS8jQOy,10:42,Advanced,8.6,8.479,8.198
Fractions to Decimals,Convert any Fraction to a Decimal,https://youtu.be/do_IbHId2Os?si=WyTbHiTgY6AaEz_L,6:43,Beginner,8.4,8.629,8.281
Addition,Add Numbers Faster,https://youtu.be/-x2yAOt_XFY?si=9WXX46kdbQDVhgO8,4:48,Advanced,8.8,8.366,8.041
Comparing Fractions,Comparing Fractions,https://www.youtube.com/watch?v=u_QTuWj107o,7:42,Beginner,8.9,8.82,8.445
Fractions to Decimals,Mastering Fractions to Decimals,https://youtu.be/Mpv7AzOUOqg?si=dMjxnFwXU98D4MpH,9:06,Advanced,8.5,9.795,8.424
Comparing Fractions,Comparing Like Fractions,https://youtu.be/H3N5To5fO5U?si=Y3IFqQaqTK2GalSa,4:45,Intermediate,7.8,8.671,7.858
Subtraction,Multi-Digit Subtraction,https://youtu.be/Y6M89-6106I?si=6dT-roRnqAH6OHdl,6:56,Beginner,8.3,7.365,7.703
Division,Long Division for Grade 7,https://www.youtube.com/watch?v=J15nbHRpSiQ,19:57,Beginner,9.0,8.722,8.083
Ordering Fractions,Learn Ordering Fractions,https://youtu.be/QECYScPz4sA?si=qJW4l4BvbXma1lOP,10:15,Intermediate,8.5,8.396,8.105
Subtraction,Introduction to Subtraction,https://youtu.be/r3qKojj4g4g?si=-XA75LAElZS8jQOy,10:42,Advanced,8.6,8.097,7.848
Subtraction,Subtracting Large Numbers,https://youtu.be/HlxqCdDrbdc?si=1RAFlZfZuuD3LnjX,5:04,Intermediate,8.0,7.606,7.692
Ordering Fractions,Introduction to Ordering Fractions,https://youtu.be/rL18ZMgCeKU?si=nixffH9YSe3hdGgm,12:04,Beginner,8.2,8.529,7.93
Simplifying Fractions,Simplifying Fractions,https://www.youtube.com/watch?v=AtBUQH8Tkqc&t=67s,8:30,Beginner,9.0,9.502,8.962
Comparing Fractions,Comparing Fractions,https://www.youtube.com/watch?v=u_QTuWj107o,7:42,Beginner,8.9,8.487,8.565
Division,Long Division with 2-Digit Divisors,https://youtu.be/HdU_rf7eMTI?si=Pr40TqBRgGXrpLxG,13:04,Intermediate,8.6,7.464,7.76
Comparing Fractions,Comparing Fractions with different Denominators,https://youtu.be/d6fCqzuWjbo?si=eVQb7MoRlFCtsvGj,10:11,Intermediate,8.6,8.485,8.297
Comparing Fractions,Comparing Like Fractions,https://youtu.be/H3N5To5fO5U?si=Y3IFqQaqTK2GalSa,4:45,Intermediate,7.8,8.843,8.124
Ordering Fractions,Fraction Ordering,https://youtu.be/76s8ZzK87rA?si=F0Z4GtJkicWyq5_A,14:40,Intermediate,7.9,8.666,7.669
Addition,Add Numbers Faster,https://youtu.be/-x2yAOt_XFY?si=9WXX46kdbQDVhgO8,4:48,Advanced,8.8,8.354,8.197
Division,Smart Long Division,https://youtu.be/HJYHNxS64f0?si=PJiPytkuwiCJhiuV,14:40,Advanced,8.9,9.303,8.498
Multiplication,Multi-Digit Multiplication,https://youtu.be/dNSrfoYLQZU?si=fjPUGvSBAA5fmj_V,5:02,Advanced,8.3,7.7,7.851
Addition,Add Numbers Faster,https://youtu.be/-x2yAOt_XFY?si=9WXX46kdbQDVhgO8,4:48,Advanced,8.8,8.909,8.492
Ordering Fractions,Learn Ordering Fractions,https://youtu.be/QECYScPz4sA?si=qJW4l4BvbXma1lOP,10:15,Intermediate,8.5,9.523,8.695
Comparing Fractions,Mastering Comparing Fractions,https://youtu.be/PEqV48jMeXw?si=55QJueBjYIoAgbk0,11:09,Advanced,8.7,7.633,7.77
Fractions to Decimals,How to Convert Fractions to Decimals,https://www.youtube.com/watch?v=guBVW5PiHLs&list=PPSV,8:29,Beginner,9.1,8.333,8.361
Subtraction,Multi-Digit Subtraction,https://youtu.be/Y6M89-6106I?si=6dT-roRnqAH6OHdl,6:56,Beginner,8.3,9.265,8.667
Comparing Fractions,Comparing Fractions with different Denominators,https://youtu.be/d6fCqzuWjbo?si=eVQb7MoRlFCtsvGj,10:11,Intermediate,8.6,9.745,8.474
Multiplication,Master Long Multiplication,https://youtu.be/GKetIwxaenA?si=9tvgkeqmmfUZ80xX,6:25,Beginner,8.5,7.61,7.928
Ordering Fractions,How to Order Fractions,https://www.youtube.com/watch?v=i2PfHDs88YE,6:33,Beginner,8.8,7.613,8.091
Addition,Adding Three Decimals,https://youtu.be/sQ1W919fgq8?si=V7TgnmmWgHYc_A5P,4:55,Beginner,8.2,9.329,8.448
Ordering Fractions,Mastering Fractions,https://youtu.be/XvjQcHbUNNw?si=Xyv5SPufpJclBZIf,8:00,Advanced,8.7,9.299,8.308
Multiplication,Box Method Multiplication,https://youtu.be/n3q3XzzIGSY?si=goczDT3wCWGEkSvm,7:19,Intermediate,8.0,8.377,7.904
Ordering Fractions,Fraction Ordering,https://youtu.be/76s8ZzK87rA?si=F0Z4GtJkicWyq5_A,14:40,Intermediate,7.9,9.79,8.046
Simplifying Fractions,Reducing Fractions to Simplest Form,https://youtu.be/gVls1-gjIn0?si=vXNqJqUYBvTrC8xT,11:19,Advanced,8.5,7.593,7.676
Comparing Fractions,Comparing Fractions,https://www.youtube.com/watch?v=u_QTuWj107o,7:42,Beginner,8.9,9.121,8.824
Ordering Fractions,Introduction to Ordering Fractions,https://youtu.be/rL18ZMgCeKU?si=nixffH9YSe3hdGgm,12:04,Beginner,8.2,7.054,7.574
Division,Long Division for Grade 7,https://www.youtube.com/watch?v=J15nbHRpSiQ,19:57,Beginner,9.0,8.674,8.366
Addition,Add Numbers Faster,https://youtu.be/-x2yAOt_XFY?si=9WXX46kdbQDVhgO8,4:48,Advanced,8.8,7.69,8.008
Multiplication,Multi-Digit Multiplication,https://youtu.be/dNSrfoYLQZU?si=fjPUGvSBAA5fmj_V,5:02,Advanced,8.3,8.028,7.855
Division,Basic Division,https://youtu.be/KGMf314LUc0?si=jxaKi8tja1iw8LUl,9:57,Beginner,8.4,7.001,7.636
Addition,Adding Three Decimals,https://youtu.be/sQ1W919fgq8?si=V7TgnmmWgHYc_A5P,4:55,Beginner,8.2,8.227,8.237
Fractions to Decimals,Converting Fractions to Decimals,https://youtu.be/UtHGpx_yp4U?si=tVG8XzrdqWBZp_hs,7:54,Intermediate,8.7,8.143,8.153
Fractions to Decimals,Convert any Fraction to a Decimal,https://youtu.be/do_IbHId2Os?si=WyTbHiTgY6AaEz_L,6:43,Beginner,8.4,8.102,8.116
Simplifying Fractions,Reducing Fractions to Simplest Form,https://youtu.be/gVls1-gjIn0?si=vXNqJqUYBvTrC8xT,11:19,Advanced,8.5,9.502,8.315
Ordering Fractions,Fraction Ordering,https://youtu.be/76s8ZzK87rA?si=F0Z4GtJkicWyq5_A,14:40,Intermediate,7.9,7.913,7.6
Subtraction,Subtracting Large Numbers,https://youtu.be/HlxqCdDrbdc?si=1RAFlZfZuuD3LnjX,5:04,Intermediate,8.0,9.316,8.201
Division,Long Division with 2-Digit Divisors,https://youtu.be/HdU_rf7eMTI?si=Pr40TqBRgGXrpLxG,13:04,Intermediate,8.6,9.9,8.531
Addition,Adding Three Decimals,https://youtu.be/sQ1W919fgq8?si=V7TgnmmWgHYc_A5P,4:55,Beginner,8.2,7.294,7.796
Subtraction,Introduction to Subtraction,https://youtu.be/r3qKojj4g4g?si=-XA75LAElZS8jQOy,10:42,Advanced,8.6,8.939,8.125
Subtraction,Subtracting Whole Numbers,https://www.youtube.com/watch?v=z4bTlVxU9C0,8:40,Beginner,8.7,8.285,8.351
Simplifying Fractions,Learn Fraction Simplification,https://youtu.be/IuB8yTJ0-hk?si=8-bnaKA-irwAua1m,6:20,Intermediate,8.0,9.881,8.256
Addition,Add Numbers Faster,https://youtu.be/-x2yAOt_XFY?si=9WXX46kdbQDVhgO8,4:48,Advanced,8.8,7.6,7.867
Comparing Fractions,Mastering Comparing Fractions,https://youtu.be/PEqV48jMeXw?si=55QJueBjYIoAgbk0,11:09,Advanced,8.7,9.433,8.281
Addition,Decimal Arithmetic,https://www.youtube.com/watch?v=kwh4SD1ToFc,12:14,Intermediate,9.0,8.495,8.35
Fractions to Decimals,Converting Fractions to Decimals,https://youtu.be/UtHGpx_yp4U?si=tVG8XzrdqWBZp_hs,7:54,Intermediate,8.7,8.472,8.151
Simplifying Fractions,Learn Fraction Simplification,https://youtu.be/IuB8yTJ0-hk?si=8-bnaKA-irwAua1m,6:20,Intermediate,8.0,7.157,7.566
Subtraction,Smart Subtraction,https://youtu.be/3fYgZgbOJmM?si=0Xq66JMU0XrVlOsn,13:38,Intermediate,7.9,8.625,7.683
Ordering Fractions,How to Order Fractions,https://www.youtube.com/watch?v=i2PfHDs88YE,6:33,Beginner,8.8,7.361,8.147
Simplifying Fractions,Reducing Fractions to Simplest Form,https://youtu.be/gVls1-gjIn0?si=vXNqJqUYBvTrC8xT,11:19,Advanced,8.5,8.527,8.026
Subtraction,Smart Subtraction,https://youtu.be/3fYgZgbOJmM?si=0Xq66JMU0XrVlOsn,13:38,Intermediate,7.9,8.292,7.63
Ordering Fractions,How to Order Fractions,https://www.youtube.com/watch?v=i2PfHDs88YE,6:33,Beginner,8.8,8.604,8.467
Division,Division Basics for Beginners,https://youtu.be/InIKW_tfhs4?si=i3EqqM2A_6JHTQYh,3:44,Intermediate,7.8,8.575,8.008
Subtraction,Introduction to Subtraction,https://youtu.be/r3qKojj4g4g?si=-XA75LAElZS8jQOy,10:42,Advanced,8.6,9.923,8.318
Addition,Multi-Digit Addition,https://youtu.be/mAvuom42NyY?si=3Om627A44-sGimLU,6:28,Beginner,8.5,7.686,7.966
Ordering Fractions,Mastering Fractions,https://youtu.be/XvjQcHbUNNw?si=Xyv5SPufpJclBZIf,8:00,Advanced,8.7,7.722,7.815
Simplifying Fractions,How to Simplify Fractions,https://youtu.be/R-FXE3g8GpU?si=TcmelTK3iD3Nzco1,16:06,Intermediate,8.7,8.616,7.984
Subtraction,Multi-Digit Subtraction,https://youtu.be/Y6M89-6106I?si=6dT-roRnqAH6OHdl,6:56,Beginner,8.3,7.126,7.768
Ordering Fractions,Mastering Fractions,https://youtu.be/XvjQcHbUNNw?si=Xyv5SPufpJclBZIf,8:00,Advanced,8.7,9.732,8.393
Simplifying Fractions,Learn Fraction Simplification,https://youtu.be/IuB8yTJ0-hk?si=8-bnaKA-irwAua1m,6:20,Intermediate,8.0,7.668,7.739
Subtraction,Subtracting Large Numbers,https://youtu.be/HlxqCdDrbdc?si=1RAFlZfZuuD3LnjX,5:04,Intermediate,8.0,9.718,8.441
Addition,Adding Three Decimals,https://youtu.be/sQ1W919fgq8?si=V7TgnmmWgHYc_A5P,4:55,Beginner,8.2,8.124,8.182
Fractions to Decimals,Convert any Fraction to a Decimal,https://youtu.be/do_IbHId2Os?si=WyTbHiTgY6AaEz_L,6:43,Beginner,8.4,7.856,7.963
Division,Smart Long Division,https://youtu.be/HJYHNxS64f0?si=PJiPytkuwiCJhiuV,14:40,Advanced,8.9,9.603,8.299
Addition,Add Numbers Faster,https://youtu.be/-x2yAOt_XFY?si=9WXX46kdbQDVhgO8,4:48,Advanced,8.8,9.58,8.586
Fractions to Decimals,Converting Fractions to Decimals,https://youtu.be/UtHGpx_yp4U?si=tVG8XzrdqWBZp_hs,7:54,Intermediate,8.7,8.074,8.058
Multiplication,Box Method Multiplication,https://youtu.be/n3q3XzzIGSY?si=goczDT3wCWGEkSvm,7:19,Intermediate,8.0,7.151,7.512
Subtraction,Smart Subtraction,https://youtu.be/3fYgZgbOJmM?si=0Xq66JMU0XrVlOsn,13:38,Intermediate,7.9,8.458,7.627
Fractions to Decimals,Converting Fractions to Decimals,https://youtu.be/UtHGpx_yp4U?si=tVG8XzrdqWBZp_hs,7:54,Intermediate,8.7,7.041,7.656
Simplifying Fractions,Introduction to Simplifying Fractions,https://youtu.be/k73w_yZb9SM?si=sIcPAuwAjD24B_pV,7:30,Beginner,8.4,8.428,8.191
Subtraction,Subtracting Large Numbers,https://youtu.be/HlxqCdDrbdc?si=1RAFlZfZuuD3LnjX,5:04,Intermediate,8.0,9.55,8.414
Simplifying Fractions,Reducing Fractions to Simplest Form,https://youtu.be/gVls1-gjIn0?si=vXNqJqUYBvTrC8xT,11:19,Advanced,8.5,9.841,8.397
Ordering Fractions,Introduction to Ordering Fractions,https://youtu.be/rL18ZMgCeKU?si=nixffH9YSe3hdGgm,12:04,Beginner,8.2,9.405,8.335
Simplifying Fractions,Reducing Fractions to Simplest Form,https://youtu.be/gVls1-gjIn0?si=vXNqJqUYBvTrC8xT,11:19,Advanced,8.5,9.863,8.379
Simplifying Fractions,How to Simplify Fractions,https://youtu.be/R-FXE3g8GpU?si=TcmelTK3iD3Nzco1,16:06,Intermediate,8.7,9.182,8.303
Simplifying Fractions,Learn Fraction Simplification,https://youtu.be/IuB8yTJ0-hk?si=8-bnaKA-irwAua1m,6:20,Intermediate,8.0,8.456,7.91
Subtraction,Introduction to Subtraction,https://youtu.be/r3qKojj4g4g?si=-XA75LAElZS8jQOy,10:42,Advanced,8.6,7.886,7.85
Multiplication,Understanding Multiplication,https://youtu.be/_PyA3CJ-V98?si=mTi02JfyOo0ydPLR,13:18,Intermediate,8.8,9.427,8.387
Comparing Fractions,Introduction to Comparing Fractions,https://www.youtube.com/watch?v=KNdUJQ_qd4U,6:30,Beginner,8.3,9.472,8.558
Multiplication,Long Multiplication for Grade 7,https://www.youtube.com/watch?v=r85EMNbWMiE,21:00,Beginner,9.2,8.772,8.338
Simplifying Fractions,Reducing Fractions to Simplest Form,https://youtu.be/gVls1-gjIn0?si=vXNqJqUYBvTrC8xT,11:19,Advanced,8.5,7.427,7.578
Addition,Adding Three Decimals,https://youtu.be/sQ1W919fgq8?si=V7TgnmmWgHYc_A5P,4:55,Beginner,8.2,7.86,7.857
Comparing Fractions,Comparing Fractions with different Denominators,https://youtu.be/d6fCqzuWjbo?si=eVQb7MoRlFCtsvGj,10:11,Intermediate,8.6,7.417,7.633
Subtraction,Subtracting Large Numbers,https://youtu.be/HlxqCdDrbdc?si=1RAFlZfZuuD3LnjX,5:04,Intermediate,8.0,9.27,8.421
Comparing Fractions,Comparing Fractions,https://www.youtube.com/watch?v=u_QTuWj107o,7:42,Beginner,8.9,7.162,7.948
Fractions to Decimals,How to Convert Fractions to Decimals,https://www.youtube.com/watch?v=guBVW5PiHLs&list=PPSV,8:29,Beginner,9.1,9.161,8.562
Ordering Fractions,Learn Ordering Fractions,https://youtu.be/QECYScPz4sA?si=qJW4l4BvbXma1lOP,10:15,Intermediate,8.5,7.143,7.52
Comparing Fractions,Comparing Fractions,https://www.youtube.com/watch?v=u_QTuWj107o,7:42,Beginner,8.9,9.171,8.625
Simplifying Fractions,Simplifying Fractions,https://www.youtube.com/watch?v=AtBUQH8Tkqc&t=67s,8:30,Beginner,9.0,9.574,8.769
Ordering Fractions,Fraction Ordering,https://youtu.be/76s8ZzK87rA?si=F0Z4GtJkicWyq5_A,14:40,Intermediate,7.9,9.483,8.022
Division,Division Basics for Beginners,https://youtu.be/InIKW_tfhs4?si=i3EqqM2A_6JHTQYh,3:44,Intermediate,7.8,8.721,7.934
Addition,Multi-Digit Addition,https://youtu.be/mAvuom42NyY?si=3Om627A44-sGimLU,6:28,Beginner,8.5,7.993,8.047
Ordering Fractions,How to Order Fractions,https://www.youtube.com/watch?v=i2PfHDs88YE,6:33,Beginner,8.8,8.884,8.535
Fractions to Decimals,How to Convert Fractions to Decimals,https://www.youtube.com/watch?v=guBVW5PiHLs&list=PPSV,8:29,Beginner,9.1,9.717,8.997
Addition,Decimal Arithmetic,https://www.youtube.com/watch?v=kwh4SD1ToFc,12:14,Intermediate,9.0,8.51,8.266
Comparing Fractions,Introduction to Comparing Fractions,https://www.youtube.com/watch?v=KNdUJQ_qd4U,6:30,Beginner,8.3,8.781,8.366
Comparing Fractions,Comparing Like Fractions,https://youtu.be/H3N5To5fO5U?si=Y3IFqQaqTK2GalSa,4:45,Intermediate,7.8,8.831,8.068
Multiplication,Master Long Multiplication,https://youtu.be/GKetIwxaenA?si=9tvgkeqmmfUZ80xX,6:25,Beginner,8.5,8.517,8.294
Multiplication,Box Method Multiplication,https://youtu.be/n3q3XzzIGSY?si=goczDT3wCWGEkSvm,7:19,Intermediate,8.0,9.951,8.266
Simplifying Fractions,How to Simplify Fractions,https://youtu.be/R-FXE3g8GpU?si=TcmelTK3iD3Nzco1,16:06,Intermediate,8.7,7.736,7.73
Simplifying Fractions,How to Simplify Fractions,https://youtu.be/R-FXE3g8GpU?si=TcmelTK3iD3Nzco1,16:06,Intermediate,8.7,7.042,7.531
Comparing Fractions,Introduction to Comparing Fractions,https://www.youtube.com/watch?v=KNdUJQ_qd4U,6:30,Beginner,8.3,8.735,8.412
Multiplication,Box Method Multiplication,https://youtu.be/n3q3XzzIGSY?si=goczDT3wCWGEkSvm,7:19,Intermediate,8.0,7.779,7.735
Fractions to Decimals,How to Convert Fractions to Decimals,https://www.youtube.com/watch?v=guBVW5PiHLs&list=PPSV,8:29,Beginner,9.1,7.001,7.979
Simplifying Fractions,Simplifying Fractions,https://www.youtube.com/watch?v=AtBUQH8Tkqc&t=67s,8:30,Beginner,9.0,7.512,8.169
Subtraction,Introduction to Subtraction,https://youtu.be/r3qKojj4g4g?si=-XA75LAElZS8jQOy,10:42,Advanced,8.6,9.421,8.354
Division,Long Division with 2-Digit Divisors,https://youtu.be/HdU_rf7eMTI?si=Pr40TqBRgGXrpLxG,13:04,Intermediate,8.6,8.181,7.755
Multiplication,Box Method Multiplication,https://youtu.be/n3q3XzzIGSY?si=goczDT3wCWGEkSvm,7:19,Intermediate,8.0,9.909,8.419
Fractions to Decimals,How to Convert Fractions to Decimals,https://www.youtube.com/watch?v=guBVW5PiHLs&list=PPSV,8:29,Beginner,9.1,7.574,8.273
Division,Basic Division,https://youtu.be/KGMf314LUc0?si=jxaKi8tja1iw8LUl,9:57,Beginner,8.4,9.226,8.493
Comparing Fractions,Comparing Fractions with different Denominators,https://youtu.be/d6fCqzuWjbo?si=eVQb7MoRlFCtsvGj,10:11,Intermediate,8.6,7.889,7.869
Ordering Fractions,Mastering Fractions,https://youtu.be/XvjQcHbUNNw?si=Xyv5SPufpJclBZIf,8:00,Advanced,8.7,9.841,8.623
Simplifying Fractions,Introduction to Simplifying Fractions,https://youtu.be/k73w_yZb9SM?si=sIcPAuwAjD24B_pV,7:30,Beginner,8.4,8.516,8.392
Fractions to Decimals,Mastering Fractions to Decimals,https://youtu.be/Mpv7AzOUOqg?si=dMjxnFwXU98D4MpH,9:06,Advanced,8.5,7.74,7.766
Division,Basic Division,https://youtu.be/KGMf314LUc0?si=jxaKi8tja1iw8LUl,9:57,Beginner,8.4,8.089,7.869
Fractions to Decimals,Mastering Fractions to Decimals,https://youtu.be/Mpv7AzOUOqg?si=dMjxnFwXU98D4MpH,9:06,Advanced,8.5,7.256,7.455
Simplifying Fractions,Reducing Fractions to Simplest Form,https://youtu.be/gVls1-gjIn0?si=vXNqJqUYBvTrC8xT,11:19,Advanced,8.5,8.531,7.741
Addition,Add Numbers Faster,https://youtu.be/-x2yAOt_XFY?si=9WXX46kdbQDVhgO8,4:48,Advanced,8.8,7.137,7.652
Addition,Decimal Arithmetic,https://www.youtube.com/watch?v=kwh4SD1ToFc,12:14,Intermediate,9.0,9.895,8.712
Fractions to Decimals,Convert any Fraction to a Decimal,https://youtu.be/do_IbHId2Os?si=WyTbHiTgY6AaEz_L,6:43,Beginner,8.4,7.14,7.763
Comparing Fractions,Comparing Fractions with different Denominators,https://youtu.be/d6fCqzuWjbo?si=eVQb7MoRlFCtsvGj,10:11,Intermediate,8.6,7.239,7.687
Multiplication,Multi-Digit Multiplication,https://youtu.be/dNSrfoYLQZU?si=fjPUGvSBAA5fmj_V,5:02,Advanced,8.3,9.976,8.426
Simplifying Fractions,How to Simplify Fractions,https://youtu.be/R-FXE3g8GpU?si=TcmelTK3iD3Nzco1,16:06,Intermediate,8.7,9.865,8.506
Simplifying Fractions,Reducing Fractions to Simplest Form,https://youtu.be/gVls1-gjIn0?si=vXNqJqUYBvTrC8xT,11:19,Advanced,8.5,7.396,7.687
Division,Smart Long Division,https://youtu.be/HJYHNxS64f0?si=PJiPytkuwiCJhiuV,14:40,Advanced,8.9,8.556,8.059
Division,Long Division for Grade 7,https://www.youtube.com/watch?v=J15nbHRpSiQ,19:57,Beginner,9.0,9.053,8.274
Ordering Fractions,Fraction Ordering,https://youtu.be/76s8ZzK87rA?si=F0Z4GtJkicWyq5_A,14:40,Intermediate,7.9,7.996,7.545
Addition,Adding Large Numbers,https://youtu.be/T9asFgfN5bg?si=CI2z3n21hND5aFvQ,5:03,Intermediate,7.8,9.743,8.281
Multiplication,Multi-Digit Multiplication,https://youtu.be/dNSrfoYLQZU?si=fjPUGvSBAA5fmj_V,5:02,Advanced,8.3,7.816,7.876
Multiplication,Box Method Multiplication,https://youtu.be/n3q3XzzIGSY?si=goczDT3wCWGEkSvm,7:19,Intermediate,8.0,9.795,8.247
Ordering Fractions,Fraction Ordering,https://youtu.be/76s8ZzK87rA?si=F0Z4GtJkicWyq5_A,14:40,Intermediate,7.9,7.671,7.39
Fractions to Decimals,How to Convert Fractions to Decimals,https://www.youtube.com/watch?v=guBVW5PiHLs&list=PPSV,8:29,Beginner,9.1,7.359,7.961
Addition,Adding Three Decimals,https://youtu.be/sQ1W919fgq8?si=V7TgnmmWgHYc_A5P,4:55,Beginner,8.2,8.622,8.384
Division,Long Division for Grade 7,https://www.youtube.com/watch?v=J15nbHRpSiQ,19:57,Beginner,9.0,9.874,8.617
Multiplication,Long Multiplication for Grade 7,https://www.youtube.com/watch?v=r85EMNbWMiE,21:00,Beginner,9.2,7.155,7.688
Ordering Fractions,Learn Ordering Fractions,https://youtu.be/QECYScPz4sA?si=qJW4l4BvbXma1lOP,10:15,Intermediate,8.5,7.989,7.848
Subtraction,Subtracting Whole Numbers,https://www.youtube.com/watch?v=z4bTlVxU9C0,8:40,Beginner,8.7,8.173,8.291
Multiplication,Multi-Digit Multiplication,https://youtu.be/dNSrfoYLQZU?si=fjPUGvSBAA5fmj_V,5:02,Advanced,8.3,8.726,8.231
Ordering Fractions,How to Order Fractions,https://www.youtube.com/watch?v=i2PfHDs88YE,6:33,Beginner,8.8,9.932,8.893
Fractions to Decimals,Converting Fractions to Decimals,https://youtu.be/UtHGpx_yp4U?si=tVG8XzrdqWBZp_hs,7:54,Intermediate,8.7,8.957,8.539
Comparing Fractions,Mastering Comparing Fractions,https://youtu.be/PEqV48jMeXw?si=55QJueBjYIoAgbk0,11:09,Advanced,8.7,9.485,8.264
Subtraction,Introduction to Subtraction,https://youtu.be/r3qKojj4g4g?si=-XA75LAElZS8jQOy,10:42,Advanced,8.6,8.241,7.834
Fractions to Decimals,Convert any Fraction to a Decimal,https://youtu.be/do_IbHId2Os?si=WyTbHiTgY6AaEz_L,6:43,Beginner,8.4,8.82,8.315
Addition,Add Numbers Faster,https://youtu.be/-x2yAOt_XFY?si=9WXX46kdbQDVhgO8,4:48,Advanced,8.8,8.85,8.347
Fractions to Decimals,Introduction to Fractions to Decimals,https://youtu.be/pDs4a4ijqh0?si=ktPINIYpIFYNILOV,8:00,Intermediate,8.0,9.404,8.295
Division,Long Division for Grade 7,https://www.youtube.com/watch?v=J15nbHRpSiQ,19:57,Beginner,9.0,8.074,7.927
Addition,Adding Three Decimals,https://youtu.be/sQ1W919fgq8?si=V7TgnmmWgHYc_A5P,4:55,Beginner,8.2,7.52,7.911
Ordering Fractions,Fraction Ordering,https://youtu.be/76s8ZzK87rA?si=F0Z4GtJkicWyq5_A,14:40,Intermediate,7.9,9.885,8.187
Division,Long Division with 2-Digit Divisors,https://youtu.be/HdU_rf7eMTI?si=Pr40TqBRgGXrpLxG,13:04,Intermediate,8.6,8.2,7.899
Simplifying Fractions,Simplifying Fractions,https://www.youtube.com/watch?v=AtBUQH8Tkqc&t=67s,8:30,Beginner,9.0,7.503,8.101
Subtraction,Multi-Digit Subtraction,https://youtu.be/Y6M89-6106I?si=6dT-roRnqAH6OHdl,6:56,Beginner,8.3,7.125,7.687
Simplifying Fractions,Simplifying Fractions,https://www.youtube.com/watch?v=AtBUQH8Tkqc&t=67s,8:30,Beginner,9.0,7.283,7.977
Comparing Fractions,Comparing Like Fractions,https://youtu.be/H3N5To5fO5U?si=Y3IFqQaqTK2GalSa,4:45,Intermediate,7.8,7.56,7.517
Fractions to Decimals,Convert any Fraction to a Decimal,https://youtu.be/do_IbHId2Os?si=WyTbHiTgY6AaEz_L,6:43,Beginner,8.4,7.068,7.75
Addition,Adding Three Decimals,https://youtu.be/sQ1W919fgq8?si=V7TgnmmWgHYc_A5P,4:55,Beginner,8.2,8.648,8.303
Fractions to Decimals,Introduction to Fractions to Decimals,https://youtu.be/pDs4a4ijqh0?si=ktPINIYpIFYNILOV,8:00,Intermediate,8.0,9.897,8.34
Multiplication,Box Method Multiplication,https://youtu.be/n3q3XzzIGSY?si=goczDT3wCWGEkSvm,7:19,Intermediate,8.0,9.417,8.186
Ordering Fractions,Learn Ordering Fractions,https://youtu.be/QECYScPz4sA?si=qJW4l4BvbXma1lOP,10:15,Intermediate,8.5,9.57,8.47
Multiplication,Box Method Multiplication,https://youtu.be/n3q3XzzIGSY?si=goczDT3wCWGEkSvm,7:19,Intermediate,8.0,9.471,8.19
Fractions to Decimals,Converting Fractions to Decimals,https://youtu.be/UtHGpx_yp4U?si=tVG8XzrdqWBZp_hs,7:54,Intermediate,8.7,8.008,7.924
Subtraction,Multi-Digit Subtraction,https://youtu.be/Y6M89-6106I?si=6dT-roRnqAH6OHdl,6:56,Beginner,8.3,8.874,8.168
Simplifying Fractions,How to Simplify Fractions,https://youtu.be/R-FXE3g8GpU?si=TcmelTK3iD3Nzco1,16:06,Intermediate,8.7,9.286,8.265
Comparing Fractions,Comparing Fractions with different Denominators,https://youtu.be/d6fCqzuWjbo?si=eVQb7MoRlFCtsvGj,10:11,Intermediate,8.6,7.295,7.783
Division,Division Basics for Beginners,https://youtu.be/InIKW_tfhs4?si=i3EqqM2A_6JHTQYh,3:44,Intermediate,7.8,7.757,7.506
Subtraction,Subtracting Whole Numbers,https://www.youtube.com/watch?v=z4bTlVxU9C0,8:40,Beginner,8.7,8.783,8.441
Simplifying Fractions,Reducing Fractions to Simplest Form,https://youtu.be/gVls1-gjIn0?si=vXNqJqUYBvTrC8xT,11:19,Advanced,8.5,7.416,7.633
Ordering Fractions,Fraction Ordering,https://youtu.be/76s8ZzK87rA?si=F0Z4GtJkicWyq5_A,14:40,Intermediate,7.9,7.004,7.229
Fractions to Decimals,Mastering Fractions to Decimals,https://youtu.be/Mpv7AzOUOqg?si=dMjxnFwXU98D4MpH,9:06,Advanced,8.5,9.282,8.257
Multiplication,Box Method Multiplication,https://youtu.be/n3q3XzzIGSY?si=goczDT3wCWGEkSvm,7:19,Intermediate,8.0,8.29,7.89
Fractions to Decimals,Converting Fractions to Decimals,https://youtu.be/UtHGpx_yp4U?si=tVG8XzrdqWBZp_hs,7:54,Intermediate,8.7,9.959,8.827
Fractions to Decimals,Introduction to Fractions to Decimals,https://youtu.be/pDs4a4ijqh0?si=ktPINIYpIFYNILOV,8:00,Intermediate,8.0,9.913,8.335
Multiplication,Long Multiplication for Grade 7,https://www.youtube.com/watch?v=r85EMNbWMiE,21:00,Beginner,9.2,7.863,8.048
Simplifying Fractions,How to Simplify Fractions,https://youtu.be/R-FXE3g8GpU?si=TcmelTK3iD3Nzco1,16:06,Intermediate,8.7,7.674,7.788
Multiplication,Multi-Digit Multiplication,https://youtu.be/dNSrfoYLQZU?si=fjPUGvSBAA5fmj_V,5:02,Advanced,8.3,8.024,7.838
Comparing Fractions,Comparing Fractions,https://www.youtube.com/watch?v=u_QTuWj107o,7:42,Beginner,8.9,7.683,8.087
Fractions to Decimals,Convert any Fraction to a Decimal,https://youtu.be/do_IbHId2Os?si=WyTbHiTgY6AaEz_L,6:43,Beginner,8.4,8.065,8.189
Simplifying Fractions,Reducing Fractions to Simplest Form,https://youtu.be/gVls1-gjIn0?si=vXNqJqUYBvTrC8xT,11:19,Advanced,8.5,7.034,7.564
Fractions to Decimals,Mastering Fractions to Decimals,https://youtu.be/Mpv7AzOUOqg?si=dMjxnFwXU98D4MpH,9:06,Advanced,8.5,7.512,7.741
Fractions to Decimals,Converting Fractions to Decimals,https://youtu.be/UtHGpx_yp4U?si=tVG8XzrdqWBZp_hs,7:54,Intermediate,8.7,7.346,7.744
Division,Long Division for Grade 7,https://www.youtube.com/watch?v=J15nbHRpSiQ,19:57,Beginner,9.0,7.722,7.806
Subtraction,Subtracting Whole Numbers,https://www.youtube.com/watch?v=z4bTlVxU9C0,8:40,Beginner,8.7,7.409,7.977
Simplifying Fractions,Learn Fraction Simplification,https://youtu.be/IuB8yTJ0-hk?si=8-bnaKA-irwAua1m,6:20,Intermediate,8.0,9.631,8.337
Fractions to Decimals,Mastering Fractions to Decimals,https://youtu.be/Mpv7AzOUOqg?si=dMjxnFwXU98D4MpH,9:06,Advanced,8.5,7.513,7.489
Simplifying Fractions,Simplifying Fractions,https://www.youtube.com/watch?v=AtBUQH8Tkqc&t=67s,8:30,Beginner,9.0,7.043,7.802
Simplifying Fractions,How to Simplify Fractions,https://youtu.be/R-FXE3g8GpU?si=TcmelTK3iD3Nzco1,16:06,Intermediate,8.7,8.832,8.044
Subtraction,Subtracting Whole Numbers,https://www.youtube.com/watch?v=z4bTlVxU9C0,8:40,Beginner,8.7,8.139,8.271
Multiplication,Long Multiplication for Grade 7,https://www.youtube.com/watch?v=r85EMNbWMiE,21:00,Beginner,9.2,8.298,8.204
Ordering Fractions,Introduction to Ordering Fractions,https://youtu.be/rL18ZMgCeKU?si=nixffH9YSe3hdGgm,12:04,Beginner,8.2,8.373,8.033
Comparing Fractions,Comparing Fractions with different Denominators,https://youtu.be/d6fCqzuWjbo?si=eVQb7MoRlFCtsvGj,10:11,Intermediate,8.6,9.829,8.677
Multiplication,Long Multiplication for Grade 7,https://www.youtube.com/watch?v=r85EMNbWMiE,21:00,Beginner,9.2,9.763,8.837
Division,Division Basics for Beginners,https://youtu.be/InIKW_tfhs4?si=i3EqqM2A_6JHTQYh,3:44,Intermediate,7.8,9.194,8.202
Fractions to Decimals,Convert any Fraction to a Decimal,https://youtu.be/do_IbHId2Os?si=WyTbHiTgY6AaEz_L,6:43,Beginner,8.4,8.245,8.085
Division,Basic Division,https://youtu.be/KGMf314LUc0?si=jxaKi8tja1iw8LUl,9:57,Beginner,8.4,7.613,7.921
Multiplication,Understanding Multiplication,https://youtu.be/_PyA3CJ-V98?si=mTi02JfyOo0ydPLR,13:18,Intermediate,8.8,9.558,8.555
Multiplication,Box Method Multiplication,https://youtu.be/n3q3XzzIGSY?si=goczDT3wCWGEkSvm,7:19,Intermediate,8.0,7.47,7.616
Simplifying Fractions,Reducing Fractions to Simplest Form,https://youtu.be/gVls1-gjIn0?si=vXNqJqUYBvTrC8xT,11:19,Advanced,8.5,9.687,8.374
Simplifying Fractions,Reducing Fractions to Simplest Form,https://youtu.be/gVls1-gjIn0?si=vXNqJqUYBvTrC8xT,11:19,Advanced,8.5,8.837,7.974
Fractions to Decimals,Mastering Fractions to Decimals,https://youtu.be/Mpv7AzOUOqg?si=dMjxnFwXU98D4MpH,9:06,Advanced,8.5,7.7,7.699
Ordering Fractions,Introduction to Ordering Fractions,https://youtu.be/rL18ZMgCeKU?si=nixffH9YSe3hdGgm,12:04,Beginner,8.2,7.218,7.671
Ordering Fractions,Mastering Fractions,https://youtu.be/XvjQcHbUNNw?si=Xyv5SPufpJclBZIf,8:00,Advanced,8.7,7.236,7.701
Multiplication,Understanding Multiplication,https://youtu.be/_PyA3CJ-V98?si=mTi02JfyOo0ydPLR,13:18,Intermediate,8.8,7.688,7.95
Ordering Fractions,Introduction to Ordering Fractions,https://youtu.be/rL18ZMgCeKU?si=nixffH9YSe3hdGgm,12:04,Beginner,8.2,7.246,7.823
Ordering Fractions,Introduction to Ordering Fractions,https://youtu.be/rL18ZMgCeKU?si=nixffH9YSe3hdGgm,12:04,Beginner,8.2,7.73,7.627
Fractions to Decimals,How to Convert Fractions to Decimals,https://www.youtube.com/watch?v=guBVW5PiHLs&list=PPSV,8:29,Beginner,9.1,7.796,8.113
Fractions to Decimals,Convert any Fraction to a Decimal,https://youtu.be/do_IbHId2Os?si=WyTbHiTgY6AaEz_L,6:43,Beginner,8.4,9.004,8.334
Multiplication,Box Method Multiplication,https://youtu.be/n3q3XzzIGSY?si=goczDT3wCWGEkSvm,7:19,Intermediate,8.0,7.23,7.38
Subtraction,Smart Subtraction,https://youtu.be/3fYgZgbOJmM?si=0Xq66JMU0XrVlOsn,13:38,Intermediate,7.9,9.501,8.112
Simplifying Fractions,How to Simplify Fractions,https://youtu.be/R-FXE3g8GpU?si=TcmelTK3iD3Nzco1,16:06,Intermediate,8.7,9.978,8.547
Fractions to Decimals,How to Convert Fractions to Decimals,https://www.youtube.com/watch?v=guBVW5PiHLs&list=PPSV,8:29,Beginner,9.1,7.893,8.327
Multiplication,Box Method Multiplication,https://youtu.be/n3q3XzzIGSY?si=goczDT3wCWGEkSvm,7:19,Intermediate,8.0,9.217,8.143
Multiplication,Multi-Digit Multiplication,https://youtu.be/dNSrfoYLQZU?si=fjPUGvSBAA5fmj_V,5:02,Advanced,8.3,8.858,8.043
Comparing Fractions,Comparing Like Fractions,https://youtu.be/H3N5To5fO5U?si=Y3IFqQaqTK2GalSa,4:45,Intermediate,7.8,7.437,7.51
Addition,Add Numbers Faster,https://youtu.be/-x2yAOt_XFY?si=9WXX46kdbQDVhgO8,4:48,Advanced,8.8,7.875,7.913
Ordering Fractions,Learn Ordering Fractions,https://youtu.be/QECYScPz4sA?si=qJW4l4BvbXma1lOP,10:15,Intermediate,8.5,7.821,7.864
Subtraction,Multi-Digit Subtraction,https://youtu.be/Y6M89-6106I?si=6dT-roRnqAH6OHdl,6:56,Beginner,8.3,9.213,8.371
Multiplication,Master Long Multiplication,https://youtu.be/GKetIwxaenA?si=9tvgkeqmmfUZ80xX,6:25,Beginner,8.5,8.176,8.4
Addition,Adding Three Decimals,https://youtu.be/sQ1W919fgq8?si=V7TgnmmWgHYc_A5P,4:55,Beginner,8.2,7.532,7.856
Simplifying Fractions,Simplifying Fractions,https://www.youtube.com/watch?v=AtBUQH8Tkqc&t=67s,8:30,Beginner,9.0,9.484,8.832
Subtraction,Multi-Digit Subtraction,https://youtu.be/Y6M89-6106I?si=6dT-roRnqAH6OHdl,6:56,Beginner,8.3,7.216,7.683
Simplifying Fractions,Simplifying Fractions,https://www.youtube.com/watch?v=AtBUQH8Tkqc&t=67s,8:30,Beginner,9.0,9.774,8.962
Addition,Add Numbers Faster,https://youtu.be/-x2yAOt_XFY?si=9WXX46kdbQDVhgO8,4:48,Advanced,8.8,7.204,7.86
Subtraction,Smart Subtraction,https://youtu.be/3fYgZgbOJmM?si=0Xq66JMU0XrVlOsn,13:38,Intermediate,7.9,8.957,8.148
Comparing Fractions,Comparing Fractions,https://www.youtube.com/watch?v=u_QTuWj107o,7:42,Beginner,8.9,8.211,8.22
Ordering Fractions,Introduction to Ordering Fractions,https://youtu.be/rL18ZMgCeKU?si=nixffH9YSe3hdGgm,12:04,Beginner,8.2,7.562,7.719
Multiplication,Understanding Multiplication,https://youtu.be/_PyA3CJ-V98?si=mTi02JfyOo0ydPLR,13:18,Intermediate,8.8,7.465,7.891
Ordering Fractions,Learn Ordering Fractions,https://youtu.be/QECYScPz4sA?si=qJW4l4BvbXma1lOP,10:15,Intermediate,8.5,9.491,8.346
Ordering Fractions,Introduction to Ordering Fractions,https://youtu.be/rL18ZMgCeKU?si=nixffH9YSe3hdGgm,12:04,Beginner,8.2,8.399,8.056
Subtraction,Multi-Digit Subtraction,https://youtu.be/Y6M89-6106I?si=6dT-roRnqAH6OHdl,6:56,Beginner,8.3,9.324,8.521
Fractions to Decimals,Mastering Fractions to Decimals,https://youtu.be/Mpv7AzOUOqg?si=dMjxnFwXU98D4MpH,9:06,Advanced,8.5,8.357,7.955
Division,Smart Long Division,https://youtu.be/HJYHNxS64f0?si=PJiPytkuwiCJhiuV,14:40,Advanced,8.9,9.328,8.349
Simplifying Fractions,Introduction to Simplifying Fractions,https://youtu.be/k73w_yZb9SM?si=sIcPAuwAjD24B_pV,7:30,Beginner,8.4,7.755,7.923
Ordering Fractions,Mastering Fractions,https://youtu.be/XvjQcHbUNNw?si=Xyv5SPufpJclBZIf,8:00,Advanced,8.7,9.597,8.61
Simplifying Fractions,Reducing Fractions to Simplest Form,https://youtu.be/gVls1-gjIn0?si=vXNqJqUYBvTrC8xT,11:19,Advanced,8.5,8.763,7.988
Addition,Adding Three Decimals,https://youtu.be/sQ1W919fgq8?si=V7TgnmmWgHYc_A5P,4:55,Beginner,8.2,7.587,7.895
Ordering Fractions,Mastering Fractions,https://youtu.be/XvjQcHbUNNw?si=Xyv5SPufpJclBZIf,8:00,Advanced,8.7,8.24,8.09
Division,Long Division with 2-Digit Divisors,https://youtu.be/HdU_rf7eMTI?si=Pr40TqBRgGXrpLxG,13:04,Intermediate,8.6,8.358,7.939
Fractions to Decimals,Introduction to Fractions to Decimals,https://youtu.be/pDs4a4ijqh0?si=ktPINIYpIFYNILOV,8:00,Intermediate,8.0,7.361,7.665
Simplifying Fractions,Simplifying Fractions,https://www.youtube.com/watch?v=AtBUQH8Tkqc&t=67s,8:30,Beginner,9.0,8.494,8.399
Simplifying Fractions,Introduction to Simplifying Fractions,https://youtu.be/k73w_yZb9SM?si=sIcPAuwAjD24B_pV,7:30,Beginner,8.4,7.808,7.809
Addition,Adding Large Numbers,https://youtu.be/T9asFgfN5bg?si=CI2z3n21hND5aFvQ,5:03,Intermediate,7.8,7.067,7.502
Multiplication,Master Long Multiplication,https://youtu.be/GKetIwxaenA?si=9tvgkeqmmfUZ80xX,6:25,Beginner,8.5,7.201,8.032
Ordering Fractions,Introduction to Ordering Fractions,https://youtu.be/rL18ZMgCeKU?si=nixffH9YSe3hdGgm,12:04,Beginner,8.2,7.157,7.414
Division,Basic Division,https://youtu.be/KGMf314LUc0?si=jxaKi8tja1iw8LUl,9:57,Beginner,8.4,9.436,8.492
Ordering Fractions,How to Order Fractions,https://www.youtube.com/watch?v=i2PfHDs88YE,6:33,Beginner,8.8,8.366,8.266
Addition,Multi-Digit Addition,https://youtu.be/mAvuom42NyY?si=3Om627A44-sGimLU,6:28,Beginner,8.5,9.678,8.747
Comparing Fractions,Introduction to Comparing Fractions,https://www.youtube.com/watch?v=KNdUJQ_qd4U,6:30,Beginner,8.3,8.846,8.275
Division,Basic Division,https://youtu.be/KGMf314LUc0?si=jxaKi8tja1iw8LUl,9:57,Beginner,8.4,8.322,7.984
Addition,Adding Large Numbers,https://youtu.be/T9asFgfN5bg?si=CI2z3n21hND5aFvQ,5:03,Intermediate,7.8,9.185,8.132
Addition,Adding Large Numbers,https://youtu.be/T9asFgfN5bg?si=CI2z3n21hND5aFvQ,5:03,Intermediate,7.8,7.298,7.6
Simplifying Fractions,Learn Fraction Simplification,https://youtu.be/IuB8yTJ0-hk?si=8-bnaKA-irwAua1m,6:20,Intermediate,8.0,8.777,8.099
Comparing Fractions,Introduction to Comparing Fractions,https://www.youtube.com/watch?v=KNdUJQ_qd4U,6:30,Beginner,8.3,7.77,8.064
Simplifying Fractions,Reducing Fractions to Simplest Form,https://youtu.be/gVls1-gjIn0?si=vXNqJqUYBvTrC8xT,11:19,Advanced,8.5,9.004,8.078
Subtraction,Smart Subtraction,https://youtu.be/3fYgZgbOJmM?si=0Xq66JMU0XrVlOsn,13:38,Intermediate,7.9,7.48,7.341
Subtraction,Subtracting Large Numbers,https://youtu.be/HlxqCdDrbdc?si=1RAFlZfZuuD3LnjX,5:04,Intermediate,8.0,8.684,8.017
Addition,Decimal Arithmetic,https://www.youtube.com/watch?v=kwh4SD1ToFc,12:14,Intermediate,9.0,9.947,8.675
Subtraction,Smart Subtraction,https://youtu.be/3fYgZgbOJmM?si=0Xq66JMU0XrVlOsn,13:38,Intermediate,7.9,7.131,7.225
Multiplication,Long Multiplication for Grade 7,https://www.youtube.com/watch?v=r85EMNbWMiE,21:00,Beginner,9.2,9.143,8.33
Comparing Fractions,Comparing Fractions,https://www.youtube.com/watch?v=u_QTuWj107o,7:42,Beginner,8.9,7.644,7.983
Simplifying Fractions,Introduction to Simplifying Fractions,https://youtu.be/k73w_yZb9SM?si=sIcPAuwAjD24B_pV,7:30,Beginner,8.4,8.772,8.388
Fractions to Decimals,Convert any Fraction to a Decimal,https://youtu.be/do_IbHId2Os?si=WyTbHiTgY6AaEz_L,6:43,Beginner,8.4,9.511,8.637
Simplifying Fractions,Reducing Fractions to Simplest Form,https://youtu.be/gVls1-gjIn0?si=vXNqJqUYBvTrC8xT,11:19,Advanced,8.5,7.613,7.552
Subtraction,Subtracting Large Numbers,https://youtu.be/HlxqCdDrbdc?si=1RAFlZfZuuD3LnjX,5:04,Intermediate,8.0,7.082,7.453
Division,Long Division for Grade 7,https://www.youtube.com/watch?v=J15nbHRpSiQ,19:57,Beginner,9.0,8.813,8.346
Comparing Fractions,Mastering Comparing Fractions,https://youtu.be/PEqV48jMeXw?si=55QJueBjYIoAgbk0,11:09,Advanced,8.7,7.339,7.685
Addition,Adding Three Decimals,https://youtu.be/sQ1W919fgq8?si=V7TgnmmWgHYc_A5P,4:55,Beginner,8.2,7.348,7.738
Simplifying Fractions,Learn Fraction Simplification,https://youtu.be/IuB8yTJ0-hk?si=8-bnaKA-irwAua1m,6:20,Intermediate,8.0,7.129,7.59
Multiplication,Understanding Multiplication,https://youtu.be/_PyA3CJ-V98?si=mTi02JfyOo0ydPLR,13:18,Intermediate,8.8,8.703,8.078
Comparing Fractions,Comparing Fractions,https://www.youtube.com/watch?v=u_QTuWj107o,7:42,Beginner,8.9,7.261,8.022
Ordering Fractions,How to Order Fractions,https://www.youtube.com/watch?v=i2PfHDs88YE,6:33,Beginner,8.8,9.78,8.8
Fractions to Decimals,Converting Fractions to Decimals,https://youtu.be/UtHGpx_yp4U?si=tVG8XzrdqWBZp_hs,7:54,Intermediate,8.7,9.919,8.627
Subtraction,Smart Subtraction,https://youtu.be/3fYgZgbOJmM?si=0Xq66JMU0XrVlOsn,13:38,Intermediate,7.9,8.747,7.907
Ordering Fractions,Mastering Fractions,https://youtu.be/XvjQcHbUNNw?si=Xyv5SPufpJclBZIf,8:00,Advanced,8.7,9.258,8.505
Comparing Fractions,Introduction to Comparing Fractions,https://www.youtube.com/watch?v=KNdUJQ_qd4U,6:30,Beginner,8.3,7.239,7.86
Multiplication,Understanding Multiplication,https://youtu.be/_PyA3CJ-V98?si=mTi02JfyOo0ydPLR,13:18,Intermediate,8.8,9.331,8.301
Division,Long Division for Grade 7,https://www.youtube.com/watch?v=J15nbHRpSiQ,19:57,Beginner,9.0,9.517,8.444
Fractions to Decimals,How to Convert Fractions to Decimals,https://www.youtube.com/watch?v=guBVW5PiHLs&list=PPSV,8:29,Beginner,9.1,9.082,8.639
Addition,Multi-Digit Addition,https://youtu.be/mAvuom42NyY?si=3Om627A44-sGimLU,6:28,Beginner,8.5,7.174,7.803
Comparing Fractions,Comparing Fractions with different Denominators,https://youtu.be/d6fCqzuWjbo?si=eVQb7MoRlFCtsvGj,10:11,Intermediate,8.6,7.302,7.757
Subtraction,Multi-Digit Subtraction,https://youtu.be/Y6M89-6106I?si=6dT-roRnqAH6OHdl,6:56,Beginner,8.3,9.866,8.617
Ordering Fractions,How to Order Fractions,https://www.youtube.com/watch?v=i2PfHDs88YE,6:33,Beginner,8.8,9.879,8.953
Multiplication,Master Long Multiplication,https://youtu.be/GKetIwxaenA?si=9tvgkeqmmfUZ80xX,6:25,Beginner,8.5,8.173,8.241
Multiplication,Long Multiplication for Grade 7,https://www.youtube.com/watch?v=r85EMNbWMiE,21:00,Beginner,9.2,9.911,8.686
Ordering Fractions,How to Order Fractions,https://www.youtube.com/watch?v=i2PfHDs88YE,6:33,Beginner,8.8,9.402,8.596
Ordering Fractions,Learn Ordering Fractions,https://youtu.be/QECYScPz4sA?si=qJW4l4BvbXma1lOP,10:15,Intermediate,8.5,8.886,8.316
Division,Basic Division,https://youtu.be/KGMf314LUc0?si=jxaKi8tja1iw8LUl,9:57,Beginner,8.4,7.357,7.749
Addition,Adding Three Decimals,https://youtu.be/sQ1W919fgq8?si=V7TgnmmWgHYc_A5P,4:55,Beginner,8.2,7.155,7.588
Division,Basic Division,https://youtu.be/KGMf314LUc0?si=jxaKi8tja1iw8LUl,9:57,Beginner,8.4,8.257,8.098
Division,Long Division with 2-Digit Divisors,https://youtu.be/HdU_rf7eMTI?si=Pr40TqBRgGXrpLxG,13:04,Intermediate,8.6,9.286,8.412
Addition,Add Numbers Faster,https://youtu.be/-x2yAOt_XFY?si=9WXX46kdbQDVhgO8,4:48,Advanced,8.8,8.679,8.515
Division,Smart Long Division,https://youtu.be/HJYHNxS64f0?si=PJiPytkuwiCJhiuV,14:40,Advanced,8.9,8.317,7.987
Ordering Fractions,Fraction Ordering,https://youtu.be/76s8ZzK87rA?si=F0Z4GtJkicWyq5_A,14:40,Intermediate,7.9,8.379,7.706
Subtraction,Subtracting Whole Numbers,https://www.youtube.com/watch?v=z4bTlVxU9C0,8:40,Beginner,8.7,9.424,8.597
Comparing Fractions,Introduction to Comparing Fractions,https://www.youtube.com/watch?v=KNdUJQ_qd4U,6:30,Beginner,8.3,8.018,7.892
Fractions to Decimals,Introduction to Fractions to Decimals,https://youtu.be/pDs4a4ijqh0?si=ktPINIYpIFYNILOV,8:00,Intermediate,8.0,8.935,8.18
Fractions to Decimals,How to Convert Fractions to Decimals,https://www.youtube.com/watch?v=guBVW5PiHLs&list=PPSV,8:29,Beginner,9.1,8.84,8.682
Multiplication,Understanding Multiplication,https://youtu.be/_PyA3CJ-V98?si=mTi02JfyOo0ydPLR,13:18,Intermediate,8.8,9.692,8.512
Multiplication,Long Multiplication for Grade 7,https://www.youtube.com/watch?v=r85EMNbWMiE,21:00,Beginner,9.2,8.18,8.126
Division,Long Division for Grade 7,https://www.youtube.com/watch?v=J15nbHRpSiQ,19:57,Beginner,9.0,9.634,8.588
Simplifying Fractions,How to Simplify Fractions,https://youtu.be/R-FXE3g8GpU?si=TcmelTK3iD3Nzco1,16:06,Intermediate,8.7,7.531,7.794
Ordering Fractions,Mastering Fractions,https://youtu.be/XvjQcHbUNNw?si=Xyv5SPufpJclBZIf,8:00,Advanced,8.7,7.686,7.711
Ordering Fractions,Introduction to Ordering Fractions,https://youtu.be/rL18ZMgCeKU?si=nixffH9YSe3hdGgm,12:04,Beginner,8.2,8.621,8.0
Addition,Adding Three Decimals,https://youtu.be/sQ1W919fgq8?si=V7TgnmmWgHYc_A5P,4:55,Beginner,8.2,8.375,8.169
Multiplication,Multi-Digit Multiplication,https://youtu.be/dNSrfoYLQZU?si=fjPUGvSBAA5fmj_V,5:02,Advanced,8.3,9.202,8.23
Subtraction,Subtracting Large Numbers,https://youtu.be/HlxqCdDrbdc?si=1RAFlZfZuuD3LnjX,5:04,Intermediate,8.0,8.963,8.439
Ordering Fractions,Introduction to Ordering Fractions,https://youtu.be/rL18ZMgCeKU?si=nixffH9YSe3hdGgm,12:04,Beginner,8.2,7.408,7.69
Division,Basic Division,https://youtu.be/KGMf314LUc0?si=jxaKi8tja1iw8LUl,9:57,Beginner,8.4,8.223,7.975
Ordering Fractions,How to Order Fractions,https://www.youtube.com/watch?v=i2PfHDs88YE,6:33,Beginner,8.8,9.601,8.994
Subtraction,Smart Subtraction,https://youtu.be/3fYgZgbOJmM?si=0Xq66JMU0XrVlOsn,13:38,Intermediate,7.9,9.395,8.117
Addition,Adding Large Numbers,https://youtu.be/T9asFgfN5bg?si=CI2z3n21hND5aFvQ,5:03,Intermediate,7.8,8.489,7.935
Ordering Fractions,Fraction Ordering,https://youtu.be/76s8ZzK87rA?si=F0Z4GtJkicWyq5_A,14:40,Intermediate,7.9,9.317,8.109
Simplifying Fractions,Learn Fraction Simplification,https://youtu.be/IuB8yTJ0-hk?si=8-bnaKA-irwAua1m,6:20,Intermediate,8.0,9.137,8.224
Comparing Fractions,Comparing Fractions with different Denominators,https://youtu.be/d6fCqzuWjbo?si=eVQb7MoRlFCtsvGj,10:11,Intermediate,8.6,9.176,8.385
Fractions to Decimals,Converting Fractions to Decimals,https://youtu.be/UtHGpx_yp4U?si=tVG8XzrdqWBZp_hs,7:54,Intermediate,8.7,8.367,8.08
Simplifying Fractions,Introduction to Simplifying Fractions,https://youtu.be/k73w_yZb9SM?si=sIcPAuwAjD24B_pV,7:30,Beginner,8.4,9.516,8.679
Subtraction,Introduction to Subtraction,https://youtu.be/r3qKojj4g4g?si=-XA75LAElZS8jQOy,10:42,Advanced,8.6,8.185,7.924
Division,Smart Long Division,https://youtu.be/HJYHNxS64f0?si=PJiPytkuwiCJhiuV,14:40,Advanced,8.9,9.531,8.235
Division,Smart Long Division,https://youtu.be/HJYHNxS64f0?si=PJiPytkuwiCJhiuV,14:40,Advanced,8.9,7.119,7.592
Subtraction,Multi-Digit Subtraction,https://youtu.be/Y6M89-6106I?si=6dT-roRnqAH6OHdl,6:56,Beginner,8.3,8.747,8.091
Multiplication,Box Method Multiplication,https://youtu.be/n3q3XzzIGSY?si=goczDT3wCWGEkSvm,7:19,Intermediate,8.0,9.638,8.47
Addition,Adding Three Decimals,https://youtu.be/sQ1W919fgq8?si=V7TgnmmWgHYc_A5P,4:55,Beginner,8.2,7.108,7.859
Ordering Fractions,Fraction Ordering,https://youtu.be/76s8ZzK87rA?si=F0Z4GtJkicWyq5_A,14:40,Intermediate,7.9,8.583,7.654
Fractions to Decimals,How to Convert Fractions to Decimals,https://www.youtube.com/watch?v=guBVW5PiHLs&list=PPSV,8:29,Beginner,9.1,7.141,8.231
Fractions to Decimals,Converting Fractions to Decimals,https://youtu.be/UtHGpx_yp4U?si=tVG8XzrdqWBZp_hs,7:54,Intermediate,8.7,8.607,8.201
Simplifying Fractions,Simplifying Fractions,https://www.youtube.com/watch?v=AtBUQH8Tkqc&t=67s,8:30,Beginner,9.0,8.251,8.512
Addition,Adding Large Numbers,https://youtu.be/T9asFgfN5bg?si=CI2z3n21hND5aFvQ,5:03,Intermediate,7.8,7.32,7.153
Ordering Fractions,Mastering Fractions,https://youtu.be/XvjQcHbUNNw?si=Xyv5SPufpJclBZIf,8:00,Advanced,8.7,8.561,8.059
Comparing Fractions,Comparing Fractions,https://www.youtube.com/watch?v=u_QTuWj107o,7:42,Beginner,8.9,8.238,8.545
Subtraction,Multi-Digit Subtraction,https://youtu.be/Y6M89-6106I?si=6dT-roRnqAH6OHdl,6:56,Beginner,8.3,9.676,8.614
