student_id,weakest_sub,weakest_sub_enc,addition_score,addition_ratio,addition_correct,comparing_fractions_score,comparing_fractions_ratio,comparing_fractions_correct,division_score,division_ratio,division_correct,fraction_to_decimal_score,fraction_to_decimal_ratio,fraction_to_decimal_correct,multiplication_score,multiplication_ratio,multiplication_correct,ordering_fractions_score,ordering_fractions_ratio,ordering_fractions_correct,simplifying_fractions_score,simplifying_fractions_ratio,simplifying_fractions_correct,subtraction_score,subtraction_ratio,subtraction_correct
S04360,Addition,0,8,0.4,2,10,0.5,1,18,0.9,4,16,0.8,4,10,0.5,2,20,1.0,5,12,0.6,2,12,0.6,2
S05050,Subtraction,7,16,0.8,4,16,0.8,4,10,0.5,2,4,0.2,1,18,0.9,4,18,0.9,4,20,1.0,5,4,0.2,1
S02324,Division,2,6,0.3,1,12,0.6,3,2,0.1,0,16,0.8,4,14,0.7,3,14,0.7,3,10,0.5,2,8,0.4,2
S05330,Ordering Fractions,5,16,0.8,4,4,0.2,1,8,0.4,2,16,0.8,4,20,1.0,5,0,0.0,0,8,0.4,2,18,0.9,4
S05847,Simplifying Fractions,6,8,0.4,2,12,0.6,3,6,0.3,1,8,0.4,2,14,0.7,3,8,0.4,2,4,0.2,1,16,0.8,4
S00346,Comparing Fractions,1,12,0.6,2,6,0.3,1,16,0.8,4,14,0.7,2,14,0.7,2,12,0.6,3,10,0.5,2,12,0.6,2
S03582,Multiplication,4,10,0.5,2,12,0.6,3,16,0.8,4,12,0.6,2,6,0.3,1,14,0.7,3,14,0.7,3,16,0.8,4
S03668,Comparing Fractions,1,8,0.4,2,6,0.3,1,18,0.9,4,16,0.8,4,10,0.5,1,10,0.5,2,16,0.8,3,10,0.5,2
S02859,Simplifying Fractions,6,6,0.3,1,8,0.4,2,12,0.6,3,12,0.6,3,10,0.5,2,12,0.6,3,6,0.3,1,14,0.7,2
S05336,Simplifying Fractions,6,16,0.8,4,12,0.6,3,10,0.5,2,8,0.4,2,6,0.3,1,12,0.6,3,4,0.2,1,8,0.4,2
S02347,Multiplication,4,12,0.6,2,10,0.5,1,8,0.4,1,20,1.0,5,0,0.0,0,8,0.4,1,12,0.6,3,18,0.9,4
S06366,Simplifying Fractions,6,8,0.4,2,4,0.2,1,4,0.2,1,12,0.6,3,12,0.6,3,4,0.2,1,0,0.0,0,4,0.2,1
S05433,Ordering Fractions,5,16,0.8,4,18,0.9,4,14,0.7,3,12,0.6,3,16,0.8,4,4,0.2,1,12,0.6,3,20,1.0,5
S03538,Comparing Fractions,1,14,0.7,3,6,0.3,1,12,0.6,3,8,0.4,2,16,0.8,3,12,0.6,2,12,0.6,3,18,0.9,4
S01737,Fraction to Decimal,3,8,0.4,1,12,0.6,3,18,0.9,4,8,0.4,2,10,0.5,2,14,0.7,3,8,0.4,1,12,0.6,3
S04254,Division,2,12,0.6,3,6,0.3,0,2,0.1,0,8,0.4,0,10,0.5,2,16,0.8,4,14,0.7,3,14,0.7,3
S04213,Simplifying Fractions,6,8,0.4,2,12,0.6,3,18,0.9,4,8,0.4,2,12,0.6,2,14,0.7,3,6,0.3,1,14,0.7,3
S04321,Subtraction,7,8,0.4,2,14,0.7,3,16,0.8,4,8,0.4,2,16,0.8,4,6,0.3,1,12,0.6,2,4,0.2,0
S04806,Division,2,14,0.7,3,14,0.7,3,8,0.4,2,16,0.8,4,14,0.7,3,12,0.6,2,12,0.6,2,14,0.7,3
S03462,Simplifying Fractions,6,12,0.6,2,14,0.7,3,18,0.9,4,12,0.6,2,20,1.0,5,12,0.6,3,6,0.3,1,10,0.5,2
S03053,Addition,0,4,0.2,1,12,0.6,3,4,0.2,1,4,0.2,0,8,0.4,1,10,0.5,1,8,0.4,2,8,0.4,2
S03341,Comparing Fractions,1,12,0.6,3,6,0.3,1,16,0.8,4,16,0.8,3,14,0.7,3,16,0.8,4,14,0.7,3,14,0.7,3
S04962,Subtraction,7,12,0.6,3,18,0.9,4,14,0.7,3,8,0.4,2,10,0.5,2,16,0.8,4,6,0.3,1,4,0.2,1
S06267,Simplifying Fractions,6,16,0.8,4,16,0.8,4,12,0.6,3,12,0.6,3,20,1.0,5,8,0.4,2,4,0.2,1,20,1.0,5
S03965,Multiplication,4,18,0.9,4,16,0.8,4,12,0.6,2,14,0.7,3,10,0.5,2,12,0.6,2,14,0.7,3,12,0.6,3
S00408,Comparing Fractions,1,16,0.8,4,6,0.3,1,12,0.6,3,10,0.5,2,20,1.0,5,8,0.4,2,16,0.8,4,12,0.6,3
S04291,Ordering Fractions,5,10,0.5,2,8,0.4,1,12,0.6,3,12,0.6,3,10,0.5,2,4,0.2,1,8,0.4,2,6,0.3,0
S06096,Division,2,16,0.8,4,12,0.6,3,4,0.2,1,8,0.4,2,12,0.6,3,12,0.6,3,16,0.8,4,16,0.8,4
S04346,Addition,0,4,0.2,0,16,0.8,4,20,1.0,5,4,0.2,1,14,0.7,3,20,1.0,5,20,1.0,5,12,0.6,3
S00755,Simplifying Fractions,6,18,0.9,4,14,0.7,3,10,0.5,2,8,0.4,1,18,0.9,4,16,0.8,4,8,0.4,1,12,0.6,3
S05270,Division,2,10,0.5,2,12,0.6,3,8,0.4,2,12,0.6,3,20,1.0,5,16,0.8,4,20,1.0,5,12,0.6,3
S05376,Multiplication,4,18,0.9,4,20,1.0,5,20,1.0,5,12,0.6,3,8,0.4,2,20,1.0,5,12,0.6,3,10,0.5,2
S00808,Division,2,18,0.9,4,14,0.7,3,4,0.2,1,12,0.6,2,12,0.6,2,16,0.8,3,8,0.4,2,12,0.6,2
S05252,Comparing Fractions,1,4,0.2,1,0,0.0,0,12,0.6,3,8,0.4,2,14,0.7,3,12,0.6,3,12,0.6,3,10,0.5,2
S00352,Comparing Fractions,1,10,0.5,2,4,0.2,0,16,0.8,3,10,0.5,2,14,0.7,3,10,0.5,1,8,0.4,2,16,0.8,3
S05823,Division,2,12,0.6,3,8,0.4,2,4,0.2,1,8,0.4,2,14,0.7,3,14,0.7,3,14,0.7,3,16,0.8,4
S04498,Simplifying Fractions,6,12,0.6,2,16,0.8,4,12,0.6,3,14,0.7,3,20,1.0,5,16,0.8,4,10,0.5,2,14,0.7,3
S04357,Fraction to Decimal,3,16,0.8,4,12,0.6,3,8,0.4,2,2,0.1,0,14,0.7,2,4,0.2,1,4,0.2,0,12,0.6,3
S05631,Multiplication,4,6,0.3,1,8,0.4,2,8,0.4,2,6,0.3,1,6,0.3,1,8,0.4,2,14,0.7,3,14,0.7,3
S03704,Subtraction,7,14,0.7,3,20,1.0,5,14,0.7,3,12,0.6,2,16,0.8,4,16,0.8,4,20,1.0,5,10,0.5,2
S03293,Comparing Fractions,1,16,0.8,4,4,0.2,0,16,0.8,4,8,0.4,2,20,1.0,5,20,1.0,5,18,0.9,4,8,0.4,2
S06316,Simplifying Fractions,6,12,0.6,3,12,0.6,3,8,0.4,2,12,0.6,3,12,0.6,3,12,0.6,3,0,0.0,0,12,0.6,3
S00545,Comparing Fractions,1,6,0.3,0,2,0.1,0,16,0.8,4,12,0.6,2,18,0.9,4,4,0.2,0,16,0.8,3,12,0.6,2
S05066,Addition,0,4,0.2,1,8,0.4,2,4,0.2,1,12,0.6,3,4,0.2,1,8,0.4,2,8,0.4,2,4,0.2,1
S02801,Addition,0,4,0.2,1,10,0.5,2,16,0.8,4,12,0.6,2,14,0.7,3,18,0.9,4,10,0.5,2,12,0.6,2
S06270,Simplifying Fractions,6,12,0.6,3,12,0.6,3,16,0.8,4,20,1.0,5,8,0.4,2,16,0.8,4,8,0.4,2,12,0.6,3
S01291,Division,2,8,0.4,1,6,0.3,0,4,0.2,1,14,0.7,3,14,0.7,3,6,0.3,1,8,0.4,2,10,0.5,2
S05878,Simplifying Fractions,6,4,0.2,1,16,0.8,4,12,0.6,3,10,0.5,2,4,0.2,1,16,0.8,4,4,0.2,1,16,0.8,4
S00976,Multiplication,4,16,0.8,4,16,0.8,4,10,0.5,2,8,0.4,1,2,0.1,0,8,0.4,1,10,0.5,2,12,0.6,2
S01979,Simplifying Fractions,6,10,0.5,1,12,0.6,3,12,0.6,3,10,0.5,1,8,0.4,1,12,0.6,3,4,0.2,0,8,0.4,1
S06303,Addition,0,0,0.0,0,8,0.4,2,16,0.8,4,12,0.6,3,12,0.6,3,8,0.4,2,0,0.0,0,16,0.8,4
S05520,Comparing Fractions,1,8,0.4,2,4,0.2,1,14,0.7,3,18,0.9,4,18,0.9,4,20,1.0,5,14,0.7,3,16,0.8,4
S02665,Multiplication,4,18,0.9,4,12,0.6,2,16,0.8,3,20,1.0,5,8,0.4,1,20,1.0,5,14,0.7,3,16,0.8,4
S02714,Comparing Fractions,1,10,0.5,2,6,0.3,1,18,0.9,4,12,0.6,3,16,0.8,4,12,0.6,3,20,1.0,5,10,0.5,2
S02684,Multiplication,4,10,0.5,2,8,0.4,1,12,0.6,3,16,0.8,4,6,0.3,1,14,0.7,3,8,0.4,1,12,0.6,3
S02089,Subtraction,7,16,0.8,4,14,0.7,3,18,0.9,4,14,0.7,3,10,0.5,2,10,0.5,2,16,0.8,4,6,0.3,1
S05942,Fraction to Decimal,3,20,1.0,5,4,0.2,1,10,0.5,2,0,0.0,0,8,0.4,2,12,0.6,3,12,0.6,3,10,0.5,2
S02661,Multiplication,4,8,0.4,1,16,0.8,4,16,0.8,4,6,0.3,1,0,0.0,0,18,0.9,4,18,0.9,4,2,0.1,0
S04647,Ordering Fractions,5,6,0.3,0,12,0.6,3,18,0.9,4,8,0.4,1,12,0.6,2,4,0.2,0,18,0.9,4,8,0.4,2
S01317,Comparing Fractions,1,12,0.6,3,2,0.1,0,14,0.7,3,14,0.7,3,10,0.5,1,12,0.6,3,16,0.8,3,16,0.8,4
S04384,Fraction to Decimal,3,8,0.4,1,8,0.4,2,8,0.4,1,2,0.1,0,10,0.5,2,16,0.8,4,16,0.8,4,12,0.6,3
S02424,Division,2,16,0.8,3,16,0.8,4,6,0.3,1,16,0.8,4,20,1.0,5,12,0.6,1,14,0.7,3,16,0.8,4
S02655,Division,2,16,0.8,4,10,0.5,2,4,0.2,0,12,0.6,3,10,0.5,1,10,0.5,2,10,0.5,2,16,0.8,4
S04288,Simplifying Fractions,6,12,0.6,3,12,0.6,3,12,0.6,2,14,0.7,3,10,0.5,2,14,0.7,3,8,0.4,2,12,0.6,3
S05905,Division,2,2,0.1,0,4,0.2,1,0,0.0,0,8,0.4,2,12,0.6,3,0,0.0,0,16,0.8,4,16,0.8,4
S00998,Fraction to Decimal,3,12,0.6,2,14,0.7,3,16,0.8,4,8,0.4,1,10,0.5,2,10,0.5,2,16,0.8,4,16,0.8,4
S04051,Subtraction,7,12,0.6,2,16,0.8,4,14,0.7,3,14,0.7,3,16,0.8,4,12,0.6,3,14,0.7,3,10,0.5,2
S02000,Fraction to Decimal,3,12,0.6,2,14,0.7,3,12,0.6,3,4,0.2,0,12,0.6,3,10,0.5,2,18,0.9,4,14,0.7,3
S01999,Comparing Fractions,1,4,0.2,0,2,0.1,0,10,0.5,2,14,0.7,3,16,0.8,4,6,0.3,1,10,0.5,1,16,0.8,3
S01107,Addition,0,2,0.1,0,20,1.0,5,8,0.4,2,4,0.2,0,12,0.6,3,20,1.0,5,18,0.9,4,14,0.7,3
S02573,Addition,0,4,0.2,0,10,0.5,2,6,0.3,1,14,0.7,3,14,0.7,3,10,0.5,2,10,0.5,1,12,0.6,2
S05736,Ordering Fractions,5,12,0.6,3,8,0.4,2,8,0.4,2,6,0.3,1,14,0.7,3,0,0.0,0,20,1.0,5,10,0.5,2
S05389,Division,2,8,0.4,2,20,1.0,5,8,0.4,2,12,0.6,3,10,0.5,2,12,0.6,3,14,0.7,3,8,0.4,2
S02379,Addition,0,6,0.3,1,16,0.8,4,10,0.5,1,10,0.5,2,14,0.7,3,14,0.7,2,20,1.0,5,16,0.8,4
S05714,Comparing Fractions,1,14,0.7,3,6,0.3,1,16,0.8,4,10,0.5,2,12,0.6,3,18,0.9,4,8,0.4,2,16,0.8,4
S05818,Division,2,12,0.6,3,4,0.2,1,4,0.2,1,14,0.7,3,12,0.6,3,8,0.4,2,20,1.0,5,8,0.4,2
S00163,Comparing Fractions,1,8,0.4,2,6,0.3,1,6,0.3,1,16,0.8,3,14,0.7,2,8,0.4,1,14,0.7,3,14,0.7,3
S02412,Comparing Fractions,1,14,0.7,3,2,0.1,0,16,0.8,3,16,0.8,4,12,0.6,3,10,0.5,2,10,0.5,2,14,0.7,3
S06081,Fraction to Decimal,3,12,0.6,3,8,0.4,2,12,0.6,3,0,0.0,0,4,0.2,1,12,0.6,3,16,0.8,4,0,0.0,0
S05851,Subtraction,7,8,0.4,2,4,0.2,1,10,0.5,2,14,0.7,3,8,0.4,2,4,0.2,1,6,0.3,1,0,0.0,0
S01502,Addition,0,6,0.3,1,20,1.0,5,8,0.4,1,8,0.4,1,12,0.6,3,12,0.6,3,8,0.4,2,14,0.7,3
S05089,Division,2,14,0.7,3,8,0.4,2,4,0.2,1,8,0.4,2,20,1.0,5,16,0.8,4,18,0.9,4,8,0.4,2
S04566,Multiplication,4,18,0.9,4,16,0.8,4,12,0.6,3,16,0.8,3,10,0.5,2,16,0.8,4,16,0.8,3,18,0.9,4
S06139,Simplifying Fractions,6,16,0.8,4,12,0.6,3,8,0.4,2,8,0.4,2,12,0.6,3,16,0.8,4,8,0.4,2,12,0.6,3
S00226,Simplifying Fractions,6,12,0.6,3,12,0.6,2,16,0.8,4,12,0.6,3,10,0.5,2,12,0.6,3,8,0.4,2,8,0.4,2
S02979,Multiplication,4,12,0.6,2,10,0.5,2,16,0.8,3,14,0.7,3,8,0.4,2,16,0.8,3,12,0.6,3,14,0.7,3
S04541,Division,2,4,0.2,0,8,0.4,1,4,0.2,0,4,0.2,0,10,0.5,2,6,0.3,1,18,0.9,4,10,0.5,1
S01436,Subtraction,7,8,0.4,1,14,0.7,3,12,0.6,2,10,0.5,2,16,0.8,4,18,0.9,4,16,0.8,3,4,0.2,1
S01005,Division,2,20,1.0,5,8,0.4,1,4,0.2,0,6,0.3,1,20,1.0,5,8,0.4,1,12,0.6,2,14,0.7,3
S01580,Comparing Fractions,1,8,0.4,2,6,0.3,1,18,0.9,4,16,0.8,4,20,1.0,5,12,0.6,3,12,0.6,2,10,0.5,2
S01730,Comparing Fractions,1,14,0.7,2,2,0.1,0,12,0.6,2,6,0.3,0,6,0.3,1,6,0.3,1,6,0.3,0,6,0.3,1
S02963,Subtraction,7,14,0.7,3,10,0.5,2,16,0.8,4,16,0.8,4,20,1.0,5,18,0.9,4,18,0.9,4,6,0.3,1
S04991,Comparing Fractions,1,12,0.6,2,2,0.1,0,12,0.6,2,4,0.2,1,14,0.7,3,18,0.9,4,8,0.4,2,10,0.5,2
S03693,Subtraction,7,20,1.0,5,14,0.7,3,16,0.8,4,12,0.6,3,20,1.0,5,12,0.6,3,16,0.8,4,10,0.5,2
S01045,Fraction to Decimal,3,16,0.8,4,14,0.7,3,18,0.9,4,10,0.5,2,18,0.9,4,12,0.6,2,16,0.8,3,14,0.7,3
S05067,Division,2,4,0.2,1,20,1.0,5,0,0.0,0,0,0.0,0,16,0.8,4,2,0.1,0,4,0.2,1,8,0.4,2
S03291,Addition,0,10,0.5,2,12,0.6,3,14,0.7,3,12,0.6,2,18,0.9,4,18,0.9,4,12,0.6,3,10,0.5,2
S03119,Addition,0,8,0.4,2,16,0.8,3,18,0.9,4,14,0.7,3,10,0.5,1,14,0.7,3,12,0.6,3,18,0.9,4
S00348,Addition,0,2,0.1,0,14,0.7,3,4,0.2,0,12,0.6,3,16,0.8,4,8,0.4,2,10,0.5,2,8,0.4,2
S01141,Addition,0,2,0.1,0,8,0.4,2,6,0.3,1,18,0.9,4,8,0.4,2,16,0.8,4,20,1.0,5,6,0.3,1
S01389,Addition,0,4,0.2,1,12,0.6,2,18,0.9,4,12,0.6,3,18,0.9,4,16,0.8,4,14,0.7,3,10,0.5,2
S01603,Subtraction,7,16,0.8,4,16,0.8,4,8,0.4,2,6,0.3,1,12,0.6,2,8,0.4,2,12,0.6,3,4,0.2,1
S00045,Simplifying Fractions,6,8,0.4,1,12,0.6,2,12,0.6,3,10,0.5,2,14,0.7,3,18,0.9,4,8,0.4,1,12,0.6,3
S01337,Multiplication,4,12,0.6,3,14,0.7,3,10,0.5,2,12,0.6,2,8,0.4,1,14,0.7,3,12,0.6,3,16,0.8,4
S04148,Addition,0,4,0.2,1,12,0.6,3,16,0.8,4,14,0.7,3,10,0.5,1,6,0.3,1,20,1.0,5,16,0.8,4
S04597,Division,2,8,0.4,1,12,0.6,3,4,0.2,1,8,0.4,1,8,0.4,2,16,0.8,4,12,0.6,1,16,0.8,3
S02434,Simplifying Fractions,6,14,0.7,3,16,0.8,3,16,0.8,3,8,0.4,2,10,0.5,2,16,0.8,4,6,0.3,0,12,0.6,3
S04535,Division,2,10,0.5,2,12,0.6,2,2,0.1,0,14,0.7,3,18,0.9,4,10,0.5,2,12,0.6,3,18,0.9,4
S00754,Ordering Fractions,5,14,0.7,3,10,0.5,2,8,0.4,1,6,0.3,1,18,0.9,4,2,0.1,0,10,0.5,2,8,0.4,1
S05425,Simplifying Fractions,6,8,0.4,2,10,0.5,2,12,0.6,3,8,0.4,2,8,0.4,2,8,0.4,2,8,0.4,2,16,0.8,4
S04147,Addition,0,6,0.3,1,10,0.5,2,14,0.7,3,12,0.6,3,8,0.4,1,10,0.5,2,14,0.7,3,10,0.5,2
S04798,Comparing Fractions,1,12,0.6,3,6,0.3,1,12,0.6,2,8,0.4,1,12,0.6,3,14,0.7,3,16,0.8,3,18,0.9,4
S02973,Subtraction,7,16,0.8,4,2,0.1,0,6,0.3,0,6,0.3,1,4,0.2,1,10,0.5,1,6,0.3,1,0,0.0,0
S04589,Multiplication,4,16,0.8,4,12,0.6,3,12,0.6,3,12,0.6,3,2,0.1,0,12,0.6,3,18,0.9,4,16,0.8,3
S01708,Simplifying Fractions,6,12,0.6,2,6,0.3,1,16,0.8,4,12,0.6,3,16,0.8,3,14,0.7,3,4,0.2,1,8,0.4,2
S00336,Multiplication,4,12,0.6,3,18,0.9,4,12,0.6,2,10,0.5,2,2,0.1,0,10,0.5,2,10,0.5,2,20,1.0,5
S04123,Fraction to Decimal,3,12,0.6,2,8,0.4,2,12,0.6,2,4,0.2,1,18,0.9,4,16,0.8,3,12,0.6,2,12,0.6,3
S04080,Comparing Fractions,1,14,0.7,3,4,0.2,0,14,0.7,3,10,0.5,2,12,0.6,3,12,0.6,2,16,0.8,4,20,1.0,5
S02179,Division,2,8,0.4,1,12,0.6,2,4,0.2,1,8,0.4,0,6,0.3,1,4,0.2,1,14,0.7,3,10,0.5,2
S00886,Comparing Fractions,1,10,0.5,2,6,0.3,1,8,0.4,0,14,0.7,2,10,0.5,2,8,0.4,2,8,0.4,2,14,0.7,3
S01898,Addition,0,12,0.6,2,16,0.8,4,18,0.9,4,14,0.7,3,12,0.6,2,16,0.8,4,16,0.8,4,14,0.7,3
S01482,Ordering Fractions,5,12,0.6,3,10,0.5,2,12,0.6,3,12,0.6,2,16,0.8,4,4,0.2,1,14,0.7,3,4,0.2,0
S02715,Subtraction,7,4,0.2,1,10,0.5,2,16,0.8,4,10,0.5,1,2,0.1,0,16,0.8,3,12,0.6,3,2,0.1,0
S01452,Multiplication,4,16,0.8,4,12,0.6,2,20,1.0,5,10,0.5,2,4,0.2,1,8,0.4,2,20,1.0,5,20,1.0,5
S02133,Fraction to Decimal,3,12,0.6,3,6,0.3,1,8,0.4,2,4,0.2,1,10,0.5,2,10,0.5,2,6,0.3,1,14,0.7,3
S01509,Ordering Fractions,5,8,0.4,2,14,0.7,3,12,0.6,3,18,0.9,4,16,0.8,3,8,0.4,2,10,0.5,2,10,0.5,2
S02549,Fraction to Decimal,3,18,0.9,4,14,0.7,3,16,0.8,4,10,0.5,2,16,0.8,4,12,0.6,3,14,0.7,3,16,0.8,3
S06124,Division,2,8,0.4,2,12,0.6,3,8,0.4,2,16,0.8,4,12,0.6,3,16,0.8,4,12,0.6,3,12,0.6,3
S04282,Addition,0,2,0.1,0,12,0.6,3,8,0.4,2,14,0.7,3,6,0.3,1,12,0.6,3,14,0.7,3,12,0.6,3
S01486,Simplifying Fractions,6,16,0.8,4,6,0.3,1,14,0.7,3,14,0.7,3,16,0.8,4,14,0.7,3,6,0.3,1,10,0.5,2
S05072,Addition,0,2,0.1,0,8,0.4,2,8,0.4,2,4,0.2,1,16,0.8,4,12,0.6,3,8,0.4,2,4,0.2,1
S00710,Comparing Fractions,1,16,0.8,3,6,0.3,1,10,0.5,1,10,0.5,2,14,0.7,3,18,0.9,4,10,0.5,1,12,0.6,3
S03246,Subtraction,7,12,0.6,2,16,0.8,3,20,1.0,5,12,0.6,2,16,0.8,4,12,0.6,2,12,0.6,3,10,0.5,2
S02939,Addition,0,4,0.2,1,6,0.3,1,12,0.6,2,8,0.4,2,12,0.6,3,18,0.9,4,4,0.2,1,8,0.4,2
S05912,Addition,0,0,0.0,0,6,0.3,1,20,1.0,5,8,0.4,2,0,0.0,0,8,0.4,2,8,0.4,2,16,0.8,4
S02669,Multiplication,4,10,0.5,1,10,0.5,2,14,0.7,3,8,0.4,1,0,0.0,0,18,0.9,4,14,0.7,3,10,0.5,2
S05766,Comparing Fractions,1,8,0.4,2,0,0.0,0,12,0.6,3,4,0.2,1,14,0.7,3,18,0.9,4,16,0.8,4,4,0.2,1
S02613,Ordering Fractions,5,18,0.9,4,12,0.6,3,14,0.7,3,14,0.7,3,12,0.6,2,10,0.5,2,16,0.8,4,18,0.9,4
S05348,Simplifying Fractions,6,12,0.6,3,12,0.6,3,8,0.4,2,10,0.5,2,16,0.8,4,10,0.5,2,4,0.2,1,6,0.3,1
S04116,Fraction to Decimal,3,18,0.9,4,14,0.7,3,8,0.4,2,4,0.2,0,8,0.4,1,8,0.4,2,12,0.6,2,20,1.0,5
S00775,Simplifying Fractions,6,10,0.5,2,18,0.9,4,14,0.7,3,12,0.6,3,14,0.7,3,14,0.7,2,10,0.5,2,10,0.5,2
S03650,Multiplication,4,12,0.6,2,16,0.8,4,16,0.8,4,12,0.6,2,12,0.6,3,14,0.7,3,14,0.7,3,14,0.7,3
S01314,Subtraction,7,12,0.6,3,14,0.7,3,12,0.6,3,10,0.5,2,14,0.7,3,10,0.5,2,12,0.6,3,8,0.4,1
S04653,Multiplication,4,10,0.5,2,2,0.1,0,14,0.7,3,14,0.7,3,2,0.1,0,14,0.7,2,16,0.8,4,4,0.2,0
S06092,Addition,0,4,0.2,1,4,0.2,1,16,0.8,4,8,0.4,2,12,0.6,3,8,0.4,2,8,0.4,2,12,0.6,3
S03781,Simplifying Fractions,6,16,0.8,4,20,1.0,5,14,0.7,3,16,0.8,4,10,0.5,2,16,0.8,4,8,0.4,2,16,0.8,4
S02290,Division,2,18,0.9,4,8,0.4,1,8,0.4,1,12,0.6,3,10,0.5,2,10,0.5,2,8,0.4,1,18,0.9,4
S06191,Division,2,8,0.4,2,12,0.6,3,0,0.0,0,8,0.4,2,8,0.4,2,16,0.8,4,4,0.2,1,16,0.8,4
S03037,Simplifying Fractions,6,16,0.8,4,16,0.8,4,8,0.4,1,10,0.5,1,10,0.5,2,8,0.4,2,8,0.4,2,12,0.6,2
S02547,Comparing Fractions,1,16,0.8,3,6,0.3,1,12,0.6,3,16,0.8,4,16,0.8,4,16,0.8,4,16,0.8,4,12,0.6,3
S00705,Addition,0,8,0.4,1,16,0.8,4,12,0.6,3,16,0.8,3,12,0.6,2,12,0.6,3,16,0.8,3,14,0.7,3
S04240,Subtraction,7,14,0.7,3,16,0.8,3,12,0.6,3,12,0.6,3,12,0.6,3,12,0.6,3,12,0.6,3,8,0.4,1
S05357,Subtraction,7,20,1.0,5,4,0.2,1,12,0.6,3,4,0.2,1,12,0.6,3,16,0.8,4,20,1.0,5,4,0.2,1
S00463,Fraction to Decimal,3,10,0.5,2,10,0.5,2,14,0.7,3,8,0.4,1,12,0.6,2,8,0.4,1,10,0.5,2,12,0.6,3
S06126,Division,2,4,0.2,1,8,0.4,2,0,0.0,0,8,0.4,2,16,0.8,4,12,0.6,3,16,0.8,4,4,0.2,1
S05672,Addition,0,0,0.0,0,8,0.4,2,12,0.6,3,4,0.2,1,16,0.8,4,10,0.5,2,12,0.6,3,8,0.4,2
S05221,Simplifying Fractions,6,14,0.7,3,4,0.2,1,4,0.2,1,12,0.6,3,14,0.7,3,8,0.4,2,0,0.0,0,8,0.4,2
S05523,Multiplication,4,8,0.4,2,4,0.2,1,10,0.5,2,8,0.4,2,4,0.2,1,20,1.0,5,18,0.9,4,8,0.4,2
S00028,Subtraction,7,20,1.0,5,20,1.0,5,14,0.7,3,18,0.9,4,14,0.7,3,14,0.7,3,14,0.7,3,12,0.6,2
S06086,Addition,0,4,0.2,1,12,0.6,3,16,0.8,4,20,1.0,5,8,0.4,2,8,0.4,2,8,0.4,2,20,1.0,5
S00677,Addition,0,8,0.4,1,8,0.4,1,12,0.6,3,14,0.7,2,20,1.0,5,10,0.5,2,18,0.9,4,8,0.4,2
S04766,Division,2,6,0.3,1,4,0.2,0,2,0.1,0,12,0.6,2,20,1.0,5,12,0.6,3,16,0.8,4,10,0.5,2
S00582,Fraction to Decimal,3,6,0.3,1,8,0.4,2,14,0.7,3,6,0.3,1,10,0.5,2,16,0.8,4,14,0.7,3,12,0.6,3
S00267,Simplifying Fractions,6,12,0.6,3,8,0.4,1,4,0.2,1,6,0.3,0,14,0.7,3,10,0.5,2,4,0.2,1,6,0.3,1
S00420,Ordering Fractions,5,14,0.7,3,14,0.7,3,14,0.7,3,10,0.5,2,14,0.7,3,6,0.3,0,10,0.5,2,20,1.0,5
S05633,Simplifying Fractions,6,8,0.4,2,14,0.7,3,10,0.5,2,8,0.4,2,8,0.4,2,12,0.6,3,0,0.0,0,0,0.0,0
S01812,Addition,0,4,0.2,1,8,0.4,2,16,0.8,4,6,0.3,1,12,0.6,2,10,0.5,2,14,0.7,3,12,0.6,3
S04062,Multiplication,4,12,0.6,2,16,0.8,3,14,0.7,3,6,0.3,1,4,0.2,1,18,0.9,4,6,0.3,1,20,1.0,5
S04983,Simplifying Fractions,6,8,0.4,2,10,0.5,2,8,0.4,1,14,0.7,3,8,0.4,2,16,0.8,4,0,0.0,0,0,0.0,0
S03445,Fraction to Decimal,3,8,0.4,1,16,0.8,3,10,0.5,2,8,0.4,1,16,0.8,3,12,0.6,2,12,0.6,2,8,0.4,2
S01868,Addition,0,6,0.3,1,12,0.6,3,16,0.8,4,16,0.8,3,10,0.5,2,16,0.8,4,14,0.7,3,18,0.9,4
S04460,Simplifying Fractions,6,12,0.6,3,12,0.6,2,8,0.4,2,12,0.6,3,12,0.6,3,2,0.1,0,0,0.0,0,12,0.6,3
S01177,Division,2,14,0.7,3,14,0.7,3,4,0.2,1,6,0.3,0,14,0.7,3,10,0.5,2,4,0.2,0,12,0.6,2
S05279,Simplifying Fractions,6,10,0.5,2,20,1.0,5,14,0.7,3,16,0.8,4,8,0.4,2,18,0.9,4,4,0.2,1,8,0.4,2
S03982,Fraction to Decimal,3,14,0.7,3,6,0.3,1,20,1.0,5,6,0.3,1,14,0.7,3,16,0.8,3,16,0.8,4,14,0.7,3
S06306,Simplifying Fractions,6,20,1.0,5,12,0.6,3,16,0.8,4,16,0.8,4,20,1.0,5,12,0.6,3,8,0.4,2,8,0.4,2
S00065,Division,2,16,0.8,3,20,1.0,5,6,0.3,1,16,0.8,3,10,0.5,2,14,0.7,3,6,0.3,1,10,0.5,1
S00532,Multiplication,4,10,0.5,2,8,0.4,2,8,0.4,1,16,0.8,4,4,0.2,0,4,0.2,1,8,0.4,1,16,0.8,4
S00661,Subtraction,7,14,0.7,2,18,0.9,4,18,0.9,4,14,0.7,3,12,0.6,2,12,0.6,2,16,0.8,4,4,0.2,0
S01694,Addition,0,8,0.4,2,12,0.6,3,12,0.6,3,16,0.8,4,16,0.8,3,20,1.0,5,16,0.8,3,16,0.8,4
S05220,Ordering Fractions,5,8,0.4,2,14,0.7,3,4,0.2,1,12,0.6,3,20,1.0,5,0,0.0,0,8,0.4,2,16,0.8,4
S05493,Addition,0,0,0.0,0,10,0.5,2,12,0.6,3,0,0.0,0,8,0.4,2,6,0.3,1,12,0.6,3,10,0.5,2
S03809,Addition,0,4,0.2,1,14,0.7,3,16,0.8,4,6,0.3,1,14,0.7,3,16,0.8,4,20,1.0,5,16,0.8,4
S03357,Subtraction,7,12,0.6,3,8,0.4,2,6,0.3,1,12,0.6,3,12,0.6,2,12,0.6,3,8,0.4,2,6,0.3,1
S06374,Simplifying Fractions,6,4,0.2,1,12,0.6,3,8,0.4,2,8,0.4,2,8,0.4,2,12,0.6,3,4,0.2,1,8,0.4,2
S01813,Division,2,14,0.7,3,14,0.7,3,4,0.2,1,6,0.3,1,16,0.8,4,14,0.7,2,14,0.7,3,10,0.5,2
S00693,Simplifying Fractions,6,12,0.6,3,12,0.6,2,20,1.0,5,12,0.6,3,12,0.6,2,16,0.8,3,4,0.2,0,16,0.8,4
S00151,Ordering Fractions,5,16,0.8,4,6,0.3,0,14,0.7,2,4,0.2,1,12,0.6,3,4,0.2,0,12,0.6,3,14,0.7,3
S02794,Division,2,14,0.7,3,14,0.7,3,8,0.4,1,16,0.8,4,12,0.6,3,12,0.6,3,16,0.8,3,18,0.9,4
S01125,Fraction to Decimal,3,10,0.5,2,20,1.0,5,16,0.8,4,6,0.3,1,14,0.7,3,12,0.6,3,12,0.6,3,12,0.6,3
S04079,Multiplication,4,8,0.4,2,16,0.8,4,20,1.0,5,8,0.4,2,0,0.0,0,10,0.5,1,12,0.6,3,18,0.9,4
S05825,Fraction to Decimal,3,12,0.6,3,8,0.4,2,12,0.6,3,2,0.1,0,8,0.4,2,12,0.6,3,10,0.5,2,12,0.6,3
S05620,Division,2,16,0.8,4,0,0.0,0,0,0.0,0,0,0.0,0,18,0.9,4,20,1.0,5,10,0.5,2,0,0.0,0
S02821,Comparing Fractions,1,12,0.6,3,4,0.2,1,20,1.0,5,12,0.6,3,10,0.5,2,8,0.4,2,14,0.7,2,16,0.8,4
S02189,Subtraction,7,16,0.8,4,12,0.6,3,16,0.8,3,8,0.4,2,14,0.7,2,16,0.8,3,12,0.6,3,6,0.3,1
S03393,Subtraction,7,4,0.2,0,6,0.3,1,14,0.7,3,10,0.5,2,12,0.6,2,12,0.6,3,14,0.7,3,2,0.1,0
S02007,Addition,0,8,0.4,2,12,0.6,2,16,0.8,4,18,0.9,4,10,0.5,2,10,0.5,2,12,0.6,3,12,0.6,3
S06328,Simplifying Fractions,6,16,0.8,4,12,0.6,3,4,0.2,1,12,0.6,3,8,0.4,2,16,0.8,4,4,0.2,1,4,0.2,1
S03555,Fraction to Decimal,3,12,0.6,2,16,0.8,4,16,0.8,4,10,0.5,2,12,0.6,2,10,0.5,2,18,0.9,4,12,0.6,3
S05927,Ordering Fractions,5,16,0.8,4,14,0.7,3,8,0.4,2,12,0.6,3,8,0.4,2,0,0.0,0,12,0.6,3,4,0.2,1
S00479,Multiplication,4,16,0.8,4,16,0.8,4,14,0.7,3,12,0.6,2,8,0.4,2,12,0.6,3,14,0.7,3,16,0.8,3
S01613,Division,2,14,0.7,3,8,0.4,2,0,0.0,0,8,0.4,2,10,0.5,2,12,0.6,2,8,0.4,2,16,0.8,4
S05940,Fraction to Decimal,3,20,1.0,5,20,1.0,5,14,0.7,3,2,0.1,0,4,0.2,1,10,0.5,2,10,0.5,2,16,0.8,4
S03563,Simplifying Fractions,6,16,0.8,4,16,0.8,4,12,0.6,3,16,0.8,4,10,0.5,2,16,0.8,4,8,0.4,2,12,0.6,2
S02283,Simplifying Fractions,6,16,0.8,4,14,0.7,3,16,0.8,4,12,0.6,2,14,0.7,3,16,0.8,3,6,0.3,1,8,0.4,2
S00526,Comparing Fractions,1,10,0.5,2,4,0.2,0,16,0.8,4,14,0.7,3,18,0.9,4,6,0.3,1,10,0.5,2,6,0.3,1
S03954,Ordering Fractions,5,16,0.8,4,8,0.4,1,8,0.4,2,16,0.8,3,14,0.7,3,6,0.3,1,8,0.4,1,8,0.4,2
S05688,Simplifying Fractions,6,8,0.4,2,12,0.6,3,12,0.6,3,20,1.0,5,12,0.6,3,10,0.5,2,6,0.3,1,8,0.4,2
S00209,Ordering Fractions,5,14,0.7,3,12,0.6,3,16,0.8,4,12,0.6,3,18,0.9,4,8,0.4,1,12,0.6,3,10,0.5,1
S03976,Multiplication,4,16,0.8,4,20,1.0,5,16,0.8,4,14,0.7,3,10,0.5,2,18,0.9,4,14,0.7,3,16,0.8,4
S00061,Subtraction,7,14,0.7,3,12,0.6,2,16,0.8,4,6,0.3,1,18,0.9,4,12,0.6,3,12,0.6,3,4,0.2,0
S05787,Fraction to Decimal,3,18,0.9,4,12,0.6,3,12,0.6,3,0,0.0,0,12,0.6,3,20,1.0,5,8,0.4,2,8,0.4,2
S04020,Multiplication,4,8,0.4,2,12,0.6,3,6,0.3,1,16,0.8,4,4,0.2,1,12,0.6,3,18,0.9,4,18,0.9,4
S05344,Simplifying Fractions,6,12,0.6,3,16,0.8,4,16,0.8,4,12,0.6,3,20,1.0,5,12,0.6,3,12,0.6,3,12,0.6,3
S03679,Multiplication,4,8,0.4,1,12,0.6,3,12,0.6,3,10,0.5,2,4,0.2,1,14,0.7,3,12,0.6,2,8,0.4,2
S02077,Addition,0,8,0.4,2,18,0.9,4,10,0.5,2,16,0.8,4,10,0.5,1,12,0.6,2,8,0.4,2,12,0.6,2
S03208,Subtraction,7,16,0.8,4,20,1.0,5,14,0.7,3,8,0.4,2,12,0.6,2,20,1.0,5,8,0.4,2,4,0.2,0
S01681,Addition,0,2,0.1,0,16,0.8,3,8,0.4,2,4,0.2,1,12,0.6,3,16,0.8,4,4,0.2,0,12,0.6,3
S02753,Comparing Fractions,1,20,1.0,5,6,0.3,1,14,0.7,3,12,0.6,3,12,0.6,2,6,0.3,1,14,0.7,2,12,0.6,2
S01577,Subtraction,7,8,0.4,1,18,0.9,4,10,0.5,1,16,0.8,4,14,0.7,3,12,0.6,2,10,0.5,2,6,0.3,1
S04506,Comparing Fractions,1,16,0.8,3,8,0.4,1,10,0.5,2,12,0.6,2,16,0.8,3,18,0.9,4,10,0.5,2,16,0.8,4
S00829,Fraction to Decimal,3,16,0.8,4,20,1.0,5,8,0.4,0,2,0.1,0,16,0.8,3,10,0.5,2,18,0.9,4,12,0.6,2
S04263,Addition,0,4,0.2,1,20,1.0,5,8,0.4,1,8,0.4,1,14,0.7,2,16,0.8,4,12,0.6,3,14,0.7,3
S01516,Ordering Fractions,5,16,0.8,4,8,0.4,2,10,0.5,2,12,0.6,3,8,0.4,2,4,0.2,1,18,0.9,4,16,0.8,4
S04404,Division,2,16,0.8,4,16,0.8,4,10,0.5,2,14,0.7,2,12,0.6,2,14,0.7,3,20,1.0,5,12,0.6,3
S04430,Fraction to Decimal,3,20,1.0,5,16,0.8,4,14,0.7,3,10,0.5,2,20,1.0,5,12,0.6,3,10,0.5,2,16,0.8,3
S01726,Simplifying Fractions,6,16,0.8,3,20,1.0,5,10,0.5,2,12,0.6,3,12,0.6,3,8,0.4,2,8,0.4,2,14,0.7,3
S05765,Addition,0,4,0.2,1,16,0.8,4,8,0.4,2,12,0.6,3,8,0.4,2,20,1.0,5,8,0.4,2,20,1.0,5
S03467,Multiplication,4,12,0.6,3,6,0.3,0,18,0.9,4,8,0.4,1,4,0.2,1,12,0.6,3,8,0.4,2,14,0.7,3
S03343,Division,2,14,0.7,3,20,1.0,5,4,0.2,1,8,0.4,1,4,0.2,1,16,0.8,3,14,0.7,3,14,0.7,3
S04199,Division,2,14,0.7,3,16,0.8,4,6,0.3,1,10,0.5,2,16,0.8,4,10,0.5,2,12,0.6,3,20,1.0,5
S05362,Subtraction,7,10,0.5,2,12,0.6,3,14,0.7,3,8,0.4,2,8,0.4,2,14,0.7,3,14,0.7,3,4,0.2,1
S02184,Subtraction,7,16,0.8,4,20,1.0,5,20,1.0,5,14,0.7,3,14,0.7,3,8,0.4,1,14,0.7,3,8,0.4,2
S04882,Comparing Fractions,1,10,0.5,1,4,0.2,1,16,0.8,3,10,0.5,1,14,0.7,3,16,0.8,4,8,0.4,1,14,0.7,3
S03272,Comparing Fractions,1,6,0.3,1,4,0.2,1,16,0.8,4,12,0.6,2,12,0.6,3,12,0.6,3,14,0.7,3,14,0.7,3
S05775,Multiplication,4,16,0.8,4,16,0.8,4,12,0.6,3,14,0.7,3,10,0.5,2,12,0.6,3,20,1.0,5,20,1.0,5
S04186,Ordering Fractions,5,16,0.8,4,14,0.7,3,14,0.7,3,16,0.8,3,16,0.8,4,8,0.4,2,14,0.7,3,20,1.0,5
S00276,Ordering Fractions,5,12,0.6,1,12,0.6,3,12,0.6,3,12,0.6,3,16,0.8,4,10,0.5,2,18,0.9,4,16,0.8,4
S01479,Division,2,8,0.4,1,10,0.5,1,6,0.3,0,10,0.5,2,14,0.7,3,18,0.9,4,10,0.5,2,16,0.8,4
S00048,Comparing Fractions,1,12,0.6,3,4,0.2,1,16,0.8,4,10,0.5,2,20,1.0,5,12,0.6,3,14,0.7,3,14,0.7,3
S04947,Comparing Fractions,1,12,0.6,3,6,0.3,1,12,0.6,3,20,1.0,5,16,0.8,3,14,0.7,3,8,0.4,2,14,0.7,3
S01719,Simplifying Fractions,6,8,0.4,2,20,1.0,5,10,0.5,2,16,0.8,3,18,0.9,4,6,0.3,0,4,0.2,0,12,0.6,1
S02078,Comparing Fractions,1,6,0.3,1,4,0.2,1,18,0.9,4,12,0.6,3,16,0.8,4,10,0.5,2,12,0.6,2,12,0.6,3
S00729,Ordering Fractions,5,12,0.6,3,12,0.6,3,14,0.7,3,10,0.5,1,14,0.7,2,8,0.4,1,10,0.5,1,10,0.5,2
S02833,Division,2,8,0.4,1,10,0.5,2,4,0.2,1,10,0.5,2,12,0.6,3,10,0.5,1,10,0.5,2,16,0.8,4
S01182,Division,2,14,0.7,3,10,0.5,2,8,0.4,2,10,0.5,2,12,0.6,3,10,0.5,2,10,0.5,2,16,0.8,4
S04997,Multiplication,4,12,0.6,2,12,0.6,2,14,0.7,3,12,0.6,3,8,0.4,1,16,0.8,3,12,0.6,3,14,0.7,3
S05421,Simplifying Fractions,6,18,0.9,4,4,0.2,1,16,0.8,4,4,0.2,1,16,0.8,4,10,0.5,2,4,0.2,1,12,0.6,3
S03155,Addition,0,6,0.3,0,8,0.4,0,12,0.6,3,12,0.6,3,16,0.8,4,10,0.5,2,12,0.6,3,10,0.5,1
S01598,Simplifying Fractions,6,8,0.4,2,14,0.7,3,8,0.4,1,8,0.4,2,6,0.3,1,12,0.6,3,6,0.3,1,10,0.5,2
S01489,Division,2,16,0.8,3,12,0.6,3,4,0.2,0,4,0.2,0,10,0.5,2,6,0.3,1,6,0.3,1,10,0.5,2
S00901,Subtraction,7,10,0.5,2,4,0.2,0,8,0.4,1,10,0.5,1,8,0.4,2,8,0.4,2,6,0.3,1,4,0.2,1
S04206,Ordering Fractions,5,8,0.4,2,10,0.5,2,16,0.8,4,8,0.4,0,12,0.6,2,4,0.2,0,10,0.5,2,16,0.8,4
S01154,Ordering Fractions,5,16,0.8,4,20,1.0,5,12,0.6,3,16,0.8,4,12,0.6,2,6,0.3,1,8,0.4,2,8,0.4,2
S05885,Ordering Fractions,5,8,0.4,2,18,0.9,4,20,1.0,5,8,0.4,2,8,0.4,2,4,0.2,1,8,0.4,2,8,0.4,2
S03899,Multiplication,4,14,0.7,3,6,0.3,1,6,0.3,1,6,0.3,1,2,0.1,0,14,0.7,3,12,0.6,3,10,0.5,2
S04438,Comparing Fractions,1,14,0.7,3,8,0.4,2,12,0.6,2,12,0.6,1,12,0.6,2,8,0.4,1,8,0.4,1,16,0.8,4
S00234,Simplifying Fractions,6,18,0.9,4,16,0.8,4,16,0.8,4,8,0.4,2,12,0.6,3,8,0.4,2,6,0.3,1,10,0.5,2
S05780,Multiplication,4,16,0.8,4,8,0.4,2,14,0.7,3,16,0.8,4,2,0.1,0,12,0.6,3,10,0.5,2,4,0.2,1
S01635,Subtraction,7,8,0.4,2,8,0.4,1,10,0.5,1,10,0.5,2,12,0.6,3,14,0.7,3,16,0.8,3,6,0.3,1
S05240,Ordering Fractions,5,16,0.8,4,8,0.4,2,18,0.9,4,20,1.0,5,16,0.8,4,0,0.0,0,20,1.0,5,12,0.6,3
S06216,Comparing Fractions,1,20,1.0,5,4,0.2,1,8,0.4,2,8,0.4,2,8,0.4,2,16,0.8,4,8,0.4,2,4,0.2,1
S00228,Comparing Fractions,1,6,0.3,1,4,0.2,1,6,0.3,1,12,0.6,3,12,0.6,3,4,0.2,1,10,0.5,2,10,0.5,2
S03403,Multiplication,4,12,0.6,3,10,0.5,2,12,0.6,3,8,0.4,2,8,0.4,2,14,0.7,3,16,0.8,4,12,0.6,2
S01843,Comparing Fractions,1,10,0.5,2,8,0.4,2,14,0.7,3,10,0.5,1,18,0.9,4,10,0.5,2,12,0.6,2,12,0.6,3
S02484,Fraction to Decimal,3,12,0.6,3,20,1.0,5,18,0.9,4,8,0.4,1,14,0.7,3,14,0.7,3,16,0.8,4,12,0.6,3
S05815,Simplifying Fractions,6,16,0.8,4,18,0.9,4,12,0.6,3,8,0.4,2,16,0.8,4,12,0.6,3,0,0.0,0,6,0.3,1
S04917,Ordering Fractions,5,18,0.9,4,4,0.2,1,16,0.8,4,18,0.9,4,14,0.7,3,2,0.1,0,12,0.6,2,12,0.6,2
S01258,Comparing Fractions,1,18,0.9,4,6,0.3,1,20,1.0,5,14,0.7,3,10,0.5,2,16,0.8,4,14,0.7,3,6,0.3,1
S03189,Ordering Fractions,5,16,0.8,4,16,0.8,3,16,0.8,4,12,0.6,2,12,0.6,3,12,0.6,3,12,0.6,3,16,0.8,4
S00542,Multiplication,4,18,0.9,4,6,0.3,1,12,0.6,2,16,0.8,3,0,0.0,0,4,0.2,0,8,0.4,2,12,0.6,2
S00945,Comparing Fractions,1,12,0.6,3,4,0.2,1,20,1.0,5,12,0.6,2,14,0.7,3,18,0.9,4,10,0.5,1,14,0.7,3
S02401,Simplifying Fractions,6,14,0.7,3,12,0.6,2,14,0.7,3,14,0.7,3,18,0.9,4,18,0.9,4,8,0.4,2,10,0.5,2
S00332,Ordering Fractions,5,12,0.6,3,14,0.7,3,12,0.6,2,18,0.9,4,14,0.7,3,12,0.6,3,16,0.8,4,14,0.7,3
S01733,Ordering Fractions,5,14,0.7,3,14,0.7,3,20,1.0,5,12,0.6,3,14,0.7,3,12,0.6,3,12,0.6,3,14,0.7,3
S05472,Comparing Fractions,1,14,0.7,3,4,0.2,1,4,0.2,1,4,0.2,1,16,0.8,4,8,0.4,2,12,0.6,3,18,0.9,4
S00225,Ordering Fractions,5,20,1.0,5,16,0.8,4,8,0.4,2,14,0.7,3,16,0.8,4,8,0.4,2,14,0.7,3,14,0.7,3
S04865,Comparing Fractions,1,8,0.4,1,6,0.3,1,14,0.7,3,18,0.9,4,10,0.5,2,8,0.4,2,8,0.4,2,14,0.7,3
S03380,Ordering Fractions,5,16,0.8,4,12,0.6,3,12,0.6,2,18,0.9,4,16,0.8,4,6,0.3,1,16,0.8,3,14,0.7,3
S04256,Addition,0,6,0.3,1,12,0.6,3,10,0.5,2,10,0.5,2,14,0.7,3,14,0.7,3,10,0.5,2,14,0.7,3
S02490,Addition,0,2,0.1,0,12,0.6,3,16,0.8,4,4,0.2,0,20,1.0,5,14,0.7,2,18,0.9,4,10,0.5,2
S00442,Comparing Fractions,1,12,0.6,3,4,0.2,1,6,0.3,1,18,0.9,4,14,0.7,2,20,1.0,5,8,0.4,2,12,0.6,2
S01048,Fraction to Decimal,3,6,0.3,1,12,0.6,3,18,0.9,4,4,0.2,1,12,0.6,3,12,0.6,3,8,0.4,1,20,1.0,5
S01637,Fraction to Decimal,3,14,0.7,3,6,0.3,1,10,0.5,2,4,0.2,1,8,0.4,1,16,0.8,3,18,0.9,4,10,0.5,2
S00291,Fraction to Decimal,3,8,0.4,2,14,0.7,3,16,0.8,4,6,0.3,1,16,0.8,3,16,0.8,3,16,0.8,4,16,0.8,4
S02439,Division,2,12,0.6,2,8,0.4,2,0,0.0,0,12,0.6,2,16,0.8,3,16,0.8,4,12,0.6,2,6,0.3,1
S05773,Addition,0,4,0.2,1,20,1.0,5,6,0.3,1,16,0.8,4,12,0.6,3,12,0.6,3,4,0.2,1,18,0.9,4
S05578,Division,2,20,1.0,5,16,0.8,4,8,0.4,2,14,0.7,3,16,0.8,4,16,0.8,4,20,1.0,5,16,0.8,4
S00567,Simplifying Fractions,6,10,0.5,2,18,0.9,4,12,0.6,3,12,0.6,2,12,0.6,3,8,0.4,2,6,0.3,1,12,0.6,2
S01496,Multiplication,4,16,0.8,4,12,0.6,2,16,0.8,4,10,0.5,2,8,0.4,2,12,0.6,3,16,0.8,4,12,0.6,3
S05574,Addition,0,4,0.2,1,18,0.9,4,8,0.4,2,18,0.9,4,16,0.8,4,16,0.8,4,18,0.9,4,16,0.8,4
S02286,Comparing Fractions,1,6,0.3,1,2,0.1,0,12,0.6,2,6,0.3,1,10,0.5,2,12,0.6,2,12,0.6,3,16,0.8,4
S01086,Subtraction,7,14,0.7,3,6,0.3,1,10,0.5,2,6,0.3,1,4,0.2,0,8,0.4,0,6,0.3,1,4,0.2,1
S05884,Multiplication,4,8,0.4,2,16,0.8,4,12,0.6,3,8,0.4,2,4,0.2,1,8,0.4,2,4,0.2,1,14,0.7,3
S01810,Addition,0,6,0.3,1,10,0.5,2,14,0.7,3,18,0.9,4,8,0.4,2,14,0.7,3,12,0.6,2,14,0.7,3
S03120,Multiplication,4,8,0.4,1,14,0.7,3,8,0.4,1,10,0.5,2,2,0.1,0,10,0.5,1,14,0.7,3,6,0.3,1
S02123,Division,2,8,0.4,1,12,0.6,2,2,0.1,0,6,0.3,0,14,0.7,3,16,0.8,4,6,0.3,1,4,0.2,0
S06262,Subtraction,7,16,0.8,4,8,0.4,2,16,0.8,4,8,0.4,2,8,0.4,2,4,0.2,1,4,0.2,1,4,0.2,1
S04603,Fraction to Decimal,3,14,0.7,3,8,0.4,2,16,0.8,3,6,0.3,1,10,0.5,2,18,0.9,4,16,0.8,4,12,0.6,3
S04888,Division,2,10,0.5,2,16,0.8,4,2,0.1,0,10,0.5,2,10,0.5,2,10,0.5,1,14,0.7,3,6,0.3,1
S00366,Addition,0,4,0.2,1,8,0.4,1,8,0.4,2,18,0.9,4,8,0.4,2,6,0.3,1,16,0.8,3,12,0.6,3
S04705,Division,2,8,0.4,1,12,0.6,3,6,0.3,1,8,0.4,1,12,0.6,3,12,0.6,2,12,0.6,3,12,0.6,2
S05485,Subtraction,7,8,0.4,2,14,0.7,3,16,0.8,4,16,0.8,4,8,0.4,2,8,0.4,2,14,0.7,3,4,0.2,1
S00714,Simplifying Fractions,6,20,1.0,5,12,0.6,3,14,0.7,3,20,1.0,5,10,0.5,2,16,0.8,4,10,0.5,2,16,0.8,4
S01865,Fraction to Decimal,3,12,0.6,2,12,0.6,3,16,0.8,3,8,0.4,2,8,0.4,2,10,0.5,1,10,0.5,1,8,0.4,1
S02871,Comparing Fractions,1,12,0.6,2,6,0.3,1,14,0.7,3,16,0.8,3,10,0.5,2,12,0.6,3,6,0.3,1,10,0.5,2
S00541,Multiplication,4,12,0.6,2,14,0.7,3,16,0.8,4,16,0.8,4,8,0.4,1,10,0.5,2,12,0.6,2,12,0.6,2
S04454,Comparing Fractions,1,16,0.8,3,2,0.1,0,12,0.6,3,10,0.5,2,12,0.6,3,6,0.3,1,14,0.7,3,8,0.4,2
S00452,Subtraction,7,12,0.6,3,14,0.7,3,14,0.7,3,12,0.6,3,14,0.7,3,18,0.9,4,20,1.0,5,8,0.4,2
S02976,Division,2,16,0.8,4,8,0.4,2,6,0.3,1,16,0.8,4,8,0.4,2,8,0.4,2,8,0.4,2,12,0.6,3
S03425,Simplifying Fractions,6,12,0.6,2,10,0.5,2,20,1.0,5,14,0.7,3,18,0.9,4,12,0.6,3,10,0.5,2,20,1.0,5
S03540,Division,2,16,0.8,4,14,0.7,3,6,0.3,0,14,0.7,3,14,0.7,3,16,0.8,4,10,0.5,2,16,0.8,3
S00169,Subtraction,7,10,0.5,2,10,0.5,2,6,0.3,1,14,0.7,3,14,0.7,3,12,0.6,2,14,0.7,3,4,0.2,0
S04884,Addition,0,8,0.4,2,12,0.6,2,12,0.6,3,8,0.4,2,8,0.4,2,18,0.9,4,14,0.7,3,14,0.7,3
S04257,Fraction to Decimal,3,20,1.0,5,18,0.9,4,12,0.6,3,6,0.3,1,18,0.9,4,14,0.7,2,10,0.5,2,12,0.6,3
S02307,Simplifying Fractions,6,12,0.6,3,10,0.5,1,4,0.2,1,10,0.5,2,16,0.8,3,6,0.3,1,4,0.2,0,6,0.3,1
S00568,Fraction to Decimal,3,6,0.3,1,12,0.6,2,8,0.4,1,4,0.2,1,12,0.6,1,16,0.8,4,16,0.8,3,14,0.7,3
S00718,Division,2,18,0.9,4,12,0.6,3,6,0.3,1,8,0.4,1,12,0.6,3,18,0.9,4,20,1.0,5,12,0.6,3
S04944,Multiplication,4,16,0.8,4,20,1.0,5,8,0.4,0,10,0.5,2,6,0.3,1,10,0.5,2,14,0.7,3,14,0.7,3
S02569,Division,2,20,1.0,5,6,0.3,1,4,0.2,1,16,0.8,3,16,0.8,4,16,0.8,4,12,0.6,3,10,0.5,2
S05929,Multiplication,4,8,0.4,2,12,0.6,3,16,0.8,4,8,0.4,2,0,0.0,0,0,0.0,0,12,0.6,3,16,0.8,4
S03149,Comparing Fractions,1,14,0.7,3,8,0.4,2,12,0.6,3,10,0.5,2,8,0.4,2,18,0.9,4,14,0.7,3,16,0.8,4
S04374,Ordering Fractions,5,8,0.4,2,8,0.4,1,12,0.6,2,12,0.6,3,10,0.5,2,4,0.2,1,10,0.5,2,14,0.7,3
S01605,Division,2,18,0.9,4,8,0.4,2,6,0.3,1,10,0.5,2,18,0.9,4,20,1.0,5,16,0.8,3,14,0.7,3
S06010,Comparing Fractions,1,12,0.6,3,4,0.2,1,12,0.6,3,8,0.4,2,8,0.4,2,16,0.8,4,12,0.6,3,12,0.6,3
S01508,Division,2,16,0.8,4,20,1.0,5,8,0.4,2,14,0.7,3,10,0.5,2,12,0.6,3,16,0.8,4,8,0.4,2
S05009,Addition,0,0,0.0,0,12,0.6,3,12,0.6,3,6,0.3,1,16,0.8,4,14,0.7,3,20,1.0,5,2,0.1,0
S04753,Addition,0,8,0.4,2,12,0.6,3,16,0.8,3,12,0.6,2,10,0.5,2,12,0.6,3,16,0.8,4,14,0.7,3
S01777,Division,2,12,0.6,3,12,0.6,3,0,0.0,0,4,0.2,1,14,0.7,3,12,0.6,3,10,0.5,2,20,1.0,5
S04176,Addition,0,12,0.6,3,12,0.6,2,14,0.7,3,14,0.7,3,16,0.8,4,16,0.8,4,12,0.6,3,14,0.7,2
S04456,Addition,0,8,0.4,1,16,0.8,4,16,0.8,3,8,0.4,1,14,0.7,3,20,1.0,5,14,0.7,3,8,0.4,2
S01423,Addition,0,8,0.4,2,8,0.4,2,20,1.0,5,8,0.4,1,8,0.4,1,10,0.5,2,8,0.4,1,8,0.4,1
S05004,Subtraction,7,12,0.6,3,12,0.6,3,12,0.6,3,8,0.4,2,12,0.6,3,16,0.8,4,10,0.5,2,4,0.2,1
S01495,Division,2,12,0.6,2,16,0.8,4,10,0.5,2,16,0.8,3,20,1.0,5,14,0.7,3,12,0.6,3,12,0.6,3
S05411,Ordering Fractions,5,8,0.4,2,10,0.5,2,8,0.4,2,4,0.2,1,4,0.2,1,0,0.0,0,6,0.3,1,14,0.7,3
S04952,Simplifying Fractions,6,12,0.6,3,8,0.4,2,12,0.6,2,8,0.4,2,12,0.6,3,12,0.6,2,4,0.2,1,16,0.8,4
S00085,Division,2,12,0.6,3,18,0.9,4,8,0.4,2,12,0.6,2,8,0.4,1,16,0.8,4,8,0.4,2,10,0.5,2
S00888,Fraction to Decimal,3,16,0.8,4,16,0.8,4,16,0.8,4,10,0.5,2,12,0.6,3,16,0.8,4,16,0.8,4,16,0.8,3
S00443,Fraction to Decimal,3,16,0.8,4,18,0.9,4,10,0.5,2,4,0.2,0,10,0.5,1,12,0.6,2,10,0.5,2,8,0.4,2
S02167,Comparing Fractions,1,8,0.4,2,8,0.4,1,18,0.9,4,18,0.9,4,16,0.8,4,8,0.4,2,10,0.5,2,8,0.4,1
S02532,Comparing Fractions,1,12,0.6,2,10,0.5,2,18,0.9,4,14,0.7,3,10,0.5,2,16,0.8,4,12,0.6,3,20,1.0,5
S04072,Addition,0,8,0.4,1,16,0.8,3,8,0.4,1,8,0.4,1,16,0.8,4,8,0.4,2,8,0.4,1,16,0.8,4
S05894,Subtraction,7,10,0.5,2,10,0.5,2,14,0.7,3,8,0.4,2,14,0.7,3,6,0.3,1,12,0.6,3,0,0.0,0
S01246,Comparing Fractions,1,6,0.3,1,4,0.2,1,14,0.7,3,8,0.4,1,14,0.7,3,4,0.2,1,4,0.2,0,18,0.9,4
S03824,Simplifying Fractions,6,12,0.6,3,20,1.0,5,10,0.5,2,10,0.5,1,12,0.6,2,8,0.4,2,4,0.2,1,14,0.7,3
S02550,Addition,0,8,0.4,2,12,0.6,3,18,0.9,4,12,0.6,3,12,0.6,3,10,0.5,2,8,0.4,2,12,0.6,2
S03743,Subtraction,7,14,0.7,3,10,0.5,2,10,0.5,2,16,0.8,4,14,0.7,3,8,0.4,2,16,0.8,3,6,0.3,1
S04520,Subtraction,7,10,0.5,2,12,0.6,2,12,0.6,3,10,0.5,2,12,0.6,1,16,0.8,4,20,1.0,5,0,0.0,0
S01371,Simplifying Fractions,6,8,0.4,1,14,0.7,3,12,0.6,3,14,0.7,3,10,0.5,2,14,0.7,3,6,0.3,1,16,0.8,3
S04618,Division,2,8,0.4,1,12,0.6,3,8,0.4,1,14,0.7,2,8,0.4,2,12,0.6,3,12,0.6,3,18,0.9,4
S00913,Ordering Fractions,5,16,0.8,4,12,0.6,3,14,0.7,3,12,0.6,2,16,0.8,4,8,0.4,2,18,0.9,4,12,0.6,3
S05826,Addition,0,2,0.1,0,20,1.0,5,20,1.0,5,8,0.4,2,16,0.8,4,16,0.8,4,8,0.4,2,12,0.6,3
S03846,Ordering Fractions,5,12,0.6,3,16,0.8,4,16,0.8,4,8,0.4,1,14,0.7,3,8,0.4,2,14,0.7,3,20,1.0,5
S00183,Division,2,12,0.6,3,14,0.7,3,0,0.0,0,14,0.7,3,14,0.7,3,20,1.0,5,14,0.7,3,0,0.0,0
S03218,Comparing Fractions,1,10,0.5,2,4,0.2,1,12,0.6,3,6,0.3,1,12,0.6,2,14,0.7,3,16,0.8,4,12,0.6,3
S05899,Division,2,20,1.0,5,10,0.5,2,0,0.0,0,20,1.0,5,18,0.9,4,8,0.4,2,20,1.0,5,16,0.8,4
S02026,Subtraction,7,16,0.8,4,8,0.4,0,14,0.7,3,16,0.8,4,12,0.6,3,14,0.7,3,6,0.3,1,2,0.1,0
S05176,Comparing Fractions,1,4,0.2,1,0,0.0,0,10,0.5,2,8,0.4,2,10,0.5,2,8,0.4,2,10,0.5,2,16,0.8,4
S04821,Ordering Fractions,5,10,0.5,2,12,0.6,3,10,0.5,2,8,0.4,2,18,0.9,4,6,0.3,1,12,0.6,3,8,0.4,1
S00655,Subtraction,7,16,0.8,4,10,0.5,2,14,0.7,3,8,0.4,1,14,0.7,3,14,0.7,3,8,0.4,2,6,0.3,1
S03821,Ordering Fractions,5,18,0.9,4,14,0.7,3,16,0.8,4,4,0.2,0,14,0.7,3,2,0.1,0,14,0.7,3,16,0.8,4
S00927,Multiplication,4,14,0.7,3,16,0.8,3,16,0.8,4,14,0.7,3,8,0.4,1,12,0.6,3,14,0.7,3,14,0.7,3
S04311,Comparing Fractions,1,10,0.5,2,8,0.4,2,12,0.6,2,16,0.8,4,12,0.6,2,14,0.7,3,14,0.7,2,12,0.6,2
S03103,Division,2,20,1.0,5,12,0.6,3,10,0.5,2,12,0.6,2,16,0.8,4,16,0.8,3,16,0.8,4,16,0.8,4
S04440,Addition,0,4,0.2,0,14,0.7,3,14,0.7,3,4,0.2,0,14,0.7,3,16,0.8,4,14,0.7,3,8,0.4,2
S04228,Comparing Fractions,1,6,0.3,1,4,0.2,1,12,0.6,3,10,0.5,2,8,0.4,1,14,0.7,3,6,0.3,1,14,0.7,3
S05168,Fraction to Decimal,3,14,0.7,3,14,0.7,3,10,0.5,2,8,0.4,2,16,0.8,4,12,0.6,3,16,0.8,4,8,0.4,2
S04791,Simplifying Fractions,6,12,0.6,3,8,0.4,2,8,0.4,1,6,0.3,1,18,0.9,4,12,0.6,3,0,0.0,0,6,0.3,1
S00437,Division,2,16,0.8,3,12,0.6,3,6,0.3,1,8,0.4,2,8,0.4,2,10,0.5,2,16,0.8,4,16,0.8,4
S00885,Subtraction,7,20,1.0,5,16,0.8,4,12,0.6,3,14,0.7,3,8,0.4,2,12,0.6,2,14,0.7,3,6,0.3,1
S04551,Division,2,16,0.8,4,12,0.6,3,2,0.1,0,4,0.2,0,4,0.2,1,14,0.7,3,8,0.4,2,18,0.9,4
S06160,Division,2,12,0.6,3,8,0.4,2,0,0.0,0,12,0.6,3,12,0.6,3,16,0.8,4,12,0.6,3,8,0.4,2
S00725,Ordering Fractions,5,16,0.8,4,18,0.9,4,12,0.6,3,14,0.7,3,8,0.4,2,4,0.2,1,14,0.7,2,10,0.5,1
S01026,Ordering Fractions,5,12,0.6,3,10,0.5,2,8,0.4,2,6,0.3,1,10,0.5,2,4,0.2,0,16,0.8,4,16,0.8,3
S02682,Division,2,16,0.8,4,14,0.7,3,8,0.4,2,14,0.7,3,12,0.6,2,14,0.7,2,8,0.4,2,16,0.8,4
S05827,Comparing Fractions,1,16,0.8,4,4,0.2,1,12,0.6,3,16,0.8,4,12,0.6,3,16,0.8,4,16,0.8,4,8,0.4,2
S05613,Addition,0,0,0.0,0,8,0.4,2,8,0.4,2,10,0.5,2,8,0.4,2,20,1.0,5,6,0.3,1,16,0.8,4
S02014,Addition,0,4,0.2,0,14,0.7,3,20,1.0,5,6,0.3,1,6,0.3,0,8,0.4,0,10,0.5,1,8,0.4,2
S03761,Division,2,14,0.7,3,10,0.5,2,8,0.4,1,14,0.7,3,12,0.6,2,10,0.5,2,18,0.9,4,12,0.6,3
S03480,Addition,0,8,0.4,2,14,0.7,2,12,0.6,3,12,0.6,2,14,0.7,2,18,0.9,4,12,0.6,3,16,0.8,4
S01620,Addition,0,2,0.1,0,14,0.7,3,4,0.2,0,8,0.4,2,14,0.7,3,14,0.7,3,12,0.6,2,14,0.7,3
S03203,Multiplication,4,10,0.5,2,16,0.8,3,8,0.4,1,20,1.0,5,4,0.2,1,16,0.8,4,10,0.5,2,12,0.6,3
S04648,Addition,0,2,0.1,0,12,0.6,3,12,0.6,2,8,0.4,1,14,0.7,3,12,0.6,3,20,1.0,5,4,0.2,0
S00624,Subtraction,7,20,1.0,5,8,0.4,2,14,0.7,3,8,0.4,2,12,0.6,3,14,0.7,3,4,0.2,1,4,0.2,0
S05186,Ordering Fractions,5,18,0.9,4,20,1.0,5,14,0.7,3,14,0.7,3,8,0.4,2,0,0.0,0,18,0.9,4,16,0.8,4
S04658,Addition,0,4,0.2,0,10,0.5,2,4,0.2,1,8,0.4,2,10,0.5,2,10,0.5,2,6,0.3,1,8,0.4,2
S01369,Subtraction,7,16,0.8,3,16,0.8,4,10,0.5,2,4,0.2,0,12,0.6,2,8,0.4,2,10,0.5,2,2,0.1,0
S01112,Fraction to Decimal,3,14,0.7,3,16,0.8,4,14,0.7,3,6,0.3,1,8,0.4,1,14,0.7,3,12,0.6,2,10,0.5,1
S06227,Ordering Fractions,5,16,0.8,4,12,0.6,3,16,0.8,4,12,0.6,3,16,0.8,4,4,0.2,1,4,0.2,1,8,0.4,2
S03891,Multiplication,4,16,0.8,4,12,0.6,3,16,0.8,4,16,0.8,4,0,0.0,0,16,0.8,4,8,0.4,2,8,0.4,2
S03596,Comparing Fractions,1,6,0.3,1,4,0.2,1,12,0.6,3,12,0.6,3,4,0.2,1,12,0.6,3,12,0.6,3,14,0.7,3
S04748,Fraction to Decimal,3,10,0.5,2,10,0.5,2,10,0.5,2,4,0.2,0,16,0.8,4,16,0.8,4,20,1.0,5,12,0.6,3
S04053,Fraction to Decimal,3,16,0.8,4,20,1.0,5,12,0.6,3,12,0.6,3,16,0.8,4,16,0.8,4,14,0.7,3,18,0.9,4
S04202,Comparing Fractions,1,10,0.5,2,4,0.2,1,6,0.3,0,16,0.8,4,14,0.7,3,18,0.9,4,14,0.7,3,10,0.5,1
S01915,Multiplication,4,12,0.6,1,12,0.6,2,12,0.6,2,12,0.6,3,4,0.2,1,12,0.6,3,18,0.9,4,10,0.5,2
S03434,Comparing Fractions,1,14,0.7,3,4,0.2,1,12,0.6,3,6,0.3,1,6,0.3,1,14,0.7,3,20,1.0,5,6,0.3,1
S04561,Fraction to Decimal,3,10,0.5,2,6,0.3,1,10,0.5,2,4,0.2,0,10,0.5,2,12,0.6,2,18,0.9,4,6,0.3,0
S05207,Simplifying Fractions,6,16,0.8,4,20,1.0,5,16,0.8,4,16,0.8,4,14,0.7,3,18,0.9,4,8,0.4,2,16,0.8,4
S05456,Simplifying Fractions,6,18,0.9,4,8,0.4,2,6,0.3,1,16,0.8,4,12,0.6,3,8,0.4,2,0,0.0,0,16,0.8,4
S03609,Fraction to Decimal,3,12,0.6,3,18,0.9,4,16,0.8,3,8,0.4,1,20,1.0,5,14,0.7,3,20,1.0,5,12,0.6,3
S02544,Addition,0,2,0.1,0,16,0.8,4,16,0.8,3,12,0.6,2,20,1.0,5,12,0.6,2,16,0.8,4,10,0.5,2
S01844,Multiplication,4,10,0.5,2,16,0.8,3,10,0.5,2,10,0.5,1,8,0.4,2,16,0.8,4,18,0.9,4,14,0.7,2
S04338,Multiplication,4,14,0.7,2,10,0.5,1,8,0.4,2,12,0.6,3,6,0.3,1,14,0.7,3,18,0.9,4,14,0.7,3
S03863,Simplifying Fractions,6,14,0.7,3,14,0.7,3,18,0.9,4,10,0.5,2,20,1.0,5,14,0.7,3,10,0.5,2,16,0.8,4
S04307,Ordering Fractions,5,14,0.7,3,16,0.8,3,10,0.5,2,14,0.7,3,20,1.0,5,8,0.4,2,18,0.9,4,16,0.8,4
S01573,Addition,0,6,0.3,0,14,0.7,3,16,0.8,3,12,0.6,2,12,0.6,3,10,0.5,2,8,0.4,2,16,0.8,3
S06051,Simplifying Fractions,6,8,0.4,2,8,0.4,2,8,0.4,2,8,0.4,2,8,0.4,2,8,0.4,2,4,0.2,1,12,0.6,3
S01632,Simplifying Fractions,6,18,0.9,4,12,0.6,2,14,0.7,3,12,0.6,3,12,0.6,2,12,0.6,3,4,0.2,0,16,0.8,4
S03396,Multiplication,4,12,0.6,2,20,1.0,5,16,0.8,3,18,0.9,4,6,0.3,1,12,0.6,3,18,0.9,4,12,0.6,3
S05457,Multiplication,4,16,0.8,4,8,0.4,2,10,0.5,2,12,0.6,3,0,0.0,0,16,0.8,4,20,1.0,5,4,0.2,1
S05890,Comparing Fractions,1,12,0.6,3,0,0.0,0,2,0.1,0,12,0.6,3,6,0.3,1,12,0.6,3,16,0.8,4,16,0.8,4
S01181,Addition,0,4,0.2,0,8,0.4,1,20,1.0,5,10,0.5,2,6,0.3,1,10,0.5,2,10,0.5,2,12,0.6,3
S00219,Comparing Fractions,1,16,0.8,4,10,0.5,2,10,0.5,2,16,0.8,3,12,0.6,3,12,0.6,3,12,0.6,2,10,0.5,1
S05859,Comparing Fractions,1,6,0.3,1,2,0.1,0,16,0.8,4,4,0.2,1,20,1.0,5,10,0.5,2,16,0.8,4,8,0.4,2
S05666,Division,2,14,0.7,3,16,0.8,4,6,0.3,1,8,0.4,2,8,0.4,2,6,0.3,1,16,0.8,4,20,1.0,5
S01062,Simplifying Fractions,6,12,0.6,3,16,0.8,4,20,1.0,5,10,0.5,2,8,0.4,2,20,1.0,5,6,0.3,1,16,0.8,4
S01184,Simplifying Fractions,6,20,1.0,5,16,0.8,4,20,1.0,5,14,0.7,3,16,0.8,4,20,1.0,5,6,0.3,1,12,0.6,3
S03692,Ordering Fractions,5,12,0.6,3,14,0.7,3,14,0.7,3,18,0.9,4,12,0.6,1,6,0.3,1,10,0.5,2,8,0.4,2
S03998,Subtraction,7,16,0.8,4,8,0.4,2,10,0.5,2,14,0.7,3,20,1.0,5,14,0.7,2,14,0.7,3,8,0.4,1
S02161,Addition,0,4,0.2,1,12,0.6,2,12,0.6,3,12,0.6,3,8,0.4,1,14,0.7,3,18,0.9,4,8,0.4,1
S01444,Subtraction,7,14,0.7,3,12,0.6,3,16,0.8,4,14,0.7,3,14,0.7,3,16,0.8,3,8,0.4,2,6,0.3,1
S03022,Subtraction,7,12,0.6,2,18,0.9,4,14,0.7,3,12,0.6,3,8,0.4,2,12,0.6,2,14,0.7,3,4,0.2,1
S06162,Division,2,12,0.6,3,16,0.8,4,0,0.0,0,8,0.4,2,4,0.2,1,8,0.4,2,12,0.6,3,12,0.6,3
S01644,Ordering Fractions,5,6,0.3,1,10,0.5,1,18,0.9,4,8,0.4,1,6,0.3,1,6,0.3,1,6,0.3,0,8,0.4,2
S01134,Comparing Fractions,1,12,0.6,3,0,0.0,0,10,0.5,2,12,0.6,2,4,0.2,1,12,0.6,3,12,0.6,2,12,0.6,3
S04828,Comparing Fractions,1,10,0.5,2,10,0.5,2,12,0.6,3,10,0.5,2,14,0.7,3,12,0.6,2,14,0.7,3,20,1.0,5
S06231,Simplifying Fractions,6,20,1.0,5,8,0.4,2,8,0.4,2,4,0.2,1,8,0.4,2,4,0.2,1,0,0.0,0,4,0.2,1
S03628,Subtraction,7,12,0.6,2,12,0.6,3,12,0.6,1,12,0.6,3,16,0.8,3,10,0.5,2,20,1.0,5,8,0.4,2
S00330,Subtraction,7,16,0.8,4,14,0.7,3,10,0.5,2,10,0.5,2,14,0.7,3,18,0.9,4,16,0.8,4,8,0.4,2
S02018,Division,2,14,0.7,3,14,0.7,3,10,0.5,2,12,0.6,2,14,0.7,3,12,0.6,3,10,0.5,2,18,0.9,4
S02671,Fraction to Decimal,3,12,0.6,3,10,0.5,2,8,0.4,1,6,0.3,1,8,0.4,1,8,0.4,2,16,0.8,4,10,0.5,2
S04824,Fraction to Decimal,3,12,0.6,3,12,0.6,3,12,0.6,2,10,0.5,2,16,0.8,4,14,0.7,3,16,0.8,4,10,0.5,2
S04659,Ordering Fractions,5,18,0.9,4,12,0.6,3,16,0.8,3,18,0.9,4,16,0.8,4,8,0.4,1,20,1.0,5,18,0.9,4
S05992,Ordering Fractions,5,12,0.6,3,18,0.9,4,8,0.4,2,12,0.6,3,8,0.4,2,4,0.2,1,4,0.2,1,16,0.8,4
S04412,Addition,0,2,0.1,0,8,0.4,1,12,0.6,2,6,0.3,1,10,0.5,1,14,0.7,3,14,0.7,2,14,0.7,3
S05494,Comparing Fractions,1,12,0.6,3,4,0.2,1,12,0.6,3,12,0.6,3,8,0.4,2,10,0.5,2,16,0.8,4,10,0.5,2
S04559,Addition,0,4,0.2,0,16,0.8,4,6,0.3,1,10,0.5,2,8,0.4,2,12,0.6,3,8,0.4,1,8,0.4,1
S03241,Simplifying Fractions,6,18,0.9,4,12,0.6,2,10,0.5,2,12,0.6,2,8,0.4,2,12,0.6,3,8,0.4,1,12,0.6,3
S05327,Ordering Fractions,5,18,0.9,4,20,1.0,5,8,0.4,2,16,0.8,4,12,0.6,3,4,0.2,1,8,0.4,2,6,0.3,1
S05846,Fraction to Decimal,3,4,0.2,1,12,0.6,3,8,0.4,2,4,0.2,1,12,0.6,3,8,0.4,2,12,0.6,3,20,1.0,5
S01041,Fraction to Decimal,3,14,0.7,3,12,0.6,3,14,0.7,3,10,0.5,2,14,0.7,3,14,0.7,3,12,0.6,3,18,0.9,4
S00513,Subtraction,7,14,0.7,3,10,0.5,2,14,0.7,3,16,0.8,4,10,0.5,2,16,0.8,3,14,0.7,3,8,0.4,1
S02021,Comparing Fractions,1,16,0.8,4,4,0.2,0,10,0.5,2,16,0.8,3,6,0.3,1,12,0.6,2,10,0.5,2,6,0.3,1
S04960,Addition,0,8,0.4,1,10,0.5,1,12,0.6,3,12,0.6,3,12,0.6,2,12,0.6,3,14,0.7,3,16,0.8,4
S00730,Subtraction,7,14,0.7,3,8,0.4,1,8,0.4,2,6,0.3,1,16,0.8,4,16,0.8,4,12,0.6,3,4,0.2,1
S04666,Comparing Fractions,1,8,0.4,2,6,0.3,1,12,0.6,3,14,0.7,3,14,0.7,3,14,0.7,3,8,0.4,2,10,0.5,2
S04827,Addition,0,12,0.6,3,12,0.6,2,12,0.6,2,12,0.6,3,12,0.6,3,14,0.7,3,12,0.6,3,12,0.6,2
S03957,Comparing Fractions,1,20,1.0,5,6,0.3,1,8,0.4,1,6,0.3,1,18,0.9,4,10,0.5,2,12,0.6,2,10,0.5,2
S02153,Addition,0,2,0.1,0,10,0.5,2,18,0.9,4,4,0.2,0,8,0.4,2,10,0.5,2,16,0.8,3,6,0.3,0
S02945,Subtraction,7,16,0.8,4,20,1.0,5,12,0.6,3,12,0.6,3,18,0.9,4,12,0.6,3,12,0.6,3,10,0.5,2
S00539,Fraction to Decimal,3,12,0.6,3,20,1.0,5,12,0.6,3,4,0.2,1,12,0.6,3,14,0.7,3,18,0.9,4,20,1.0,5
S04171,Fraction to Decimal,3,4,0.2,1,16,0.8,4,14,0.7,3,4,0.2,0,8,0.4,2,16,0.8,3,12,0.6,3,6,0.3,1
S02389,Addition,0,10,0.5,2,12,0.6,3,16,0.8,3,12,0.6,3,12,0.6,3,12,0.6,3,20,1.0,5,12,0.6,3
S04210,Addition,0,4,0.2,1,12,0.6,3,16,0.8,3,10,0.5,2,12,0.6,3,8,0.4,1,10,0.5,2,16,0.8,4
S05180,Simplifying Fractions,6,18,0.9,4,18,0.9,4,8,0.4,2,10,0.5,2,8,0.4,2,16,0.8,4,4,0.2,1,14,0.7,3
S01560,Subtraction,7,12,0.6,3,16,0.8,4,16,0.8,3,14,0.7,3,16,0.8,4,16,0.8,4,16,0.8,4,10,0.5,2
S02032,Division,2,16,0.8,4,14,0.7,3,8,0.4,1,14,0.7,3,16,0.8,4,10,0.5,2,18,0.9,4,12,0.6,2
S00517,Subtraction,7,16,0.8,4,20,1.0,5,12,0.6,2,12,0.6,3,14,0.7,3,10,0.5,2,14,0.7,3,8,0.4,1
S03347,Simplifying Fractions,6,18,0.9,4,16,0.8,4,16,0.8,3,8,0.4,1,20,1.0,5,12,0.6,3,8,0.4,2,18,0.9,4
S01117,Addition,0,2,0.1,0,8,0.4,2,12,0.6,3,4,0.2,0,14,0.7,3,14,0.7,3,10,0.5,2,12,0.6,3
S00931,Subtraction,7,10,0.5,2,14,0.7,3,12,0.6,3,10,0.5,2,8,0.4,2,2,0.1,0,16,0.8,4,0,0.0,0
S01695,Subtraction,7,12,0.6,3,16,0.8,4,14,0.7,3,16,0.8,3,12,0.6,3,14,0.7,3,12,0.6,3,8,0.4,2
S02136,Simplifying Fractions,6,14,0.7,3,16,0.8,4,12,0.6,3,14,0.7,3,20,1.0,5,10,0.5,2,10,0.5,2,16,0.8,4
S04939,Subtraction,7,10,0.5,2,14,0.7,2,16,0.8,3,14,0.7,3,6,0.3,1,14,0.7,3,8,0.4,2,6,0.3,1
S01303,Fraction to Decimal,3,14,0.7,3,8,0.4,2,8,0.4,1,8,0.4,1,14,0.7,3,12,0.6,3,12,0.6,3,18,0.9,4
S01020,Subtraction,7,12,0.6,3,10,0.5,1,8,0.4,1,12,0.6,3,16,0.8,4,12,0.6,2,8,0.4,1,2,0.1,0
S01501,Ordering Fractions,5,18,0.9,4,18,0.9,4,10,0.5,2,10,0.5,1,12,0.6,2,6,0.3,1,14,0.7,3,12,0.6,2
S05865,Comparing Fractions,1,12,0.6,3,4,0.2,1,12,0.6,3,8,0.4,2,14,0.7,3,20,1.0,5,4,0.2,1,8,0.4,2
S03652,Simplifying Fractions,6,16,0.8,4,8,0.4,2,14,0.7,3,10,0.5,1,14,0.7,3,18,0.9,4,4,0.2,1,12,0.6,3
S02850,Multiplication,4,16,0.8,3,20,1.0,5,14,0.7,3,14,0.7,3,2,0.1,0,16,0.8,4,12,0.6,3,16,0.8,4
S06384,Fraction to Decimal,3,12,0.6,3,8,0.4,2,8,0.4,2,4,0.2,1,12,0.6,3,8,0.4,2,8,0.4,2,12,0.6,3
S05641,Subtraction,7,8,0.4,2,16,0.8,4,8,0.4,2,8,0.4,2,20,1.0,5,12,0.6,3,10,0.5,2,4,0.2,1
S03598,Comparing Fractions,1,14,0.7,3,8,0.4,1,16,0.8,4,16,0.8,4,12,0.6,3,8,0.4,1,20,1.0,5,18,0.9,4
S03459,Fraction to Decimal,3,12,0.6,3,10,0.5,2,10,0.5,1,2,0.1,0,16,0.8,4,14,0.7,3,12,0.6,3,10,0.5,2
S06151,Division,2,16,0.8,4,8,0.4,2,4,0.2,1,8,0.4,2,4,0.2,1,16,0.8,4,20,1.0,5,8,0.4,2
S00293,Addition,0,8,0.4,2,16,0.8,4,14,0.7,3,12,0.6,2,20,1.0,5,16,0.8,3,12,0.6,3,8,0.4,1
S03732,Subtraction,7,12,0.6,3,16,0.8,3,12,0.6,2,6,0.3,0,20,1.0,5,14,0.7,3,16,0.8,4,4,0.2,1
S04458,Fraction to Decimal,3,12,0.6,3,12,0.6,3,16,0.8,4,8,0.4,2,16,0.8,3,16,0.8,4,20,1.0,5,12,0.6,2
S00496,Simplifying Fractions,6,14,0.7,3,18,0.9,4,8,0.4,1,12,0.6,3,8,0.4,1,6,0.3,1,6,0.3,1,6,0.3,0
S06376,Division,2,12,0.6,3,12,0.6,3,0,0.0,0,12,0.6,3,16,0.8,4,4,0.2,1,4,0.2,1,20,1.0,5
S04787,Addition,0,8,0.4,2,8,0.4,1,14,0.7,3,8,0.4,1,16,0.8,4,8,0.4,2,14,0.7,3,10,0.5,2
S05350,Subtraction,7,8,0.4,2,2,0.1,0,14,0.7,3,8,0.4,2,4,0.2,1,10,0.5,2,12,0.6,3,0,0.0,0
S00828,Subtraction,7,14,0.7,3,14,0.7,3,12,0.6,3,10,0.5,2,14,0.7,3,14,0.7,3,10,0.5,2,8,0.4,1
S00684,Ordering Fractions,5,16,0.8,4,12,0.6,3,20,1.0,5,10,0.5,2,12,0.6,3,8,0.4,2,16,0.8,4,14,0.7,3
S03817,Fraction to Decimal,3,10,0.5,2,16,0.8,4,8,0.4,2,6,0.3,1,14,0.7,3,8,0.4,2,20,1.0,5,10,0.5,1
S01156,Ordering Fractions,5,12,0.6,2,6,0.3,1,18,0.9,4,16,0.8,4,18,0.9,4,4,0.2,1,6,0.3,1,6,0.3,1
S06310,Comparing Fractions,1,16,0.8,4,4,0.2,1,16,0.8,4,4,0.2,1,20,1.0,5,16,0.8,4,4,0.2,1,4,0.2,1
S02466,Multiplication,4,14,0.7,3,14,0.7,2,16,0.8,4,14,0.7,3,10,0.5,2,14,0.7,3,20,1.0,5,16,0.8,4
S00135,Ordering Fractions,5,12,0.6,2,12,0.6,3,12,0.6,3,4,0.2,0,16,0.8,4,0,0.0,0,8,0.4,2,14,0.7,3
S05114,Addition,0,0,0.0,0,4,0.2,1,4,0.2,1,2,0.1,0,4,0.2,1,4,0.2,1,14,0.7,3,2,0.1,0
S01290,Ordering Fractions,5,20,1.0,5,10,0.5,2,18,0.9,4,18,0.9,4,12,0.6,3,0,0.0,0,16,0.8,4,12,0.6,3
S06163,Division,2,16,0.8,4,20,1.0,5,4,0.2,1,12,0.6,3,12,0.6,3,12,0.6,3,12,0.6,3,12,0.6,3
S00652,Multiplication,4,8,0.4,1,6,0.3,1,16,0.8,4,14,0.7,3,2,0.1,0,14,0.7,2,10,0.5,2,8,0.4,1
S02765,Fraction to Decimal,3,12,0.6,3,8,0.4,1,6,0.3,0,2,0.1,0,12,0.6,3,14,0.7,3,18,0.9,4,12,0.6,2
S06312,Addition,0,8,0.4,2,12,0.6,3,12,0.6,3,8,0.4,2,16,0.8,4,8,0.4,2,8,0.4,2,12,0.6,3
S06254,Addition,0,0,0.0,0,4,0.2,1,12,0.6,3,4,0.2,1,12,0.6,3,4,0.2,1,8,0.4,2,16,0.8,4
S03248,Fraction to Decimal,3,8,0.4,1,14,0.7,3,10,0.5,1,8,0.4,2,12,0.6,2,14,0.7,3,10,0.5,2,20,1.0,5
S06003,Comparing Fractions,1,8,0.4,2,8,0.4,2,8,0.4,2,12,0.6,3,12,0.6,3,8,0.4,2,8,0.4,2,12,0.6,3
S03043,Division,2,8,0.4,2,16,0.8,4,6,0.3,1,12,0.6,3,8,0.4,1,8,0.4,2,18,0.9,4,8,0.4,1
S01310,Comparing Fractions,1,10,0.5,2,4,0.2,0,14,0.7,3,8,0.4,1,14,0.7,3,20,1.0,5,18,0.9,4,12,0.6,2
S05537,Multiplication,4,14,0.7,3,8,0.4,2,12,0.6,3,10,0.5,2,0,0.0,0,8,0.4,2,16,0.8,4,4,0.2,1
S00317,Multiplication,4,6,0.3,1,14,0.7,3,16,0.8,4,6,0.3,0,6,0.3,1,16,0.8,4,16,0.8,4,20,1.0,5
S00524,Comparing Fractions,1,10,0.5,2,8,0.4,2,10,0.5,2,14,0.7,3,18,0.9,4,18,0.9,4,16,0.8,4,10,0.5,2
S03107,Ordering Fractions,5,18,0.9,4,14,0.7,3,12,0.6,3,14,0.7,3,16,0.8,4,6,0.3,1,14,0.7,3,12,0.6,3
S01301,Subtraction,7,6,0.3,1,14,0.7,3,14,0.7,3,6,0.3,1,12,0.6,3,14,0.7,3,14,0.7,3,4,0.2,0
S00343,Fraction to Decimal,3,20,1.0,5,20,1.0,5,14,0.7,3,6,0.3,1,16,0.8,4,16,0.8,4,12,0.6,3,8,0.4,2
S01674,Fraction to Decimal,3,10,0.5,2,14,0.7,3,14,0.7,3,10,0.5,2,12,0.6,3,16,0.8,3,10,0.5,2,18,0.9,4
S04258,Addition,0,2,0.1,0,18,0.9,4,8,0.4,1,10,0.5,2,8,0.4,1,14,0.7,3,8,0.4,2,14,0.7,3
S01819,Multiplication,4,10,0.5,2,18,0.9,4,12,0.6,2,10,0.5,2,0,0.0,0,10,0.5,2,8,0.4,2,12,0.6,2
S01582,Subtraction,7,20,1.0,5,10,0.5,2,8,0.4,1,16,0.8,3,8,0.4,1,20,1.0,5,16,0.8,4,8,0.4,1
S00285,Ordering Fractions,5,20,1.0,5,12,0.6,2,14,0.7,3,10,0.5,2,10,0.5,2,10,0.5,2,18,0.9,4,10,0.5,2
S04436,Subtraction,7,12,0.6,2,14,0.7,3,16,0.8,4,12,0.6,3,16,0.8,3,12,0.6,2,12,0.6,3,8,0.4,2
S03350,Ordering Fractions,5,12,0.6,3,18,0.9,4,18,0.9,4,18,0.9,4,14,0.7,3,6,0.3,0,14,0.7,3,12,0.6,3
S03589,Fraction to Decimal,3,8,0.4,1,12,0.6,3,12,0.6,3,4,0.2,1,10,0.5,2,20,1.0,5,20,1.0,5,12,0.6,3
S00024,Subtraction,7,10,0.5,2,12,0.6,3,12,0.6,2,12,0.6,2,10,0.5,2,12,0.6,3,12,0.6,2,8,0.4,2
S03644,Subtraction,7,10,0.5,1,8,0.4,2,16,0.8,4,16,0.8,3,10,0.5,2,12,0.6,3,12,0.6,2,8,0.4,1
S01963,Simplifying Fractions,6,12,0.6,3,12,0.6,2,14,0.7,3,10,0.5,1,10,0.5,2,10,0.5,2,8,0.4,2,18,0.9,4
S03229,Simplifying Fractions,6,16,0.8,4,4,0.2,0,12,0.6,2,8,0.4,1,14,0.7,3,12,0.6,3,4,0.2,0,8,0.4,2
S00902,Simplifying Fractions,6,8,0.4,2,16,0.8,4,16,0.8,3,14,0.7,3,14,0.7,3,8,0.4,2,4,0.2,0,6,0.3,1
S04229,Comparing Fractions,1,12,0.6,3,8,0.4,1,16,0.8,4,10,0.5,2,12,0.6,3,12,0.6,2,18,0.9,4,12,0.6,3
S04104,Addition,0,4,0.2,0,18,0.9,4,8,0.4,1,6,0.3,0,10,0.5,2,12,0.6,2,12,0.6,3,14,0.7,3
S06059,Subtraction,7,16,0.8,4,8,0.4,2,16,0.8,4,12,0.6,3,20,1.0,5,16,0.8,4,8,0.4,2,4,0.2,1
S06210,Division,2,12,0.6,3,12,0.6,3,4,0.2,1,8,0.4,2,20,1.0,5,20,1.0,5,8,0.4,2,16,0.8,4
S04639,Division,2,20,1.0,5,12,0.6,3,6,0.3,1,18,0.9,4,20,1.0,5,8,0.4,2,12,0.6,3,8,0.4,2
S05739,Ordering Fractions,5,20,1.0,5,12,0.6,3,8,0.4,2,8,0.4,2,16,0.8,4,4,0.2,1,20,1.0,5,8,0.4,2
S00076,Subtraction,7,6,0.3,1,16,0.8,4,8,0.4,2,16,0.8,4,8,0.4,1,12,0.6,3,16,0.8,3,6,0.3,1
S05734,Subtraction,7,12,0.6,3,12,0.6,3,12,0.6,3,10,0.5,2,16,0.8,4,8,0.4,2,14,0.7,3,6,0.3,1
S01832,Ordering Fractions,5,12,0.6,2,12,0.6,3,12,0.6,2,10,0.5,1,10,0.5,2,8,0.4,2,10,0.5,2,14,0.7,3
S03281,Simplifying Fractions,6,16,0.8,4,18,0.9,4,12,0.6,3,14,0.7,3,14,0.7,3,16,0.8,4,10,0.5,2,16,0.8,4
S00316,Simplifying Fractions,6,12,0.6,3,10,0.5,2,14,0.7,3,14,0.7,3,8,0.4,2,16,0.8,4,8,0.4,1,16,0.8,3
S03544,Multiplication,4,14,0.7,3,16,0.8,4,14,0.7,3,16,0.8,4,10,0.5,2,16,0.8,4,20,1.0,5,14,0.7,3
S02427,Ordering Fractions,5,16,0.8,3,16,0.8,4,16,0.8,4,8,0.4,2,8,0.4,1,0,0.0,0,12,0.6,2,18,0.9,4
S00782,Division,2,12,0.6,3,16,0.8,4,10,0.5,2,10,0.5,2,14,0.7,3,12,0.6,3,16,0.8,4,14,0.7,3
S05883,Subtraction,7,12,0.6,3,20,1.0,5,16,0.8,4,18,0.9,4,18,0.9,4,14,0.7,3,10,0.5,2,4,0.2,1
S00764,Ordering Fractions,5,18,0.9,4,8,0.4,2,8,0.4,1,6,0.3,1,4,0.2,0,2,0.1,0,14,0.7,3,2,0.1,0
S01877,Division,2,12,0.6,3,12,0.6,2,8,0.4,2,12,0.6,3,8,0.4,1,20,1.0,5,8,0.4,2,12,0.6,3
S01050,Division,2,10,0.5,2,8,0.4,1,6,0.3,1,12,0.6,3,8,0.4,2,14,0.7,3,12,0.6,3,8,0.4,2
S03452,Simplifying Fractions,6,12,0.6,3,16,0.8,4,20,1.0,5,12,0.6,2,18,0.9,4,16,0.8,4,6,0.3,1,6,0.3,1
S02404,Fraction to Decimal,3,16,0.8,4,16,0.8,4,14,0.7,3,10,0.5,2,14,0.7,3,16,0.8,4,12,0.6,3,18,0.9,4
S04946,Fraction to Decimal,3,12,0.6,3,20,1.0,5,20,1.0,5,6,0.3,1,14,0.7,3,18,0.9,4,14,0.7,3,10,0.5,1
S04107,Ordering Fractions,5,12,0.6,3,8,0.4,2,16,0.8,4,16,0.8,3,14,0.7,3,4,0.2,0,16,0.8,3,6,0.3,1
S05792,Multiplication,4,12,0.6,3,4,0.2,1,6,0.3,1,16,0.8,4,0,0.0,0,16,0.8,4,18,0.9,4,12,0.6,3
S02025,Addition,0,6,0.3,1,12,0.6,2,14,0.7,3,8,0.4,2,12,0.6,3,12,0.6,3,14,0.7,3,16,0.8,3
S01621,Subtraction,7,8,0.4,1,10,0.5,1,10,0.5,2,6,0.3,1,12,0.6,3,8,0.4,1,16,0.8,4,0,0.0,0
S02975,Multiplication,4,12,0.6,2,14,0.7,3,14,0.7,3,12,0.6,1,8,0.4,1,14,0.7,2,10,0.5,2,16,0.8,4
S04973,Addition,0,4,0.2,1,8,0.4,2,14,0.7,3,8,0.4,1,16,0.8,4,10,0.5,2,16,0.8,4,12,0.6,3
S04902,Multiplication,4,16,0.8,4,18,0.9,4,12,0.6,3,16,0.8,3,6,0.3,1,20,1.0,5,14,0.7,3,12,0.6,3
S01506,Fraction to Decimal,3,16,0.8,4,8,0.4,2,20,1.0,5,8,0.4,2,16,0.8,3,18,0.9,4,12,0.6,3,16,0.8,4
S04592,Simplifying Fractions,6,8,0.4,1,14,0.7,3,10,0.5,2,16,0.8,3,12,0.6,3,20,1.0,5,6,0.3,1,6,0.3,1
S06356,Addition,0,0,0.0,0,8,0.4,2,12,0.6,3,4,0.2,1,20,1.0,5,4,0.2,1,4,0.2,1,4,0.2,1
S01910,Division,2,14,0.7,3,12,0.6,2,8,0.4,2,10,0.5,2,14,0.7,3,12,0.6,3,10,0.5,1,18,0.9,4
S00115,Comparing Fractions,1,12,0.6,1,4,0.2,1,18,0.9,4,8,0.4,1,16,0.8,4,16,0.8,4,10,0.5,2,8,0.4,1
S03790,Fraction to Decimal,3,12,0.6,2,8,0.4,2,18,0.9,4,8,0.4,1,18,0.9,4,16,0.8,4,16,0.8,4,12,0.6,3
S04585,Ordering Fractions,5,18,0.9,4,14,0.7,3,10,0.5,2,14,0.7,3,16,0.8,4,6,0.3,1,10,0.5,2,8,0.4,2
S03806,Division,2,16,0.8,4,14,0.7,3,10,0.5,1,16,0.8,4,14,0.7,3,16,0.8,4,12,0.6,2,14,0.7,3
S05386,Division,2,20,1.0,5,16,0.8,4,0,0.0,0,12,0.6,3,4,0.2,1,10,0.5,2,8,0.4,2,12,0.6,3
S06172,Addition,0,4,0.2,1,4,0.2,1,8,0.4,2,12,0.6,3,12,0.6,3,8,0.4,2,4,0.2,1,12,0.6,3
S02116,Addition,0,4,0.2,1,12,0.6,3,10,0.5,2,18,0.9,4,8,0.4,2,20,1.0,5,10,0.5,2,16,0.8,3
S05237,Ordering Fractions,5,20,1.0,5,12,0.6,3,16,0.8,4,12,0.6,3,16,0.8,4,4,0.2,1,14,0.7,3,8,0.4,2
S02757,Division,2,14,0.7,3,12,0.6,2,4,0.2,0,6,0.3,1,18,0.9,4,6,0.3,1,12,0.6,3,4,0.2,1
S02052,Subtraction,7,10,0.5,2,16,0.8,4,16,0.8,4,12,0.6,2,12,0.6,2,16,0.8,4,12,0.6,3,8,0.4,1
S00132,Comparing Fractions,1,10,0.5,2,6,0.3,1,18,0.9,4,16,0.8,4,10,0.5,2,16,0.8,4,8,0.4,2,14,0.7,3
S05701,Fraction to Decimal,3,8,0.4,2,12,0.6,3,6,0.3,1,4,0.2,1,8,0.4,2,18,0.9,4,8,0.4,2,8,0.4,2
S02228,Fraction to Decimal,3,8,0.4,2,4,0.2,1,16,0.8,4,4,0.2,1,12,0.6,3,12,0.6,3,10,0.5,2,10,0.5,2
S05045,Multiplication,4,10,0.5,2,16,0.8,4,14,0.7,3,12,0.6,3,4,0.2,1,14,0.7,3,16,0.8,4,16,0.8,4
S05034,Subtraction,7,6,0.3,1,10,0.5,2,16,0.8,4,12,0.6,3,8,0.4,2,4,0.2,1,20,1.0,5,4,0.2,1
S00271,Multiplication,4,14,0.7,3,10,0.5,2,12,0.6,3,12,0.6,3,8,0.4,1,16,0.8,3,10,0.5,2,12,0.6,2
S00445,Fraction to Decimal,3,20,1.0,5,18,0.9,4,18,0.9,4,8,0.4,2,12,0.6,3,14,0.7,3,18,0.9,4,14,0.7,3
S04651,Subtraction,7,12,0.6,3,12,0.6,2,14,0.7,3,14,0.7,3,4,0.2,1,14,0.7,3,16,0.8,4,4,0.2,1
S03365,Subtraction,7,6,0.3,1,12,0.6,3,6,0.3,1,4,0.2,1,12,0.6,3,18,0.9,4,12,0.6,1,0,0.0,0
S01326,Multiplication,4,12,0.6,3,8,0.4,1,12,0.6,3,12,0.6,2,4,0.2,0,14,0.7,3,10,0.5,1,12,0.6,2
S05145,Simplifying Fractions,6,6,0.3,1,16,0.8,4,4,0.2,1,8,0.4,2,6,0.3,1,4,0.2,1,4,0.2,1,8,0.4,2
S01918,Ordering Fractions,5,14,0.7,3,6,0.3,1,18,0.9,4,14,0.7,3,8,0.4,1,2,0.1,0,12,0.6,3,14,0.7,3
S02592,Ordering Fractions,5,16,0.8,3,18,0.9,4,16,0.8,4,14,0.7,3,16,0.8,4,8,0.4,2,14,0.7,3,12,0.6,3
S01787,Comparing Fractions,1,16,0.8,4,4,0.2,1,12,0.6,3,10,0.5,2,10,0.5,2,12,0.6,2,12,0.6,3,18,0.9,4
S03585,Comparing Fractions,1,14,0.7,3,4,0.2,0,6,0.3,1,10,0.5,2,10,0.5,2,16,0.8,4,14,0.7,3,8,0.4,2
S00882,Subtraction,7,8,0.4,1,10,0.5,2,20,1.0,5,20,1.0,5,12,0.6,3,8,0.4,2,10,0.5,2,4,0.2,1
S02034,Multiplication,4,10,0.5,1,8,0.4,1,12,0.6,2,12,0.6,3,2,0.1,0,14,0.7,2,16,0.8,3,20,1.0,5
S03118,Fraction to Decimal,3,14,0.7,2,12,0.6,2,12,0.6,3,8,0.4,2,10,0.5,1,8,0.4,1,18,0.9,4,12,0.6,3
S01362,Ordering Fractions,5,12,0.6,2,8,0.4,2,8,0.4,2,6,0.3,1,12,0.6,3,6,0.3,1,8,0.4,2,8,0.4,1
S04588,Simplifying Fractions,6,16,0.8,4,14,0.7,3,12,0.6,3,10,0.5,1,16,0.8,3,12,0.6,3,8,0.4,2,16,0.8,4
S00074,Ordering Fractions,5,10,0.5,2,20,1.0,5,14,0.7,3,16,0.8,4,12,0.6,3,6,0.3,0,8,0.4,1,20,1.0,5
S00093,Division,2,12,0.6,3,14,0.7,3,6,0.3,1,10,0.5,2,16,0.8,4,8,0.4,2,12,0.6,2,20,1.0,5
S00791,Fraction to Decimal,3,16,0.8,4,16,0.8,4,18,0.9,4,6,0.3,1,12,0.6,2,16,0.8,4,16,0.8,4,14,0.7,3
S01397,Addition,0,8,0.4,2,18,0.9,4,14,0.7,3,10,0.5,2,8,0.4,1,16,0.8,4,10,0.5,2,10,0.5,1
S00436,Division,2,20,1.0,5,8,0.4,1,6,0.3,1,12,0.6,2,8,0.4,2,20,1.0,5,12,0.6,2,18,0.9,4
S00303,Fraction to Decimal,3,6,0.3,0,12,0.6,3,8,0.4,1,4,0.2,1,14,0.7,3,6,0.3,1,12,0.6,2,8,0.4,2
S05797,Comparing Fractions,1,16,0.8,4,8,0.4,2,8,0.4,2,8,0.4,2,14,0.7,3,16,0.8,4,16,0.8,4,12,0.6,3
S03091,Addition,0,4,0.2,0,14,0.7,3,10,0.5,1,14,0.7,2,6,0.3,0,6,0.3,1,10,0.5,2,8,0.4,1
S04769,Ordering Fractions,5,12,0.6,3,12,0.6,3,10,0.5,2,12,0.6,3,6,0.3,1,4,0.2,1,6,0.3,1,10,0.5,1
S03064,Comparing Fractions,1,12,0.6,3,10,0.5,2,10,0.5,2,12,0.6,3,16,0.8,4,18,0.9,4,14,0.7,3,16,0.8,3
S05938,Addition,0,0,0.0,0,4,0.2,1,14,0.7,3,6,0.3,1,4,0.2,1,8,0.4,2,10,0.5,2,10,0.5,2
S04969,Simplifying Fractions,6,6,0.3,1,8,0.4,2,12,0.6,3,8,0.4,2,8,0.4,2,4,0.2,1,2,0.1,0,8,0.4,1
S00533,Addition,0,12,0.6,3,14,0.7,3,14,0.7,3,12,0.6,3,14,0.7,3,16,0.8,4,18,0.9,4,14,0.7,2
S00805,Fraction to Decimal,3,14,0.7,3,8,0.4,1,12,0.6,3,8,0.4,2,8,0.4,1,8,0.4,2,8,0.4,1,10,0.5,2
S02171,Simplifying Fractions,6,18,0.9,4,14,0.7,3,16,0.8,3,14,0.7,3,10,0.5,1,14,0.7,3,6,0.3,1,10,0.5,2
S02564,Division,2,16,0.8,4,14,0.7,3,6,0.3,1,16,0.8,4,12,0.6,2,12,0.6,3,12,0.6,3,10,0.5,2
S01307,Comparing Fractions,1,10,0.5,2,4,0.2,0,8,0.4,2,14,0.7,3,10,0.5,1,10,0.5,2,12,0.6,3,10,0.5,1
S05108,Simplifying Fractions,6,20,1.0,5,6,0.3,1,4,0.2,1,4,0.2,1,4,0.2,1,16,0.8,4,2,0.1,0,6,0.3,1
S00349,Multiplication,4,12,0.6,3,14,0.7,3,12,0.6,3,14,0.7,3,4,0.2,1,14,0.7,3,14,0.7,3,12,0.6,2
S04095,Multiplication,4,16,0.8,4,10,0.5,2,12,0.6,3,6,0.3,1,4,0.2,1,8,0.4,2,14,0.7,3,12,0.6,2
S02778,Multiplication,4,14,0.7,3,8,0.4,2,16,0.8,4,10,0.5,2,6,0.3,1,20,1.0,5,6,0.3,1,20,1.0,5
S04047,Comparing Fractions,1,12,0.6,3,6,0.3,1,18,0.9,4,12,0.6,2,10,0.5,2,12,0.6,2,14,0.7,3,16,0.8,4
S04366,Ordering Fractions,5,12,0.6,3,14,0.7,3,14,0.7,3,12,0.6,2,8,0.4,1,0,0.0,0,10,0.5,2,20,1.0,5
S02125,Subtraction,7,8,0.4,1,4,0.2,1,8,0.4,2,14,0.7,3,16,0.8,4,6,0.3,1,4,0.2,1,2,0.1,0
S03712,Addition,0,6,0.3,1,8,0.4,2,10,0.5,2,16,0.8,3,18,0.9,4,12,0.6,2,10,0.5,2,12,0.6,3
S00096,Ordering Fractions,5,8,0.4,2,10,0.5,2,16,0.8,3,10,0.5,1,14,0.7,3,6,0.3,1,14,0.7,3,12,0.6,2
S02723,Fraction to Decimal,3,14,0.7,3,14,0.7,3,18,0.9,4,4,0.2,0,10,0.5,2,14,0.7,3,12,0.6,3,18,0.9,4
S03223,Subtraction,7,14,0.7,3,10,0.5,2,16,0.8,4,12,0.6,3,10,0.5,2,16,0.8,4,14,0.7,3,8,0.4,2
S06189,Subtraction,7,12,0.6,3,12,0.6,3,8,0.4,2,8,0.4,2,8,0.4,2,12,0.6,3,8,0.4,2,4,0.2,1
S02733,Multiplication,4,18,0.9,4,12,0.6,2,12,0.6,2,12,0.6,3,8,0.4,1,8,0.4,1,12,0.6,3,14,0.7,2
S00239,Addition,0,8,0.4,2,12,0.6,3,20,1.0,5,10,0.5,2,12,0.6,2,12,0.6,3,12,0.6,3,14,0.7,3
S00639,Simplifying Fractions,6,12,0.6,3,16,0.8,4,14,0.7,3,18,0.9,4,12,0.6,3,16,0.8,4,8,0.4,1,14,0.7,3
S01569,Fraction to Decimal,3,12,0.6,3,12,0.6,3,10,0.5,2,8,0.4,1,10,0.5,2,12,0.6,2,12,0.6,2,16,0.8,4
S00553,Simplifying Fractions,6,14,0.7,3,20,1.0,5,10,0.5,2,14,0.7,3,16,0.8,4,18,0.9,4,8,0.4,2,16,0.8,3
S04200,Subtraction,7,10,0.5,2,12,0.6,3,12,0.6,2,6,0.3,1,18,0.9,4,14,0.7,3,14,0.7,3,6,0.3,1
S00011,Division,2,8,0.4,2,10,0.5,2,6,0.3,1,12,0.6,3,10,0.5,2,10,0.5,2,8,0.4,1,14,0.7,2
S03121,Addition,0,2,0.1,0,8,0.4,2,10,0.5,2,4,0.2,1,14,0.7,3,8,0.4,1,6,0.3,0,14,0.7,3
S06299,Simplifying Fractions,6,16,0.8,4,12,0.6,3,8,0.4,2,8,0.4,2,16,0.8,4,16,0.8,4,4,0.2,1,12,0.6,3
S01146,Simplifying Fractions,6,12,0.6,3,16,0.8,3,14,0.7,3,8,0.4,2,14,0.7,3,12,0.6,3,8,0.4,2,12,0.6,2
S03252,Multiplication,4,16,0.8,3,18,0.9,4,18,0.9,4,8,0.4,2,6,0.3,0,10,0.5,2,16,0.8,4,16,0.8,4
S04317,Ordering Fractions,5,10,0.5,2,12,0.6,2,14,0.7,3,4,0.2,1,12,0.6,3,0,0.0,0,12,0.6,3,10,0.5,1
S01519,Comparing Fractions,1,6,0.3,1,4,0.2,1,12,0.6,3,8,0.4,0,12,0.6,3,12,0.6,2,18,0.9,4,12,0.6,2
S00467,Fraction to Decimal,3,6,0.3,1,12,0.6,3,18,0.9,4,6,0.3,1,14,0.7,3,20,1.0,5,12,0.6,2,12,0.6,2
S04693,Addition,0,2,0.1,0,12,0.6,2,8,0.4,2,10,0.5,2,8,0.4,2,6,0.3,1,10,0.5,2,8,0.4,2
S01233,Comparing Fractions,1,12,0.6,2,6,0.3,0,14,0.7,3,18,0.9,4,16,0.8,4,6,0.3,1,10,0.5,2,18,0.9,4
S02515,Fraction to Decimal,3,16,0.8,4,4,0.2,1,10,0.5,2,2,0.1,0,10,0.5,2,10,0.5,1,14,0.7,3,10,0.5,1
S03303,Addition,0,6,0.3,1,10,0.5,2,8,0.4,1,10,0.5,2,16,0.8,4,16,0.8,4,12,0.6,3,16,0.8,4
S02236,Fraction to Decimal,3,12,0.6,3,10,0.5,2,12,0.6,2,6,0.3,1,16,0.8,3,8,0.4,2,10,0.5,1,12,0.6,3
S05303,Division,2,8,0.4,2,12,0.6,3,6,0.3,1,12,0.6,3,12,0.6,3,14,0.7,3,14,0.7,3,8,0.4,2
S05596,Division,2,12,0.6,3,8,0.4,2,4,0.2,1,20,1.0,5,12,0.6,3,10,0.5,2,8,0.4,2,18,0.9,4
S03266,Subtraction,7,14,0.7,2,10,0.5,2,16,0.8,4,12,0.6,3,12,0.6,2,14,0.7,2,16,0.8,4,4,0.2,0
S03257,Addition,0,2,0.1,0,4,0.2,1,18,0.9,4,8,0.4,2,20,1.0,5,10,0.5,2,18,0.9,4,12,0.6,2
S03738,Subtraction,7,12,0.6,3,18,0.9,4,16,0.8,4,12,0.6,3,12,0.6,3,16,0.8,4,16,0.8,3,8,0.4,2
S00433,Division,2,16,0.8,4,12,0.6,3,8,0.4,2,10,0.5,2,16,0.8,4,14,0.7,3,14,0.7,3,16,0.8,4
S03818,Comparing Fractions,1,10,0.5,2,8,0.4,2,8,0.4,2,14,0.7,3,12,0.6,3,16,0.8,3,12,0.6,2,10,0.5,2
S06114,Multiplication,4,4,0.2,1,12,0.6,3,0,0.0,0,12,0.6,3,0,0.0,0,12,0.6,3,12,0.6,3,16,0.8,4
S02513,Division,2,14,0.7,3,10,0.5,2,4,0.2,0,16,0.8,4,12,0.6,3,14,0.7,3,16,0.8,4,20,1.0,5
S01941,Subtraction,7,12,0.6,3,10,0.5,2,16,0.8,4,10,0.5,2,12,0.6,2,16,0.8,4,10,0.5,2,6,0.3,1
S00995,Comparing Fractions,1,12,0.6,2,8,0.4,2,10,0.5,2,16,0.8,3,18,0.9,4,12,0.6,3,14,0.7,3,10,0.5,2
S01742,Multiplication,4,14,0.7,3,10,0.5,2,12,0.6,1,14,0.7,3,8,0.4,2,10,0.5,2,10,0.5,1,16,0.8,4
S01235,Multiplication,4,16,0.8,4,14,0.7,3,14,0.7,3,14,0.7,3,4,0.2,1,16,0.8,4,12,0.6,3,8,0.4,2
S02374,Addition,0,4,0.2,1,6,0.3,0,12,0.6,3,8,0.4,1,16,0.8,4,8,0.4,2,16,0.8,3,8,0.4,0
S01406,Subtraction,7,12,0.6,2,16,0.8,3,12,0.6,3,12,0.6,3,16,0.8,4,20,1.0,5,20,1.0,5,12,0.6,3
S01295,Ordering Fractions,5,18,0.9,4,10,0.5,1,4,0.2,1,8,0.4,1,8,0.4,1,2,0.1,0,16,0.8,4,12,0.6,3
S00625,Ordering Fractions,5,16,0.8,3,12,0.6,3,14,0.7,3,16,0.8,3,14,0.7,3,8,0.4,2,18,0.9,4,10,0.5,2
S03142,Addition,0,4,0.2,1,16,0.8,4,8,0.4,1,10,0.5,2,8,0.4,2,14,0.7,3,14,0.7,3,16,0.8,4
S05928,Comparing Fractions,1,6,0.3,1,0,0.0,0,8,0.4,2,10,0.5,2,4,0.2,1,18,0.9,4,12,0.6,3,8,0.4,2
S00372,Comparing Fractions,1,8,0.4,2,6,0.3,1,8,0.4,1,12,0.6,2,12,0.6,2,8,0.4,1,14,0.7,3,10,0.5,2
S01249,Addition,0,0,0.0,0,20,1.0,5,14,0.7,3,12,0.6,3,16,0.8,4,10,0.5,2,14,0.7,3,14,0.7,3
S01285,Fraction to Decimal,3,12,0.6,3,12,0.6,2,14,0.7,2,6,0.3,1,16,0.8,3,14,0.7,3,10,0.5,2,12,0.6,2
S03433,Fraction to Decimal,3,8,0.4,2,18,0.9,4,14,0.7,3,6,0.3,1,10,0.5,2,18,0.9,4,10,0.5,2,12,0.6,2
S05762,Comparing Fractions,1,12,0.6,3,4,0.2,1,8,0.4,2,4,0.2,1,12,0.6,3,10,0.5,2,20,1.0,5,8,0.4,2
S01805,Subtraction,7,12,0.6,3,10,0.5,2,14,0.7,3,16,0.8,3,18,0.9,4,14,0.7,3,14,0.7,3,8,0.4,2
S03989,Subtraction,7,8,0.4,1,8,0.4,1,20,1.0,5,12,0.6,2,16,0.8,3,14,0.7,3,12,0.6,2,0,0.0,0
S06105,Simplifying Fractions,6,0,0.0,0,20,1.0,5,8,0.4,2,16,0.8,4,12,0.6,3,8,0.4,2,0,0.0,0,16,0.8,4
S03055,Addition,0,6,0.3,1,12,0.6,3,10,0.5,2,8,0.4,2,12,0.6,2,12,0.6,3,10,0.5,2,16,0.8,4
S00189,Multiplication,4,4,0.2,1,6,0.3,1,14,0.7,3,10,0.5,2,4,0.2,1,14,0.7,3,18,0.9,4,6,0.3,1
S02200,Comparing Fractions,1,10,0.5,1,4,0.2,1,10,0.5,2,12,0.6,2,8,0.4,2,10,0.5,2,10,0.5,2,14,0.7,3
S02011,Comparing Fractions,1,4,0.2,1,4,0.2,1,16,0.8,4,4,0.2,0,16,0.8,4,6,0.3,1,10,0.5,2,10,0.5,2
S02953,Fraction to Decimal,3,10,0.5,2,16,0.8,3,14,0.7,2,4,0.2,0,10,0.5,2,12,0.6,3,8,0.4,1,8,0.4,1
S03871,Multiplication,4,12,0.6,3,16,0.8,4,16,0.8,4,16,0.8,4,10,0.5,2,20,1.0,5,18,0.9,4,10,0.5,2
S05543,Ordering Fractions,5,12,0.6,3,12,0.6,3,18,0.9,4,10,0.5,2,14,0.7,3,6,0.3,1,14,0.7,3,12,0.6,3
S03260,Subtraction,7,18,0.9,4,14,0.7,3,10,0.5,1,14,0.7,3,16,0.8,4,10,0.5,2,12,0.6,3,8,0.4,1
S05776,Ordering Fractions,5,6,0.3,1,4,0.2,1,14,0.7,3,10,0.5,2,4,0.2,1,0,0.0,0,8,0.4,2,4,0.2,1
S06221,Addition,0,0,0.0,0,0,0.0,0,12,0.6,3,8,0.4,2,8,0.4,2,12,0.6,3,8,0.4,2,12,0.6,3
S00765,Simplifying Fractions,6,12,0.6,2,14,0.7,3,16,0.8,4,6,0.3,1,16,0.8,4,8,0.4,1,6,0.3,1,8,0.4,2
S01023,Multiplication,4,18,0.9,4,18,0.9,4,16,0.8,3,16,0.8,4,16,0.8,4,20,1.0,5,16,0.8,4,16,0.8,3
S06321,Simplifying Fractions,6,8,0.4,2,12,0.6,3,16,0.8,4,20,1.0,5,16,0.8,4,12,0.6,3,4,0.2,1,4,0.2,1
S01274,Fraction to Decimal,3,10,0.5,2,16,0.8,4,16,0.8,3,8,0.4,2,16,0.8,4,10,0.5,2,10,0.5,2,18,0.9,4
S04295,Division,2,10,0.5,2,14,0.7,3,8,0.4,2,12,0.6,2,14,0.7,3,16,0.8,4,8,0.4,1,10,0.5,1
S03856,Ordering Fractions,5,12,0.6,3,14,0.7,3,18,0.9,4,20,1.0,5,14,0.7,3,8,0.4,2,16,0.8,4,10,0.5,2
S00736,Comparing Fractions,1,18,0.9,4,4,0.2,1,10,0.5,2,14,0.7,3,18,0.9,4,18,0.9,4,12,0.6,2,8,0.4,2
S01732,Subtraction,7,10,0.5,2,6,0.3,1,10,0.5,2,14,0.7,3,18,0.9,4,6,0.3,1,16,0.8,4,6,0.3,1
S03402,Ordering Fractions,5,18,0.9,4,8,0.4,1,12,0.6,3,12,0.6,3,8,0.4,1,8,0.4,1,8,0.4,2,10,0.5,2
S03185,Fraction to Decimal,3,8,0.4,2,10,0.5,2,8,0.4,2,4,0.2,0,8,0.4,2,20,1.0,5,8,0.4,1,14,0.7,3
S02952,Division,2,18,0.9,4,16,0.8,4,4,0.2,0,12,0.6,2,8,0.4,1,16,0.8,4,14,0.7,3,12,0.6,3
S04509,Fraction to Decimal,3,16,0.8,4,14,0.7,3,12,0.6,3,4,0.2,1,16,0.8,3,12,0.6,2,8,0.4,2,20,1.0,5
S00259,Fraction to Decimal,3,16,0.8,4,6,0.3,1,10,0.5,2,4,0.2,1,18,0.9,4,18,0.9,4,16,0.8,4,12,0.6,3
S04735,Ordering Fractions,5,14,0.7,3,16,0.8,4,14,0.7,3,10,0.5,2,10,0.5,1,2,0.1,0,16,0.8,4,14,0.7,3
S01527,Addition,0,6,0.3,1,18,0.9,4,20,1.0,5,12,0.6,2,14,0.7,3,16,0.8,4,14,0.7,3,16,0.8,4
S04984,Ordering Fractions,5,6,0.3,1,18,0.9,4,10,0.5,2,8,0.4,2,10,0.5,2,0,0.0,0,14,0.7,3,16,0.8,4
S03311,Ordering Fractions,5,12,0.6,3,12,0.6,3,10,0.5,1,10,0.5,2,18,0.9,4,8,0.4,1,8,0.4,2,10,0.5,2
S05607,Ordering Fractions,5,16,0.8,4,12,0.6,3,16,0.8,4,12,0.6,3,12,0.6,3,10,0.5,2,12,0.6,3,12,0.6,3
S05935,Ordering Fractions,5,6,0.3,1,20,1.0,5,12,0.6,3,8,0.4,2,16,0.8,4,0,0.0,0,4,0.2,1,10,0.5,2
S02538,Multiplication,4,14,0.7,3,10,0.5,2,6,0.3,1,14,0.7,3,6,0.3,1,12,0.6,2,8,0.4,2,16,0.8,4
S00739,Multiplication,4,16,0.8,4,12,0.6,2,6,0.3,1,14,0.7,3,4,0.2,1,6,0.3,0,16,0.8,3,8,0.4,2
S00172,Comparing Fractions,1,16,0.8,3,6,0.3,1,16,0.8,4,10,0.5,1,10,0.5,1,14,0.7,3,8,0.4,2,8,0.4,2
S03951,Fraction to Decimal,3,8,0.4,2,12,0.6,3,16,0.8,4,4,0.2,0,6,0.3,1,16,0.8,4,10,0.5,2,20,1.0,5
S03845,Division,2,12,0.6,3,14,0.7,3,8,0.4,1,12,0.6,2,12,0.6,3,18,0.9,4,10,0.5,2,12,0.6,2
S00007,Division,2,20,1.0,5,10,0.5,2,4,0.2,0,14,0.7,3,10,0.5,2,14,0.7,3,10,0.5,2,8,0.4,2
S04304,Ordering Fractions,5,8,0.4,1,14,0.7,3,16,0.8,3,8,0.4,1,10,0.5,2,6,0.3,1,12,0.6,2,8,0.4,1
S02617,Ordering Fractions,5,6,0.3,1,12,0.6,2,20,1.0,5,16,0.8,4,10,0.5,2,4,0.2,1,8,0.4,2,16,0.8,4
S00833,Simplifying Fractions,6,14,0.7,3,10,0.5,2,16,0.8,4,8,0.4,2,18,0.9,4,14,0.7,3,4,0.2,0,18,0.9,4
S06344,Simplifying Fractions,6,12,0.6,3,12,0.6,3,8,0.4,2,4,0.2,1,0,0.0,0,12,0.6,3,0,0.0,0,12,0.6,3
S02578,Division,2,12,0.6,3,8,0.4,1,6,0.3,1,12,0.6,3,14,0.7,3,14,0.7,3,16,0.8,4,8,0.4,2
S05267,Fraction to Decimal,3,2,0.1,0,0,0.0,0,18,0.9,4,0,0.0,0,20,1.0,5,8,0.4,2,0,0.0,0,16,0.8,4
S02101,Subtraction,7,12,0.6,3,14,0.7,3,10,0.5,2,16,0.8,3,12,0.6,2,10,0.5,2,12,0.6,3,6,0.3,1
S02020,Division,2,14,0.7,3,14,0.7,3,6,0.3,1,14,0.7,3,12,0.6,3,12,0.6,3,12,0.6,2,8,0.4,1
S00668,Addition,0,8,0.4,2,12,0.6,3,12,0.6,3,10,0.5,2,14,0.7,3,18,0.9,4,12,0.6,2,16,0.8,4
S01565,Comparing Fractions,1,12,0.6,3,0,0.0,0,12,0.6,2,12,0.6,2,6,0.3,0,16,0.8,4,16,0.8,3,16,0.8,4
S00145,Subtraction,7,12,0.6,2,12,0.6,2,14,0.7,3,8,0.4,2,18,0.9,4,6,0.3,1,14,0.7,3,6,0.3,1
S02882,Addition,0,2,0.1,0,10,0.5,1,6,0.3,1,2,0.1,0,14,0.7,2,14,0.7,3,8,0.4,2,10,0.5,2
S02919,Subtraction,7,14,0.7,3,16,0.8,4,12,0.6,3,18,0.9,4,20,1.0,5,10,0.5,2,20,1.0,5,8,0.4,2
S02190,Ordering Fractions,5,12,0.6,3,14,0.7,3,12,0.6,2,10,0.5,1,10,0.5,2,10,0.5,2,10,0.5,1,12,0.6,2
S02816,Comparing Fractions,1,10,0.5,1,2,0.1,0,8,0.4,1,6,0.3,1,12,0.6,3,18,0.9,4,16,0.8,4,8,0.4,1
S02933,Fraction to Decimal,3,12,0.6,2,16,0.8,3,18,0.9,4,6,0.3,1,10,0.5,2,10,0.5,2,10,0.5,2,18,0.9,4
S00750,Division,2,12,0.6,2,4,0.2,1,4,0.2,0,8,0.4,1,8,0.4,1,16,0.8,4,8,0.4,1,14,0.7,3
S03327,Multiplication,4,12,0.6,3,10,0.5,2,16,0.8,3,8,0.4,1,0,0.0,0,12,0.6,2,14,0.7,2,8,0.4,1
S06028,Comparing Fractions,1,8,0.4,2,0,0.0,0,16,0.8,4,20,1.0,5,4,0.2,1,12,0.6,3,8,0.4,2,12,0.6,3
S02022,Division,2,12,0.6,3,10,0.5,2,6,0.3,1,16,0.8,3,14,0.7,3,8,0.4,1,16,0.8,4,10,0.5,2
S00378,Fraction to Decimal,3,18,0.9,4,18,0.9,4,12,0.6,2,8,0.4,2,14,0.7,2,16,0.8,4,14,0.7,3,10,0.5,2
S04429,Multiplication,4,6,0.3,1,14,0.7,3,16,0.8,4,8,0.4,2,0,0.0,0,12,0.6,3,8,0.4,2,6,0.3,1
S03953,Multiplication,4,6,0.3,1,10,0.5,2,16,0.8,4,10,0.5,2,6,0.3,1,20,1.0,5,12,0.6,3,16,0.8,3
S02625,Simplifying Fractions,6,20,1.0,5,8,0.4,2,8,0.4,1,16,0.8,3,14,0.7,3,16,0.8,4,8,0.4,2,12,0.6,3
S03153,Multiplication,4,10,0.5,2,12,0.6,3,16,0.8,4,8,0.4,2,6,0.3,1,14,0.7,3,12,0.6,3,14,0.7,3
S05135,Multiplication,4,10,0.5,2,8,0.4,2,20,1.0,5,8,0.4,2,4,0.2,1,14,0.7,3,18,0.9,4,20,1.0,5
S04500,Simplifying Fractions,6,12,0.6,3,10,0.5,2,8,0.4,2,6,0.3,1,12,0.6,2,14,0.7,3,6,0.3,1,12,0.6,3
S00510,Comparing Fractions,1,10,0.5,2,8,0.4,2,18,0.9,4,12,0.6,3,12,0.6,3,16,0.8,4,14,0.7,3,8,0.4,1
S05612,Comparing Fractions,1,8,0.4,2,0,0.0,0,4,0.2,1,8,0.4,2,8,0.4,2,8,0.4,2,16,0.8,4,12,0.6,3
S05284,Subtraction,7,6,0.3,1,10,0.5,2,8,0.4,2,6,0.3,1,8,0.4,2,12,0.6,3,8,0.4,2,6,0.3,1
S03339,Fraction to Decimal,3,8,0.4,2,20,1.0,5,12,0.6,3,4,0.2,1,14,0.7,3,8,0.4,2,16,0.8,4,12,0.6,2
S00023,Multiplication,4,16,0.8,4,14,0.7,3,12,0.6,2,12,0.6,3,6,0.3,1,12,0.6,3,12,0.6,2,14,0.7,3
S05106,Ordering Fractions,5,16,0.8,4,20,1.0,5,12,0.6,3,4,0.2,1,20,1.0,5,4,0.2,1,8,0.4,2,10,0.5,2
S01106,Fraction to Decimal,3,14,0.7,3,12,0.6,3,14,0.7,3,8,0.4,2,20,1.0,5,10,0.5,2,10,0.5,2,12,0.6,2
S03478,Division,2,14,0.7,3,12,0.6,2,4,0.2,1,14,0.7,3,20,1.0,5,20,1.0,5,12,0.6,2,12,0.6,3
S03161,Multiplication,4,12,0.6,3,10,0.5,1,16,0.8,3,12,0.6,3,4,0.2,1,20,1.0,5,12,0.6,2,18,0.9,4
S05667,Ordering Fractions,5,12,0.6,3,8,0.4,2,20,1.0,5,4,0.2,1,8,0.4,2,0,0.0,0,8,0.4,2,12,0.6,3
S00405,Subtraction,7,14,0.7,3,12,0.6,3,20,1.0,5,12,0.6,3,14,0.7,3,10,0.5,2,16,0.8,4,10,0.5,2
S05754,Division,2,14,0.7,3,16,0.8,4,8,0.4,2,14,0.7,3,16,0.8,4,16,0.8,4,12,0.6,3,16,0.8,4
S02812,Simplifying Fractions,6,10,0.5,2,10,0.5,2,20,1.0,5,14,0.7,3,20,1.0,5,16,0.8,3,8,0.4,1,12,0.6,3
S00334,Ordering Fractions,5,18,0.9,4,16,0.8,4,18,0.9,4,16,0.8,4,12,0.6,3,12,0.6,2,14,0.7,3,14,0.7,3
S01507,Comparing Fractions,1,6,0.3,0,6,0.3,1,12,0.6,3,12,0.6,2,16,0.8,4,20,1.0,5,12,0.6,2,16,0.8,4
S00779,Subtraction,7,10,0.5,2,10,0.5,2,8,0.4,2,18,0.9,4,8,0.4,1,16,0.8,4,10,0.5,2,4,0.2,1
S01640,Ordering Fractions,5,16,0.8,4,14,0.7,3,16,0.8,4,16,0.8,4,12,0.6,3,10,0.5,2,14,0.7,2,20,1.0,5
S05324,Simplifying Fractions,6,8,0.4,2,6,0.3,1,2,0.1,0,4,0.2,1,0,0.0,0,16,0.8,4,0,0.0,0,6,0.3,1
S00144,Addition,0,8,0.4,1,14,0.7,3,12,0.6,3,14,0.7,3,8,0.4,2,10,0.5,2,16,0.8,4,8,0.4,1
S02641,Multiplication,4,18,0.9,4,12,0.6,2,10,0.5,2,10,0.5,2,8,0.4,2,20,1.0,5,8,0.4,2,18,0.9,4
S01350,Multiplication,4,16,0.8,3,2,0.1,0,4,0.2,1,10,0.5,2,2,0.1,0,12,0.6,2,16,0.8,4,12,0.6,3
S05642,Comparing Fractions,1,12,0.6,3,4,0.2,1,10,0.5,2,8,0.4,2,4,0.2,1,20,1.0,5,12,0.6,3,14,0.7,3
S01789,Comparing Fractions,1,18,0.9,4,12,0.6,2,14,0.7,3,16,0.8,4,20,1.0,5,12,0.6,2,12,0.6,2,14,0.7,3
S00638,Simplifying Fractions,6,10,0.5,2,10,0.5,2,8,0.4,1,14,0.7,3,8,0.4,2,14,0.7,3,4,0.2,0,8,0.4,2
S01185,Addition,0,2,0.1,0,10,0.5,2,18,0.9,4,6,0.3,1,14,0.7,3,16,0.8,3,10,0.5,2,10,0.5,2
S04045,Division,2,12,0.6,3,14,0.7,2,6,0.3,1,10,0.5,2,10,0.5,2,14,0.7,3,12,0.6,3,6,0.3,1
S05958,Addition,0,4,0.2,1,8,0.4,2,18,0.9,4,8,0.4,2,10,0.5,2,14,0.7,3,14,0.7,3,8,0.4,2
S02959,Comparing Fractions,1,12,0.6,3,10,0.5,2,12,0.6,2,16,0.8,4,16,0.8,4,12,0.6,2,12,0.6,2,16,0.8,4
S01596,Multiplication,4,14,0.7,2,12,0.6,3,12,0.6,3,12,0.6,2,4,0.2,0,12,0.6,3,20,1.0,5,10,0.5,2
S05968,Multiplication,4,16,0.8,4,10,0.5,2,20,1.0,5,12,0.6,3,8,0.4,2,8,0.4,2,12,0.6,3,8,0.4,2
S00314,Ordering Fractions,5,10,0.5,2,20,1.0,5,14,0.7,3,14,0.7,3,20,1.0,5,4,0.2,1,4,0.2,1,14,0.7,2
S00123,Multiplication,4,10,0.5,2,10,0.5,2,8,0.4,1,6,0.3,0,2,0.1,0,18,0.9,4,6,0.3,1,14,0.7,3
S03420,Ordering Fractions,5,16,0.8,4,8,0.4,1,12,0.6,2,14,0.7,3,8,0.4,1,8,0.4,2,10,0.5,2,12,0.6,2
S03749,Addition,0,8,0.4,2,12,0.6,3,16,0.8,4,14,0.7,3,18,0.9,4,10,0.5,2,16,0.8,3,12,0.6,3
S05589,Fraction to Decimal,3,16,0.8,4,14,0.7,3,16,0.8,4,0,0.0,0,6,0.3,1,16,0.8,4,12,0.6,3,4,0.2,1
S00593,Fraction to Decimal,3,10,0.5,2,16,0.8,4,12,0.6,2,8,0.4,1,16,0.8,3,12,0.6,3,14,0.7,3,12,0.6,3
S02683,Simplifying Fractions,6,16,0.8,4,14,0.7,3,16,0.8,4,16,0.8,4,4,0.2,1,14,0.7,3,2,0.1,0,10,0.5,2
S02956,Fraction to Decimal,3,8,0.4,1,8,0.4,1,8,0.4,2,4,0.2,1,4,0.2,1,8,0.4,2,4,0.2,0,10,0.5,2
S02188,Simplifying Fractions,6,16,0.8,4,12,0.6,3,16,0.8,4,18,0.9,4,20,1.0,5,14,0.7,3,0,0.0,0,16,0.8,4
S05301,Addition,0,4,0.2,1,16,0.8,4,20,1.0,5,8,0.4,2,8,0.4,2,8,0.4,2,20,1.0,5,12,0.6,3
S04688,Comparing Fractions,1,16,0.8,4,4,0.2,0,6,0.3,1,8,0.4,1,10,0.5,2,16,0.8,4,8,0.4,1,8,0.4,2
S01468,Comparing Fractions,1,16,0.8,4,8,0.4,2,18,0.9,4,12,0.6,3,16,0.8,4,14,0.7,3,12,0.6,2,16,0.8,4
S05065,Ordering Fractions,5,16,0.8,4,16,0.8,4,14,0.7,3,18,0.9,4,12,0.6,3,12,0.6,3,20,1.0,5,14,0.7,3
S01973,Ordering Fractions,5,12,0.6,2,20,1.0,5,6,0.3,1,6,0.3,1,8,0.4,1,6,0.3,0,8,0.4,1,20,1.0,5
S05997,Subtraction,7,4,0.2,1,4,0.2,1,8,0.4,2,16,0.8,4,8,0.4,2,4,0.2,1,8,0.4,2,4,0.2,1
S04760,Comparing Fractions,1,10,0.5,2,8,0.4,2,14,0.7,3,12,0.6,3,10,0.5,2,10,0.5,2,18,0.9,4,12,0.6,2
S01650,Multiplication,4,12,0.6,3,16,0.8,4,14,0.7,3,12,0.6,2,10,0.5,2,16,0.8,4,12,0.6,3,10,0.5,2
S05756,Multiplication,4,12,0.6,3,20,1.0,5,14,0.7,3,20,1.0,5,0,0.0,0,20,1.0,5,20,1.0,5,2,0.1,0
S05257,Fraction to Decimal,3,20,1.0,5,4,0.2,1,4,0.2,1,0,0.0,0,12,0.6,3,2,0.1,0,14,0.7,3,4,0.2,1
S00671,Subtraction,7,14,0.7,3,12,0.6,3,16,0.8,4,16,0.8,4,18,0.9,4,14,0.7,3,10,0.5,2,0,0.0,0
S00474,Addition,0,4,0.2,1,8,0.4,1,14,0.7,2,8,0.4,2,12,0.6,2,12,0.6,3,18,0.9,4,6,0.3,0
S02677,Addition,0,4,0.2,0,14,0.7,3,14,0.7,3,14,0.7,2,20,1.0,5,12,0.6,3,14,0.7,2,10,0.5,1
S05711,Simplifying Fractions,6,8,0.4,2,12,0.6,3,16,0.8,4,12,0.6,3,16,0.8,4,6,0.3,1,0,0.0,0,12,0.6,3
S05478,Ordering Fractions,5,12,0.6,3,16,0.8,4,8,0.4,2,8,0.4,2,16,0.8,4,8,0.4,2,18,0.9,4,12,0.6,3
S00807,Fraction to Decimal,3,18,0.9,4,16,0.8,3,16,0.8,4,10,0.5,2,14,0.7,2,12,0.6,3,12,0.6,3,10,0.5,2
S00611,Fraction to Decimal,3,8,0.4,2,10,0.5,2,18,0.9,4,4,0.2,0,16,0.8,4,20,1.0,5,12,0.6,3,14,0.7,3
S03426,Simplifying Fractions,6,14,0.7,3,10,0.5,2,12,0.6,1,12,0.6,3,18,0.9,4,10,0.5,2,6,0.3,1,10,0.5,2
S04869,Division,2,12,0.6,3,12,0.6,3,10,0.5,2,14,0.7,3,18,0.9,4,18,0.9,4,20,1.0,5,12,0.6,3
S00153,Multiplication,4,16,0.8,3,16,0.8,3,8,0.4,2,8,0.4,2,6,0.3,1,14,0.7,3,6,0.3,1,14,0.7,2
S02414,Subtraction,7,16,0.8,4,16,0.8,4,10,0.5,2,14,0.7,3,12,0.6,3,12,0.6,2,10,0.5,2,8,0.4,2
S06130,Division,2,16,0.8,4,4,0.2,1,4,0.2,1,12,0.6,3,8,0.4,2,16,0.8,4,20,1.0,5,8,0.4,2
S03180,Subtraction,7,14,0.7,3,8,0.4,1,8,0.4,2,12,0.6,2,16,0.8,4,14,0.7,3,18,0.9,4,6,0.3,1
S04490,Ordering Fractions,5,16,0.8,4,20,1.0,5,10,0.5,1,18,0.9,4,10,0.5,1,10,0.5,2,10,0.5,1,12,0.6,2
S03728,Addition,0,4,0.2,0,12,0.6,3,14,0.7,3,16,0.8,4,10,0.5,1,18,0.9,4,12,0.6,2,14,0.7,3
S02936,Ordering Fractions,5,18,0.9,4,10,0.5,2,10,0.5,2,12,0.6,3,8,0.4,2,2,0.1,0,12,0.6,2,12,0.6,3
S06133,Division,2,4,0.2,1,4,0.2,1,0,0.0,0,4,0.2,1,16,0.8,4,12,0.6,3,12,0.6,3,8,0.4,2
S02070,Fraction to Decimal,3,4,0.2,1,10,0.5,2,14,0.7,3,4,0.2,0,4,0.2,0,12,0.6,3,16,0.8,4,10,0.5,2
S05664,Comparing Fractions,1,20,1.0,5,8,0.4,2,12,0.6,3,16,0.8,4,8,0.4,2,10,0.5,2,12,0.6,3,16,0.8,4
S04801,Division,2,20,1.0,5,12,0.6,3,0,0.0,0,8,0.4,2,14,0.7,3,8,0.4,2,18,0.9,4,10,0.5,2
S00830,Ordering Fractions,5,6,0.3,1,12,0.6,2,8,0.4,1,12,0.6,3,20,1.0,5,4,0.2,0,8,0.4,1,16,0.8,4
S05195,Subtraction,7,10,0.5,2,8,0.4,2,12,0.6,3,4,0.2,1,18,0.9,4,20,1.0,5,16,0.8,4,0,0.0,0
S01961,Division,2,16,0.8,4,10,0.5,2,6,0.3,1,12,0.6,3,12,0.6,2,12,0.6,2,16,0.8,4,20,1.0,5
S03269,Ordering Fractions,5,10,0.5,2,6,0.3,1,10,0.5,2,14,0.7,3,16,0.8,4,4,0.2,1,16,0.8,4,12,0.6,3
S06244,Multiplication,4,20,1.0,5,20,1.0,5,16,0.8,4,16,0.8,4,8,0.4,2,20,1.0,5,12,0.6,3,12,0.6,3
S05156,Fraction to Decimal,3,4,0.2,1,20,1.0,5,16,0.8,4,4,0.2,1,16,0.8,4,12,0.6,3,6,0.3,1,12,0.6,3
S00483,Ordering Fractions,5,12,0.6,3,8,0.4,2,10,0.5,2,8,0.4,1,10,0.5,2,6,0.3,1,16,0.8,4,14,0.7,3
S04555,Ordering Fractions,5,10,0.5,2,16,0.8,4,8,0.4,2,8,0.4,2,8,0.4,2,8,0.4,2,10,0.5,2,12,0.6,3
S05844,Multiplication,4,20,1.0,5,18,0.9,4,8,0.4,2,8,0.4,2,8,0.4,2,12,0.6,3,18,0.9,4,16,0.8,4
S02001,Comparing Fractions,1,12,0.6,3,6,0.3,1,14,0.7,3,8,0.4,1,16,0.8,4,16,0.8,4,14,0.7,3,16,0.8,3
S00342,Comparing Fractions,1,14,0.7,3,10,0.5,2,18,0.9,4,16,0.8,4,12,0.6,3,16,0.8,4,20,1.0,5,18,0.9,4
S05146,Division,2,12,0.6,3,16,0.8,4,0,0.0,0,4,0.2,1,20,1.0,5,20,1.0,5,12,0.6,3,12,0.6,3
S02707,Simplifying Fractions,6,8,0.4,2,16,0.8,4,16,0.8,4,8,0.4,2,16,0.8,3,16,0.8,4,8,0.4,2,16,0.8,4
S05371,Comparing Fractions,1,8,0.4,2,6,0.3,1,8,0.4,2,14,0.7,3,16,0.8,4,12,0.6,3,14,0.7,3,14,0.7,3
S05395,Fraction to Decimal,3,4,0.2,1,4,0.2,1,14,0.7,3,0,0.0,0,4,0.2,1,14,0.7,3,16,0.8,4,8,0.4,2
S02226,Addition,0,10,0.5,2,12,0.6,3,14,0.7,3,12,0.6,3,14,0.7,3,14,0.7,2,10,0.5,2,14,0.7,3
S06370,Ordering Fractions,5,4,0.2,1,12,0.6,3,4,0.2,1,8,0.4,2,8,0.4,2,4,0.2,1,4,0.2,1,20,1.0,5
S00455,Division,2,18,0.9,4,20,1.0,5,4,0.2,0,16,0.8,4,16,0.8,4,16,0.8,4,14,0.7,3,18,0.9,4
S03889,Comparing Fractions,1,20,1.0,5,4,0.2,1,18,0.9,4,10,0.5,2,12,0.6,2,12,0.6,3,6,0.3,1,20,1.0,5
S00044,Division,2,12,0.6,2,16,0.8,4,8,0.4,2,12,0.6,2,14,0.7,2,10,0.5,2,16,0.8,3,16,0.8,3
S03971,Fraction to Decimal,3,14,0.7,2,14,0.7,3,12,0.6,2,8,0.4,2,16,0.8,4,12,0.6,3,12,0.6,2,16,0.8,4
S00261,Fraction to Decimal,3,14,0.7,3,12,0.6,3,18,0.9,4,6,0.3,1,10,0.5,2,6,0.3,1,12,0.6,3,8,0.4,1
S01643,Ordering Fractions,5,20,1.0,5,18,0.9,4,20,1.0,5,18,0.9,4,16,0.8,3,12,0.6,2,16,0.8,4,14,0.7,3
S06134,Division,2,12,0.6,3,12,0.6,3,0,0.0,0,4,0.2,1,12,0.6,3,20,1.0,5,16,0.8,4,8,0.4,2
S04426,Simplifying Fractions,6,12,0.6,3,14,0.7,3,12,0.6,2,14,0.7,3,10,0.5,2,10,0.5,2,8,0.4,1,12,0.6,3
S00724,Fraction to Decimal,3,4,0.2,1,14,0.7,3,8,0.4,2,4,0.2,0,14,0.7,3,10,0.5,1,12,0.6,3,16,0.8,4
S01886,Addition,0,4,0.2,1,8,0.4,2,12,0.6,3,10,0.5,2,10,0.5,2,16,0.8,3,10,0.5,2,12,0.6,3
S02253,Ordering Fractions,5,16,0.8,4,18,0.9,4,14,0.7,3,14,0.7,3,16,0.8,4,10,0.5,2,16,0.8,4,16,0.8,4
S03265,Fraction to Decimal,3,18,0.9,4,12,0.6,3,16,0.8,4,6,0.3,1,14,0.7,3,8,0.4,2,20,1.0,5,12,0.6,3
S03301,Ordering Fractions,5,14,0.7,3,8,0.4,2,12,0.6,2,12,0.6,3,8,0.4,1,4,0.2,1,18,0.9,4,12,0.6,3
S04497,Multiplication,4,12,0.6,2,16,0.8,4,20,1.0,5,12,0.6,3,12,0.6,3,14,0.7,3,12,0.6,3,16,0.8,4
S01471,Simplifying Fractions,6,4,0.2,1,10,0.5,2,16,0.8,3,6,0.3,1,14,0.7,3,8,0.4,2,2,0.1,0,2,0.1,0
S03388,Ordering Fractions,5,14,0.7,3,12,0.6,3,6,0.3,1,16,0.8,4,18,0.9,4,6,0.3,1,8,0.4,2,16,0.8,4
S02213,Division,2,8,0.4,1,14,0.7,3,6,0.3,1,10,0.5,2,10,0.5,2,10,0.5,2,16,0.8,4,20,1.0,5
S02685,Ordering Fractions,5,12,0.6,3,16,0.8,3,8,0.4,1,8,0.4,2,14,0.7,3,6,0.3,1,12,0.6,3,10,0.5,2
S03612,Addition,0,6,0.3,1,10,0.5,2,10,0.5,2,12,0.6,3,6,0.3,1,8,0.4,0,10,0.5,2,10,0.5,2
S03074,Addition,0,4,0.2,1,10,0.5,2,6,0.3,0,8,0.4,2,12,0.6,1,10,0.5,2,4,0.2,1,16,0.8,4
S05356,Division,2,12,0.6,3,16,0.8,4,0,0.0,0,14,0.7,3,12,0.6,3,4,0.2,1,4,0.2,1,20,1.0,5
S01193,Addition,0,4,0.2,1,10,0.5,2,14,0.7,3,16,0.8,3,10,0.5,1,14,0.7,2,12,0.6,2,10,0.5,2
S00628,Division,2,6,0.3,1,12,0.6,2,2,0.1,0,12,0.6,3,8,0.4,2,8,0.4,1,12,0.6,3,10,0.5,2
S02261,Addition,0,8,0.4,1,14,0.7,3,12,0.6,3,18,0.9,4,18,0.9,4,8,0.4,2,16,0.8,4,14,0.7,3
S02233,Comparing Fractions,1,16,0.8,4,10,0.5,2,16,0.8,3,10,0.5,2,12,0.6,2,12,0.6,2,16,0.8,4,16,0.8,4
S00825,Fraction to Decimal,3,4,0.2,1,10,0.5,1,16,0.8,3,2,0.1,0,12,0.6,3,12,0.6,2,12,0.6,2,16,0.8,4
S03964,Division,2,12,0.6,3,6,0.3,1,6,0.3,1,8,0.4,0,10,0.5,2,14,0.7,3,16,0.8,4,12,0.6,2
S01113,Simplifying Fractions,6,10,0.5,2,16,0.8,4,12,0.6,3,12,0.6,3,20,1.0,5,10,0.5,2,4,0.2,1,6,0.3,1
S05634,Fraction to Decimal,3,8,0.4,2,16,0.8,4,12,0.6,3,8,0.4,2,14,0.7,3,12,0.6,3,12,0.6,3,18,0.9,4
S04861,Fraction to Decimal,3,12,0.6,3,16,0.8,3,12,0.6,3,8,0.4,2,12,0.6,3,12,0.6,2,10,0.5,2,14,0.7,3
S03854,Subtraction,7,12,0.6,3,16,0.8,3,20,1.0,5,8,0.4,1,12,0.6,2,14,0.7,3,12,0.6,3,6,0.3,1
S05869,Addition,0,0,0.0,0,0,0.0,0,14,0.7,3,10,0.5,2,8,0.4,2,16,0.8,4,14,0.7,3,16,0.8,4
S04065,Fraction to Decimal,3,16,0.8,4,10,0.5,2,12,0.6,3,8,0.4,2,18,0.9,4,16,0.8,4,20,1.0,5,18,0.9,4
S03212,Comparing Fractions,1,16,0.8,3,10,0.5,2,20,1.0,5,14,0.7,3,16,0.8,4,14,0.7,3,12,0.6,3,18,0.9,4
S04427,Fraction to Decimal,3,18,0.9,4,10,0.5,2,14,0.7,3,6,0.3,1,14,0.7,3,20,1.0,5,14,0.7,3,6,0.3,1
S01114,Addition,0,4,0.2,1,12,0.6,2,16,0.8,4,10,0.5,2,10,0.5,1,12,0.6,3,12,0.6,3,10,0.5,2
S02511,Subtraction,7,16,0.8,4,16,0.8,4,8,0.4,2,14,0.7,3,14,0.7,3,12,0.6,2,18,0.9,4,6,0.3,1
S03653,Comparing Fractions,1,8,0.4,2,0,0.0,0,16,0.8,4,16,0.8,3,16,0.8,4,12,0.6,2,16,0.8,4,12,0.6,2
S05277,Addition,0,0,0.0,0,12,0.6,3,6,0.3,1,8,0.4,2,8,0.4,2,20,1.0,5,20,1.0,5,20,1.0,5
S03122,Division,2,10,0.5,2,20,1.0,5,4,0.2,0,10,0.5,2,16,0.8,4,10,0.5,2,8,0.4,1,16,0.8,3
S02403,Multiplication,4,12,0.6,3,18,0.9,4,14,0.7,3,16,0.8,3,10,0.5,1,14,0.7,3,10,0.5,2,16,0.8,4
S05975,Division,2,8,0.4,2,12,0.6,3,4,0.2,1,8,0.4,2,12,0.6,3,12,0.6,3,14,0.7,3,12,0.6,3
S04826,Division,2,16,0.8,3,18,0.9,4,4,0.2,1,10,0.5,2,6,0.3,1,8,0.4,2,14,0.7,3,18,0.9,4
S05060,Division,2,8,0.4,2,8,0.4,2,0,0.0,0,8,0.4,2,16,0.8,4,8,0.4,2,8,0.4,2,4,0.2,1
S00802,Subtraction,7,14,0.7,3,16,0.8,4,8,0.4,1,10,0.5,2,12,0.6,3,12,0.6,2,14,0.7,2,8,0.4,1
S05212,Ordering Fractions,5,20,1.0,5,16,0.8,4,20,1.0,5,20,1.0,5,14,0.7,3,12,0.6,3,16,0.8,4,16,0.8,4
S02393,Simplifying Fractions,6,12,0.6,2,10,0.5,2,8,0.4,2,8,0.4,1,10,0.5,2,10,0.5,2,8,0.4,2,10,0.5,2
S03356,Addition,0,0,0.0,0,14,0.7,3,18,0.9,4,14,0.7,3,4,0.2,0,6,0.3,1,14,0.7,3,8,0.4,2
S06149,Division,2,16,0.8,4,12,0.6,3,0,0.0,0,16,0.8,4,8,0.4,2,16,0.8,4,12,0.6,3,16,0.8,4
S01021,Comparing Fractions,1,12,0.6,3,0,0.0,0,10,0.5,2,4,0.2,0,16,0.8,4,12,0.6,3,12,0.6,3,10,0.5,2
S05820,Ordering Fractions,5,12,0.6,3,16,0.8,4,12,0.6,3,8,0.4,2,12,0.6,3,8,0.4,2,8,0.4,2,14,0.7,3
S02064,Subtraction,7,14,0.7,3,12,0.6,2,6,0.3,1,8,0.4,2,18,0.9,4,14,0.7,3,16,0.8,4,2,0.1,0
S03306,Fraction to Decimal,3,14,0.7,3,12,0.6,2,20,1.0,5,6,0.3,1,12,0.6,2,12,0.6,3,16,0.8,4,14,0.7,2
S01651,Addition,0,4,0.2,1,8,0.4,1,6,0.3,1,6,0.3,0,10,0.5,2,16,0.8,3,8,0.4,2,14,0.7,3
S03321,Multiplication,4,14,0.7,3,16,0.8,3,16,0.8,4,10,0.5,2,8,0.4,1,8,0.4,2,10,0.5,2,20,1.0,5
S02995,Simplifying Fractions,6,14,0.7,3,18,0.9,4,16,0.8,4,8,0.4,2,16,0.8,4,18,0.9,4,6,0.3,1,16,0.8,4
S05592,Subtraction,7,12,0.6,3,8,0.4,2,12,0.6,3,12,0.6,3,18,0.9,4,12,0.6,3,8,0.4,2,8,0.4,2
S01265,Ordering Fractions,5,8,0.4,1,4,0.2,0,14,0.7,3,6,0.3,1,18,0.9,4,4,0.2,1,16,0.8,4,12,0.6,2
S00386,Ordering Fractions,5,16,0.8,4,16,0.8,4,14,0.7,3,4,0.2,0,8,0.4,2,4,0.2,1,14,0.7,3,12,0.6,3
S00951,Comparing Fractions,1,12,0.6,3,10,0.5,2,14,0.7,3,18,0.9,4,12,0.6,2,12,0.6,3,10,0.5,2,12,0.6,2
S03737,Addition,0,6,0.3,1,16,0.8,4,12,0.6,3,12,0.6,3,12,0.6,3,16,0.8,4,12,0.6,3,12,0.6,2
S02917,Subtraction,7,12,0.6,3,16,0.8,4,16,0.8,4,14,0.7,3,12,0.6,2,12,0.6,2,12,0.6,3,8,0.4,1
S06373,Simplifying Fractions,6,12,0.6,3,8,0.4,2,16,0.8,4,12,0.6,3,8,0.4,2,12,0.6,3,4,0.2,1,4,0.2,1
S01880,Fraction to Decimal,3,10,0.5,1,8,0.4,2,20,1.0,5,6,0.3,1,10,0.5,2,16,0.8,4,10,0.5,2,8,0.4,1
S00592,Subtraction,7,20,1.0,5,16,0.8,4,18,0.9,4,12,0.6,3,16,0.8,3,12,0.6,2,16,0.8,4,12,0.6,3
S00924,Subtraction,7,6,0.3,1,14,0.7,3,18,0.9,4,12,0.6,1,12,0.6,2,14,0.7,3,12,0.6,3,2,0.1,0
S02126,Addition,0,6,0.3,1,8,0.4,2,12,0.6,3,10,0.5,2,12,0.6,3,16,0.8,3,12,0.6,2,12,0.6,3
S04215,Ordering Fractions,5,10,0.5,2,12,0.6,3,12,0.6,3,12,0.6,3,8,0.4,2,2,0.1,0,18,0.9,4,12,0.6,3
S05338,Simplifying Fractions,6,8,0.4,2,12,0.6,3,8,0.4,2,6,0.3,1,8,0.4,2,12,0.6,3,4,0.2,1,4,0.2,1
S00137,Ordering Fractions,5,10,0.5,2,10,0.5,2,10,0.5,1,12,0.6,3,12,0.6,3,8,0.4,1,18,0.9,4,16,0.8,4
S02493,Simplifying Fractions,6,10,0.5,2,8,0.4,2,8,0.4,1,8,0.4,0,12,0.6,2,8,0.4,1,6,0.3,1,10,0.5,2
S03379,Fraction to Decimal,3,12,0.6,2,8,0.4,1,12,0.6,2,6,0.3,1,18,0.9,4,18,0.9,4,16,0.8,4,14,0.7,3
S03183,Multiplication,4,16,0.8,4,14,0.7,3,12,0.6,3,8,0.4,1,4,0.2,1,10,0.5,2,6,0.3,1,20,1.0,5
S04467,Simplifying Fractions,6,10,0.5,2,20,1.0,5,18,0.9,4,14,0.7,3,16,0.8,3,14,0.7,3,8,0.4,2,10,0.5,2
S02838,Division,2,14,0.7,2,18,0.9,4,4,0.2,0,14,0.7,3,10,0.5,2,10,0.5,2,12,0.6,2,14,0.7,2
S06282,Fraction to Decimal,3,16,0.8,4,8,0.4,2,12,0.6,3,0,0.0,0,4,0.2,1,16,0.8,4,8,0.4,2,8,0.4,2
S01172,Comparing Fractions,1,12,0.6,2,8,0.4,1,16,0.8,4,20,1.0,5,16,0.8,4,12,0.6,2,12,0.6,2,16,0.8,3
S00141,Division,2,16,0.8,4,14,0.7,3,6,0.3,1,8,0.4,1,10,0.5,2,14,0.7,3,10,0.5,2,12,0.6,3
S03391,Simplifying Fractions,6,6,0.3,1,12,0.6,2,20,1.0,5,12,0.6,3,14,0.7,3,20,1.0,5,4,0.2,1,12,0.6,3
S02602,Subtraction,7,8,0.4,1,16,0.8,4,12,0.6,3,10,0.5,2,16,0.8,3,12,0.6,3,14,0.7,3,2,0.1,0
S00587,Ordering Fractions,5,18,0.9,4,10,0.5,2,16,0.8,3,16,0.8,4,16,0.8,3,6,0.3,1,14,0.7,3,8,0.4,1
S06157,Division,2,0,0.0,0,16,0.8,4,0,0.0,0,4,0.2,1,4,0.2,1,4,0.2,1,4,0.2,1,12,0.6,3
S05728,Multiplication,4,4,0.2,1,8,0.4,2,12,0.6,3,12,0.6,3,2,0.1,0,8,0.4,2,18,0.9,4,4,0.2,1
S01115,Multiplication,4,10,0.5,1,8,0.4,2,8,0.4,2,10,0.5,2,4,0.2,1,10,0.5,2,6,0.3,1,16,0.8,4
S03199,Multiplication,4,8,0.4,1,12,0.6,3,4,0.2,1,8,0.4,2,4,0.2,1,12,0.6,3,18,0.9,4,10,0.5,2
S01261,Simplifying Fractions,6,12,0.6,3,10,0.5,2,20,1.0,5,14,0.7,3,14,0.7,3,18,0.9,4,4,0.2,0,14,0.7,3
S02410,Simplifying Fractions,6,16,0.8,4,8,0.4,1,16,0.8,4,10,0.5,2,14,0.7,3,16,0.8,3,6,0.3,1,8,0.4,1
S01148,Division,2,8,0.4,2,16,0.8,4,4,0.2,0,8,0.4,2,16,0.8,4,12,0.6,3,16,0.8,3,16,0.8,4
S01611,Multiplication,4,16,0.8,3,14,0.7,3,14,0.7,3,16,0.8,4,14,0.7,3,20,1.0,5,16,0.8,3,14,0.7,3
S02932,Addition,0,8,0.4,2,14,0.7,3,14,0.7,3,14,0.7,3,10,0.5,2,14,0.7,3,12,0.6,2,20,1.0,5
S04015,Comparing Fractions,1,14,0.7,3,6,0.3,1,8,0.4,2,6,0.3,1,12,0.6,3,8,0.4,2,8,0.4,1,16,0.8,4
S02928,Ordering Fractions,5,16,0.8,3,10,0.5,2,10,0.5,2,10,0.5,2,8,0.4,1,6,0.3,1,12,0.6,3,12,0.6,3
S01947,Simplifying Fractions,6,8,0.4,2,12,0.6,3,14,0.7,3,10,0.5,2,16,0.8,4,16,0.8,4,8,0.4,2,10,0.5,2
S03131,Subtraction,7,20,1.0,5,18,0.9,4,10,0.5,2,10,0.5,2,12,0.6,2,18,0.9,4,18,0.9,4,10,0.5,2
S06371,Addition,0,4,0.2,1,12,0.6,3,16,0.8,4,12,0.6,3,16,0.8,4,20,1.0,5,4,0.2,1,20,1.0,5
S04112,Subtraction,7,14,0.7,3,18,0.9,4,10,0.5,2,18,0.9,4,10,0.5,2,18,0.9,4,12,0.6,2,8,0.4,1
S05690,Subtraction,7,12,0.6,3,10,0.5,2,16,0.8,4,12,0.6,3,8,0.4,2,12,0.6,3,10,0.5,2,0,0.0,0
S04149,Division,2,16,0.8,4,12,0.6,3,10,0.5,2,14,0.7,3,12,0.6,3,16,0.8,4,16,0.8,4,20,1.0,5
S04529,Comparing Fractions,1,16,0.8,3,6,0.3,0,20,1.0,5,10,0.5,2,10,0.5,2,16,0.8,4,16,0.8,4,12,0.6,2
S02929,Multiplication,4,16,0.8,4,10,0.5,2,12,0.6,3,10,0.5,2,8,0.4,1,12,0.6,3,8,0.4,2,14,0.7,3
S04732,Multiplication,4,10,0.5,2,12,0.6,3,12,0.6,2,10,0.5,2,6,0.3,1,12,0.6,3,8,0.4,1,14,0.7,3
S05545,Simplifying Fractions,6,8,0.4,2,10,0.5,2,8,0.4,2,4,0.2,1,8,0.4,2,20,1.0,5,4,0.2,1,12,0.6,3
S04055,Division,2,18,0.9,4,8,0.4,2,2,0.1,0,8,0.4,1,10,0.5,1,10,0.5,2,14,0.7,3,10,0.5,2
S01600,Division,2,14,0.7,3,8,0.4,2,6,0.3,1,16,0.8,4,12,0.6,3,14,0.7,3,14,0.7,3,8,0.4,2
S04385,Simplifying Fractions,6,10,0.5,1,14,0.7,3,16,0.8,4,10,0.5,2,12,0.6,3,16,0.8,3,10,0.5,2,16,0.8,4
S02459,Ordering Fractions,5,12,0.6,2,12,0.6,2,8,0.4,1,12,0.6,2,10,0.5,2,6,0.3,1,12,0.6,3,14,0.7,3
S00369,Simplifying Fractions,6,12,0.6,3,6,0.3,0,12,0.6,3,8,0.4,1,10,0.5,2,18,0.9,4,0,0.0,0,18,0.9,4
S05424,Division,2,14,0.7,3,16,0.8,4,2,0.1,0,10,0.5,2,4,0.2,1,8,0.4,2,14,0.7,3,12,0.6,3
S02940,Multiplication,4,10,0.5,2,14,0.7,2,16,0.8,4,10,0.5,2,4,0.2,1,12,0.6,3,10,0.5,2,16,0.8,3
S05562,Ordering Fractions,5,8,0.4,2,6,0.3,1,12,0.6,3,10,0.5,2,12,0.6,3,2,0.1,0,8,0.4,2,6,0.3,1
S02263,Multiplication,4,12,0.6,3,12,0.6,3,14,0.7,3,14,0.7,3,10,0.5,2,20,1.0,5,14,0.7,3,12,0.6,3
S05638,Multiplication,4,8,0.4,2,16,0.8,4,12,0.6,3,16,0.8,4,8,0.4,2,12,0.6,3,12,0.6,3,16,0.8,4
S00305,Fraction to Decimal,3,16,0.8,4,18,0.9,4,12,0.6,3,6,0.3,1,16,0.8,4,18,0.9,4,14,0.7,3,10,0.5,2
S02738,Simplifying Fractions,6,10,0.5,2,10,0.5,2,12,0.6,1,10,0.5,2,14,0.7,3,10,0.5,2,8,0.4,2,14,0.7,3
S00471,Simplifying Fractions,6,10,0.5,2,10,0.5,2,10,0.5,2,12,0.6,2,18,0.9,4,8,0.4,2,8,0.4,2,8,0.4,1
S01186,Ordering Fractions,5,8,0.4,2,14,0.7,3,14,0.7,2,8,0.4,2,6,0.3,0,4,0.2,0,10,0.5,2,20,1.0,5
S01064,Simplifying Fractions,6,14,0.7,3,8,0.4,2,16,0.8,4,8,0.4,1,16,0.8,4,18,0.9,4,4,0.2,1,10,0.5,1
S01379,Ordering Fractions,5,14,0.7,3,18,0.9,4,14,0.7,3,10,0.5,2,10,0.5,2,8,0.4,2,10,0.5,2,14,0.7,3
S02130,Division,2,12,0.6,3,12,0.6,2,8,0.4,2,18,0.9,4,10,0.5,2,14,0.7,3,8,0.4,2,12,0.6,3
S01354,Addition,0,4,0.2,0,10,0.5,2,14,0.7,3,12,0.6,3,8,0.4,2,8,0.4,2,8,0.4,2,10,0.5,2
S01948,Fraction to Decimal,3,8,0.4,1,6,0.3,1,4,0.2,1,2,0.1,0,12,0.6,2,10,0.5,2,8,0.4,1,6,0.3,1
S05686,Fraction to Decimal,3,8,0.4,2,20,1.0,5,8,0.4,2,0,0.0,0,12,0.6,3,12,0.6,3,12,0.6,3,12,0.6,3
S00616,Fraction to Decimal,3,12,0.6,3,10,0.5,2,16,0.8,4,8,0.4,1,12,0.6,3,8,0.4,2,8,0.4,2,12,0.6,3
S05134,Division,2,16,0.8,4,10,0.5,2,4,0.2,1,10,0.5,2,6,0.3,1,8,0.4,2,12,0.6,3,8,0.4,2
S01124,Multiplication,4,8,0.4,2,8,0.4,2,14,0.7,3,8,0.4,2,2,0.1,0,12,0.6,3,12,0.6,2,8,0.4,2
S05999,Addition,0,4,0.2,1,8,0.4,2,12,0.6,3,10,0.5,2,12,0.6,3,6,0.3,1,8,0.4,2,10,0.5,2
S01239,Addition,0,0,0.0,0,4,0.2,1,12,0.6,3,4,0.2,0,16,0.8,4,8,0.4,2,16,0.8,3,2,0.1,0
S01838,Ordering Fractions,5,12,0.6,2,8,0.4,1,10,0.5,2,10,0.5,2,6,0.3,1,6,0.3,1,10,0.5,2,6,0.3,1
S05470,Fraction to Decimal,3,8,0.4,2,18,0.9,4,6,0.3,1,4,0.2,1,16,0.8,4,12,0.6,3,12,0.6,3,4,0.2,1
S00018,Multiplication,4,16,0.8,4,10,0.5,2,18,0.9,4,18,0.9,4,6,0.3,1,10,0.5,2,14,0.7,2,10,0.5,2
S00414,Multiplication,4,8,0.4,1,14,0.7,3,10,0.5,2,14,0.7,3,8,0.4,1,14,0.7,3,12,0.6,3,12,0.6,2
S04727,Subtraction,7,16,0.8,4,12,0.6,3,18,0.9,4,18,0.9,4,10,0.5,2,18,0.9,4,14,0.7,3,6,0.3,1
S06089,Simplifying Fractions,6,8,0.4,2,8,0.4,2,8,0.4,2,0,0.0,0,12,0.6,3,12,0.6,3,0,0.0,0,0,0.0,0
S05503,Addition,0,0,0.0,0,8,0.4,2,20,1.0,5,6,0.3,1,4,0.2,1,12,0.6,3,12,0.6,3,4,0.2,1
S00220,Comparing Fractions,1,16,0.8,4,8,0.4,2,14,0.7,3,12,0.6,3,12,0.6,3,12,0.6,3,10,0.5,2,12,0.6,3
S00238,Division,2,12,0.6,2,16,0.8,4,8,0.4,2,12,0.6,3,14,0.7,3,14,0.7,3,12,0.6,3,16,0.8,4
S04528,Comparing Fractions,1,12,0.6,3,6,0.3,0,12,0.6,3,14,0.7,3,10,0.5,2,12,0.6,3,16,0.8,3,18,0.9,4
S04567,Subtraction,7,6,0.3,1,12,0.6,2,20,1.0,5,12,0.6,3,8,0.4,1,16,0.8,4,20,1.0,5,4,0.2,1
S04629,Division,2,8,0.4,2,10,0.5,2,0,0.0,0,8,0.4,2,14,0.7,3,16,0.8,3,14,0.7,3,6,0.3,1
S00958,Fraction to Decimal,3,12,0.6,3,16,0.8,4,16,0.8,3,4,0.2,1,8,0.4,2,10,0.5,2,6,0.3,1,8,0.4,2
S06253,Ordering Fractions,5,16,0.8,4,8,0.4,2,20,1.0,5,4,0.2,1,8,0.4,2,0,0.0,0,4,0.2,1,8,0.4,2
S04743,Multiplication,4,16,0.8,4,14,0.7,3,10,0.5,2,8,0.4,2,6,0.3,1,14,0.7,3,14,0.7,2,8,0.4,1
S05867,Multiplication,4,6,0.3,1,8,0.4,2,12,0.6,3,8,0.4,2,4,0.2,1,20,1.0,5,16,0.8,4,10,0.5,2
S01121,Subtraction,7,16,0.8,4,12,0.6,2,12,0.6,3,12,0.6,2,8,0.4,2,12,0.6,2,10,0.5,2,4,0.2,0
S01133,Addition,0,2,0.1,0,10,0.5,2,14,0.7,3,6,0.3,1,8,0.4,2,10,0.5,2,12,0.6,3,8,0.4,1
S01612,Ordering Fractions,5,8,0.4,2,12,0.6,3,14,0.7,3,10,0.5,2,8,0.4,1,4,0.2,0,14,0.7,3,8,0.4,1
S03603,Multiplication,4,14,0.7,3,12,0.6,3,14,0.7,3,12,0.6,3,2,0.1,0,12,0.6,3,10,0.5,2,10,0.5,2
S05569,Comparing Fractions,1,10,0.5,2,4,0.2,1,20,1.0,5,8,0.4,2,16,0.8,4,10,0.5,2,16,0.8,4,16,0.8,4
S04977,Fraction to Decimal,3,14,0.7,3,8,0.4,2,16,0.8,3,4,0.2,1,12,0.6,2,6,0.3,1,10,0.5,2,8,0.4,2
S03700,Subtraction,7,14,0.7,3,12,0.6,3,10,0.5,2,8,0.4,1,20,1.0,5,16,0.8,4,18,0.9,4,6,0.3,1
S01472,Fraction to Decimal,3,16,0.8,4,14,0.7,3,12,0.6,3,6,0.3,0,16,0.8,4,16,0.8,4,12,0.6,3,8,0.4,1
S03553,Multiplication,4,18,0.9,4,8,0.4,1,6,0.3,1,8,0.4,2,6,0.3,1,14,0.7,3,16,0.8,4,6,0.3,1
S04800,Comparing Fractions,1,14,0.7,3,8,0.4,1,8,0.4,1,10,0.5,2,14,0.7,3,12,0.6,3,8,0.4,2,14,0.7,3
S02567,Division,2,12,0.6,3,6,0.3,1,4,0.2,1,8,0.4,2,12,0.6,3,8,0.4,2,8,0.4,1,12,0.6,3
S00106,Multiplication,4,18,0.9,4,6,0.3,1,12,0.6,3,18,0.9,4,4,0.2,0,8,0.4,1,10,0.5,2,8,0.4,2
S05795,Multiplication,4,8,0.4,2,8,0.4,2,4,0.2,1,20,1.0,5,0,0.0,0,4,0.2,1,8,0.4,2,18,0.9,4
S04788,Subtraction,7,8,0.4,2,12,0.6,3,18,0.9,4,18,0.9,4,18,0.9,4,12,0.6,2,16,0.8,4,6,0.3,1
S03932,Subtraction,7,20,1.0,5,12,0.6,3,14,0.7,3,18,0.9,4,14,0.7,3,20,1.0,5,18,0.9,4,10,0.5,2
S04327,Division,2,16,0.8,3,10,0.5,1,8,0.4,1,8,0.4,2,8,0.4,2,16,0.8,3,18,0.9,4,12,0.6,3
S05687,Fraction to Decimal,3,10,0.5,2,8,0.4,2,12,0.6,3,4,0.2,1,12,0.6,3,12,0.6,3,8,0.4,2,14,0.7,3
S02565,Addition,0,2,0.1,0,14,0.7,2,20,1.0,5,12,0.6,2,6,0.3,1,16,0.8,4,10,0.5,2,8,0.4,2
S00852,Subtraction,7,18,0.9,4,16,0.8,4,16,0.8,4,16,0.8,4,14,0.7,3,12,0.6,2,16,0.8,4,8,0.4,2
S03486,Comparing Fractions,1,10,0.5,2,6,0.3,1,16,0.8,3,14,0.7,3,18,0.9,4,16,0.8,4,20,1.0,5,20,1.0,5
S01173,Comparing Fractions,1,8,0.4,1,4,0.2,1,10,0.5,2,14,0.7,3,6,0.3,1,6,0.3,0,10,0.5,1,8,0.4,2
S06314,Simplifying Fractions,6,8,0.4,2,8,0.4,2,16,0.8,4,4,0.2,1,8,0.4,2,16,0.8,4,4,0.2,1,8,0.4,2
S00610,Division,2,14,0.7,3,8,0.4,2,6,0.3,1,12,0.6,2,16,0.8,4,12,0.6,3,20,1.0,5,8,0.4,2
S05085,Simplifying Fractions,6,8,0.4,2,12,0.6,3,2,0.1,0,4,0.2,1,16,0.8,4,8,0.4,2,0,0.0,0,8,0.4,2
S04868,Fraction to Decimal,3,14,0.7,3,20,1.0,5,12,0.6,3,8,0.4,2,16,0.8,4,8,0.4,2,20,1.0,5,14,0.7,3
S02435,Subtraction,7,16,0.8,4,12,0.6,3,12,0.6,3,18,0.9,4,12,0.6,3,12,0.6,3,18,0.9,4,8,0.4,2
S00453,Addition,0,4,0.2,0,6,0.3,1,18,0.9,4,6,0.3,1,16,0.8,3,16,0.8,4,8,0.4,1,10,0.5,2
S01363,Fraction to Decimal,3,16,0.8,3,20,1.0,5,18,0.9,4,6,0.3,1,8,0.4,2,10,0.5,1,12,0.6,2,12,0.6,3
S03926,Multiplication,4,18,0.9,4,16,0.8,4,12,0.6,3,12,0.6,2,8,0.4,1,10,0.5,2,16,0.8,4,16,0.8,4
S00066,Ordering Fractions,5,10,0.5,2,14,0.7,3,18,0.9,4,20,1.0,5,12,0.6,2,8,0.4,2,10,0.5,2,8,0.4,2
S03016,Addition,0,6,0.3,1,12,0.6,3,8,0.4,1,16,0.8,3,8,0.4,2,10,0.5,2,20,1.0,5,16,0.8,4
S02607,Fraction to Decimal,3,12,0.6,3,10,0.5,2,16,0.8,4,4,0.2,1,6,0.3,0,12,0.6,3,20,1.0,5,12,0.6,3
S01809,Comparing Fractions,1,12,0.6,2,6,0.3,1,14,0.7,3,12,0.6,3,20,1.0,5,10,0.5,2,10,0.5,2,16,0.8,4
S01705,Subtraction,7,20,1.0,5,16,0.8,3,12,0.6,3,20,1.0,5,18,0.9,4,20,1.0,5,16,0.8,3,10,0.5,1
S00237,Ordering Fractions,5,16,0.8,3,12,0.6,2,8,0.4,2,14,0.7,3,14,0.7,3,8,0.4,2,12,0.6,2,12,0.6,2
S03866,Addition,0,6,0.3,1,12,0.6,3,20,1.0,5,8,0.4,2,12,0.6,2,18,0.9,4,16,0.8,4,18,0.9,4
S03772,Addition,0,8,0.4,1,10,0.5,2,8,0.4,2,12,0.6,3,18,0.9,4,14,0.7,3,16,0.8,4,16,0.8,4
S04716,Division,2,16,0.8,4,10,0.5,2,6,0.3,1,16,0.8,4,12,0.6,3,8,0.4,1,16,0.8,4,10,0.5,2
S06195,Addition,0,0,0.0,0,16,0.8,4,0,0.0,0,20,1.0,5,8,0.4,2,12,0.6,3,16,0.8,4,4,0.2,1
S03190,Addition,0,0,0.0,0,16,0.8,4,12,0.6,3,6,0.3,1,18,0.9,4,10,0.5,2,12,0.6,2,10,0.5,2
S04275,Subtraction,7,12,0.6,1,10,0.5,2,16,0.8,3,14,0.7,3,14,0.7,3,6,0.3,1,20,1.0,5,6,0.3,1
S01588,Addition,0,2,0.1,0,10,0.5,2,16,0.8,4,10,0.5,2,14,0.7,3,10,0.5,2,12,0.6,2,4,0.2,1
S01288,Comparing Fractions,1,6,0.3,0,4,0.2,0,6,0.3,1,16,0.8,3,14,0.7,3,8,0.4,1,12,0.6,3,4,0.2,1
S04654,Multiplication,4,10,0.5,2,14,0.7,3,16,0.8,4,8,0.4,2,6,0.3,1,14,0.7,2,14,0.7,3,16,0.8,3
S03061,Simplifying Fractions,6,10,0.5,2,12,0.6,3,10,0.5,1,14,0.7,3,14,0.7,3,12,0.6,2,4,0.2,1,16,0.8,4
S00248,Ordering Fractions,5,16,0.8,4,8,0.4,2,12,0.6,3,10,0.5,2,10,0.5,2,8,0.4,1,16,0.8,4,8,0.4,2
S00880,Ordering Fractions,5,10,0.5,2,12,0.6,2,10,0.5,2,12,0.6,3,14,0.7,3,8,0.4,2,12,0.6,2,18,0.9,4
S01542,Addition,0,10,0.5,2,14,0.7,3,16,0.8,4,10,0.5,2,14,0.7,3,16,0.8,4,12,0.6,3,12,0.6,3
S04339,Subtraction,7,14,0.7,3,6,0.3,1,12,0.6,3,12,0.6,2,8,0.4,2,14,0.7,3,10,0.5,2,6,0.3,1
S04280,Ordering Fractions,5,10,0.5,2,12,0.6,3,16,0.8,4,12,0.6,3,12,0.6,2,8,0.4,2,16,0.8,4,10,0.5,2
S02398,Subtraction,7,12,0.6,2,16,0.8,3,16,0.8,4,10,0.5,2,20,1.0,5,12,0.6,3,14,0.7,3,8,0.4,1
S05264,Comparing Fractions,1,12,0.6,3,0,0.0,0,16,0.8,4,4,0.2,1,12,0.6,3,4,0.2,1,18,0.9,4,8,0.4,2
S02971,Addition,0,8,0.4,1,16,0.8,3,10,0.5,2,12,0.6,3,16,0.8,4,20,1.0,5,16,0.8,4,10,0.5,2
S06393,Simplifying Fractions,6,16,0.8,4,16,0.8,4,16,0.8,4,4,0.2,1,4,0.2,1,20,1.0,5,4,0.2,1,12,0.6,3
S06035,Simplifying Fractions,6,8,0.4,2,4,0.2,1,8,0.4,2,8,0.4,2,8,0.4,2,12,0.6,3,0,0.0,0,12,0.6,3
S00381,Multiplication,4,20,1.0,5,4,0.2,0,8,0.4,2,14,0.7,3,4,0.2,1,12,0.6,2,14,0.7,3,14,0.7,3
S03520,Ordering Fractions,5,10,0.5,2,10,0.5,2,16,0.8,4,16,0.8,3,8,0.4,2,6,0.3,1,12,0.6,2,8,0.4,2
S06007,Comparing Fractions,1,8,0.4,2,4,0.2,1,4,0.2,1,8,0.4,2,16,0.8,4,8,0.4,2,12,0.6,3,16,0.8,4
S02239,Multiplication,4,12,0.6,3,14,0.7,3,16,0.8,4,14,0.7,3,8,0.4,1,16,0.8,4,18,0.9,4,14,0.7,3
S02814,Subtraction,7,12,0.6,2,14,0.7,3,8,0.4,1,10,0.5,2,12,0.6,3,16,0.8,4,12,0.6,3,4,0.2,1
S00873,Subtraction,7,14,0.7,3,8,0.4,2,8,0.4,2,6,0.3,0,14,0.7,3,10,0.5,2,10,0.5,2,6,0.3,1
S04076,Multiplication,4,10,0.5,2,8,0.4,2,10,0.5,2,16,0.8,4,4,0.2,1,12,0.6,3,10,0.5,2,6,0.3,0
S01359,Ordering Fractions,5,16,0.8,4,8,0.4,1,8,0.4,2,8,0.4,1,12,0.6,3,6,0.3,1,20,1.0,5,12,0.6,2
S03999,Multiplication,4,10,0.5,2,18,0.9,4,10,0.5,2,14,0.7,3,2,0.1,0,4,0.2,1,12,0.6,2,10,0.5,2
S04358,Fraction to Decimal,3,18,0.9,4,8,0.4,1,12,0.6,2,8,0.4,2,8,0.4,2,16,0.8,4,10,0.5,2,18,0.9,4
S06329,Addition,0,4,0.2,1,4,0.2,1,8,0.4,2,16,0.8,4,12,0.6,3,8,0.4,2,8,0.4,2,16,0.8,4
S06112,Subtraction,7,20,1.0,5,12,0.6,3,4,0.2,1,16,0.8,4,8,0.4,2,4,0.2,1,16,0.8,4,4,0.2,1
S00354,Addition,0,10,0.5,2,14,0.7,3,16,0.8,3,12,0.6,3,12,0.6,2,12,0.6,2,20,1.0,5,18,0.9,4
S01488,Subtraction,7,18,0.9,4,12,0.6,3,4,0.2,0,6,0.3,0,8,0.4,2,8,0.4,2,6,0.3,1,4,0.2,1
S02856,Ordering Fractions,5,18,0.9,4,18,0.9,4,12,0.6,3,16,0.8,4,12,0.6,3,10,0.5,2,18,0.9,4,12,0.6,3
S03082,Ordering Fractions,5,12,0.6,3,12,0.6,3,8,0.4,2,6,0.3,1,8,0.4,1,4,0.2,1,16,0.8,4,18,0.9,4
S01746,Comparing Fractions,1,14,0.7,3,2,0.1,0,16,0.8,3,16,0.8,4,10,0.5,2,10,0.5,2,10,0.5,2,8,0.4,1
S05305,Multiplication,4,18,0.9,4,16,0.8,4,16,0.8,4,10,0.5,2,0,0.0,0,18,0.9,4,20,1.0,5,8,0.4,2
S00570,Comparing Fractions,1,14,0.7,2,12,0.6,2,12,0.6,3,18,0.9,4,12,0.6,3,12,0.6,3,14,0.7,3,20,1.0,5
S00355,Comparing Fractions,1,10,0.5,2,0,0.0,0,6,0.3,1,12,0.6,2,10,0.5,2,12,0.6,3,16,0.8,4,14,0.7,3
S04140,Ordering Fractions,5,12,0.6,2,12,0.6,1,6,0.3,1,8,0.4,1,12,0.6,2,4,0.2,1,12,0.6,2,6,0.3,1
S01187,Addition,0,6,0.3,1,14,0.7,3,14,0.7,3,10,0.5,2,10,0.5,2,10,0.5,2,10,0.5,1,12,0.6,2
S03788,Simplifying Fractions,6,8,0.4,2,8,0.4,2,14,0.7,3,12,0.6,2,8,0.4,2,16,0.8,4,6,0.3,1,16,0.8,4
S06340,Ordering Fractions,5,16,0.8,4,16,0.8,4,16,0.8,4,12,0.6,3,4,0.2,1,0,0.0,0,0,0.0,0,12,0.6,3
S01645,Comparing Fractions,1,6,0.3,1,4,0.2,0,8,0.4,2,4,0.2,0,14,0.7,3,8,0.4,2,10,0.5,2,10,0.5,2
S00962,Addition,0,6,0.3,1,12,0.6,3,12,0.6,3,8,0.4,1,8,0.4,2,8,0.4,2,6,0.3,1,14,0.7,3
S01834,Multiplication,4,10,0.5,1,16,0.8,4,12,0.6,3,12,0.6,3,8,0.4,0,14,0.7,3,12,0.6,3,8,0.4,1
S00287,Fraction to Decimal,3,12,0.6,3,12,0.6,3,12,0.6,3,10,0.5,2,16,0.8,4,16,0.8,4,16,0.8,4,16,0.8,4
S04443,Fraction to Decimal,3,14,0.7,3,16,0.8,4,16,0.8,4,12,0.6,3,16,0.8,4,16,0.8,4,20,1.0,5,12,0.6,3
S04355,Simplifying Fractions,6,20,1.0,5,14,0.7,3,12,0.6,3,10,0.5,1,18,0.9,4,18,0.9,4,8,0.4,2,10,0.5,2
S04013,Addition,0,8,0.4,2,14,0.7,3,16,0.8,4,16,0.8,4,12,0.6,3,14,0.7,3,14,0.7,3,18,0.9,4
S03028,Comparing Fractions,1,10,0.5,2,4,0.2,1,12,0.6,3,18,0.9,4,16,0.8,4,10,0.5,2,12,0.6,3,18,0.9,4
S02594,Comparing Fractions,1,10,0.5,2,8,0.4,1,12,0.6,3,10,0.5,2,12,0.6,3,10,0.5,2,10,0.5,2,10,0.5,2
S00796,Addition,0,4,0.2,1,18,0.9,4,8,0.4,2,12,0.6,3,20,1.0,5,10,0.5,2,20,1.0,5,16,0.8,3
S00658,Addition,0,6,0.3,1,12,0.6,3,8,0.4,1,8,0.4,2,10,0.5,2,12,0.6,2,16,0.8,4,18,0.9,4
S04233,Comparing Fractions,1,18,0.9,4,4,0.2,1,6,0.3,1,6,0.3,0,14,0.7,3,6,0.3,1,14,0.7,3,4,0.2,1
S01714,Addition,0,4,0.2,1,8,0.4,2,8,0.4,2,14,0.7,3,12,0.6,3,18,0.9,4,12,0.6,3,8,0.4,2
S01142,Simplifying Fractions,6,14,0.7,3,18,0.9,4,8,0.4,1,16,0.8,4,16,0.8,4,16,0.8,4,4,0.2,1,12,0.6,3
S02982,Addition,0,8,0.4,2,10,0.5,2,8,0.4,1,10,0.5,2,16,0.8,4,12,0.6,3,12,0.6,2,10,0.5,2
S01118,Subtraction,7,14,0.7,3,20,1.0,5,12,0.6,2,14,0.7,3,8,0.4,2,10,0.5,2,16,0.8,4,6,0.3,1
S01294,Simplifying Fractions,6,10,0.5,2,18,0.9,4,10,0.5,2,12,0.6,2,12,0.6,3,12,0.6,2,4,0.2,1,12,0.6,3
S02690,Division,2,16,0.8,4,14,0.7,2,2,0.1,0,12,0.6,2,10,0.5,2,12,0.6,3,16,0.8,4,8,0.4,1
S05911,Addition,0,4,0.2,1,8,0.4,2,4,0.2,1,8,0.4,2,4,0.2,1,12,0.6,3,18,0.9,4,14,0.7,3
S02118,Ordering Fractions,5,12,0.6,2,8,0.4,1,18,0.9,4,10,0.5,2,12,0.6,2,8,0.4,1,8,0.4,2,20,1.0,5
S02108,Simplifying Fractions,6,12,0.6,3,14,0.7,3,12,0.6,3,14,0.7,3,16,0.8,4,8,0.4,2,6,0.3,0,16,0.8,4
S03904,Simplifying Fractions,6,8,0.4,2,14,0.7,3,12,0.6,3,16,0.8,4,16,0.8,4,20,1.0,5,4,0.2,1,16,0.8,4
S00275,Ordering Fractions,5,8,0.4,2,12,0.6,3,16,0.8,4,12,0.6,2,8,0.4,1,6,0.3,1,8,0.4,2,14,0.7,3
S06048,Addition,0,8,0.4,2,8,0.4,2,8,0.4,2,12,0.6,3,12,0.6,3,8,0.4,2,8,0.4,2,12,0.6,3
S03001,Fraction to Decimal,3,12,0.6,3,14,0.7,2,10,0.5,1,4,0.2,1,12,0.6,3,16,0.8,3,14,0.7,3,18,0.9,4
S03446,Addition,0,8,0.4,2,10,0.5,1,20,1.0,5,16,0.8,4,10,0.5,1,10,0.5,2,18,0.9,4,12,0.6,3
S04143,Comparing Fractions,1,12,0.6,3,6,0.3,1,10,0.5,1,8,0.4,2,20,1.0,5,10,0.5,2,12,0.6,2,16,0.8,4
S04218,Multiplication,4,8,0.4,1,10,0.5,2,12,0.6,3,12,0.6,3,8,0.4,1,8,0.4,1,12,0.6,2,10,0.5,2
S04073,Ordering Fractions,5,6,0.3,1,16,0.8,4,10,0.5,2,12,0.6,3,6,0.3,1,0,0.0,0,8,0.4,2,6,0.3,1
S02216,Multiplication,4,14,0.7,3,14,0.7,3,14,0.7,3,8,0.4,1,4,0.2,1,10,0.5,2,10,0.5,2,14,0.7,3
S05737,Comparing Fractions,1,12,0.6,3,10,0.5,2,16,0.8,4,12,0.6,3,12,0.6,3,18,0.9,4,12,0.6,3,12,0.6,3
S00102,Fraction to Decimal,3,12,0.6,3,8,0.4,2,8,0.4,2,4,0.2,1,16,0.8,4,10,0.5,2,12,0.6,3,10,0.5,2
S01556,Addition,0,6,0.3,1,12,0.6,3,12,0.6,3,10,0.5,2,12,0.6,2,14,0.7,3,10,0.5,2,6,0.3,0
S04880,Subtraction,7,12,0.6,3,20,1.0,5,6,0.3,1,10,0.5,2,18,0.9,4,12,0.6,2,14,0.7,3,2,0.1,0
S03211,Addition,0,8,0.4,2,12,0.6,3,14,0.7,3,8,0.4,1,14,0.7,3,12,0.6,2,12,0.6,3,12,0.6,3
S03671,Fraction to Decimal,3,8,0.4,2,6,0.3,1,8,0.4,2,2,0.1,0,16,0.8,3,10,0.5,2,4,0.2,1,8,0.4,2
S05351,Comparing Fractions,1,4,0.2,1,4,0.2,1,12,0.6,3,4,0.2,1,18,0.9,4,4,0.2,1,10,0.5,2,10,0.5,2
S02872,Addition,0,6,0.3,1,6,0.3,1,12,0.6,2,10,0.5,2,10,0.5,2,10,0.5,2,12,0.6,3,12,0.6,3
S00665,Simplifying Fractions,6,6,0.3,1,18,0.9,4,14,0.7,3,14,0.7,3,18,0.9,4,6,0.3,1,4,0.2,1,8,0.4,0
S03170,Addition,0,4,0.2,1,12,0.6,3,8,0.4,1,14,0.7,3,18,0.9,4,18,0.9,4,8,0.4,2,16,0.8,4
S02390,Ordering Fractions,5,12,0.6,3,8,0.4,2,16,0.8,4,16,0.8,4,10,0.5,2,6,0.3,1,10,0.5,2,20,1.0,5
S02783,Multiplication,4,8,0.4,1,20,1.0,5,14,0.7,2,10,0.5,2,4,0.2,1,14,0.7,3,16,0.8,4,18,0.9,4
S03423,Subtraction,7,14,0.7,3,12,0.6,3,12,0.6,2,10,0.5,2,8,0.4,2,12,0.6,2,16,0.8,4,8,0.4,1
S05405,Fraction to Decimal,3,12,0.6,3,12,0.6,3,14,0.7,3,0,0.0,0,8,0.4,2,4,0.2,1,10,0.5,2,8,0.4,2
S06335,Simplifying Fractions,6,8,0.4,2,8,0.4,2,20,1.0,5,8,0.4,2,12,0.6,3,4,0.2,1,4,0.2,1,12,0.6,3
S02906,Subtraction,7,18,0.9,4,12,0.6,3,12,0.6,3,10,0.5,2,6,0.3,1,10,0.5,2,12,0.6,3,4,0.2,1
S05568,Comparing Fractions,1,10,0.5,2,4,0.2,1,20,1.0,5,10,0.5,2,8,0.4,2,20,1.0,5,20,1.0,5,8,0.4,2
S04678,Comparing Fractions,1,16,0.8,4,4,0.2,1,12,0.6,2,16,0.8,3,6,0.3,1,12,0.6,3,10,0.5,2,8,0.4,2
S04624,Division,2,16,0.8,3,8,0.4,1,4,0.2,0,8,0.4,1,12,0.6,3,14,0.7,3,14,0.7,3,8,0.4,2
S00756,Subtraction,7,10,0.5,2,16,0.8,4,16,0.8,4,10,0.5,2,18,0.9,4,10,0.5,2,14,0.7,3,6,0.3,1
S01524,Simplifying Fractions,6,12,0.6,2,16,0.8,4,14,0.7,3,14,0.7,3,16,0.8,4,12,0.6,2,10,0.5,2,14,0.7,3
S01204,Multiplication,4,10,0.5,2,16,0.8,3,10,0.5,2,8,0.4,2,8,0.4,2,12,0.6,1,16,0.8,4,10,0.5,2
S03464,Simplifying Fractions,6,8,0.4,1,16,0.8,4,4,0.2,1,10,0.5,2,8,0.4,2,8,0.4,2,0,0.0,0,18,0.9,4
S05343,Addition,0,0,0.0,0,12,0.6,3,18,0.9,4,4,0.2,1,4,0.2,1,0,0.0,0,20,1.0,5,12,0.6,3
S04731,Fraction to Decimal,3,12,0.6,2,16,0.8,3,10,0.5,2,8,0.4,1,16,0.8,4,10,0.5,2,8,0.4,2,8,0.4,2
S04482,Subtraction,7,18,0.9,4,10,0.5,2,8,0.4,2,14,0.7,3,10,0.5,2,10,0.5,1,10,0.5,2,4,0.2,1
S04768,Addition,0,4,0.2,1,16,0.8,4,8,0.4,2,12,0.6,3,12,0.6,3,14,0.7,3,12,0.6,3,8,0.4,2
S03102,Comparing Fractions,1,8,0.4,2,2,0.1,0,8,0.4,1,4,0.2,1,16,0.8,3,2,0.1,0,18,0.9,4,18,0.9,4
S02612,Subtraction,7,10,0.5,2,8,0.4,2,16,0.8,4,10,0.5,2,14,0.7,2,10,0.5,2,8,0.4,2,6,0.3,1
S06342,Simplifying Fractions,6,12,0.6,3,12,0.6,3,20,1.0,5,12,0.6,3,12,0.6,3,12,0.6,3,0,0.0,0,12,0.6,3
S00104,Subtraction,7,12,0.6,3,14,0.7,3,10,0.5,2,14,0.7,3,8,0.4,1,14,0.7,3,10,0.5,2,6,0.3,1
S03545,Simplifying Fractions,6,8,0.4,2,6,0.3,1,12,0.6,3,8,0.4,1,12,0.6,2,12,0.6,2,6,0.3,1,12,0.6,3
S00993,Subtraction,7,14,0.7,3,12,0.6,3,12,0.6,2,12,0.6,2,10,0.5,2,14,0.7,3,16,0.8,4,8,0.4,1
S04665,Subtraction,7,20,1.0,5,12,0.6,2,16,0.8,4,12,0.6,2,12,0.6,3,16,0.8,3,16,0.8,4,8,0.4,2
S04617,Ordering Fractions,5,18,0.9,4,8,0.4,2,14,0.7,3,12,0.6,3,8,0.4,2,6,0.3,1,16,0.8,4,16,0.8,4
S04262,Subtraction,7,14,0.7,3,18,0.9,4,10,0.5,2,16,0.8,4,10,0.5,2,14,0.7,3,18,0.9,4,6,0.3,1
S02700,Fraction to Decimal,3,12,0.6,3,12,0.6,3,10,0.5,2,2,0.1,0,10,0.5,2,8,0.4,1,16,0.8,4,16,0.8,4
S06383,Simplifying Fractions,6,4,0.2,1,8,0.4,2,16,0.8,4,16,0.8,4,12,0.6,3,12,0.6,3,0,0.0,0,12,0.6,3
S03616,Comparing Fractions,1,16,0.8,3,8,0.4,1,12,0.6,2,12,0.6,2,14,0.7,3,16,0.8,4,14,0.7,3,10,0.5,2
S03619,Simplifying Fractions,6,12,0.6,3,10,0.5,2,18,0.9,4,16,0.8,4,18,0.9,4,14,0.7,3,8,0.4,1,12,0.6,3
S03275,Fraction to Decimal,3,12,0.6,2,18,0.9,4,12,0.6,3,6,0.3,1,20,1.0,5,14,0.7,2,10,0.5,2,12,0.6,3
S05805,Simplifying Fractions,6,0,0.0,0,6,0.3,1,8,0.4,2,12,0.6,3,12,0.6,3,12,0.6,3,0,0.0,0,8,0.4,2
S04848,Simplifying Fractions,6,16,0.8,4,12,0.6,3,14,0.7,3,6,0.3,1,8,0.4,1,14,0.7,3,6,0.3,1,8,0.4,1
S06207,Multiplication,4,4,0.2,1,8,0.4,2,4,0.2,1,8,0.4,2,4,0.2,1,16,0.8,4,8,0.4,2,4,0.2,1
S02752,Division,2,14,0.7,3,10,0.5,2,4,0.2,0,10,0.5,2,12,0.6,2,12,0.6,3,10,0.5,2,14,0.7,3
S00371,Division,2,16,0.8,3,14,0.7,3,6,0.3,1,16,0.8,4,14,0.7,3,14,0.7,3,12,0.6,3,8,0.4,2
S06301,Simplifying Fractions,6,12,0.6,3,4,0.2,1,8,0.4,2,8,0.4,2,16,0.8,4,20,1.0,5,0,0.0,0,8,0.4,2
S01040,Ordering Fractions,5,18,0.9,4,16,0.8,4,12,0.6,3,16,0.8,4,20,1.0,5,8,0.4,2,14,0.7,2,12,0.6,2
S00055,Division,2,20,1.0,5,10,0.5,2,4,0.2,1,18,0.9,4,12,0.6,3,16,0.8,4,10,0.5,2,16,0.8,4
S02071,Division,2,14,0.7,3,8,0.4,1,2,0.1,0,10,0.5,1,10,0.5,1,6,0.3,1,10,0.5,2,16,0.8,4
S02355,Comparing Fractions,1,10,0.5,0,6,0.3,1,16,0.8,4,10,0.5,2,16,0.8,3,12,0.6,3,16,0.8,4,12,0.6,3
S01618,Multiplication,4,8,0.4,1,14,0.7,3,12,0.6,2,10,0.5,2,2,0.1,0,8,0.4,2,14,0.7,3,12,0.6,3
S03469,Subtraction,7,16,0.8,4,20,1.0,5,12,0.6,3,10,0.5,2,16,0.8,4,8,0.4,2,14,0.7,2,8,0.4,2
S04335,Fraction to Decimal,3,6,0.3,1,14,0.7,3,10,0.5,2,6,0.3,1,12,0.6,3,12,0.6,3,18,0.9,4,12,0.6,3
S01602,Comparing Fractions,1,10,0.5,2,6,0.3,1,12,0.6,2,10,0.5,2,12,0.6,3,6,0.3,1,10,0.5,2,10,0.5,2
S02220,Simplifying Fractions,6,12,0.6,3,14,0.7,3,14,0.7,3,12,0.6,3,18,0.9,4,18,0.9,4,6,0.3,1,10,0.5,2
S00020,Division,2,16,0.8,3,12,0.6,3,8,0.4,2,12,0.6,3,10,0.5,2,16,0.8,3,14,0.7,3,14,0.7,3
S00481,Addition,0,4,0.2,1,14,0.7,3,16,0.8,4,6,0.3,1,14,0.7,3,12,0.6,3,12,0.6,2,4,0.2,0
S02033,Multiplication,4,16,0.8,4,14,0.7,3,8,0.4,1,12,0.6,3,2,0.1,0,14,0.7,3,18,0.9,4,16,0.8,3
S05553,Division,2,4,0.2,1,16,0.8,4,0,0.0,0,8,0.4,2,18,0.9,4,8,0.4,2,8,0.4,2,6,0.3,1
S00908,Simplifying Fractions,6,8,0.4,1,12,0.6,3,16,0.8,4,12,0.6,2,12,0.6,3,12,0.6,2,6,0.3,1,12,0.6,3
S05745,Ordering Fractions,5,8,0.4,2,8,0.4,2,12,0.6,3,8,0.4,2,12,0.6,3,0,0.0,0,14,0.7,3,4,0.2,1
S03632,Fraction to Decimal,3,16,0.8,4,16,0.8,4,14,0.7,3,8,0.4,1,14,0.7,3,10,0.5,2,8,0.4,1,10,0.5,2
S02862,Subtraction,7,20,1.0,5,16,0.8,4,12,0.6,3,8,0.4,1,16,0.8,4,14,0.7,3,14,0.7,3,8,0.4,1
S06345,Simplifying Fractions,6,12,0.6,3,20,1.0,5,12,0.6,3,4,0.2,1,8,0.4,2,8,0.4,2,4,0.2,1,16,0.8,4
S04989,Fraction to Decimal,3,10,0.5,2,16,0.8,3,10,0.5,2,10,0.5,2,12,0.6,3,18,0.9,4,16,0.8,4,14,0.7,3
S03773,Multiplication,4,12,0.6,2,4,0.2,1,14,0.7,3,8,0.4,1,4,0.2,0,20,1.0,5,14,0.7,3,6,0.3,1
S00175,Multiplication,4,8,0.4,2,12,0.6,3,16,0.8,4,10,0.5,2,4,0.2,1,12,0.6,2,18,0.9,4,10,0.5,2
S01054,Addition,0,4,0.2,1,8,0.4,2,16,0.8,4,10,0.5,2,12,0.6,2,12,0.6,3,10,0.5,1,10,0.5,2
S06190,Simplifying Fractions,6,8,0.4,2,16,0.8,4,0,0.0,0,12,0.6,3,16,0.8,4,4,0.2,1,0,0.0,0,4,0.2,1
S06350,Simplifying Fractions,6,12,0.6,3,12,0.6,3,12,0.6,3,4,0.2,1,12,0.6,3,4,0.2,1,0,0.0,0,0,0.0,0
S00550,Comparing Fractions,1,14,0.7,3,6,0.3,1,16,0.8,4,12,0.6,3,12,0.6,3,16,0.8,4,8,0.4,2,16,0.8,4
S03687,Comparing Fractions,1,12,0.6,3,8,0.4,2,14,0.7,3,12,0.6,2,10,0.5,2,12,0.6,2,12,0.6,3,8,0.4,2
S02305,Ordering Fractions,5,12,0.6,2,8,0.4,1,14,0.7,3,8,0.4,2,12,0.6,3,4,0.2,0,12,0.6,3,12,0.6,3
S05187,Simplifying Fractions,6,8,0.4,2,8,0.4,2,14,0.7,3,4,0.2,1,16,0.8,4,14,0.7,3,0,0.0,0,8,0.4,2
S00154,Fraction to Decimal,3,10,0.5,2,10,0.5,2,14,0.7,3,6,0.3,1,10,0.5,1,10,0.5,2,8,0.4,2,8,0.4,2
S04999,Division,2,18,0.9,4,14,0.7,3,4,0.2,0,8,0.4,2,14,0.7,3,12,0.6,3,12,0.6,3,12,0.6,2
S03090,Comparing Fractions,1,10,0.5,1,10,0.5,2,10,0.5,2,14,0.7,2,18,0.9,4,10,0.5,2,12,0.6,3,14,0.7,2
S02413,Division,2,10,0.5,2,8,0.4,1,4,0.2,0,16,0.8,3,8,0.4,1,8,0.4,2,10,0.5,2,12,0.6,3
S05372,Division,2,8,0.4,2,10,0.5,2,4,0.2,1,4,0.2,1,14,0.7,3,8,0.4,2,4,0.2,1,8,0.4,2
S00368,Subtraction,7,16,0.8,4,10,0.5,2,10,0.5,2,6,0.3,1,14,0.7,3,12,0.6,2,6,0.3,1,4,0.2,0
S03105,Multiplication,4,12,0.6,2,14,0.7,3,20,1.0,5,2,0.1,0,0,0.0,0,10,0.5,2,18,0.9,4,16,0.8,3
S04185,Simplifying Fractions,6,16,0.8,4,12,0.6,3,12,0.6,2,12,0.6,3,10,0.5,2,8,0.4,2,6,0.3,1,18,0.9,4
S01275,Ordering Fractions,5,12,0.6,3,12,0.6,2,8,0.4,2,10,0.5,2,14,0.7,3,8,0.4,1,16,0.8,4,16,0.8,4
S02241,Comparing Fractions,1,12,0.6,2,0,0.0,0,10,0.5,2,6,0.3,1,12,0.6,3,14,0.7,3,12,0.6,3,8,0.4,2
S04972,Multiplication,4,10,0.5,2,12,0.6,2,4,0.2,0,14,0.7,2,2,0.1,0,14,0.7,3,6,0.3,0,8,0.4,1
S01756,Comparing Fractions,1,12,0.6,3,4,0.2,1,8,0.4,0,6,0.3,1,10,0.5,2,10,0.5,2,14,0.7,3,12,0.6,3
S05863,Division,2,18,0.9,4,12,0.6,3,0,0.0,0,4,0.2,1,8,0.4,2,8,0.4,2,20,1.0,5,12,0.6,3
S04782,Addition,0,4,0.2,1,14,0.7,3,12,0.6,3,6,0.3,0,10,0.5,2,10,0.5,2,18,0.9,4,12,0.6,3
S05841,Simplifying Fractions,6,16,0.8,4,12,0.6,3,12,0.6,3,4,0.2,1,8,0.4,2,8,0.4,2,2,0.1,0,12,0.6,3
S02768,Ordering Fractions,5,4,0.2,1,10,0.5,2,12,0.6,2,6,0.3,0,8,0.4,1,2,0.1,0,12,0.6,2,10,0.5,2
S02137,Multiplication,4,12,0.6,3,14,0.7,3,12,0.6,3,8,0.4,2,4,0.2,0,16,0.8,3,14,0.7,2,12,0.6,2
S01986,Division,2,16,0.8,4,16,0.8,4,6,0.3,1,10,0.5,2,14,0.7,3,10,0.5,2,12,0.6,2,14,0.7,3
S04726,Fraction to Decimal,3,8,0.4,2,20,1.0,5,8,0.4,2,4,0.2,0,10,0.5,2,12,0.6,3,12,0.6,3,16,0.8,3
S00397,Ordering Fractions,5,14,0.7,3,16,0.8,4,18,0.9,4,10,0.5,1,8,0.4,1,4,0.2,0,14,0.7,3,12,0.6,3
S02416,Ordering Fractions,5,16,0.8,4,12,0.6,2,12,0.6,3,14,0.7,3,10,0.5,2,4,0.2,0,14,0.7,3,16,0.8,4
S04905,Division,2,12,0.6,2,10,0.5,2,6,0.3,1,8,0.4,2,18,0.9,4,12,0.6,3,16,0.8,4,14,0.7,3
S05605,Ordering Fractions,5,10,0.5,2,20,1.0,5,16,0.8,4,12,0.6,3,20,1.0,5,10,0.5,2,18,0.9,4,20,1.0,5
S04220,Addition,0,4,0.2,0,8,0.4,2,20,1.0,5,16,0.8,3,12,0.6,3,12,0.6,3,8,0.4,0,20,1.0,5
S00268,Fraction to Decimal,3,12,0.6,3,16,0.8,4,14,0.7,3,8,0.4,2,12,0.6,3,10,0.5,2,20,1.0,5,16,0.8,3
S02705,Ordering Fractions,5,6,0.3,1,14,0.7,3,4,0.2,0,8,0.4,1,12,0.6,2,4,0.2,0,10,0.5,2,12,0.6,2
S01597,Ordering Fractions,5,8,0.4,2,12,0.6,2,12,0.6,2,10,0.5,1,12,0.6,3,6,0.3,1,12,0.6,2,14,0.7,3
S00438,Division,2,12,0.6,2,20,1.0,5,2,0.1,0,10,0.5,1,14,0.7,3,4,0.2,0,8,0.4,2,10,0.5,2
S04792,Comparing Fractions,1,6,0.3,1,4,0.2,1,6,0.3,1,10,0.5,1,14,0.7,3,10,0.5,2,10,0.5,2,6,0.3,0
S05094,Division,2,16,0.8,4,20,1.0,5,4,0.2,1,8,0.4,2,12,0.6,3,8,0.4,2,20,1.0,5,8,0.4,2
S00015,Ordering Fractions,5,12,0.6,2,10,0.5,2,8,0.4,2,18,0.9,4,14,0.7,3,4,0.2,0,6,0.3,1,10,0.5,2
S02986,Simplifying Fractions,6,14,0.7,3,10,0.5,2,18,0.9,4,14,0.7,3,18,0.9,4,10,0.5,2,8,0.4,1,16,0.8,3
S01945,Subtraction,7,12,0.6,2,20,1.0,5,16,0.8,4,18,0.9,4,18,0.9,4,12,0.6,3,16,0.8,3,10,0.5,2
S05853,Division,2,2,0.1,0,12,0.6,3,0,0.0,0,8,0.4,2,18,0.9,4,16,0.8,4,20,1.0,5,8,0.4,2
S05755,Addition,0,8,0.4,2,10,0.5,2,10,0.5,2,8,0.4,2,20,1.0,5,18,0.9,4,12,0.6,3,12,0.6,3
S01213,Fraction to Decimal,3,20,1.0,5,18,0.9,4,20,1.0,5,4,0.2,1,4,0.2,1,12,0.6,2,16,0.8,4,18,0.9,4
S04835,Addition,0,8,0.4,2,10,0.5,2,18,0.9,4,14,0.7,3,8,0.4,1,16,0.8,4,18,0.9,4,14,0.7,3
S00629,Fraction to Decimal,3,16,0.8,4,18,0.9,4,14,0.7,3,10,0.5,2,16,0.8,3,12,0.6,2,12,0.6,2,14,0.7,3
S02554,Subtraction,7,8,0.4,2,8,0.4,2,8,0.4,1,14,0.7,3,20,1.0,5,18,0.9,4,16,0.8,4,6,0.3,1
S02156,Subtraction,7,12,0.6,3,8,0.4,2,10,0.5,2,12,0.6,3,16,0.8,3,16,0.8,4,18,0.9,4,6,0.3,1
S00375,Addition,0,8,0.4,2,14,0.7,3,8,0.4,1,14,0.7,3,8,0.4,1,14,0.7,3,20,1.0,5,14,0.7,3
S00637,Simplifying Fractions,6,20,1.0,5,8,0.4,1,10,0.5,2,14,0.7,2,12,0.6,3,8,0.4,2,6,0.3,1,6,0.3,1
S00944,Comparing Fractions,1,12,0.6,2,8,0.4,2,10,0.5,2,12,0.6,3,18,0.9,4,12,0.6,3,10,0.5,2,12,0.6,3
S01709,Addition,0,10,0.5,2,14,0.7,3,10,0.5,2,14,0.7,3,14,0.7,3,16,0.8,4,16,0.8,3,16,0.8,4
S05084,Ordering Fractions,5,4,0.2,1,8,0.4,2,14,0.7,3,2,0.1,0,12,0.6,3,0,0.0,0,4,0.2,1,20,1.0,5
S02987,Addition,0,10,0.5,2,18,0.9,4,12,0.6,3,16,0.8,4,12,0.6,2,12,0.6,3,18,0.9,4,18,0.9,4
S05540,Subtraction,7,12,0.6,3,18,0.9,4,12,0.6,3,8,0.4,2,10,0.5,2,8,0.4,2,16,0.8,4,4,0.2,1
S01624,Fraction to Decimal,3,8,0.4,2,14,0.7,3,12,0.6,3,2,0.1,0,10,0.5,2,14,0.7,3,6,0.3,0,12,0.6,3
S01985,Multiplication,4,16,0.8,4,10,0.5,2,10,0.5,2,12,0.6,3,8,0.4,1,12,0.6,3,16,0.8,4,12,0.6,2
S00575,Subtraction,7,6,0.3,0,8,0.4,2,16,0.8,4,10,0.5,2,8,0.4,2,16,0.8,4,12,0.6,3,6,0.3,1
S05502,Ordering Fractions,5,6,0.3,1,8,0.4,2,8,0.4,2,8,0.4,2,4,0.2,1,2,0.1,0,12,0.6,3,16,0.8,4
S00632,Fraction to Decimal,3,16,0.8,3,10,0.5,2,20,1.0,5,10,0.5,2,16,0.8,3,14,0.7,3,16,0.8,4,14,0.7,3
S04234,Subtraction,7,8,0.4,1,12,0.6,3,16,0.8,4,8,0.4,1,8,0.4,2,12,0.6,2,10,0.5,1,8,0.4,2
S02207,Division,2,12,0.6,3,16,0.8,4,6,0.3,1,8,0.4,1,18,0.9,4,20,1.0,5,10,0.5,2,12,0.6,3
S00810,Subtraction,7,12,0.6,3,12,0.6,3,16,0.8,4,12,0.6,3,18,0.9,4,16,0.8,4,8,0.4,1,8,0.4,2
S04133,Subtraction,7,14,0.7,3,10,0.5,2,14,0.7,3,14,0.7,3,8,0.4,2,10,0.5,2,14,0.7,3,2,0.1,0
S02150,Addition,0,10,0.5,2,10,0.5,2,10,0.5,2,14,0.7,3,10,0.5,2,16,0.8,3,16,0.8,4,10,0.5,2
S00892,Comparing Fractions,1,14,0.7,3,14,0.7,3,18,0.9,4,18,0.9,4,14,0.7,3,16,0.8,4,16,0.8,4,16,0.8,4
S02234,Fraction to Decimal,3,10,0.5,2,16,0.8,4,8,0.4,1,8,0.4,1,14,0.7,3,10,0.5,2,10,0.5,2,12,0.6,2
S04049,Simplifying Fractions,6,10,0.5,1,14,0.7,3,12,0.6,2,12,0.6,2,16,0.8,3,10,0.5,2,2,0.1,0,8,0.4,1
S06097,Division,2,16,0.8,4,16,0.8,4,4,0.2,1,16,0.8,4,16,0.8,4,8,0.4,2,12,0.6,3,12,0.6,3
S01071,Fraction to Decimal,3,10,0.5,1,12,0.6,3,12,0.6,2,4,0.2,0,14,0.7,3,6,0.3,0,8,0.4,2,6,0.3,1
S01126,Division,2,6,0.3,1,16,0.8,3,4,0.2,0,14,0.7,3,8,0.4,1,8,0.4,2,20,1.0,5,10,0.5,2
S00698,Addition,0,6,0.3,1,6,0.3,1,16,0.8,4,20,1.0,5,8,0.4,1,8,0.4,2,18,0.9,4,16,0.8,4
S05241,Multiplication,4,8,0.4,2,14,0.7,3,20,1.0,5,8,0.4,2,0,0.0,0,20,1.0,5,16,0.8,4,20,1.0,5
S01779,Subtraction,7,6,0.3,1,20,1.0,5,14,0.7,3,12,0.6,2,14,0.7,3,8,0.4,2,18,0.9,4,6,0.3,1
S02488,Division,2,12,0.6,3,16,0.8,4,4,0.2,1,14,0.7,3,10,0.5,1,8,0.4,2,12,0.6,2,14,0.7,3
S04323,Comparing Fractions,1,12,0.6,2,8,0.4,1,18,0.9,4,8,0.4,2,10,0.5,2,16,0.8,3,14,0.7,3,20,1.0,5
S05715,Subtraction,7,18,0.9,4,8,0.4,2,16,0.8,4,12,0.6,3,12,0.6,3,12,0.6,3,8,0.4,2,4,0.2,1
S05532,Ordering Fractions,5,20,1.0,5,12,0.6,3,16,0.8,4,8,0.4,2,10,0.5,2,4,0.2,1,12,0.6,3,12,0.6,3
S00851,Ordering Fractions,5,10,0.5,2,12,0.6,3,16,0.8,3,10,0.5,2,12,0.6,3,10,0.5,2,16,0.8,4,16,0.8,4
S02999,Subtraction,7,8,0.4,2,14,0.7,3,8,0.4,2,8,0.4,2,12,0.6,3,12,0.6,3,16,0.8,4,4,0.2,0
S05887,Addition,0,8,0.4,2,12,0.6,3,14,0.7,3,10,0.5,2,12,0.6,3,20,1.0,5,18,0.9,4,12,0.6,3
S05300,Fraction to Decimal,3,12,0.6,3,12,0.6,3,8,0.4,2,8,0.4,2,8,0.4,2,20,1.0,5,12,0.6,3,8,0.4,2
S01822,Simplifying Fractions,6,10,0.5,2,6,0.3,1,12,0.6,3,6,0.3,1,12,0.6,3,14,0.7,2,4,0.2,0,4,0.2,1
S04382,Simplifying Fractions,6,12,0.6,2,12,0.6,2,8,0.4,1,8,0.4,1,14,0.7,3,8,0.4,1,6,0.3,1,10,0.5,2
S00089,Fraction to Decimal,3,6,0.3,1,8,0.4,1,8,0.4,1,4,0.2,1,4,0.2,0,12,0.6,2,4,0.2,0,6,0.3,1
S03032,Division,2,16,0.8,4,16,0.8,3,10,0.5,2,16,0.8,3,14,0.7,3,16,0.8,4,14,0.7,3,12,0.6,2
S02861,Simplifying Fractions,6,14,0.7,3,18,0.9,4,14,0.7,3,12,0.6,3,12,0.6,2,18,0.9,4,6,0.3,1,12,0.6,3
S01758,Fraction to Decimal,3,16,0.8,3,16,0.8,4,8,0.4,2,4,0.2,0,10,0.5,2,12,0.6,3,10,0.5,2,12,0.6,3
S00221,Multiplication,4,20,1.0,5,14,0.7,3,16,0.8,4,8,0.4,1,4,0.2,1,6,0.3,1,12,0.6,2,10,0.5,2
S04906,Comparing Fractions,1,18,0.9,4,6,0.3,1,12,0.6,2,10,0.5,2,12,0.6,3,14,0.7,3,8,0.4,2,14,0.7,3
S06256,Subtraction,7,8,0.4,2,8,0.4,2,8,0.4,2,20,1.0,5,8,0.4,2,20,1.0,5,16,0.8,4,4,0.2,1
S05691,Simplifying Fractions,6,12,0.6,3,10,0.5,2,18,0.9,4,4,0.2,1,12,0.6,3,8,0.4,2,2,0.1,0,8,0.4,2
S02088,Addition,0,10,0.5,2,18,0.9,4,16,0.8,4,10,0.5,2,14,0.7,3,12,0.6,3,16,0.8,4,12,0.6,2
S04419,Multiplication,4,10,0.5,2,12,0.6,3,10,0.5,2,6,0.3,1,2,0.1,0,16,0.8,4,8,0.4,1,10,0.5,2
S01429,Ordering Fractions,5,18,0.9,4,6,0.3,1,12,0.6,3,8,0.4,2,16,0.8,4,2,0.1,0,14,0.7,3,6,0.3,1
S02902,Comparing Fractions,1,16,0.8,3,6,0.3,0,12,0.6,2,10,0.5,2,12,0.6,2,14,0.7,3,10,0.5,2,14,0.7,3
S04980,Comparing Fractions,1,16,0.8,3,4,0.2,0,12,0.6,3,8,0.4,1,6,0.3,1,4,0.2,1,10,0.5,2,12,0.6,3
S06100,Division,2,16,0.8,4,12,0.6,3,4,0.2,1,8,0.4,2,20,1.0,5,20,1.0,5,8,0.4,2,12,0.6,3
S00630,Comparing Fractions,1,6,0.3,0,2,0.1,0,8,0.4,2,8,0.4,2,10,0.5,1,8,0.4,1,20,1.0,5,6,0.3,1
S00732,Ordering Fractions,5,12,0.6,2,12,0.6,2,16,0.8,4,12,0.6,1,18,0.9,4,8,0.4,2,18,0.9,4,18,0.9,4
S05813,Multiplication,4,18,0.9,4,20,1.0,5,12,0.6,3,12,0.6,3,8,0.4,2,12,0.6,3,18,0.9,4,14,0.7,3
S00448,Subtraction,7,14,0.7,3,10,0.5,2,6,0.3,1,12,0.6,2,12,0.6,3,8,0.4,1,10,0.5,2,6,0.3,1
S03406,Division,2,14,0.7,3,8,0.4,2,8,0.4,2,12,0.6,3,8,0.4,2,18,0.9,4,16,0.8,4,10,0.5,2
S01189,Addition,0,4,0.2,0,12,0.6,2,20,1.0,5,14,0.7,3,20,1.0,5,16,0.8,4,12,0.6,2,12,0.6,3
S04981,Ordering Fractions,5,14,0.7,3,6,0.3,1,8,0.4,1,14,0.7,3,12,0.6,3,4,0.2,1,10,0.5,2,10,0.5,2
S03072,Ordering Fractions,5,14,0.7,3,20,1.0,5,14,0.7,3,16,0.8,4,16,0.8,3,8,0.4,1,12,0.6,3,12,0.6,2
S06327,Multiplication,4,8,0.4,2,4,0.2,1,12,0.6,3,8,0.4,2,4,0.2,1,12,0.6,3,4,0.2,1,4,0.2,1
S00529,Comparing Fractions,1,10,0.5,2,4,0.2,0,20,1.0,5,10,0.5,1,10,0.5,1,14,0.7,3,8,0.4,2,10,0.5,2
S01413,Fraction to Decimal,3,10,0.5,2,12,0.6,3,8,0.4,1,8,0.4,1,14,0.7,3,16,0.8,4,16,0.8,4,12,0.6,2
S03541,Subtraction,7,10,0.5,2,6,0.3,0,6,0.3,1,8,0.4,2,4,0.2,1,10,0.5,2,6,0.3,1,4,0.2,1
S01633,Multiplication,4,10,0.5,2,14,0.7,3,10,0.5,2,14,0.7,3,8,0.4,1,12,0.6,2,12,0.6,3,14,0.7,3
S04227,Division,2,14,0.7,3,16,0.8,3,2,0.1,0,8,0.4,2,14,0.7,2,18,0.9,4,14,0.7,3,10,0.5,1
S03906,Simplifying Fractions,6,16,0.8,4,12,0.6,3,16,0.8,4,10,0.5,2,20,1.0,5,14,0.7,3,8,0.4,2,12,0.6,3
S02422,Multiplication,4,8,0.4,1,12,0.6,3,16,0.8,4,10,0.5,2,2,0.1,0,10,0.5,2,12,0.6,3,6,0.3,0
S05941,Comparing Fractions,1,14,0.7,3,8,0.4,2,14,0.7,3,16,0.8,4,10,0.5,2,16,0.8,4,16,0.8,4,12,0.6,3
S05632,Addition,0,8,0.4,2,16,0.8,4,12,0.6,3,8,0.4,2,8,0.4,2,10,0.5,2,8,0.4,2,10,0.5,2
S05178,Simplifying Fractions,6,8,0.4,2,14,0.7,3,8,0.4,2,8,0.4,2,12,0.6,3,12,0.6,3,8,0.4,2,10,0.5,2
S05015,Addition,0,4,0.2,1,10,0.5,2,8,0.4,2,16,0.8,4,20,1.0,5,12,0.6,3,12,0.6,3,6,0.3,1
S00921,Multiplication,4,10,0.5,1,8,0.4,2,12,0.6,2,10,0.5,1,8,0.4,2,8,0.4,1,14,0.7,3,8,0.4,2
S01432,Comparing Fractions,1,12,0.6,2,2,0.1,0,6,0.3,1,8,0.4,1,10,0.5,2,10,0.5,2,10,0.5,2,4,0.2,1
S00794,Comparing Fractions,1,10,0.5,2,6,0.3,1,16,0.8,4,12,0.6,2,14,0.7,3,6,0.3,1,10,0.5,2,18,0.9,4
S04223,Ordering Fractions,5,10,0.5,2,8,0.4,1,12,0.6,2,12,0.6,2,8,0.4,2,6,0.3,1,16,0.8,3,14,0.7,3
S05671,Simplifying Fractions,6,12,0.6,3,12,0.6,3,14,0.7,3,16,0.8,4,16,0.8,4,16,0.8,4,4,0.2,1,12,0.6,3
S00100,Division,2,16,0.8,4,16,0.8,3,6,0.3,1,16,0.8,3,12,0.6,3,14,0.7,3,12,0.6,2,10,0.5,2
S06110,Simplifying Fractions,6,4,0.2,1,16,0.8,4,4,0.2,1,4,0.2,1,16,0.8,4,8,0.4,2,0,0.0,0,16,0.8,4
S04370,Comparing Fractions,1,16,0.8,4,8,0.4,2,12,0.6,3,16,0.8,3,16,0.8,4,12,0.6,2,12,0.6,3,14,0.7,3
S03287,Multiplication,4,10,0.5,1,10,0.5,2,8,0.4,1,12,0.6,1,4,0.2,1,16,0.8,4,4,0.2,0,4,0.2,0
S04598,Fraction to Decimal,3,18,0.9,4,10,0.5,2,16,0.8,3,8,0.4,1,14,0.7,3,16,0.8,4,20,1.0,5,16,0.8,3
S05774,Addition,0,0,0.0,0,12,0.6,3,10,0.5,2,6,0.3,1,4,0.2,1,12,0.6,3,12,0.6,3,12,0.6,3
S03929,Comparing Fractions,1,12,0.6,3,8,0.4,2,12,0.6,3,14,0.7,3,14,0.7,3,10,0.5,2,16,0.8,4,10,0.5,2
S01074,Division,2,10,0.5,2,12,0.6,3,8,0.4,2,8,0.4,1,20,1.0,5,12,0.6,3,16,0.8,4,18,0.9,4
S02900,Simplifying Fractions,6,10,0.5,2,6,0.3,1,10,0.5,2,8,0.4,1,8,0.4,1,12,0.6,3,6,0.3,1,8,0.4,1
S05760,Addition,0,6,0.3,1,12,0.6,3,16,0.8,4,16,0.8,4,12,0.6,3,10,0.5,2,18,0.9,4,16,0.8,4
S01221,Addition,0,10,0.5,2,16,0.8,3,16,0.8,4,12,0.6,2,18,0.9,4,10,0.5,2,14,0.7,3,10,0.5,2
S03551,Addition,0,2,0.1,0,10,0.5,2,12,0.6,3,10,0.5,2,10,0.5,2,20,1.0,5,4,0.2,1,18,0.9,4
S06224,Simplifying Fractions,6,4,0.2,1,12,0.6,3,4,0.2,1,16,0.8,4,16,0.8,4,8,0.4,2,0,0.0,0,4,0.2,1
S04744,Fraction to Decimal,3,4,0.2,1,20,1.0,5,12,0.6,3,4,0.2,1,18,0.9,4,12,0.6,3,12,0.6,3,16,0.8,4
S05088,Multiplication,4,6,0.3,1,18,0.9,4,18,0.9,4,10,0.5,2,0,0.0,0,14,0.7,3,10,0.5,2,0,0.0,0
S01499,Ordering Fractions,5,16,0.8,4,18,0.9,4,14,0.7,3,12,0.6,3,8,0.4,2,6,0.3,1,16,0.8,4,10,0.5,2
S05249,Division,2,8,0.4,2,20,1.0,5,4,0.2,1,8,0.4,2,4,0.2,1,8,0.4,2,16,0.8,4,16,0.8,4
S01237,Fraction to Decimal,3,12,0.6,3,8,0.4,1,14,0.7,3,6,0.3,1,8,0.4,2,16,0.8,3,14,0.7,3,10,0.5,2
S01280,Subtraction,7,16,0.8,4,12,0.6,3,10,0.5,2,10,0.5,2,16,0.8,3,12,0.6,3,16,0.8,4,8,0.4,2
S03232,Comparing Fractions,1,12,0.6,2,6,0.3,1,14,0.7,3,14,0.7,3,16,0.8,4,14,0.7,3,14,0.7,3,8,0.4,2
S05993,Multiplication,4,12,0.6,3,4,0.2,1,16,0.8,4,6,0.3,1,0,0.0,0,16,0.8,4,8,0.4,2,14,0.7,3
S02991,Fraction to Decimal,3,6,0.3,1,16,0.8,4,20,1.0,5,4,0.2,1,14,0.7,3,8,0.4,1,14,0.7,3,20,1.0,5
S01230,Division,2,8,0.4,1,18,0.9,4,6,0.3,1,12,0.6,3,20,1.0,5,6,0.3,1,16,0.8,4,12,0.6,3
S06285,Subtraction,7,20,1.0,5,20,1.0,5,12,0.6,3,12,0.6,3,20,1.0,5,16,0.8,4,8,0.4,2,8,0.4,2
S05309,Simplifying Fractions,6,20,1.0,5,18,0.9,4,16,0.8,4,20,1.0,5,20,1.0,5,20,1.0,5,4,0.2,1,12,0.6,3
S06248,Ordering Fractions,5,12,0.6,3,8,0.4,2,12,0.6,3,16,0.8,4,16,0.8,4,4,0.2,1,16,0.8,4,8,0.4,2
S05875,Addition,0,8,0.4,2,14,0.7,3,16,0.8,4,16,0.8,4,12,0.6,3,18,0.9,4,14,0.7,3,10,0.5,2
S05817,Ordering Fractions,5,20,1.0,5,20,1.0,5,10,0.5,2,16,0.8,4,10,0.5,2,4,0.2,1,8,0.4,2,20,1.0,5
S00292,Simplifying Fractions,6,10,0.5,2,10,0.5,2,10,0.5,2,12,0.6,2,8,0.4,2,8,0.4,2,4,0.2,1,12,0.6,2
S05342,Division,2,6,0.3,1,12,0.6,3,4,0.2,1,12,0.6,3,12,0.6,3,12,0.6,3,14,0.7,3,12,0.6,3
S05769,Multiplication,4,8,0.4,2,8,0.4,2,10,0.5,2,12,0.6,3,4,0.2,1,12,0.6,3,12,0.6,3,18,0.9,4
S03898,Multiplication,4,10,0.5,2,8,0.4,1,10,0.5,2,8,0.4,2,0,0.0,0,10,0.5,2,10,0.5,2,18,0.9,4
S04022,Subtraction,7,18,0.9,4,4,0.2,1,12,0.6,2,16,0.8,3,12,0.6,2,6,0.3,1,8,0.4,2,4,0.2,0
S04750,Ordering Fractions,5,12,0.6,3,18,0.9,4,14,0.7,3,12,0.6,2,16,0.8,4,8,0.4,1,12,0.6,2,20,1.0,5
S00138,Ordering Fractions,5,10,0.5,2,8,0.4,2,8,0.4,1,12,0.6,3,12,0.6,3,4,0.2,1,20,1.0,5,10,0.5,2
S05439,Subtraction,7,14,0.7,3,12,0.6,3,20,1.0,5,16,0.8,4,12,0.6,3,20,1.0,5,8,0.4,2,4,0.2,1
S01091,Fraction to Decimal,3,8,0.4,2,16,0.8,3,10,0.5,2,4,0.2,1,12,0.6,3,12,0.6,3,6,0.3,1,8,0.4,1
S06001,Subtraction,7,12,0.6,3,16,0.8,4,8,0.4,2,12,0.6,3,8,0.4,2,16,0.8,4,16,0.8,4,4,0.2,1
S02712,Comparing Fractions,1,14,0.7,3,12,0.6,2,20,1.0,5,14,0.7,3,14,0.7,3,14,0.7,3,14,0.7,3,16,0.8,4
S04971,Multiplication,4,12,0.6,3,16,0.8,4,16,0.8,4,12,0.6,2,4,0.2,1,8,0.4,1,8,0.4,2,14,0.7,3
S06109,Addition,0,0,0.0,0,20,1.0,5,8,0.4,2,12,0.6,3,20,1.0,5,8,0.4,2,4,0.2,1,12,0.6,3
S01409,Comparing Fractions,1,16,0.8,4,8,0.4,2,18,0.9,4,16,0.8,3,12,0.6,3,16,0.8,4,8,0.4,2,14,0.7,3
S03530,Multiplication,4,18,0.9,4,10,0.5,2,18,0.9,4,6,0.3,1,4,0.2,0,16,0.8,4,16,0.8,3,14,0.7,3
S02257,Simplifying Fractions,6,16,0.8,4,10,0.5,2,14,0.7,3,20,1.0,5,10,0.5,2,8,0.4,2,8,0.4,1,12,0.6,3
S06222,Simplifying Fractions,6,8,0.4,2,8,0.4,2,8,0.4,2,16,0.8,4,16,0.8,4,12,0.6,3,0,0.0,0,4,0.2,1
S04537,Division,2,12,0.6,1,12,0.6,2,6,0.3,1,8,0.4,1,18,0.9,4,18,0.9,4,14,0.7,3,12,0.6,3
S03895,Division,2,10,0.5,2,10,0.5,2,2,0.1,0,10,0.5,2,10,0.5,2,16,0.8,3,18,0.9,4,16,0.8,3
S04174,Comparing Fractions,1,16,0.8,3,6,0.3,1,16,0.8,4,16,0.8,4,12,0.6,3,20,1.0,5,18,0.9,4,8,0.4,2
S05448,Comparing Fractions,1,8,0.4,2,0,0.0,0,8,0.4,2,10,0.5,2,8,0.4,2,12,0.6,3,8,0.4,2,8,0.4,2
S01937,Fraction to Decimal,3,10,0.5,2,10,0.5,1,12,0.6,3,10,0.5,2,10,0.5,2,10,0.5,2,14,0.7,2,14,0.7,3
S02562,Ordering Fractions,5,16,0.8,4,10,0.5,2,18,0.9,4,12,0.6,2,14,0.7,3,6,0.3,1,14,0.7,3,12,0.6,2
S01608,Comparing Fractions,1,20,1.0,5,8,0.4,2,20,1.0,5,12,0.6,2,8,0.4,2,14,0.7,3,16,0.8,4,18,0.9,4
S05791,Addition,0,4,0.2,1,8,0.4,2,20,1.0,5,12,0.6,3,16,0.8,4,10,0.5,2,14,0.7,3,8,0.4,2
S04771,Comparing Fractions,1,20,1.0,5,10,0.5,1,14,0.7,3,14,0.7,3,20,1.0,5,12,0.6,3,10,0.5,2,18,0.9,4
S02333,Comparing Fractions,1,8,0.4,2,8,0.4,1,12,0.6,3,12,0.6,3,12,0.6,3,10,0.5,1,18,0.9,4,8,0.4,1
S04638,Division,2,14,0.7,3,8,0.4,2,6,0.3,1,6,0.3,1,14,0.7,3,10,0.5,2,10,0.5,1,10,0.5,2
S02914,Comparing Fractions,1,12,0.6,3,6,0.3,0,14,0.7,3,14,0.7,3,16,0.8,3,12,0.6,2,20,1.0,5,12,0.6,3
S01530,Division,2,14,0.7,3,12,0.6,3,6,0.3,1,20,1.0,5,12,0.6,3,12,0.6,3,10,0.5,2,12,0.6,2
S02476,Subtraction,7,6,0.3,1,8,0.4,2,12,0.6,2,2,0.1,0,4,0.2,1,6,0.3,1,14,0.7,3,2,0.1,0
S02653,Division,2,16,0.8,4,20,1.0,5,8,0.4,2,16,0.8,4,20,1.0,5,14,0.7,3,8,0.4,2,14,0.7,3
S05877,Division,2,20,1.0,5,0,0.0,0,0,0.0,0,4,0.2,1,14,0.7,3,12,0.6,3,12,0.6,3,4,0.2,1
S02920,Subtraction,7,4,0.2,1,18,0.9,4,18,0.9,4,4,0.2,0,10,0.5,2,6,0.3,1,12,0.6,3,4,0.2,1
S03228,Multiplication,4,14,0.7,2,20,1.0,5,18,0.9,4,14,0.7,3,8,0.4,1,12,0.6,3,10,0.5,2,8,0.4,2
S05163,Subtraction,7,4,0.2,1,10,0.5,2,2,0.1,0,8,0.4,2,8,0.4,2,8,0.4,2,12,0.6,3,0,0.0,0
S02069,Fraction to Decimal,3,16,0.8,4,20,1.0,5,16,0.8,4,2,0.1,0,18,0.9,4,16,0.8,4,12,0.6,3,14,0.7,3
S00863,Comparing Fractions,1,8,0.4,1,4,0.2,1,12,0.6,3,6,0.3,0,16,0.8,4,10,0.5,2,10,0.5,2,16,0.8,4
S03087,Multiplication,4,16,0.8,4,16,0.8,4,16,0.8,4,12,0.6,3,8,0.4,2,12,0.6,2,10,0.5,1,20,1.0,5
S00236,Ordering Fractions,5,18,0.9,4,18,0.9,4,18,0.9,4,12,0.6,2,12,0.6,2,8,0.4,1,12,0.6,3,14,0.7,3
S03713,Ordering Fractions,5,10,0.5,1,8,0.4,1,6,0.3,0,8,0.4,1,16,0.8,4,4,0.2,1,16,0.8,4,10,0.5,2
S05058,Division,2,4,0.2,1,4,0.2,1,0,0.0,0,12,0.6,3,10,0.5,2,6,0.3,1,12,0.6,3,10,0.5,2
S00111,Comparing Fractions,1,10,0.5,2,8,0.4,1,16,0.8,4,10,0.5,2,14,0.7,3,14,0.7,3,18,0.9,4,12,0.6,3
S01440,Multiplication,4,0,0.0,0,16,0.8,4,16,0.8,4,14,0.7,3,0,0.0,0,10,0.5,2,14,0.7,3,6,0.3,1
S06082,Comparing Fractions,1,12,0.6,3,4,0.2,1,20,1.0,5,12,0.6,3,12,0.6,3,12,0.6,3,8,0.4,2,8,0.4,2
S01316,Fraction to Decimal,3,10,0.5,2,12,0.6,2,8,0.4,2,6,0.3,1,10,0.5,2,12,0.6,3,10,0.5,2,8,0.4,1
S00969,Multiplication,4,6,0.3,1,6,0.3,0,14,0.7,3,8,0.4,2,4,0.2,1,6,0.3,1,12,0.6,2,16,0.8,3
S00227,Multiplication,4,14,0.7,3,10,0.5,1,14,0.7,3,12,0.6,2,0,0.0,0,12,0.6,3,16,0.8,3,6,0.3,1
S01129,Fraction to Decimal,3,12,0.6,3,16,0.8,3,16,0.8,4,6,0.3,1,12,0.6,3,10,0.5,2,10,0.5,2,8,0.4,2
S00569,Simplifying Fractions,6,8,0.4,2,12,0.6,3,12,0.6,3,14,0.7,3,12,0.6,3,8,0.4,1,6,0.3,0,6,0.3,1
S03021,Fraction to Decimal,3,8,0.4,2,12,0.6,3,14,0.7,3,4,0.2,1,4,0.2,1,14,0.7,3,10,0.5,2,20,1.0,5
S05196,Ordering Fractions,5,8,0.4,2,12,0.6,3,8,0.4,2,8,0.4,2,12,0.6,3,0,0.0,0,4,0.2,1,4,0.2,1
S02659,Ordering Fractions,5,8,0.4,2,10,0.5,2,8,0.4,1,8,0.4,1,10,0.5,2,4,0.2,1,10,0.5,2,10,0.5,2
S01920,Fraction to Decimal,3,14,0.7,3,8,0.4,2,8,0.4,2,4,0.2,1,10,0.5,2,16,0.8,4,14,0.7,3,12,0.6,3
S03820,Addition,0,4,0.2,1,12,0.6,3,12,0.6,3,8,0.4,0,8,0.4,1,14,0.7,3,6,0.3,1,16,0.8,3
S03044,Simplifying Fractions,6,4,0.2,0,16,0.8,3,16,0.8,4,12,0.6,3,12,0.6,3,14,0.7,3,4,0.2,1,12,0.6,2
S03984,Subtraction,7,14,0.7,3,8,0.4,2,12,0.6,3,10,0.5,2,12,0.6,3,12,0.6,1,6,0.3,1,6,0.3,1
S04175,Division,2,12,0.6,3,16,0.8,4,8,0.4,1,10,0.5,2,14,0.7,3,20,1.0,5,20,1.0,5,16,0.8,4
S05650,Subtraction,7,8,0.4,2,20,1.0,5,10,0.5,2,12,0.6,3,16,0.8,4,20,1.0,5,14,0.7,3,4,0.2,1
S06013,Addition,0,4,0.2,1,4,0.2,1,16,0.8,4,12,0.6,3,16,0.8,4,12,0.6,3,12,0.6,3,8,0.4,2
S02482,Simplifying Fractions,6,10,0.5,2,8,0.4,2,12,0.6,3,10,0.5,2,14,0.7,3,12,0.6,3,8,0.4,2,12,0.6,3
S02679,Ordering Fractions,5,16,0.8,4,16,0.8,4,14,0.7,2,14,0.7,3,12,0.6,2,8,0.4,2,12,0.6,3,18,0.9,4
S03847,Comparing Fractions,1,6,0.3,0,6,0.3,1,14,0.7,3,8,0.4,2,12,0.6,2,14,0.7,3,10,0.5,2,12,0.6,3
S03263,Multiplication,4,8,0.4,1,10,0.5,2,18,0.9,4,14,0.7,3,6,0.3,1,8,0.4,2,18,0.9,4,10,0.5,2
S01065,Fraction to Decimal,3,14,0.7,3,16,0.8,3,10,0.5,1,2,0.1,0,16,0.8,3,14,0.7,3,10,0.5,2,14,0.7,3
S03864,Fraction to Decimal,3,14,0.7,3,16,0.8,4,20,1.0,5,6,0.3,1,8,0.4,2,16,0.8,4,12,0.6,2,14,0.7,3
S06074,Comparing Fractions,1,8,0.4,2,0,0.0,0,4,0.2,1,12,0.6,3,12,0.6,3,8,0.4,2,12,0.6,3,12,0.6,3
S01490,Division,2,10,0.5,2,18,0.9,4,8,0.4,2,16,0.8,4,12,0.6,2,12,0.6,3,14,0.7,3,16,0.8,3
S03128,Multiplication,4,18,0.9,4,10,0.5,2,12,0.6,3,14,0.7,3,2,0.1,0,14,0.7,3,10,0.5,2,12,0.6,3
S02868,Division,2,14,0.7,2,8,0.4,2,8,0.4,2,16,0.8,4,14,0.7,3,20,1.0,5,14,0.7,3,12,0.6,2
S03323,Fraction to Decimal,3,14,0.7,3,16,0.8,3,8,0.4,2,0,0.0,0,10,0.5,2,14,0.7,3,4,0.2,1,14,0.7,3
S00208,Ordering Fractions,5,14,0.7,3,12,0.6,3,14,0.7,3,14,0.7,3,12,0.6,3,10,0.5,2,16,0.8,4,12,0.6,3
S00824,Ordering Fractions,5,8,0.4,2,16,0.8,3,6,0.3,1,10,0.5,2,20,1.0,5,6,0.3,1,20,1.0,5,14,0.7,3
S00147,Addition,0,4,0.2,1,8,0.4,2,12,0.6,2,14,0.7,3,20,1.0,5,16,0.8,3,16,0.8,3,6,0.3,1
S05255,Fraction to Decimal,3,18,0.9,4,16,0.8,4,8,0.4,2,8,0.4,2,12,0.6,3,12,0.6,3,16,0.8,4,12,0.6,3
S03376,Subtraction,7,14,0.7,3,16,0.8,3,8,0.4,2,10,0.5,2,8,0.4,1,14,0.7,3,14,0.7,3,6,0.3,0
S01153,Comparing Fractions,1,8,0.4,1,2,0.1,0,8,0.4,1,10,0.5,1,12,0.6,3,10,0.5,2,10,0.5,2,12,0.6,2
S06382,Comparing Fractions,1,4,0.2,1,4,0.2,1,4,0.2,1,8,0.4,2,8,0.4,2,8,0.4,2,8,0.4,2,12,0.6,3
S04480,Ordering Fractions,5,12,0.6,2,12,0.6,3,8,0.4,2,8,0.4,1,8,0.4,1,8,0.4,1,10,0.5,2,16,0.8,4
S04324,Fraction to Decimal,3,6,0.3,1,8,0.4,1,10,0.5,2,4,0.2,1,12,0.6,2,6,0.3,1,12,0.6,2,16,0.8,4
S06375,Multiplication,4,16,0.8,4,12,0.6,3,20,1.0,5,16,0.8,4,8,0.4,2,16,0.8,4,8,0.4,2,12,0.6,3
S00651,Comparing Fractions,1,10,0.5,2,4,0.2,0,6,0.3,1,14,0.7,3,12,0.6,2,16,0.8,4,14,0.7,3,14,0.7,3
S03307,Ordering Fractions,5,18,0.9,4,14,0.7,3,12,0.6,2,18,0.9,4,12,0.6,2,10,0.5,2,14,0.7,3,14,0.7,3
S05725,Addition,0,0,0.0,0,8,0.4,2,16,0.8,4,6,0.3,1,16,0.8,4,4,0.2,1,6,0.3,1,12,0.6,3
S00967,Addition,0,8,0.4,1,14,0.7,3,14,0.7,3,12,0.6,3,14,0.7,3,18,0.9,4,8,0.4,1,14,0.7,3
S06052,Comparing Fractions,1,8,0.4,2,0,0.0,0,8,0.4,2,12,0.6,3,4,0.2,1,8,0.4,2,8,0.4,2,16,0.8,4
S00407,Subtraction,7,16,0.8,4,12,0.6,2,16,0.8,4,14,0.7,3,16,0.8,4,12,0.6,2,12,0.6,2,8,0.4,2
S03039,Division,2,8,0.4,1,16,0.8,3,8,0.4,2,16,0.8,3,16,0.8,4,12,0.6,3,16,0.8,4,16,0.8,4
S01801,Division,2,12,0.6,3,18,0.9,4,10,0.5,2,12,0.6,3,12,0.6,2,12,0.6,3,20,1.0,5,18,0.9,4
S03505,Comparing Fractions,1,10,0.5,2,4,0.2,1,16,0.8,4,12,0.6,2,12,0.6,3,10,0.5,2,8,0.4,1,18,0.9,4
S05381,Subtraction,7,20,1.0,5,16,0.8,4,8,0.4,2,10,0.5,2,4,0.2,1,4,0.2,1,4,0.2,1,0,0.0,0
S02846,Division,2,14,0.7,3,10,0.5,2,6,0.3,1,8,0.4,2,12,0.6,2,16,0.8,3,8,0.4,2,8,0.4,2
S05115,Addition,0,0,0.0,0,12,0.6,3,10,0.5,2,8,0.4,2,4,0.2,1,12,0.6,3,18,0.9,4,8,0.4,2
S01334,Fraction to Decimal,3,8,0.4,2,14,0.7,2,14,0.7,2,4,0.2,1,14,0.7,3,12,0.6,2,6,0.3,1,6,0.3,0
S02218,Ordering Fractions,5,6,0.3,1,12,0.6,2,8,0.4,1,8,0.4,1,18,0.9,4,6,0.3,1,12,0.6,2,10,0.5,2
S02728,Subtraction,7,16,0.8,4,10,0.5,1,14,0.7,3,8,0.4,2,14,0.7,3,16,0.8,3,12,0.6,2,4,0.2,1
S03931,Multiplication,4,16,0.8,4,14,0.7,3,10,0.5,2,12,0.6,2,10,0.5,2,14,0.7,3,16,0.8,4,10,0.5,2
S00580,Simplifying Fractions,6,20,1.0,5,18,0.9,4,16,0.8,4,16,0.8,4,12,0.6,3,20,1.0,5,4,0.2,1,18,0.9,4
S05603,Comparing Fractions,1,10,0.5,2,8,0.4,2,20,1.0,5,18,0.9,4,10,0.5,2,12,0.6,3,12,0.6,3,16,0.8,4
S03140,Addition,0,2,0.1,0,18,0.9,4,14,0.7,3,4,0.2,1,10,0.5,2,2,0.1,0,14,0.7,3,10,0.5,1
S05169,Ordering Fractions,5,14,0.7,3,10,0.5,2,12,0.6,3,14,0.7,3,10,0.5,2,0,0.0,0,8,0.4,2,18,0.9,4
S04137,Division,2,12,0.6,3,6,0.3,1,4,0.2,1,12,0.6,2,14,0.7,3,12,0.6,2,14,0.7,3,12,0.6,3
S00606,Subtraction,7,20,1.0,5,10,0.5,2,18,0.9,4,18,0.9,4,10,0.5,1,14,0.7,3,18,0.9,4,2,0.1,0
S04108,Fraction to Decimal,3,14,0.7,2,14,0.7,3,12,0.6,2,10,0.5,2,14,0.7,3,12,0.6,3,16,0.8,3,14,0.7,3
S01904,Multiplication,4,18,0.9,4,16,0.8,4,8,0.4,2,12,0.6,2,4,0.2,1,6,0.3,0,12,0.6,3,14,0.7,2
S05738,Addition,0,0,0.0,0,16,0.8,4,8,0.4,2,4,0.2,1,4,0.2,1,8,0.4,2,8,0.4,2,4,0.2,1
S01284,Fraction to Decimal,3,12,0.6,2,12,0.6,2,14,0.7,3,2,0.1,0,12,0.6,2,8,0.4,2,10,0.5,2,12,0.6,3
S02292,Division,2,12,0.6,3,14,0.7,3,2,0.1,0,12,0.6,2,14,0.7,3,16,0.8,3,6,0.3,1,10,0.5,2
S05202,Ordering Fractions,5,4,0.2,1,0,0.0,0,8,0.4,2,4,0.2,1,12,0.6,3,0,0.0,0,6,0.3,1,14,0.7,3
S02541,Fraction to Decimal,3,6,0.3,0,14,0.7,2,16,0.8,3,4,0.2,1,10,0.5,2,14,0.7,2,8,0.4,1,10,0.5,2
S03701,Multiplication,4,18,0.9,4,20,1.0,5,12,0.6,2,16,0.8,4,10,0.5,2,12,0.6,3,16,0.8,4,14,0.7,2
S03832,Multiplication,4,16,0.8,4,14,0.7,3,16,0.8,4,12,0.6,3,6,0.3,1,18,0.9,4,12,0.6,2,12,0.6,2
S06038,Comparing Fractions,1,12,0.6,3,0,0.0,0,4,0.2,1,12,0.6,3,4,0.2,1,12,0.6,3,16,0.8,4,12,0.6,3
S03279,Comparing Fractions,1,12,0.6,3,6,0.3,1,12,0.6,2,12,0.6,2,12,0.6,3,6,0.3,1,12,0.6,3,18,0.9,4
S00519,Addition,0,2,0.1,0,12,0.6,2,12,0.6,2,8,0.4,2,16,0.8,3,6,0.3,1,12,0.6,3,8,0.4,1
S05740,Comparing Fractions,1,6,0.3,1,0,0.0,0,6,0.3,1,14,0.7,3,8,0.4,2,4,0.2,1,4,0.2,1,12,0.6,3
S05618,Simplifying Fractions,6,8,0.4,2,16,0.8,4,8,0.4,2,8,0.4,2,10,0.5,2,4,0.2,1,0,0.0,0,12,0.6,3
S05204,Fraction to Decimal,3,6,0.3,1,10,0.5,2,8,0.4,2,0,0.0,0,12,0.6,3,4,0.2,1,8,0.4,2,4,0.2,1
S03685,Addition,0,6,0.3,1,12,0.6,2,12,0.6,3,10,0.5,2,16,0.8,4,12,0.6,2,10,0.5,2,8,0.4,2
S01374,Comparing Fractions,1,8,0.4,1,4,0.2,0,10,0.5,2,12,0.6,2,8,0.4,1,12,0.6,3,8,0.4,2,12,0.6,3
S04591,Multiplication,4,12,0.6,3,10,0.5,2,12,0.6,3,18,0.9,4,2,0.1,0,6,0.3,1,16,0.8,3,10,0.5,2
S03635,Ordering Fractions,5,14,0.7,3,12,0.6,3,14,0.7,3,12,0.6,3,12,0.6,2,8,0.4,0,12,0.6,3,8,0.4,2
S00171,Simplifying Fractions,6,6,0.3,1,8,0.4,1,14,0.7,3,20,1.0,5,16,0.8,4,8,0.4,2,6,0.3,1,12,0.6,3
S05214,Multiplication,4,12,0.6,3,18,0.9,4,20,1.0,5,16,0.8,4,8,0.4,2,20,1.0,5,12,0.6,3,8,0.4,2
S04845,Addition,0,8,0.4,0,12,0.6,3,12,0.6,2,16,0.8,3,16,0.8,4,18,0.9,4,18,0.9,4,20,1.0,5
S00800,Ordering Fractions,5,10,0.5,2,10,0.5,1,10,0.5,2,8,0.4,2,6,0.3,1,6,0.3,1,6,0.3,0,6,0.3,0
S00383,Comparing Fractions,1,8,0.4,1,4,0.2,0,12,0.6,3,4,0.2,0,4,0.2,1,12,0.6,3,12,0.6,2,8,0.4,1
S06264,Simplifying Fractions,6,8,0.4,2,8,0.4,2,8,0.4,2,4,0.2,1,16,0.8,4,12,0.6,3,4,0.2,1,8,0.4,2
S00037,Simplifying Fractions,6,20,1.0,5,16,0.8,4,16,0.8,4,12,0.6,3,16,0.8,4,12,0.6,3,8,0.4,2,14,0.7,3
S05764,Subtraction,7,8,0.4,2,10,0.5,2,8,0.4,2,16,0.8,4,12,0.6,3,8,0.4,2,20,1.0,5,4,0.2,1
S00295,Ordering Fractions,5,20,1.0,5,14,0.7,3,12,0.6,3,12,0.6,3,12,0.6,3,10,0.5,2,16,0.8,4,14,0.7,3
S02496,Fraction to Decimal,3,12,0.6,3,6,0.3,1,14,0.7,3,6,0.3,1,12,0.6,3,10,0.5,2,10,0.5,2,16,0.8,3
S03909,Division,2,16,0.8,3,16,0.8,4,4,0.2,1,10,0.5,2,14,0.7,3,12,0.6,3,14,0.7,3,10,0.5,2
S03493,Division,2,12,0.6,3,16,0.8,4,8,0.4,2,10,0.5,2,8,0.4,2,8,0.4,2,10,0.5,2,10,0.5,2
S04085,Comparing Fractions,1,6,0.3,1,4,0.2,1,8,0.4,1,10,0.5,2,16,0.8,4,14,0.7,3,10,0.5,2,12,0.6,3
S00331,Multiplication,4,14,0.7,3,12,0.6,3,12,0.6,3,8,0.4,2,8,0.4,2,12,0.6,2,12,0.6,3,10,0.5,2
S02058,Fraction to Decimal,3,16,0.8,4,14,0.7,3,10,0.5,2,6,0.3,1,16,0.8,4,12,0.6,2,18,0.9,4,10,0.5,2
S05807,Addition,0,0,0.0,0,4,0.2,1,8,0.4,2,20,1.0,5,10,0.5,2,12,0.6,3,4,0.2,1,8,0.4,2
S02372,Ordering Fractions,5,10,0.5,2,12,0.6,3,10,0.5,2,18,0.9,4,16,0.8,4,8,0.4,1,10,0.5,2,10,0.5,1
S06263,Addition,0,4,0.2,1,16,0.8,4,12,0.6,3,16,0.8,4,16,0.8,4,12,0.6,3,8,0.4,2,4,0.2,1
S02497,Subtraction,7,12,0.6,3,12,0.6,2,14,0.7,3,12,0.6,3,12,0.6,3,18,0.9,4,10,0.5,2,6,0.3,1
S05567,Ordering Fractions,5,12,0.6,3,16,0.8,4,8,0.4,2,10,0.5,2,8,0.4,2,8,0.4,2,10,0.5,2,8,0.4,2
S00895,Addition,0,4,0.2,0,12,0.6,3,8,0.4,1,10,0.5,1,4,0.2,0,18,0.9,4,20,1.0,5,12,0.6,3
S05373,Simplifying Fractions,6,10,0.5,2,8,0.4,2,12,0.6,3,4,0.2,1,18,0.9,4,10,0.5,2,0,0.0,0,16,0.8,4
S02483,Division,2,14,0.7,3,8,0.4,2,4,0.2,1,8,0.4,1,12,0.6,3,12,0.6,3,8,0.4,2,8,0.4,1
S05190,Multiplication,4,12,0.6,3,8,0.4,2,10,0.5,2,16,0.8,4,4,0.2,1,12,0.6,3,16,0.8,4,12,0.6,3
S00687,Fraction to Decimal,3,8,0.4,2,16,0.8,4,8,0.4,1,6,0.3,1,16,0.8,3,16,0.8,4,12,0.6,3,8,0.4,2
S04601,Fraction to Decimal,3,16,0.8,3,12,0.6,3,18,0.9,4,2,0.1,0,10,0.5,2,12,0.6,3,16,0.8,4,20,1.0,5
S01321,Division,2,20,1.0,5,20,1.0,5,8,0.4,2,12,0.6,3,12,0.6,3,14,0.7,3,14,0.7,3,12,0.6,3
S03368,Ordering Fractions,5,14,0.7,3,10,0.5,2,16,0.8,3,6,0.3,1,12,0.6,3,4,0.2,0,8,0.4,1,14,0.7,3
S01949,Subtraction,7,14,0.7,3,16,0.8,4,12,0.6,2,6,0.3,1,14,0.7,3,16,0.8,3,18,0.9,4,2,0.1,0
S02417,Comparing Fractions,1,12,0.6,3,2,0.1,0,8,0.4,1,14,0.7,3,10,0.5,1,16,0.8,4,16,0.8,4,14,0.7,3
S05282,Ordering Fractions,5,12,0.6,3,8,0.4,2,16,0.8,4,12,0.6,3,12,0.6,3,8,0.4,2,16,0.8,4,8,0.4,2
S02083,Addition,0,6,0.3,1,10,0.5,2,16,0.8,4,10,0.5,2,8,0.4,2,8,0.4,2,20,1.0,5,10,0.5,2
S06154,Division,2,16,0.8,4,8,0.4,2,0,0.0,0,16,0.8,4,16,0.8,4,20,1.0,5,4,0.2,1,20,1.0,5
S04071,Division,2,18,0.9,4,18,0.9,4,8,0.4,2,12,0.6,3,18,0.9,4,18,0.9,4,8,0.4,2,8,0.4,2
S02170,Fraction to Decimal,3,16,0.8,4,10,0.5,2,10,0.5,2,4,0.2,1,12,0.6,3,6,0.3,1,8,0.4,2,10,0.5,2
S06085,Division,2,4,0.2,1,0,0.0,0,0,0.0,0,12,0.6,3,8,0.4,2,4,0.2,1,8,0.4,2,8,0.4,2
S03798,Division,2,4,0.2,1,12,0.6,3,2,0.1,0,6,0.3,1,16,0.8,4,12,0.6,2,16,0.8,4,18,0.9,4
S03233,Multiplication,4,12,0.6,3,14,0.7,3,14,0.7,3,12,0.6,3,0,0.0,0,14,0.7,3,8,0.4,1,12,0.6,2
S02721,Addition,0,4,0.2,1,14,0.7,3,14,0.7,2,10,0.5,2,10,0.5,2,18,0.9,4,8,0.4,2,12,0.6,2
S02365,Simplifying Fractions,6,14,0.7,3,16,0.8,4,14,0.7,3,8,0.4,1,14,0.7,3,8,0.4,0,4,0.2,1,20,1.0,5
S05383,Division,2,14,0.7,3,20,1.0,5,8,0.4,2,12,0.6,3,14,0.7,3,16,0.8,4,8,0.4,2,16,0.8,4
S00949,Division,2,16,0.8,4,12,0.6,3,6,0.3,1,12,0.6,3,16,0.8,4,16,0.8,4,12,0.6,3,14,0.7,3
S03005,Comparing Fractions,1,6,0.3,1,2,0.1,0,8,0.4,2,8,0.4,2,8,0.4,2,16,0.8,4,14,0.7,3,8,0.4,2
S00603,Division,2,12,0.6,2,18,0.9,4,4,0.2,0,8,0.4,1,12,0.6,2,16,0.8,4,10,0.5,2,4,0.2,0
S04221,Fraction to Decimal,3,18,0.9,4,8,0.4,1,20,1.0,5,4,0.2,0,8,0.4,1,14,0.7,3,16,0.8,4,14,0.7,3
S04714,Simplifying Fractions,6,10,0.5,2,8,0.4,1,12,0.6,3,10,0.5,2,10,0.5,2,14,0.7,3,6,0.3,1,16,0.8,4
S02598,Subtraction,7,8,0.4,2,20,1.0,5,8,0.4,1,16,0.8,4,14,0.7,3,16,0.8,4,14,0.7,3,2,0.1,0
S01811,Ordering Fractions,5,18,0.9,4,12,0.6,3,16,0.8,3,16,0.8,3,16,0.8,4,10,0.5,2,16,0.8,4,12,0.6,2
S01130,Addition,0,10,0.5,2,18,0.9,4,18,0.9,4,14,0.7,3,16,0.8,4,20,1.0,5,16,0.8,3,14,0.7,3
S01427,Multiplication,4,10,0.5,1,18,0.9,4,16,0.8,4,4,0.2,0,2,0.1,0,12,0.6,3,14,0.7,3,12,0.6,3
S02385,Multiplication,4,14,0.7,3,18,0.9,4,16,0.8,4,16,0.8,4,8,0.4,2,14,0.7,3,16,0.8,4,18,0.9,4
S06247,Comparing Fractions,1,16,0.8,4,12,0.6,3,16,0.8,4,12,0.6,3,20,1.0,5,16,0.8,4,20,1.0,5,20,1.0,5
S05031,Subtraction,7,10,0.5,2,4,0.2,1,0,0.0,0,4,0.2,1,4,0.2,1,4,0.2,1,12,0.6,3,0,0.0,0
S03691,Comparing Fractions,1,12,0.6,2,6,0.3,1,10,0.5,2,14,0.7,3,12,0.6,3,8,0.4,1,12,0.6,2,8,0.4,2
S05468,Multiplication,4,8,0.4,2,14,0.7,3,8,0.4,2,20,1.0,5,0,0.0,0,6,0.3,1,12,0.6,3,16,0.8,4
S03184,Division,2,16,0.8,4,8,0.4,2,6,0.3,1,14,0.7,2,8,0.4,2,8,0.4,2,14,0.7,3,12,0.6,3
S04815,Simplifying Fractions,6,4,0.2,1,14,0.7,3,6,0.3,0,12,0.6,3,8,0.4,2,18,0.9,4,0,0.0,0,12,0.6,3
S01253,Ordering Fractions,5,10,0.5,2,8,0.4,1,20,1.0,5,12,0.6,3,14,0.7,3,4,0.2,0,8,0.4,2,8,0.4,0
S05986,Division,2,4,0.2,1,10,0.5,2,0,0.0,0,12,0.6,3,0,0.0,0,16,0.8,4,16,0.8,4,4,0.2,1
S05227,Ordering Fractions,5,16,0.8,4,8,0.4,2,12,0.6,3,8,0.4,2,8,0.4,2,0,0.0,0,12,0.6,3,8,0.4,2
S02363,Fraction to Decimal,3,8,0.4,2,14,0.7,3,18,0.9,4,4,0.2,0,16,0.8,4,8,0.4,2,10,0.5,1,14,0.7,3
S06129,Fraction to Decimal,3,12,0.6,3,12,0.6,3,4,0.2,1,4,0.2,1,16,0.8,4,8,0.4,2,4,0.2,1,12,0.6,3
S02949,Multiplication,4,14,0.7,3,14,0.7,3,14,0.7,3,10,0.5,2,4,0.2,1,12,0.6,3,18,0.9,4,18,0.9,4
S03740,Fraction to Decimal,3,14,0.7,3,12,0.6,3,16,0.8,3,8,0.4,1,20,1.0,5,12,0.6,3,14,0.7,3,16,0.8,3
S03268,Addition,0,8,0.4,2,12,0.6,2,12,0.6,3,8,0.4,2,10,0.5,2,8,0.4,1,18,0.9,4,12,0.6,2
S00745,Multiplication,4,12,0.6,3,16,0.8,4,16,0.8,4,18,0.9,4,12,0.6,3,16,0.8,4,16,0.8,3,16,0.8,4
S01053,Addition,0,2,0.1,0,12,0.6,3,8,0.4,1,12,0.6,2,6,0.3,1,10,0.5,2,10,0.5,2,12,0.6,3
S03535,Division,2,10,0.5,1,6,0.3,1,4,0.2,1,6,0.3,1,14,0.7,3,14,0.7,3,10,0.5,2,12,0.6,2
S01093,Division,2,14,0.7,3,10,0.5,2,0,0.0,0,4,0.2,1,18,0.9,4,10,0.5,2,4,0.2,0,12,0.6,3
S05575,Comparing Fractions,1,14,0.7,3,4,0.2,1,20,1.0,5,12,0.6,3,16,0.8,4,10,0.5,2,14,0.7,3,14,0.7,3
S04381,Simplifying Fractions,6,16,0.8,4,20,1.0,5,12,0.6,3,16,0.8,4,18,0.9,4,4,0.2,1,4,0.2,1,10,0.5,2
S01494,Addition,0,12,0.6,3,16,0.8,4,20,1.0,5,14,0.7,3,20,1.0,5,14,0.7,3,14,0.7,3,14,0.7,3
S03805,Division,2,16,0.8,4,18,0.9,4,8,0.4,1,12,0.6,3,20,1.0,5,12,0.6,3,12,0.6,2,16,0.8,4
S03135,Comparing Fractions,1,8,0.4,2,4,0.2,1,8,0.4,1,10,0.5,2,12,0.6,2,12,0.6,2,10,0.5,2,8,0.4,2
S04122,Fraction to Decimal,3,8,0.4,1,18,0.9,4,14,0.7,3,6,0.3,1,12,0.6,3,10,0.5,2,10,0.5,2,14,0.7,3
S05258,Ordering Fractions,5,8,0.4,2,20,1.0,5,8,0.4,2,8,0.4,2,18,0.9,4,4,0.2,1,14,0.7,3,12,0.6,3
S04978,Division,2,12,0.6,2,18,0.9,4,6,0.3,1,12,0.6,2,12,0.6,3,14,0.7,3,12,0.6,2,12,0.6,2
S01825,Subtraction,7,10,0.5,2,16,0.8,4,16,0.8,4,10,0.5,1,16,0.8,4,12,0.6,3,10,0.5,1,10,0.5,2
S04799,Simplifying Fractions,6,16,0.8,4,16,0.8,4,16,0.8,4,16,0.8,4,12,0.6,2,20,1.0,5,2,0.1,0,14,0.7,3
S04160,Fraction to Decimal,3,20,1.0,5,8,0.4,1,10,0.5,2,4,0.2,0,12,0.6,3,6,0.3,1,14,0.7,3,4,0.2,1
S00862,Comparing Fractions,1,8,0.4,1,4,0.2,1,10,0.5,1,8,0.4,1,18,0.9,4,8,0.4,2,10,0.5,2,8,0.4,1
S00370,Simplifying Fractions,6,10,0.5,2,16,0.8,4,8,0.4,1,10,0.5,2,8,0.4,1,6,0.3,1,6,0.3,0,12,0.6,3
S03601,Ordering Fractions,5,14,0.7,3,10,0.5,2,14,0.7,3,16,0.8,4,10,0.5,2,4,0.2,0,4,0.2,1,8,0.4,2
S06296,Subtraction,7,12,0.6,3,8,0.4,2,12,0.6,3,8,0.4,2,4,0.2,1,8,0.4,2,8,0.4,2,4,0.2,1
S04322,Ordering Fractions,5,14,0.7,3,14,0.7,3,14,0.7,3,12,0.6,3,8,0.4,0,6,0.3,1,14,0.7,3,18,0.9,4
S03204,Subtraction,7,8,0.4,1,14,0.7,3,8,0.4,1,8,0.4,2,16,0.8,4,12,0.6,3,8,0.4,2,4,0.2,0
S04996,Addition,0,8,0.4,1,14,0.7,3,16,0.8,4,14,0.7,3,12,0.6,2,20,1.0,5,14,0.7,3,16,0.8,4
S05656,Fraction to Decimal,3,12,0.6,3,8,0.4,2,12,0.6,3,4,0.2,1,16,0.8,4,12,0.6,3,10,0.5,2,8,0.4,2
S04711,Fraction to Decimal,3,14,0.7,3,12,0.6,3,12,0.6,3,10,0.5,2,10,0.5,1,12,0.6,2,12,0.6,2,16,0.8,4
S05559,Ordering Fractions,5,4,0.2,1,4,0.2,1,4,0.2,1,4,0.2,1,6,0.3,1,0,0.0,0,6,0.3,1,2,0.1,0
S04244,Division,2,8,0.4,1,18,0.9,4,8,0.4,2,12,0.6,3,10,0.5,2,20,1.0,5,10,0.5,2,16,0.8,4
S01924,Ordering Fractions,5,8,0.4,2,4,0.2,1,10,0.5,2,20,1.0,5,10,0.5,2,0,0.0,0,8,0.4,2,8,0.4,1
S02904,Ordering Fractions,5,14,0.7,3,12,0.6,2,18,0.9,4,16,0.8,3,18,0.9,4,8,0.4,1,12,0.6,3,12,0.6,2
S00797,Simplifying Fractions,6,10,0.5,1,10,0.5,2,14,0.7,3,12,0.6,3,16,0.8,4,8,0.4,2,8,0.4,1,14,0.7,3
S03093,Comparing Fractions,1,10,0.5,2,6,0.3,1,6,0.3,1,10,0.5,2,20,1.0,5,16,0.8,3,20,1.0,5,16,0.8,4
S01033,Fraction to Decimal,3,12,0.6,3,12,0.6,2,12,0.6,3,6,0.3,1,12,0.6,3,14,0.7,3,10,0.5,2,8,0.4,1
S05298,Addition,0,4,0.2,1,12,0.6,3,4,0.2,1,4,0.2,1,16,0.8,4,8,0.4,2,4,0.2,1,16,0.8,4
S02623,Fraction to Decimal,3,10,0.5,2,18,0.9,4,10,0.5,1,8,0.4,1,16,0.8,4,14,0.7,2,12,0.6,2,14,0.7,3
S05426,Subtraction,7,16,0.8,4,14,0.7,3,12,0.6,3,4,0.2,1,8,0.4,2,14,0.7,3,16,0.8,4,0,0.0,0
S01122,Multiplication,4,6,0.3,1,10,0.5,2,16,0.8,3,8,0.4,2,2,0.1,0,4,0.2,0,14,0.7,3,18,0.9,4
S02127,Subtraction,7,12,0.6,3,12,0.6,2,14,0.7,3,10,0.5,2,16,0.8,4,14,0.7,3,10,0.5,2,6,0.3,1
S04364,Comparing Fractions,1,14,0.7,3,0,0.0,0,14,0.7,2,8,0.4,2,14,0.7,3,10,0.5,2,10,0.5,2,10,0.5,2
S05951,Fraction to Decimal,3,8,0.4,2,8,0.4,2,4,0.2,1,4,0.2,1,12,0.6,3,6,0.3,1,14,0.7,3,8,0.4,2
S02128,Ordering Fractions,5,12,0.6,3,12,0.6,3,12,0.6,3,10,0.5,1,12,0.6,1,8,0.4,2,8,0.4,2,8,0.4,2
S04596,Fraction to Decimal,3,12,0.6,3,16,0.8,3,12,0.6,3,2,0.1,0,12,0.6,3,8,0.4,2,12,0.6,2,12,0.6,3
S02931,Simplifying Fractions,6,14,0.7,3,8,0.4,2,10,0.5,2,8,0.4,1,12,0.6,1,10,0.5,2,6,0.3,1,10,0.5,1
S03733,Subtraction,7,16,0.8,4,12,0.6,3,16,0.8,4,6,0.3,0,10,0.5,2,8,0.4,2,8,0.4,2,4,0.2,0
S01788,Simplifying Fractions,6,8,0.4,1,16,0.8,3,18,0.9,4,6,0.3,1,14,0.7,2,6,0.3,1,6,0.3,0,6,0.3,1
S01899,Ordering Fractions,5,18,0.9,4,16,0.8,4,10,0.5,2,18,0.9,4,18,0.9,4,10,0.5,2,20,1.0,5,16,0.8,4
S04789,Division,2,10,0.5,2,14,0.7,3,8,0.4,2,8,0.4,2,18,0.9,4,10,0.5,2,10,0.5,1,14,0.7,3
S03665,Addition,0,6,0.3,1,18,0.9,4,14,0.7,2,16,0.8,4,12,0.6,3,12,0.6,2,8,0.4,2,18,0.9,4
S01433,Simplifying Fractions,6,12,0.6,2,10,0.5,2,14,0.7,3,14,0.7,3,8,0.4,2,8,0.4,2,8,0.4,2,12,0.6,3
S04491,Fraction to Decimal,3,12,0.6,3,10,0.5,2,16,0.8,3,8,0.4,1,18,0.9,4,10,0.5,2,14,0.7,2,8,0.4,1
S00769,Subtraction,7,12,0.6,2,12,0.6,3,12,0.6,3,14,0.7,3,12,0.6,2,16,0.8,4,16,0.8,3,12,0.6,2
S02317,Fraction to Decimal,3,8,0.4,1,6,0.3,1,10,0.5,2,6,0.3,1,14,0.7,2,14,0.7,3,10,0.5,2,8,0.4,2
S04532,Fraction to Decimal,3,12,0.6,3,14,0.7,3,16,0.8,4,2,0.1,0,16,0.8,4,16,0.8,4,10,0.5,2,6,0.3,1
S05217,Multiplication,4,8,0.4,2,6,0.3,1,12,0.6,3,4,0.2,1,4,0.2,1,16,0.8,4,8,0.4,2,20,1.0,5
S06239,Multiplication,4,12,0.6,3,16,0.8,4,12,0.6,3,8,0.4,2,4,0.2,1,8,0.4,2,20,1.0,5,16,0.8,4
S01330,Fraction to Decimal,3,6,0.3,1,8,0.4,2,10,0.5,2,2,0.1,0,4,0.2,1,12,0.6,2,18,0.9,4,14,0.7,3
S00786,Subtraction,7,16,0.8,4,10,0.5,2,18,0.9,4,12,0.6,2,8,0.4,2,10,0.5,2,14,0.7,3,6,0.3,1
S00876,Simplifying Fractions,6,16,0.8,4,8,0.4,2,16,0.8,3,12,0.6,3,8,0.4,2,12,0.6,2,4,0.2,1,16,0.8,4
S02736,Comparing Fractions,1,10,0.5,2,6,0.3,1,10,0.5,1,10,0.5,2,12,0.6,3,8,0.4,2,10,0.5,2,16,0.8,4
S01445,Fraction to Decimal,3,10,0.5,2,10,0.5,2,12,0.6,3,6,0.3,1,12,0.6,3,10,0.5,2,6,0.3,1,10,0.5,2
S06057,Subtraction,7,12,0.6,3,8,0.4,2,8,0.4,2,4,0.2,1,16,0.8,4,20,1.0,5,8,0.4,2,4,0.2,1
S00402,Fraction to Decimal,3,12,0.6,3,16,0.8,4,8,0.4,2,6,0.3,1,20,1.0,5,6,0.3,1,20,1.0,5,16,0.8,4
S00631,Multiplication,4,4,0.2,1,12,0.6,2,16,0.8,4,16,0.8,4,4,0.2,1,8,0.4,2,8,0.4,2,16,0.8,3
S01119,Simplifying Fractions,6,12,0.6,3,10,0.5,2,18,0.9,4,14,0.7,2,8,0.4,1,14,0.7,3,4,0.2,1,18,0.9,4
S05809,Comparing Fractions,1,14,0.7,3,4,0.2,1,8,0.4,2,12,0.6,3,4,0.2,1,6,0.3,1,8,0.4,2,14,0.7,3
S02247,Simplifying Fractions,6,8,0.4,1,16,0.8,4,12,0.6,2,12,0.6,3,8,0.4,0,10,0.5,2,6,0.3,1,12,0.6,2
S05443,Simplifying Fractions,6,16,0.8,4,14,0.7,3,4,0.2,1,4,0.2,1,16,0.8,4,20,1.0,5,0,0.0,0,8,0.4,2
S04761,Comparing Fractions,1,14,0.7,3,12,0.6,2,14,0.7,3,18,0.9,4,16,0.8,3,16,0.8,4,18,0.9,4,14,0.7,3
S03031,Fraction to Decimal,3,8,0.4,2,12,0.6,2,14,0.7,3,6,0.3,1,20,1.0,5,16,0.8,4,10,0.5,2,10,0.5,2
S06385,Simplifying Fractions,6,8,0.4,2,4,0.2,1,12,0.6,3,8,0.4,2,16,0.8,4,8,0.4,2,0,0.0,0,12,0.6,3
S00859,Comparing Fractions,1,10,0.5,2,6,0.3,0,12,0.6,2,12,0.6,2,14,0.7,3,8,0.4,1,16,0.8,4,14,0.7,3
S04695,Fraction to Decimal,3,12,0.6,2,16,0.8,4,18,0.9,4,8,0.4,2,10,0.5,2,12,0.6,3,16,0.8,4,16,0.8,3
S03427,Subtraction,7,10,0.5,2,10,0.5,2,16,0.8,4,14,0.7,3,14,0.7,3,10,0.5,2,8,0.4,2,8,0.4,2
S01836,Division,2,14,0.7,3,10,0.5,2,8,0.4,1,12,0.6,3,14,0.7,3,16,0.8,4,18,0.9,4,12,0.6,2
S03237,Fraction to Decimal,3,8,0.4,1,12,0.6,3,6,0.3,1,4,0.2,0,12,0.6,3,6,0.3,1,10,0.5,2,16,0.8,4
S04539,Addition,0,8,0.4,1,16,0.8,4,14,0.7,3,10,0.5,2,16,0.8,4,10,0.5,2,8,0.4,2,8,0.4,1
S00192,Comparing Fractions,1,16,0.8,4,8,0.4,2,16,0.8,4,14,0.7,2,8,0.4,2,12,0.6,3,16,0.8,4,14,0.7,3
S00523,Addition,0,12,0.6,3,16,0.8,4,16,0.8,4,16,0.8,4,16,0.8,4,18,0.9,4,20,1.0,5,12,0.6,2
S03024,Multiplication,4,10,0.5,2,12,0.6,3,16,0.8,3,16,0.8,4,4,0.2,0,14,0.7,2,12,0.6,3,8,0.4,2
S04115,Comparing Fractions,1,16,0.8,4,4,0.2,1,12,0.6,3,16,0.8,3,16,0.8,4,20,1.0,5,8,0.4,1,16,0.8,4
S04219,Addition,0,4,0.2,1,4,0.2,1,10,0.5,1,8,0.4,1,20,1.0,5,4,0.2,1,12,0.6,3,12,0.6,3
S04050,Multiplication,4,12,0.6,2,14,0.7,3,12,0.6,2,12,0.6,3,8,0.4,2,12,0.6,3,14,0.7,3,10,0.5,2
S05339,Ordering Fractions,5,12,0.6,3,8,0.4,2,4,0.2,1,8,0.4,2,8,0.4,2,4,0.2,1,8,0.4,2,8,0.4,2
S01699,Multiplication,4,12,0.6,3,6,0.3,1,6,0.3,1,10,0.5,2,4,0.2,0,8,0.4,1,6,0.3,1,16,0.8,4
S03760,Simplifying Fractions,6,12,0.6,3,16,0.8,4,18,0.9,4,14,0.7,3,16,0.8,3,16,0.8,4,8,0.4,1,12,0.6,3
S04807,Subtraction,7,14,0.7,3,16,0.8,4,18,0.9,4,12,0.6,3,10,0.5,2,12,0.6,3,16,0.8,3,8,0.4,1
S06164,Division,2,16,0.8,4,8,0.4,2,0,0.0,0,12,0.6,3,12,0.6,3,16,0.8,4,8,0.4,2,8,0.4,2
S02243,Subtraction,7,14,0.7,3,14,0.7,3,16,0.8,4,12,0.6,3,12,0.6,3,12,0.6,3,12,0.6,3,10,0.5,2
S03617,Fraction to Decimal,3,12,0.6,3,16,0.8,4,8,0.4,1,2,0.1,0,12,0.6,3,6,0.3,1,12,0.6,3,8,0.4,1
S02316,Subtraction,7,14,0.7,3,12,0.6,2,10,0.5,2,12,0.6,3,16,0.8,4,12,0.6,2,14,0.7,3,8,0.4,2
S05148,Subtraction,7,12,0.6,3,6,0.3,1,12,0.6,3,20,1.0,5,10,0.5,2,16,0.8,4,18,0.9,4,6,0.3,1
S03417,Division,2,10,0.5,2,10,0.5,2,8,0.4,2,12,0.6,3,16,0.8,4,10,0.5,2,8,0.4,1,12,0.6,2
S02278,Addition,0,4,0.2,1,10,0.5,2,14,0.7,3,14,0.7,3,14,0.7,3,12,0.6,3,8,0.4,2,8,0.4,2
S02453,Subtraction,7,14,0.7,3,10,0.5,2,8,0.4,2,4,0.2,0,4,0.2,1,8,0.4,2,16,0.8,4,4,0.2,0
S05250,Addition,0,2,0.1,0,4,0.2,1,16,0.8,4,12,0.6,3,12,0.6,3,18,0.9,4,8,0.4,2,8,0.4,2
S04615,Addition,0,6,0.3,1,16,0.8,4,8,0.4,1,12,0.6,3,10,0.5,2,18,0.9,4,16,0.8,4,12,0.6,2
S03539,Subtraction,7,20,1.0,5,14,0.7,3,16,0.8,3,14,0.7,3,14,0.7,3,14,0.7,3,14,0.7,2,10,0.5,2
S05627,Subtraction,7,16,0.8,4,8,0.4,2,12,0.6,3,8,0.4,2,20,1.0,5,14,0.7,3,16,0.8,4,6,0.3,1
S00103,Fraction to Decimal,3,14,0.7,2,10,0.5,1,16,0.8,3,4,0.2,1,12,0.6,3,12,0.6,3,18,0.9,4,12,0.6,2
S01676,Comparing Fractions,1,12,0.6,3,10,0.5,2,12,0.6,3,12,0.6,3,16,0.8,4,10,0.5,2,16,0.8,4,10,0.5,2
S02368,Fraction to Decimal,3,8,0.4,2,10,0.5,2,18,0.9,4,6,0.3,1,12,0.6,3,14,0.7,3,12,0.6,2,10,0.5,1
S01660,Comparing Fractions,1,16,0.8,4,8,0.4,2,16,0.8,4,12,0.6,3,12,0.6,2,16,0.8,4,18,0.9,4,18,0.9,4
S05022,Fraction to Decimal,3,12,0.6,3,14,0.7,3,16,0.8,4,8,0.4,2,16,0.8,4,8,0.4,2,20,1.0,5,14,0.7,3
S00728,Simplifying Fractions,6,8,0.4,2,12,0.6,2,18,0.9,4,8,0.4,1,16,0.8,4,12,0.6,3,6,0.3,1,20,1.0,5
S03705,Multiplication,4,12,0.6,3,12,0.6,2,14,0.7,2,14,0.7,3,8,0.4,2,14,0.7,3,16,0.8,4,12,0.6,2
S06145,Division,2,12,0.6,3,12,0.6,3,0,0.0,0,16,0.8,4,12,0.6,3,8,0.4,2,0,0.0,0,16,0.8,4
S05753,Comparing Fractions,1,14,0.7,3,2,0.1,0,14,0.7,3,8,0.4,2,4,0.2,1,14,0.7,3,20,1.0,5,14,0.7,3
S03892,Addition,0,12,0.6,2,12,0.6,3,14,0.7,3,18,0.9,4,20,1.0,5,18,0.9,4,16,0.8,3,14,0.7,3
S06120,Addition,0,0,0.0,0,4,0.2,1,0,0.0,0,16,0.8,4,8,0.4,2,8,0.4,2,12,0.6,3,8,0.4,2
S05573,Addition,0,0,0.0,0,4,0.2,1,14,0.7,3,8,0.4,2,8,0.4,2,2,0.1,0,12,0.6,3,0,0.0,0
S05652,Division,2,12,0.6,3,8,0.4,2,0,0.0,0,2,0.1,0,10,0.5,2,12,0.6,3,16,0.8,4,14,0.7,3
S05881,Comparing Fractions,1,16,0.8,4,10,0.5,2,18,0.9,4,10,0.5,2,12,0.6,3,16,0.8,4,16,0.8,4,16,0.8,4
S04937,Addition,0,6,0.3,0,14,0.7,3,14,0.7,3,12,0.6,3,10,0.5,2,14,0.7,3,12,0.6,3,18,0.9,4
S02195,Comparing Fractions,1,8,0.4,2,4,0.2,0,12,0.6,3,8,0.4,2,10,0.5,2,16,0.8,4,8,0.4,2,4,0.2,1
S05677,Division,2,16,0.8,4,18,0.9,4,6,0.3,1,8,0.4,2,14,0.7,3,12,0.6,3,12,0.6,3,10,0.5,2
S01845,Subtraction,7,16,0.8,4,20,1.0,5,14,0.7,3,6,0.3,0,18,0.9,4,14,0.7,3,14,0.7,3,6,0.3,1
S03247,Comparing Fractions,1,12,0.6,3,6,0.3,1,8,0.4,2,6,0.3,1,8,0.4,2,12,0.6,3,12,0.6,3,8,0.4,2
S00475,Fraction to Decimal,3,8,0.4,2,16,0.8,3,20,1.0,5,8,0.4,2,18,0.9,4,8,0.4,1,10,0.5,1,14,0.7,3
S01576,Subtraction,7,14,0.7,3,14,0.7,3,8,0.4,1,16,0.8,3,12,0.6,2,18,0.9,4,10,0.5,2,4,0.2,0
S03921,Simplifying Fractions,6,8,0.4,2,20,1.0,5,20,1.0,5,14,0.7,3,20,1.0,5,16,0.8,3,4,0.2,1,10,0.5,2
S02606,Simplifying Fractions,6,14,0.7,2,18,0.9,4,10,0.5,1,12,0.6,3,12,0.6,3,18,0.9,4,10,0.5,2,18,0.9,4
S00518,Multiplication,4,16,0.8,4,14,0.7,2,12,0.6,3,10,0.5,2,4,0.2,0,12,0.6,3,18,0.9,4,6,0.3,1
S03913,Ordering Fractions,5,14,0.7,3,16,0.8,4,10,0.5,2,16,0.8,4,12,0.6,3,8,0.4,2,14,0.7,3,14,0.7,2
S03020,Simplifying Fractions,6,20,1.0,5,12,0.6,3,8,0.4,1,10,0.5,2,18,0.9,4,14,0.7,3,4,0.2,0,14,0.7,3
S05459,Division,2,20,1.0,5,18,0.9,4,0,0.0,0,4,0.2,1,20,1.0,5,12,0.6,3,6,0.3,1,12,0.6,3
S06280,Fraction to Decimal,3,20,1.0,5,8,0.4,2,8,0.4,2,0,0.0,0,4,0.2,1,8,0.4,2,4,0.2,1,16,0.8,4
S06396,Ordering Fractions,5,12,0.6,3,12,0.6,3,8,0.4,2,12,0.6,3,4,0.2,1,0,0.0,0,0,0.0,0,4,0.2,1
S02201,Subtraction,7,10,0.5,2,16,0.8,4,8,0.4,2,20,1.0,5,12,0.6,1,14,0.7,3,14,0.7,3,8,0.4,2
S04503,Simplifying Fractions,6,16,0.8,4,12,0.6,3,8,0.4,2,16,0.8,3,8,0.4,2,14,0.7,3,4,0.2,1,12,0.6,3
S06143,Division,2,12,0.6,3,16,0.8,4,0,0.0,0,8,0.4,2,8,0.4,2,4,0.2,1,16,0.8,4,8,0.4,2
S01042,Comparing Fractions,1,12,0.6,2,4,0.2,1,14,0.7,2,12,0.6,2,16,0.8,3,8,0.4,2,14,0.7,3,18,0.9,4
S05130,Multiplication,4,16,0.8,4,0,0.0,0,14,0.7,3,12,0.6,3,0,0.0,0,8,0.4,2,14,0.7,3,8,0.4,2
S04713,Fraction to Decimal,3,14,0.7,3,8,0.4,2,8,0.4,2,2,0.1,0,18,0.9,4,10,0.5,2,8,0.4,2,12,0.6,2
S06341,Simplifying Fractions,6,12,0.6,3,8,0.4,2,4,0.2,1,16,0.8,4,8,0.4,2,16,0.8,4,4,0.2,1,12,0.6,3
S03319,Subtraction,7,10,0.5,2,8,0.4,2,8,0.4,1,8,0.4,1,10,0.5,2,6,0.3,1,12,0.6,3,4,0.2,1
S00165,Addition,0,4,0.2,1,8,0.4,2,10,0.5,2,4,0.2,1,10,0.5,2,20,1.0,5,16,0.8,4,12,0.6,3
S03492,Subtraction,7,14,0.7,3,16,0.8,4,14,0.7,3,18,0.9,4,14,0.7,3,16,0.8,4,16,0.8,4,12,0.6,3
S00286,Fraction to Decimal,3,12,0.6,3,10,0.5,2,20,1.0,5,8,0.4,1,10,0.5,1,16,0.8,4,18,0.9,4,14,0.7,3
S03422,Fraction to Decimal,3,12,0.6,2,14,0.7,3,6,0.3,1,0,0.0,0,6,0.3,1,8,0.4,2,14,0.7,3,20,1.0,5
S00117,Addition,0,2,0.1,0,8,0.4,2,12,0.6,3,12,0.6,3,12,0.6,2,16,0.8,4,12,0.6,3,10,0.5,2
S06209,Addition,0,4,0.2,1,16,0.8,4,8,0.4,2,8,0.4,2,16,0.8,4,16,0.8,4,20,1.0,5,20,1.0,5
S03807,Comparing Fractions,1,14,0.7,3,2,0.1,0,18,0.9,4,2,0.1,0,14,0.7,3,14,0.7,3,12,0.6,2,12,0.6,3
S00216,Addition,0,4,0.2,1,14,0.7,3,8,0.4,1,8,0.4,2,16,0.8,4,14,0.7,3,10,0.5,2,6,0.3,1
S06024,Subtraction,7,12,0.6,3,4,0.2,1,8,0.4,2,4,0.2,1,12,0.6,3,8,0.4,2,16,0.8,4,4,0.2,1
S03533,Comparing Fractions,1,14,0.7,3,4,0.2,0,14,0.7,3,8,0.4,1,6,0.3,0,10,0.5,2,6,0.3,1,10,0.5,2
S01826,Ordering Fractions,5,16,0.8,4,12,0.6,3,12,0.6,3,16,0.8,4,16,0.8,3,12,0.6,3,14,0.7,3,16,0.8,4
S02187,Fraction to Decimal,3,14,0.7,3,8,0.4,1,12,0.6,3,6,0.3,1,8,0.4,0,12,0.6,3,18,0.9,4,8,0.4,1
S01309,Ordering Fractions,5,10,0.5,1,14,0.7,3,16,0.8,3,16,0.8,4,16,0.8,3,4,0.2,0,6,0.3,1,8,0.4,2
S05466,Subtraction,7,12,0.6,3,12,0.6,3,12,0.6,3,8,0.4,2,6,0.3,1,6,0.3,1,12,0.6,3,4,0.2,1
S03473,Ordering Fractions,5,18,0.9,4,10,0.5,2,18,0.9,4,12,0.6,3,10,0.5,2,8,0.4,1,16,0.8,4,16,0.8,3
S03605,Division,2,10,0.5,2,8,0.4,1,4,0.2,1,12,0.6,2,8,0.4,2,6,0.3,1,8,0.4,2,12,0.6,2
S05117,Division,2,8,0.4,2,12,0.6,3,4,0.2,1,8,0.4,2,8,0.4,2,12,0.6,3,12,0.6,3,8,0.4,2
S05897,Addition,0,0,0.0,0,8,0.4,2,12,0.6,3,18,0.9,4,12,0.6,3,8,0.4,2,20,1.0,5,8,0.4,2
S03907,Division,2,8,0.4,2,6,0.3,1,0,0.0,0,16,0.8,4,4,0.2,0,14,0.7,3,14,0.7,3,10,0.5,2
S03123,Fraction to Decimal,3,6,0.3,1,6,0.3,1,8,0.4,1,6,0.3,1,14,0.7,3,14,0.7,2,12,0.6,2,12,0.6,3
S03094,Ordering Fractions,5,20,1.0,5,6,0.3,1,20,1.0,5,10,0.5,2,10,0.5,2,2,0.1,0,14,0.7,3,16,0.8,4
S00036,Comparing Fractions,1,2,0.1,0,2,0.1,0,12,0.6,3,8,0.4,2,8,0.4,1,4,0.2,0,6,0.3,1,18,0.9,4
S01649,Addition,0,6,0.3,1,10,0.5,2,8,0.4,2,10,0.5,2,12,0.6,2,12,0.6,3,10,0.5,1,8,0.4,1
S04450,Ordering Fractions,5,16,0.8,4,14,0.7,3,16,0.8,4,12,0.6,2,14,0.7,3,10,0.5,2,20,1.0,5,14,0.7,3
S02523,Division,2,16,0.8,4,18,0.9,4,10,0.5,2,12,0.6,3,12,0.6,3,12,0.6,3,16,0.8,4,12,0.6,3
S03201,Division,2,12,0.6,3,8,0.4,2,4,0.2,1,12,0.6,2,6,0.3,1,14,0.7,3,10,0.5,2,14,0.7,3
S00646,Ordering Fractions,5,12,0.6,2,16,0.8,4,14,0.7,3,12,0.6,3,16,0.8,3,6,0.3,1,16,0.8,4,10,0.5,2
S04746,Ordering Fractions,5,12,0.6,2,12,0.6,2,14,0.7,3,4,0.2,0,6,0.3,1,2,0.1,0,4,0.2,0,10,0.5,2
S02113,Ordering Fractions,5,10,0.5,2,16,0.8,4,14,0.7,3,10,0.5,2,10,0.5,2,10,0.5,2,16,0.8,3,16,0.8,4
S01934,Comparing Fractions,1,16,0.8,4,4,0.2,1,12,0.6,3,8,0.4,2,16,0.8,4,16,0.8,4,8,0.4,2,10,0.5,2
S05864,Subtraction,7,4,0.2,1,18,0.9,4,16,0.8,4,8,0.4,2,8,0.4,2,20,1.0,5,12,0.6,3,0,0.0,0
S05539,Fraction to Decimal,3,8,0.4,2,12,0.6,3,8,0.4,2,0,0.0,0,4,0.2,1,6,0.3,1,8,0.4,2,10,0.5,2
S05995,Multiplication,4,12,0.6,3,8,0.4,2,20,1.0,5,12,0.6,3,0,0.0,0,10,0.5,2,20,1.0,5,20,1.0,5
S02548,Addition,0,2,0.1,0,12,0.6,3,14,0.7,3,14,0.7,3,16,0.8,3,12,0.6,3,10,0.5,2,10,0.5,2
S01585,Simplifying Fractions,6,10,0.5,2,10,0.5,2,12,0.6,2,16,0.8,4,6,0.3,1,12,0.6,3,6,0.3,1,16,0.8,4
S05150,Subtraction,7,16,0.8,4,8,0.4,2,4,0.2,1,12,0.6,3,12,0.6,3,14,0.7,3,12,0.6,3,0,0.0,0
S01428,Comparing Fractions,1,20,1.0,5,8,0.4,1,12,0.6,3,16,0.8,3,8,0.4,1,8,0.4,1,16,0.8,4,8,0.4,1
S05213,Fraction to Decimal,3,0,0.0,0,16,0.8,4,6,0.3,1,0,0.0,0,14,0.7,3,4,0.2,1,10,0.5,2,12,0.6,3
S00868,Subtraction,7,18,0.9,4,14,0.7,3,12,0.6,3,10,0.5,2,18,0.9,4,14,0.7,3,14,0.7,3,10,0.5,2
S01073,Division,2,12,0.6,3,18,0.9,4,6,0.3,1,8,0.4,2,10,0.5,2,8,0.4,1,14,0.7,3,14,0.7,3
S02336,Ordering Fractions,5,14,0.7,3,12,0.6,2,14,0.7,3,12,0.6,2,16,0.8,3,6,0.3,1,14,0.7,3,12,0.6,3
S05956,Simplifying Fractions,6,16,0.8,4,6,0.3,1,16,0.8,4,12,0.6,3,4,0.2,1,2,0.1,0,0,0.0,0,18,0.9,4
S02894,Division,2,12,0.6,3,16,0.8,4,6,0.3,1,14,0.7,3,14,0.7,3,12,0.6,2,8,0.4,1,20,1.0,5
S05487,Comparing Fractions,1,16,0.8,4,0,0.0,0,4,0.2,1,12,0.6,3,12,0.6,3,18,0.9,4,8,0.4,2,12,0.6,3
S00345,Ordering Fractions,5,12,0.6,3,16,0.8,4,12,0.6,2,14,0.7,3,14,0.7,3,8,0.4,2,12,0.6,3,12,0.6,3
S00743,Fraction to Decimal,3,14,0.7,2,8,0.4,2,16,0.8,4,8,0.4,1,14,0.7,3,14,0.7,3,12,0.6,3,20,1.0,5
S06141,Simplifying Fractions,6,12,0.6,3,16,0.8,4,12,0.6,3,8,0.4,2,12,0.6,3,12,0.6,3,8,0.4,2,8,0.4,2
S01806,Addition,0,4,0.2,0,16,0.8,4,16,0.8,4,12,0.6,2,16,0.8,3,8,0.4,1,14,0.7,3,12,0.6,2
S03097,Ordering Fractions,5,12,0.6,1,14,0.7,3,12,0.6,3,12,0.6,3,18,0.9,4,8,0.4,1,10,0.5,2,12,0.6,2
S03678,Fraction to Decimal,3,14,0.7,3,18,0.9,4,12,0.6,3,6,0.3,1,10,0.5,2,10,0.5,2,14,0.7,3,6,0.3,1
S01658,Subtraction,7,16,0.8,4,8,0.4,2,12,0.6,2,14,0.7,3,16,0.8,3,18,0.9,4,12,0.6,3,6,0.3,1
S00201,Subtraction,7,8,0.4,1,16,0.8,4,12,0.6,3,4,0.2,1,18,0.9,4,18,0.9,4,14,0.7,3,4,0.2,0
S01102,Multiplication,4,12,0.6,2,16,0.8,4,16,0.8,4,20,1.0,5,12,0.6,2,16,0.8,4,20,1.0,5,14,0.7,3
S00737,Division,2,16,0.8,3,14,0.7,3,4,0.2,1,8,0.4,2,12,0.6,3,14,0.7,2,14,0.7,3,12,0.6,2
S04860,Division,2,16,0.8,3,12,0.6,3,4,0.2,1,12,0.6,2,16,0.8,4,16,0.8,4,10,0.5,2,12,0.6,3
S06045,Comparing Fractions,1,4,0.2,1,0,0.0,0,8,0.4,2,8,0.4,2,16,0.8,4,16,0.8,4,4,0.2,1,4,0.2,1
S00262,Fraction to Decimal,3,10,0.5,2,16,0.8,4,18,0.9,4,2,0.1,0,14,0.7,3,20,1.0,5,12,0.6,2,4,0.2,1
S03444,Multiplication,4,10,0.5,2,12,0.6,2,12,0.6,2,14,0.7,3,6,0.3,1,12,0.6,2,14,0.7,3,16,0.8,4
S03534,Simplifying Fractions,6,8,0.4,2,14,0.7,3,14,0.7,3,14,0.7,2,12,0.6,3,18,0.9,4,2,0.1,0,12,0.6,2
S05594,Division,2,8,0.4,2,8,0.4,2,0,0.0,0,18,0.9,4,16,0.8,4,10,0.5,2,10,0.5,2,16,0.8,4
S00197,Comparing Fractions,1,14,0.7,2,6,0.3,0,8,0.4,1,18,0.9,4,20,1.0,5,12,0.6,3,10,0.5,2,10,0.5,2
S02926,Simplifying Fractions,6,14,0.7,3,12,0.6,2,16,0.8,4,12,0.6,2,14,0.7,3,8,0.4,1,6,0.3,1,14,0.7,3
S05051,Ordering Fractions,5,2,0.1,0,8,0.4,2,12,0.6,3,4,0.2,1,12,0.6,3,0,0.0,0,16,0.8,4,10,0.5,2
S01722,Comparing Fractions,1,18,0.9,4,10,0.5,2,18,0.9,4,10,0.5,2,12,0.6,3,18,0.9,4,12,0.6,3,20,1.0,5
S04982,Simplifying Fractions,6,10,0.5,2,12,0.6,2,8,0.4,1,10,0.5,2,14,0.7,3,12,0.6,3,6,0.3,1,8,0.4,1
S01271,Ordering Fractions,5,8,0.4,2,10,0.5,2,16,0.8,3,10,0.5,2,10,0.5,2,8,0.4,2,12,0.6,2,10,0.5,2
S02421,Addition,0,4,0.2,1,14,0.7,3,16,0.8,4,6,0.3,1,18,0.9,4,10,0.5,2,16,0.8,4,8,0.4,2
S01346,Subtraction,7,12,0.6,2,10,0.5,2,16,0.8,4,8,0.4,2,14,0.7,3,14,0.7,3,18,0.9,4,6,0.3,0
S05748,Addition,0,8,0.4,2,12,0.6,3,16,0.8,4,14,0.7,3,16,0.8,4,18,0.9,4,12,0.6,3,12,0.6,3
S01228,Comparing Fractions,1,12,0.6,2,2,0.1,0,8,0.4,1,4,0.2,0,12,0.6,2,10,0.5,2,16,0.8,4,18,0.9,4
S00304,Addition,0,10,0.5,1,14,0.7,3,18,0.9,4,12,0.6,3,12,0.6,3,14,0.7,3,10,0.5,2,14,0.7,3
S00780,Division,2,8,0.4,2,10,0.5,2,4,0.2,1,8,0.4,2,6,0.3,1,12,0.6,3,10,0.5,2,8,0.4,2
S05675,Comparing Fractions,1,4,0.2,1,4,0.2,1,6,0.3,1,8,0.4,2,8,0.4,2,4,0.2,1,8,0.4,2,8,0.4,2
S01394,Division,2,6,0.3,1,18,0.9,4,6,0.3,1,6,0.3,1,12,0.6,3,12,0.6,3,12,0.6,3,16,0.8,4
S03373,Subtraction,7,10,0.5,2,12,0.6,2,10,0.5,1,16,0.8,4,10,0.5,1,16,0.8,4,10,0.5,1,4,0.2,1
S06101,Division,2,12,0.6,3,12,0.6,3,0,0.0,0,16,0.8,4,12,0.6,3,4,0.2,1,4,0.2,1,8,0.4,2
S05274,Subtraction,7,4,0.2,1,0,0.0,0,10,0.5,2,8,0.4,2,20,1.0,5,8,0.4,2,12,0.6,3,0,0.0,0
S03136,Subtraction,7,12,0.6,3,20,1.0,5,14,0.7,3,16,0.8,4,6,0.3,1,18,0.9,4,10,0.5,2,6,0.3,1
S03529,Subtraction,7,16,0.8,4,14,0.7,3,20,1.0,5,6,0.3,0,14,0.7,3,8,0.4,2,16,0.8,4,6,0.3,1
S05732,Simplifying Fractions,6,16,0.8,4,8,0.4,2,12,0.6,3,8,0.4,2,4,0.2,1,12,0.6,3,2,0.1,0,14,0.7,3
S03326,Fraction to Decimal,3,16,0.8,4,8,0.4,2,8,0.4,2,6,0.3,1,10,0.5,2,12,0.6,2,16,0.8,4,14,0.7,3
S03882,Subtraction,7,12,0.6,3,20,1.0,5,16,0.8,4,14,0.7,3,18,0.9,4,10,0.5,2,20,1.0,5,6,0.3,1
S04685,Fraction to Decimal,3,14,0.7,2,12,0.6,2,12,0.6,2,4,0.2,1,10,0.5,2,18,0.9,4,10,0.5,2,18,0.9,4
S01024,Simplifying Fractions,6,12,0.6,2,14,0.7,3,10,0.5,1,4,0.2,1,4,0.2,1,16,0.8,3,2,0.1,0,16,0.8,4
S01422,Multiplication,4,18,0.9,4,18,0.9,4,12,0.6,2,14,0.7,3,8,0.4,2,10,0.5,2,12,0.6,3,18,0.9,4
S02230,Subtraction,7,16,0.8,4,18,0.9,4,16,0.8,4,10,0.5,2,18,0.9,4,14,0.7,3,8,0.4,1,6,0.3,1
S00503,Addition,0,6,0.3,1,10,0.5,1,12,0.6,3,12,0.6,3,8,0.4,1,10,0.5,2,14,0.7,3,16,0.8,3
S00905,Division,2,12,0.6,3,8,0.4,1,6,0.3,1,8,0.4,2,16,0.8,4,16,0.8,4,16,0.8,4,14,0.7,3
S03048,Fraction to Decimal,3,12,0.6,3,12,0.6,3,12,0.6,2,6,0.3,1,12,0.6,3,12,0.6,2,8,0.4,1,20,1.0,5
S00105,Comparing Fractions,1,14,0.7,3,6,0.3,1,14,0.7,3,10,0.5,2,16,0.8,4,16,0.8,3,18,0.9,4,10,0.5,1
S05611,Ordering Fractions,5,12,0.6,3,6,0.3,1,8,0.4,2,8,0.4,2,18,0.9,4,4,0.2,1,4,0.2,1,6,0.3,1
S02319,Division,2,14,0.7,3,20,1.0,5,10,0.5,2,14,0.7,3,12,0.6,3,16,0.8,4,14,0.7,3,18,0.9,4
S00657,Simplifying Fractions,6,12,0.6,2,10,0.5,2,10,0.5,2,12,0.6,2,12,0.6,2,20,1.0,5,8,0.4,2,14,0.7,3
S02670,Subtraction,7,6,0.3,1,16,0.8,4,16,0.8,4,12,0.6,3,12,0.6,2,16,0.8,4,12,0.6,3,4,0.2,1
S06307,Multiplication,4,16,0.8,4,8,0.4,2,16,0.8,4,12,0.6,3,0,0.0,0,4,0.2,1,8,0.4,2,0,0.0,0
S05320,Simplifying Fractions,6,12,0.6,3,16,0.8,4,12,0.6,3,10,0.5,2,12,0.6,3,12,0.6,3,6,0.3,1,10,0.5,2
S05335,Multiplication,4,16,0.8,4,10,0.5,2,6,0.3,1,6,0.3,1,4,0.2,1,6,0.3,1,6,0.3,1,16,0.8,4
S05719,Fraction to Decimal,3,10,0.5,2,8,0.4,2,12,0.6,3,4,0.2,1,14,0.7,3,12,0.6,3,20,1.0,5,16,0.8,4
S06030,Comparing Fractions,1,12,0.6,3,0,0.0,0,16,0.8,4,8,0.4,2,4,0.2,1,20,1.0,5,8,0.4,2,16,0.8,4
S06156,Division,2,8,0.4,2,4,0.2,1,0,0.0,0,4,0.2,1,12,0.6,3,12,0.6,3,16,0.8,4,16,0.8,4
S02977,Addition,0,10,0.5,2,10,0.5,2,10,0.5,2,14,0.7,3,12,0.6,2,14,0.7,3,12,0.6,3,16,0.8,4
S05030,Multiplication,4,12,0.6,3,18,0.9,4,18,0.9,4,12,0.6,3,6,0.3,1,12,0.6,3,10,0.5,2,10,0.5,2
S01939,Subtraction,7,14,0.7,3,18,0.9,4,12,0.6,2,16,0.8,4,20,1.0,5,12,0.6,2,20,1.0,5,12,0.6,3
S05401,Fraction to Decimal,3,20,1.0,5,20,1.0,5,20,1.0,5,4,0.2,1,14,0.7,3,18,0.9,4,8,0.4,2,16,0.8,4
S02518,Division,2,14,0.7,3,18,0.9,4,10,0.5,2,10,0.5,2,18,0.9,4,12,0.6,3,12,0.6,3,14,0.7,3
S01604,Ordering Fractions,5,12,0.6,2,10,0.5,2,18,0.9,4,14,0.7,3,14,0.7,3,8,0.4,1,16,0.8,4,14,0.7,3
S02616,Addition,0,6,0.3,0,10,0.5,2,8,0.4,2,8,0.4,1,12,0.6,3,6,0.3,1,10,0.5,2,12,0.6,3
S01550,Multiplication,4,14,0.7,3,14,0.7,3,12,0.6,3,12,0.6,3,8,0.4,2,16,0.8,4,14,0.7,2,16,0.8,4
S05506,Subtraction,7,8,0.4,2,8,0.4,2,16,0.8,4,14,0.7,3,12,0.6,3,12,0.6,3,20,1.0,5,4,0.2,1
S05838,Addition,0,4,0.2,1,8,0.4,2,16,0.8,4,8,0.4,2,16,0.8,4,12,0.6,3,16,0.8,4,12,0.6,3
S05985,Division,2,20,1.0,5,12,0.6,3,0,0.0,0,4,0.2,1,4,0.2,1,8,0.4,2,4,0.2,1,4,0.2,1
S05707,Simplifying Fractions,6,14,0.7,3,10,0.5,2,16,0.8,4,12,0.6,3,16,0.8,4,16,0.8,4,4,0.2,1,8,0.4,2
S02534,Fraction to Decimal,3,12,0.6,2,12,0.6,3,18,0.9,4,6,0.3,1,10,0.5,2,18,0.9,4,10,0.5,2,12,0.6,3
S01773,Division,2,12,0.6,3,20,1.0,5,10,0.5,2,14,0.7,3,12,0.6,3,12,0.6,3,12,0.6,3,16,0.8,4
S00776,Subtraction,7,16,0.8,4,4,0.2,0,8,0.4,2,8,0.4,0,12,0.6,3,14,0.7,2,20,1.0,5,2,0.1,0
S03377,Addition,0,4,0.2,0,16,0.8,3,10,0.5,2,16,0.8,4,8,0.4,2,12,0.6,3,10,0.5,2,8,0.4,1
S03401,Fraction to Decimal,3,18,0.9,4,16,0.8,4,12,0.6,3,12,0.6,3,16,0.8,4,14,0.7,3,14,0.7,3,14,0.7,3
S04525,Comparing Fractions,1,18,0.9,4,10,0.5,2,20,1.0,5,12,0.6,3,12,0.6,3,18,0.9,4,20,1.0,5,12,0.6,2
S06245,Addition,0,4,0.2,1,12,0.6,3,12,0.6,3,12,0.6,3,16,0.8,4,12,0.6,3,8,0.4,2,4,0.2,1
S02644,Addition,0,6,0.3,1,16,0.8,4,14,0.7,3,10,0.5,2,14,0.7,3,8,0.4,2,10,0.5,2,16,0.8,4
S04029,Fraction to Decimal,3,14,0.7,3,12,0.6,2,10,0.5,2,8,0.4,1,20,1.0,5,16,0.8,4,10,0.5,2,14,0.7,2
S03465,Addition,0,4,0.2,1,18,0.9,4,10,0.5,2,12,0.6,2,6,0.3,1,12,0.6,2,12,0.6,3,16,0.8,3
S02353,Ordering Fractions,5,16,0.8,4,10,0.5,2,16,0.8,4,12,0.6,3,20,1.0,5,6,0.3,1,20,1.0,5,20,1.0,5
S02848,Multiplication,4,20,1.0,5,16,0.8,4,16,0.8,3,10,0.5,2,8,0.4,2,12,0.6,3,20,1.0,5,10,0.5,2
S03739,Fraction to Decimal,3,14,0.7,3,14,0.7,3,12,0.6,3,6,0.3,1,16,0.8,4,12,0.6,2,8,0.4,0,10,0.5,2
S02054,Fraction to Decimal,3,20,1.0,5,12,0.6,3,14,0.7,3,6,0.3,1,18,0.9,4,18,0.9,4,14,0.7,3,14,0.7,3
S00270,Simplifying Fractions,6,20,1.0,5,16,0.8,4,6,0.3,0,10,0.5,2,8,0.4,2,12,0.6,2,4,0.2,0,14,0.7,3
S05870,Subtraction,7,12,0.6,3,2,0.1,0,8,0.4,2,10,0.5,2,10,0.5,2,6,0.3,1,8,0.4,2,0,0.0,0
S03014,Subtraction,7,18,0.9,4,16,0.8,3,16,0.8,4,10,0.5,2,16,0.8,4,14,0.7,3,12,0.6,3,10,0.5,2
S03584,Subtraction,7,16,0.8,4,12,0.6,2,18,0.9,4,12,0.6,2,16,0.8,4,16,0.8,4,20,1.0,5,12,0.6,3
S05083,Division,2,0,0.0,0,10,0.5,2,0,0.0,0,4,0.2,1,12,0.6,3,12,0.6,3,12,0.6,3,6,0.3,1
S04120,Multiplication,4,14,0.7,3,16,0.8,4,10,0.5,2,20,1.0,5,6,0.3,1,16,0.8,4,8,0.4,1,6,0.3,1
S01171,Division,2,16,0.8,4,14,0.7,3,8,0.4,2,20,1.0,5,20,1.0,5,20,1.0,5,12,0.6,3,12,0.6,3
S00773,Comparing Fractions,1,12,0.6,3,8,0.4,2,10,0.5,2,10,0.5,1,16,0.8,4,14,0.7,2,12,0.6,3,14,0.7,3
S01858,Ordering Fractions,5,10,0.5,1,10,0.5,2,12,0.6,3,8,0.4,1,10,0.5,1,2,0.1,0,10,0.5,2,10,0.5,2
S03786,Multiplication,4,14,0.7,3,20,1.0,5,8,0.4,2,12,0.6,3,4,0.2,1,8,0.4,1,12,0.6,3,8,0.4,2
S04192,Fraction to Decimal,3,14,0.7,3,8,0.4,2,16,0.8,4,6,0.3,0,12,0.6,3,8,0.4,1,12,0.6,2,14,0.7,3
S01750,Simplifying Fractions,6,10,0.5,2,12,0.6,2,10,0.5,2,8,0.4,1,10,0.5,2,8,0.4,1,8,0.4,1,8,0.4,1
S05329,Division,2,6,0.3,1,8,0.4,2,4,0.2,1,6,0.3,1,12,0.6,3,12,0.6,3,12,0.6,3,12,0.6,3
S03661,Addition,0,6,0.3,1,20,1.0,5,10,0.5,2,10,0.5,2,8,0.4,1,12,0.6,2,10,0.5,2,10,0.5,1
S01578,Simplifying Fractions,6,12,0.6,2,14,0.7,3,12,0.6,2,10,0.5,2,16,0.8,3,20,1.0,5,10,0.5,2,10,0.5,1
S05801,Multiplication,4,10,0.5,2,14,0.7,3,16,0.8,4,16,0.8,4,4,0.2,1,16,0.8,4,12,0.6,3,10,0.5,2
S05465,Comparing Fractions,1,10,0.5,2,0,0.0,0,8,0.4,2,16,0.8,4,10,0.5,2,4,0.2,1,14,0.7,3,8,0.4,2
S05281,Subtraction,7,20,1.0,5,10,0.5,2,12,0.6,3,8,0.4,2,8,0.4,2,12,0.6,3,16,0.8,4,8,0.4,2
S01738,Comparing Fractions,1,14,0.7,2,6,0.3,0,14,0.7,3,16,0.8,4,12,0.6,3,10,0.5,2,14,0.7,3,10,0.5,2
S01398,Subtraction,7,6,0.3,1,14,0.7,3,16,0.8,3,14,0.7,3,14,0.7,3,18,0.9,4,14,0.7,3,4,0.2,0
S03145,Ordering Fractions,5,10,0.5,2,16,0.8,4,12,0.6,3,10,0.5,2,12,0.6,3,10,0.5,1,10,0.5,2,12,0.6,3
S00329,Fraction to Decimal,3,10,0.5,2,16,0.8,4,6,0.3,1,6,0.3,1,10,0.5,2,12,0.6,3,20,1.0,5,12,0.6,2
S01887,Ordering Fractions,5,14,0.7,3,12,0.6,3,16,0.8,3,6,0.3,1,12,0.6,3,0,0.0,0,10,0.5,2,14,0.7,2
S00571,Fraction to Decimal,3,12,0.6,2,6,0.3,0,20,1.0,5,4,0.2,1,10,0.5,2,20,1.0,5,12,0.6,2,10,0.5,2
S00594,Addition,0,8,0.4,1,16,0.8,4,12,0.6,3,8,0.4,1,12,0.6,2,12,0.6,2,10,0.5,2,8,0.4,2
S00235,Division,2,10,0.5,2,12,0.6,2,8,0.4,1,16,0.8,4,16,0.8,3,10,0.5,2,16,0.8,3,10,0.5,2
S03481,Ordering Fractions,5,14,0.7,3,12,0.6,3,12,0.6,2,12,0.6,2,14,0.7,3,6,0.3,1,14,0.7,3,8,0.4,2
S05495,Fraction to Decimal,3,8,0.4,2,4,0.2,1,8,0.4,2,2,0.1,0,20,1.0,5,4,0.2,1,12,0.6,3,12,0.6,3
S01375,Simplifying Fractions,6,12,0.6,3,16,0.8,3,14,0.7,3,10,0.5,2,10,0.5,2,16,0.8,4,0,0.0,0,14,0.7,3
S01693,Simplifying Fractions,6,12,0.6,3,14,0.7,3,12,0.6,2,12,0.6,3,12,0.6,3,12,0.6,3,8,0.4,2,14,0.7,2
S03004,Subtraction,7,12,0.6,2,12,0.6,3,8,0.4,2,12,0.6,2,8,0.4,1,8,0.4,2,4,0.2,0,0,0.0,0
S00185,Subtraction,7,16,0.8,3,16,0.8,3,10,0.5,2,8,0.4,1,16,0.8,3,12,0.6,3,12,0.6,3,4,0.2,0
S02392,Simplifying Fractions,6,16,0.8,4,12,0.6,3,18,0.9,4,14,0.7,3,8,0.4,1,8,0.4,2,4,0.2,1,10,0.5,2
S05149,Multiplication,4,4,0.2,1,4,0.2,1,14,0.7,3,8,0.4,2,4,0.2,1,8,0.4,2,10,0.5,2,10,0.5,2
S05247,Simplifying Fractions,6,14,0.7,3,20,1.0,5,20,1.0,5,14,0.7,3,14,0.7,3,16,0.8,4,12,0.6,3,16,0.8,4
S00918,Ordering Fractions,5,14,0.7,3,20,1.0,5,10,0.5,2,16,0.8,4,18,0.9,4,10,0.5,2,16,0.8,4,10,0.5,2
S03638,Fraction to Decimal,3,12,0.6,3,10,0.5,2,20,1.0,5,4,0.2,1,6,0.3,1,16,0.8,4,14,0.7,3,12,0.6,3
S00654,Ordering Fractions,5,18,0.9,4,12,0.6,3,12,0.6,3,8,0.4,1,20,1.0,5,8,0.4,2,10,0.5,2,12,0.6,3
S02896,Addition,0,4,0.2,0,10,0.5,2,8,0.4,2,10,0.5,1,10,0.5,2,6,0.3,1,16,0.8,3,12,0.6,2
S05663,Multiplication,4,8,0.4,2,12,0.6,3,12,0.6,3,16,0.8,4,0,0.0,0,14,0.7,3,18,0.9,4,8,0.4,2
S02124,Fraction to Decimal,3,8,0.4,2,12,0.6,3,16,0.8,4,4,0.2,1,8,0.4,1,20,1.0,5,8,0.4,1,12,0.6,2
S05973,Division,2,8,0.4,2,8,0.4,2,0,0.0,0,8,0.4,2,12,0.6,3,8,0.4,2,12,0.6,3,4,0.2,1
S01771,Fraction to Decimal,3,10,0.5,2,12,0.6,3,10,0.5,2,4,0.2,1,8,0.4,1,8,0.4,1,8,0.4,2,6,0.3,1
S05953,Multiplication,4,12,0.6,3,16,0.8,4,12,0.6,3,10,0.5,2,4,0.2,1,10,0.5,2,8,0.4,2,8,0.4,2
S01912,Comparing Fractions,1,16,0.8,4,0,0.0,0,14,0.7,3,14,0.7,2,8,0.4,1,6,0.3,1,6,0.3,1,8,0.4,2
S01344,Subtraction,7,14,0.7,2,10,0.5,2,12,0.6,2,8,0.4,1,8,0.4,2,18,0.9,4,14,0.7,3,8,0.4,1
S01863,Division,2,14,0.7,3,16,0.8,3,10,0.5,2,10,0.5,2,10,0.5,1,18,0.9,4,14,0.7,3,12,0.6,2
S05402,Multiplication,4,16,0.8,4,20,1.0,5,10,0.5,2,4,0.2,1,4,0.2,1,12,0.6,3,12,0.6,3,20,1.0,5
S00005,Fraction to Decimal,3,8,0.4,1,12,0.6,2,12,0.6,2,8,0.4,1,18,0.9,4,14,0.7,3,16,0.8,4,14,0.7,3
S04069,Addition,0,4,0.2,1,16,0.8,4,6,0.3,1,8,0.4,2,14,0.7,3,12,0.6,2,14,0.7,3,14,0.7,3
S00050,Fraction to Decimal,3,6,0.3,1,8,0.4,1,14,0.7,3,4,0.2,0,6,0.3,1,12,0.6,3,12,0.6,3,16,0.8,4
S01014,Fraction to Decimal,3,14,0.7,3,8,0.4,2,8,0.4,2,2,0.1,0,8,0.4,1,20,1.0,5,4,0.2,0,10,0.5,2
S00953,Division,2,8,0.4,2,16,0.8,3,8,0.4,1,14,0.7,3,12,0.6,3,10,0.5,2,20,1.0,5,12,0.6,3
S00534,Simplifying Fractions,6,18,0.9,4,14,0.7,3,12,0.6,3,16,0.8,4,14,0.7,3,16,0.8,4,12,0.6,3,16,0.8,4
S03688,Multiplication,4,6,0.3,1,12,0.6,2,8,0.4,0,10,0.5,2,4,0.2,1,8,0.4,1,10,0.5,2,10,0.5,2
S05206,Fraction to Decimal,3,12,0.6,3,20,1.0,5,18,0.9,4,2,0.1,0,16,0.8,4,14,0.7,3,20,1.0,5,16,0.8,4
S02183,Multiplication,4,4,0.2,1,12,0.6,3,8,0.4,2,6,0.3,1,2,0.1,0,10,0.5,2,8,0.4,2,8,0.4,2
S05205,Multiplication,4,8,0.4,2,8,0.4,2,20,1.0,5,8,0.4,2,2,0.1,0,12,0.6,3,8,0.4,2,18,0.9,4
S04501,Ordering Fractions,5,12,0.6,2,14,0.7,3,18,0.9,4,18,0.9,4,18,0.9,4,4,0.2,1,16,0.8,3,16,0.8,4
S01378,Ordering Fractions,5,10,0.5,2,10,0.5,2,12,0.6,2,12,0.6,2,8,0.4,0,2,0.1,0,14,0.7,3,12,0.6,3
S03158,Multiplication,4,10,0.5,2,14,0.7,3,12,0.6,3,6,0.3,1,6,0.3,1,12,0.6,3,10,0.5,2,12,0.6,2
S02695,Division,2,10,0.5,2,16,0.8,4,10,0.5,2,10,0.5,2,12,0.6,3,10,0.5,2,20,1.0,5,20,1.0,5
S04046,Subtraction,7,16,0.8,4,14,0.7,3,10,0.5,2,10,0.5,2,8,0.4,2,12,0.6,3,12,0.6,3,6,0.3,1
S02090,Multiplication,4,8,0.4,1,12,0.6,3,12,0.6,3,12,0.6,3,6,0.3,1,12,0.6,2,12,0.6,2,16,0.8,4
S05683,Division,2,12,0.6,3,10,0.5,2,4,0.2,1,18,0.9,4,8,0.4,2,12,0.6,3,20,1.0,5,4,0.2,1
S00683,Subtraction,7,10,0.5,2,18,0.9,4,8,0.4,1,8,0.4,2,14,0.7,3,20,1.0,5,12,0.6,3,2,0.1,0
S04342,Simplifying Fractions,6,20,1.0,5,16,0.8,4,14,0.7,3,12,0.6,3,16,0.8,4,16,0.8,4,8,0.4,2,12,0.6,3
S03969,Division,2,20,1.0,5,12,0.6,3,0,0.0,0,6,0.3,1,14,0.7,3,16,0.8,4,14,0.7,3,6,0.3,1
S05384,Ordering Fractions,5,12,0.6,3,14,0.7,3,12,0.6,3,8,0.4,2,8,0.4,2,4,0.2,1,16,0.8,4,8,0.4,2
S04448,Ordering Fractions,5,14,0.7,3,10,0.5,2,16,0.8,4,8,0.4,1,10,0.5,1,4,0.2,1,16,0.8,4,14,0.7,3
S02581,Fraction to Decimal,3,10,0.5,2,6,0.3,1,12,0.6,3,4,0.2,0,12,0.6,3,10,0.5,2,12,0.6,3,12,0.6,3
S03959,Simplifying Fractions,6,8,0.4,2,20,1.0,5,18,0.9,4,18,0.9,4,8,0.4,2,10,0.5,2,4,0.2,1,12,0.6,3
S05830,Fraction to Decimal,3,20,1.0,5,4,0.2,1,4,0.2,1,4,0.2,1,4,0.2,1,10,0.5,2,14,0.7,3,12,0.6,3
S02104,Addition,0,6,0.3,1,8,0.4,2,14,0.7,3,8,0.4,2,14,0.7,3,8,0.4,2,8,0.4,2,12,0.6,3
S04795,Ordering Fractions,5,10,0.5,2,10,0.5,2,18,0.9,4,12,0.6,3,10,0.5,2,6,0.3,1,10,0.5,2,16,0.8,4
S03557,Comparing Fractions,1,14,0.7,3,6,0.3,1,6,0.3,1,10,0.5,2,16,0.8,4,8,0.4,2,20,1.0,5,10,0.5,2
S01037,Subtraction,7,16,0.8,4,10,0.5,2,8,0.4,1,8,0.4,1,10,0.5,1,12,0.6,3,16,0.8,4,6,0.3,1
S03258,Fraction to Decimal,3,14,0.7,3,6,0.3,1,10,0.5,1,2,0.1,0,16,0.8,4,14,0.7,3,12,0.6,3,10,0.5,2
S00424,Comparing Fractions,1,12,0.6,3,2,0.1,0,10,0.5,2,16,0.8,3,8,0.4,2,10,0.5,2,12,0.6,3,10,0.5,2
S04132,Ordering Fractions,5,12,0.6,2,20,1.0,5,16,0.8,4,12,0.6,2,14,0.7,2,8,0.4,2,10,0.5,1,8,0.4,1
S04664,Division,2,16,0.8,4,20,1.0,5,10,0.5,2,12,0.6,3,12,0.6,3,16,0.8,4,16,0.8,4,14,0.7,3
S01163,Multiplication,4,6,0.3,1,10,0.5,2,12,0.6,2,10,0.5,2,4,0.2,1,14,0.7,3,8,0.4,1,8,0.4,1
S00054,Comparing Fractions,1,10,0.5,2,4,0.2,0,6,0.3,0,10,0.5,1,12,0.6,3,12,0.6,3,10,0.5,2,8,0.4,2
S03499,Division,2,8,0.4,1,16,0.8,4,4,0.2,1,14,0.7,3,10,0.5,2,12,0.6,3,8,0.4,2,20,1.0,5
S05501,Multiplication,4,16,0.8,4,4,0.2,1,8,0.4,2,12,0.6,3,4,0.2,1,14,0.7,3,18,0.9,4,12,0.6,3
S05600,Division,2,12,0.6,3,4,0.2,1,0,0.0,0,8,0.4,2,12,0.6,3,20,1.0,5,10,0.5,2,12,0.6,3
S03240,Simplifying Fractions,6,10,0.5,2,8,0.4,2,14,0.7,3,16,0.8,3,12,0.6,3,14,0.7,3,8,0.4,2,10,0.5,2
S01029,Addition,0,6,0.3,1,16,0.8,4,14,0.7,3,18,0.9,4,20,1.0,5,12,0.6,3,12,0.6,2,8,0.4,1
S00674,Simplifying Fractions,6,16,0.8,3,16,0.8,4,18,0.9,4,16,0.8,4,8,0.4,2,14,0.7,3,8,0.4,2,14,0.7,3
S01601,Simplifying Fractions,6,10,0.5,2,8,0.4,2,16,0.8,4,10,0.5,2,20,1.0,5,12,0.6,3,6,0.3,1,8,0.4,2
S03916,Ordering Fractions,5,14,0.7,2,12,0.6,2,16,0.8,3,8,0.4,1,12,0.6,3,6,0.3,1,12,0.6,3,14,0.7,3
S05529,Ordering Fractions,5,16,0.8,4,8,0.4,2,4,0.2,1,20,1.0,5,8,0.4,2,0,0.0,0,10,0.5,2,16,0.8,4
S00850,Division,2,8,0.4,2,8,0.4,2,8,0.4,2,14,0.7,3,12,0.6,2,16,0.8,4,12,0.6,3,10,0.5,2
S01690,Multiplication,4,10,0.5,2,10,0.5,2,6,0.3,1,6,0.3,0,4,0.2,0,14,0.7,3,14,0.7,3,6,0.3,1
S00279,Fraction to Decimal,3,12,0.6,2,8,0.4,2,14,0.7,3,6,0.3,1,14,0.7,3,12,0.6,2,12,0.6,2,10,0.5,2
S00429,Comparing Fractions,1,10,0.5,2,8,0.4,1,20,1.0,5,10,0.5,1,18,0.9,4,16,0.8,4,14,0.7,3,14,0.7,3
S03078,Multiplication,4,8,0.4,1,16,0.8,3,12,0.6,2,6,0.3,1,4,0.2,1,16,0.8,4,12,0.6,3,8,0.4,2
S04610,Ordering Fractions,5,8,0.4,1,12,0.6,2,10,0.5,2,6,0.3,1,14,0.7,3,6,0.3,0,10,0.5,2,10,0.5,2
S04465,Addition,0,6,0.3,1,10,0.5,2,20,1.0,5,14,0.7,3,8,0.4,2,20,1.0,5,16,0.8,4,18,0.9,4
S02855,Comparing Fractions,1,8,0.4,1,8,0.4,2,8,0.4,2,14,0.7,2,10,0.5,2,10,0.5,1,20,1.0,5,10,0.5,2
S05939,Comparing Fractions,1,8,0.4,2,0,0.0,0,16,0.8,4,8,0.4,2,20,1.0,5,12,0.6,3,12,0.6,3,8,0.4,2
S04990,Fraction to Decimal,3,18,0.9,4,12,0.6,3,12,0.6,1,4,0.2,0,14,0.7,3,10,0.5,2,12,0.6,2,10,0.5,2
S04686,Subtraction,7,18,0.9,4,12,0.6,3,16,0.8,3,14,0.7,3,14,0.7,3,18,0.9,4,16,0.8,4,10,0.5,2
S01095,Addition,0,6,0.3,1,10,0.5,2,14,0.7,3,6,0.3,1,10,0.5,2,14,0.7,3,18,0.9,4,16,0.8,4
S05491,Fraction to Decimal,3,4,0.2,1,4,0.2,1,12,0.6,3,0,0.0,0,12,0.6,3,14,0.7,3,16,0.8,4,12,0.6,3
S04660,Comparing Fractions,1,20,1.0,5,10,0.5,2,14,0.7,3,14,0.7,2,14,0.7,3,18,0.9,4,12,0.6,2,16,0.8,4
S01772,Comparing Fractions,1,18,0.9,4,8,0.4,1,10,0.5,2,12,0.6,3,14,0.7,3,14,0.7,2,16,0.8,4,8,0.4,2
S01111,Simplifying Fractions,6,20,1.0,5,8,0.4,1,12,0.6,3,6,0.3,1,12,0.6,3,12,0.6,3,6,0.3,1,6,0.3,1
S04231,Comparing Fractions,1,12,0.6,3,4,0.2,1,12,0.6,2,14,0.7,3,8,0.4,2,10,0.5,2,16,0.8,4,16,0.8,4
S03940,Division,2,20,1.0,5,14,0.7,3,8,0.4,2,20,1.0,5,8,0.4,2,14,0.7,3,18,0.9,4,16,0.8,3
S00508,Subtraction,7,10,0.5,2,12,0.6,3,8,0.4,1,6,0.3,1,10,0.5,2,8,0.4,2,12,0.6,3,4,0.2,1
S05678,Ordering Fractions,5,14,0.7,3,16,0.8,4,8,0.4,2,12,0.6,3,14,0.7,3,8,0.4,2,8,0.4,2,12,0.6,3
S00893,Multiplication,4,6,0.3,0,16,0.8,3,12,0.6,3,8,0.4,1,0,0.0,0,8,0.4,1,8,0.4,1,6,0.3,1
S04587,Comparing Fractions,1,14,0.7,3,8,0.4,2,14,0.7,3,12,0.6,3,14,0.7,2,10,0.5,1,8,0.4,1,18,0.9,4
S06063,Comparing Fractions,1,12,0.6,3,0,0.0,0,12,0.6,3,12,0.6,3,8,0.4,2,8,0.4,2,12,0.6,3,12,0.6,3
S00324,Division,2,16,0.8,4,8,0.4,2,8,0.4,2,12,0.6,3,20,1.0,5,16,0.8,4,10,0.5,2,12,0.6,2
S05463,Addition,0,0,0.0,0,16,0.8,4,0,0.0,0,20,1.0,5,12,0.6,3,10,0.5,2,8,0.4,2,4,0.2,1
S02686,Ordering Fractions,5,12,0.6,3,6,0.3,1,16,0.8,4,6,0.3,1,12,0.6,3,2,0.1,0,16,0.8,4,14,0.7,3
S02876,Simplifying Fractions,6,16,0.8,4,6,0.3,1,10,0.5,2,2,0.1,0,14,0.7,3,16,0.8,4,2,0.1,0,8,0.4,1
S04038,Multiplication,4,14,0.7,3,20,1.0,5,16,0.8,3,20,1.0,5,6,0.3,1,18,0.9,4,16,0.8,4,12,0.6,3
S00418,Multiplication,4,8,0.4,2,10,0.5,2,10,0.5,2,18,0.9,4,4,0.2,0,6,0.3,1,6,0.3,1,4,0.2,1
S06099,Division,2,8,0.4,2,12,0.6,3,0,0.0,0,4,0.2,1,20,1.0,5,12,0.6,3,16,0.8,4,8,0.4,2
S03634,Subtraction,7,10,0.5,1,10,0.5,2,16,0.8,4,12,0.6,3,8,0.4,1,16,0.8,4,12,0.6,2,8,0.4,1
S03169,Simplifying Fractions,6,12,0.6,2,12,0.6,3,14,0.7,3,12,0.6,2,12,0.6,2,12,0.6,2,10,0.5,1,16,0.8,4
S01846,Comparing Fractions,1,8,0.4,2,4,0.2,1,14,0.7,3,12,0.6,2,16,0.8,4,16,0.8,4,14,0.7,3,16,0.8,4
S03057,Ordering Fractions,5,12,0.6,3,8,0.4,2,16,0.8,3,10,0.5,2,14,0.7,3,4,0.2,0,6,0.3,1,8,0.4,2
S00240,Fraction to Decimal,3,12,0.6,3,16,0.8,4,14,0.7,3,12,0.6,3,16,0.8,4,16,0.8,4,14,0.7,3,12,0.6,2
S02722,Fraction to Decimal,3,6,0.3,1,16,0.8,4,16,0.8,3,4,0.2,0,10,0.5,2,16,0.8,3,12,0.6,3,14,0.7,3
S03124,Division,2,10,0.5,2,10,0.5,2,4,0.2,1,8,0.4,1,8,0.4,2,16,0.8,3,12,0.6,3,8,0.4,1
S03006,Fraction to Decimal,3,14,0.7,2,14,0.7,3,16,0.8,4,8,0.4,1,14,0.7,3,14,0.7,3,18,0.9,4,10,0.5,1
S03933,Ordering Fractions,5,12,0.6,2,12,0.6,3,16,0.8,4,12,0.6,2,18,0.9,4,4,0.2,1,20,1.0,5,12,0.6,3
S00734,Ordering Fractions,5,10,0.5,2,12,0.6,3,12,0.6,2,12,0.6,3,14,0.7,3,8,0.4,1,18,0.9,4,20,1.0,5
S01202,Comparing Fractions,1,20,1.0,5,8,0.4,1,14,0.7,3,10,0.5,2,16,0.8,4,12,0.6,3,20,1.0,5,16,0.8,4
S01655,Ordering Fractions,5,18,0.9,4,14,0.7,3,8,0.4,2,6,0.3,1,18,0.9,4,6,0.3,1,10,0.5,2,8,0.4,2
S05447,Subtraction,7,20,1.0,5,8,0.4,2,12,0.6,3,14,0.7,3,16,0.8,4,12,0.6,3,14,0.7,3,4,0.2,1
S05750,Subtraction,7,8,0.4,2,16,0.8,4,8,0.4,2,8,0.4,2,12,0.6,3,12,0.6,3,10,0.5,2,4,0.2,1
S02296,Simplifying Fractions,6,20,1.0,5,12,0.6,2,20,1.0,5,14,0.7,3,12,0.6,2,8,0.4,1,6,0.3,1,12,0.6,3
S04586,Addition,0,6,0.3,1,12,0.6,3,14,0.7,3,16,0.8,4,12,0.6,3,14,0.7,3,14,0.7,3,14,0.7,3
S03144,Comparing Fractions,1,16,0.8,4,0,0.0,0,14,0.7,3,6,0.3,1,6,0.3,1,12,0.6,3,10,0.5,2,12,0.6,2
S03375,Simplifying Fractions,6,6,0.3,1,14,0.7,3,12,0.6,2,14,0.7,3,6,0.3,1,12,0.6,3,6,0.3,1,8,0.4,2
S02461,Division,2,10,0.5,2,16,0.8,4,8,0.4,1,10,0.5,2,16,0.8,4,16,0.8,4,16,0.8,4,20,1.0,5
S04577,Subtraction,7,10,0.5,2,16,0.8,4,8,0.4,0,12,0.6,3,10,0.5,1,16,0.8,4,12,0.6,3,2,0.1,0
S02923,Addition,0,8,0.4,2,12,0.6,3,20,1.0,5,12,0.6,3,14,0.7,2,14,0.7,3,12,0.6,2,12,0.6,3
S02571,Addition,0,2,0.1,0,12,0.6,3,8,0.4,2,6,0.3,1,12,0.6,2,2,0.1,0,10,0.5,2,10,0.5,2
S02387,Division,2,14,0.7,3,16,0.8,4,6,0.3,1,12,0.6,3,20,1.0,5,16,0.8,4,8,0.4,2,12,0.6,3
S01411,Ordering Fractions,5,18,0.9,4,16,0.8,4,10,0.5,2,10,0.5,2,16,0.8,4,8,0.4,1,20,1.0,5,16,0.8,4
S02681,Subtraction,7,10,0.5,2,14,0.7,3,10,0.5,2,10,0.5,2,14,0.7,3,18,0.9,4,12,0.6,3,2,0.1,0
S05609,Simplifying Fractions,6,20,1.0,5,8,0.4,2,12,0.6,3,16,0.8,4,8,0.4,2,4,0.2,1,0,0.0,0,16,0.8,4
S06159,Subtraction,7,0,0.0,0,8,0.4,2,0,0.0,0,0,0.0,0,12,0.6,3,16,0.8,4,8,0.4,2,0,0.0,0
S04097,Fraction to Decimal,3,16,0.8,4,6,0.3,1,10,0.5,2,0,0.0,0,8,0.4,2,12,0.6,2,4,0.2,0,18,0.9,4
S03645,Addition,0,6,0.3,1,12,0.6,2,12,0.6,3,16,0.8,4,16,0.8,3,12,0.6,3,16,0.8,4,16,0.8,4
S05639,Addition,0,2,0.1,0,16,0.8,4,12,0.6,3,12,0.6,3,20,1.0,5,8,0.4,2,16,0.8,4,8,0.4,2
S04487,Multiplication,4,20,1.0,5,12,0.6,3,14,0.7,3,16,0.8,4,8,0.4,2,12,0.6,3,20,1.0,5,16,0.8,3
S01247,Subtraction,7,10,0.5,2,8,0.4,1,12,0.6,1,0,0.0,0,4,0.2,0,12,0.6,2,10,0.5,2,0,0.0,0
S05311,Multiplication,4,12,0.6,3,14,0.7,3,12,0.6,3,8,0.4,2,4,0.2,1,20,1.0,5,18,0.9,4,12,0.6,3
S03903,Multiplication,4,14,0.7,3,16,0.8,3,18,0.9,4,14,0.7,3,2,0.1,0,20,1.0,5,10,0.5,2,16,0.8,3
S03883,Division,2,6,0.3,1,12,0.6,3,4,0.2,1,18,0.9,4,16,0.8,3,14,0.7,3,8,0.4,2,16,0.8,3
S02735,Ordering Fractions,5,20,1.0,5,20,1.0,5,12,0.6,2,18,0.9,4,12,0.6,2,8,0.4,1,12,0.6,2,16,0.8,4
S01824,Multiplication,4,14,0.7,3,12,0.6,2,10,0.5,1,10,0.5,2,6,0.3,0,14,0.7,3,8,0.4,2,10,0.5,1
S04354,Fraction to Decimal,3,18,0.9,4,6,0.3,1,10,0.5,2,4,0.2,0,12,0.6,3,14,0.7,3,18,0.9,4,16,0.8,4
S00320,Addition,0,4,0.2,1,8,0.4,2,12,0.6,2,16,0.8,4,8,0.4,2,16,0.8,4,12,0.6,3,12,0.6,3
S05233,Multiplication,4,6,0.3,1,4,0.2,1,10,0.5,2,8,0.4,2,0,0.0,0,14,0.7,3,10,0.5,2,16,0.8,4
S00222,Addition,0,4,0.2,1,10,0.5,2,8,0.4,1,12,0.6,3,12,0.6,2,8,0.4,2,20,1.0,5,20,1.0,5
S02827,Comparing Fractions,1,6,0.3,0,2,0.1,0,8,0.4,1,4,0.2,1,12,0.6,3,8,0.4,2,12,0.6,2,16,0.8,3
S02015,Ordering Fractions,5,8,0.4,2,14,0.7,3,14,0.7,3,12,0.6,2,14,0.7,3,4,0.2,0,12,0.6,3,18,0.9,4
S01839,Fraction to Decimal,3,8,0.4,2,16,0.8,4,20,1.0,5,4,0.2,1,12,0.6,2,16,0.8,4,14,0.7,3,12,0.6,3
S04068,Addition,0,8,0.4,1,12,0.6,3,12,0.6,3,10,0.5,2,12,0.6,2,18,0.9,4,12,0.6,3,18,0.9,4
S05295,Division,2,12,0.6,3,12,0.6,3,4,0.2,1,12,0.6,3,12,0.6,3,8,0.4,2,8,0.4,2,20,1.0,5
S04411,Addition,0,0,0.0,0,10,0.5,2,16,0.8,4,12,0.6,2,14,0.7,3,10,0.5,2,14,0.7,3,12,0.6,2
S00088,Addition,0,8,0.4,2,20,1.0,5,10,0.5,2,18,0.9,4,12,0.6,3,12,0.6,3,12,0.6,1,16,0.8,4
S05390,Multiplication,4,4,0.2,1,6,0.3,1,10,0.5,2,8,0.4,2,4,0.2,1,14,0.7,3,12,0.6,3,4,0.2,1
S00558,Division,2,8,0.4,2,14,0.7,3,6,0.3,1,10,0.5,2,8,0.4,1,8,0.4,2,12,0.6,3,10,0.5,2
S04040,Addition,0,4,0.2,1,6,0.3,1,6,0.3,1,4,0.2,0,10,0.5,2,10,0.5,2,12,0.6,3,16,0.8,4
S01339,Ordering Fractions,5,12,0.6,3,14,0.7,2,20,1.0,5,8,0.4,2,12,0.6,2,6,0.3,1,10,0.5,2,12,0.6,3
S01953,Multiplication,4,8,0.4,2,12,0.6,3,16,0.8,4,4,0.2,1,0,0.0,0,8,0.4,2,8,0.4,1,12,0.6,3
S05510,Comparing Fractions,1,16,0.8,4,8,0.4,2,8,0.4,2,12,0.6,3,8,0.4,2,20,1.0,5,20,1.0,5,8,0.4,2
S04021,Addition,0,6,0.3,1,18,0.9,4,12,0.6,3,10,0.5,2,14,0.7,3,12,0.6,3,16,0.8,4,18,0.9,4
S00932,Comparing Fractions,1,4,0.2,1,2,0.1,0,8,0.4,2,10,0.5,2,8,0.4,2,12,0.6,2,10,0.5,2,10,0.5,2
S01223,Subtraction,7,18,0.9,4,14,0.7,3,10,0.5,2,12,0.6,2,6,0.3,1,14,0.7,3,12,0.6,2,4,0.2,0
S03942,Comparing Fractions,1,12,0.6,3,8,0.4,2,16,0.8,4,16,0.8,4,10,0.5,2,14,0.7,3,20,1.0,5,10,0.5,2
S02464,Subtraction,7,14,0.7,3,10,0.5,2,20,1.0,5,12,0.6,3,8,0.4,2,14,0.7,3,8,0.4,2,6,0.3,1
S03708,Multiplication,4,14,0.7,3,10,0.5,2,8,0.4,2,8,0.4,1,8,0.4,2,14,0.7,3,14,0.7,3,18,0.9,4
S03968,Division,2,12,0.6,3,10,0.5,2,4,0.2,0,14,0.7,3,10,0.5,2,16,0.8,4,10,0.5,2,16,0.8,4
S04082,Comparing Fractions,1,10,0.5,2,4,0.2,1,4,0.2,1,6,0.3,1,10,0.5,2,8,0.4,2,6,0.3,1,12,0.6,1
S00738,Fraction to Decimal,3,16,0.8,3,12,0.6,2,14,0.7,3,8,0.4,2,16,0.8,4,14,0.7,3,20,1.0,5,12,0.6,3
S00214,Subtraction,7,10,0.5,2,20,1.0,5,10,0.5,2,16,0.8,3,16,0.8,4,16,0.8,4,10,0.5,2,6,0.3,1
S00384,Fraction to Decimal,3,12,0.6,3,10,0.5,2,8,0.4,1,6,0.3,0,18,0.9,4,14,0.7,3,12,0.6,3,12,0.6,2
S02640,Division,2,16,0.8,3,14,0.7,3,0,0.0,0,8,0.4,0,10,0.5,2,8,0.4,1,12,0.6,2,8,0.4,1
S04877,Multiplication,4,10,0.5,2,14,0.7,3,20,1.0,5,16,0.8,4,8,0.4,1,12,0.6,3,8,0.4,2,16,0.8,4
S00758,Subtraction,7,12,0.6,3,14,0.7,3,12,0.6,3,20,1.0,5,10,0.5,2,12,0.6,2,12,0.6,2,10,0.5,2
S04911,Comparing Fractions,1,12,0.6,3,8,0.4,2,14,0.7,3,20,1.0,5,8,0.4,1,16,0.8,4,10,0.5,2,10,0.5,2
S05729,Simplifying Fractions,6,6,0.3,1,4,0.2,1,8,0.4,2,12,0.6,3,12,0.6,3,12,0.6,3,0,0.0,0,12,0.6,3
S05926,Subtraction,7,12,0.6,3,20,1.0,5,20,1.0,5,12,0.6,3,16,0.8,4,18,0.9,4,12,0.6,3,8,0.4,2
S01463,Multiplication,4,14,0.7,3,10,0.5,1,10,0.5,2,12,0.6,2,4,0.2,1,14,0.7,2,16,0.8,3,10,0.5,1
S04700,Multiplication,4,16,0.8,4,10,0.5,2,12,0.6,2,8,0.4,1,4,0.2,1,4,0.2,1,10,0.5,2,12,0.6,2
S01974,Subtraction,7,16,0.8,4,14,0.7,3,4,0.2,0,4,0.2,1,8,0.4,2,12,0.6,3,12,0.6,3,2,0.1,0
S03419,Ordering Fractions,5,18,0.9,4,12,0.6,3,14,0.7,3,10,0.5,1,18,0.9,4,8,0.4,2,10,0.5,2,10,0.5,2
S03548,Multiplication,4,12,0.6,3,10,0.5,2,10,0.5,2,8,0.4,1,4,0.2,0,4,0.2,0,16,0.8,4,6,0.3,1
S02155,Addition,0,2,0.1,0,4,0.2,1,10,0.5,2,6,0.3,1,6,0.3,1,14,0.7,3,6,0.3,1,10,0.5,2
S01110,Multiplication,4,10,0.5,2,16,0.8,4,14,0.7,3,10,0.5,2,6,0.3,1,14,0.7,3,8,0.4,1,14,0.7,3
S05591,Fraction to Decimal,3,0,0.0,0,4,0.2,1,4,0.2,1,0,0.0,0,10,0.5,2,16,0.8,4,4,0.2,1,4,0.2,1
S03358,Simplifying Fractions,6,14,0.7,2,12,0.6,3,12,0.6,3,12,0.6,2,14,0.7,3,10,0.5,2,6,0.3,0,14,0.7,3
S03076,Subtraction,7,6,0.3,1,14,0.7,3,10,0.5,2,12,0.6,2,12,0.6,3,12,0.6,3,20,1.0,5,2,0.1,0
S03610,Simplifying Fractions,6,14,0.7,3,8,0.4,2,12,0.6,3,14,0.7,3,14,0.7,2,14,0.7,3,6,0.3,1,12,0.6,2
S06023,Ordering Fractions,5,16,0.8,4,4,0.2,1,16,0.8,4,16,0.8,4,16,0.8,4,4,0.2,1,16,0.8,4,8,0.4,2
S02629,Ordering Fractions,5,18,0.9,4,16,0.8,4,14,0.7,3,14,0.7,3,8,0.4,2,8,0.4,1,14,0.7,3,16,0.8,4
S04472,Division,2,14,0.7,3,12,0.6,3,2,0.1,0,16,0.8,4,18,0.9,4,8,0.4,2,14,0.7,3,12,0.6,3
S05682,Subtraction,7,8,0.4,2,8,0.4,2,20,1.0,5,16,0.8,4,12,0.6,3,8,0.4,2,10,0.5,2,8,0.4,2
S05770,Simplifying Fractions,6,12,0.6,3,12,0.6,3,12,0.6,3,8,0.4,2,8,0.4,2,12,0.6,3,0,0.0,0,16,0.8,4
S05391,Division,2,14,0.7,3,18,0.9,4,0,0.0,0,18,0.9,4,12,0.6,3,16,0.8,4,12,0.6,3,12,0.6,3
S03034,Ordering Fractions,5,18,0.9,4,4,0.2,0,12,0.6,3,18,0.9,4,14,0.7,3,4,0.2,1,4,0.2,1,16,0.8,4
S01663,Multiplication,4,14,0.7,2,10,0.5,1,8,0.4,2,8,0.4,2,6,0.3,1,10,0.5,2,12,0.6,2,10,0.5,2
S01333,Fraction to Decimal,3,6,0.3,1,16,0.8,3,6,0.3,1,4,0.2,1,20,1.0,5,6,0.3,1,14,0.7,3,8,0.4,1
S04325,Subtraction,7,20,1.0,5,12,0.6,3,18,0.9,4,10,0.5,2,18,0.9,4,14,0.7,3,16,0.8,4,8,0.4,1
S00136,Ordering Fractions,5,10,0.5,1,10,0.5,1,14,0.7,3,12,0.6,3,12,0.6,2,4,0.2,1,10,0.5,1,10,0.5,2
S00446,Ordering Fractions,5,16,0.8,4,10,0.5,2,10,0.5,2,12,0.6,3,14,0.7,2,4,0.2,0,16,0.8,4,12,0.6,3
S00288,Addition,0,10,0.5,2,20,1.0,5,14,0.7,3,16,0.8,3,14,0.7,3,16,0.8,4,12,0.6,3,14,0.7,3
S06182,Subtraction,7,16,0.8,4,4,0.2,1,4,0.2,1,8,0.4,2,20,1.0,5,12,0.6,3,8,0.4,2,0,0.0,0
S05900,Simplifying Fractions,6,12,0.6,3,16,0.8,4,8,0.4,2,8,0.4,2,16,0.8,4,8,0.4,2,4,0.2,1,14,0.7,3
S01533,Addition,0,4,0.2,0,8,0.4,2,18,0.9,4,4,0.2,1,6,0.3,1,8,0.4,2,8,0.4,1,10,0.5,2
S05910,Addition,0,0,0.0,0,8,0.4,2,8,0.4,2,8,0.4,2,8,0.4,2,12,0.6,3,16,0.8,4,8,0.4,2
S06140,Subtraction,7,20,1.0,5,16,0.8,4,4,0.2,1,16,0.8,4,16,0.8,4,8,0.4,2,12,0.6,3,4,0.2,1
S04277,Simplifying Fractions,6,16,0.8,4,8,0.4,2,10,0.5,2,12,0.6,2,16,0.8,4,16,0.8,4,8,0.4,2,16,0.8,3
S06358,Comparing Fractions,1,8,0.4,2,4,0.2,1,4,0.2,1,16,0.8,4,12,0.6,3,12,0.6,3,4,0.2,1,8,0.4,2
S02046,Comparing Fractions,1,14,0.7,3,10,0.5,2,16,0.8,4,16,0.8,4,14,0.7,3,16,0.8,4,14,0.7,3,16,0.8,3
S01990,Ordering Fractions,5,14,0.7,3,10,0.5,2,4,0.2,0,14,0.7,3,16,0.8,4,2,0.1,0,6,0.3,1,12,0.6,3
S04737,Addition,0,2,0.1,0,12,0.6,3,8,0.4,2,16,0.8,3,14,0.7,2,14,0.7,3,14,0.7,3,6,0.3,1
S05808,Multiplication,4,10,0.5,2,20,1.0,5,10,0.5,2,8,0.4,2,0,0.0,0,12,0.6,3,14,0.7,3,8,0.4,2
S01712,Multiplication,4,8,0.4,2,14,0.7,3,12,0.6,3,10,0.5,2,6,0.3,1,16,0.8,4,16,0.8,3,14,0.7,3
S00353,Multiplication,4,10,0.5,1,6,0.3,1,12,0.6,3,4,0.2,0,4,0.2,0,10,0.5,2,4,0.2,1,12,0.6,3
S00387,Addition,0,4,0.2,1,8,0.4,1,14,0.7,2,16,0.8,4,16,0.8,3,12,0.6,3,8,0.4,1,12,0.6,2
S00712,Fraction to Decimal,3,18,0.9,4,10,0.5,2,4,0.2,0,2,0.1,0,8,0.4,2,4,0.2,1,4,0.2,1,20,1.0,5
S04413,Ordering Fractions,5,10,0.5,2,12,0.6,3,14,0.7,3,10,0.5,2,16,0.8,4,8,0.4,2,10,0.5,2,16,0.8,4
S00191,Multiplication,4,8,0.4,2,10,0.5,2,12,0.6,3,10,0.5,2,4,0.2,1,20,1.0,5,16,0.8,4,10,0.5,2
S01860,Fraction to Decimal,3,16,0.8,4,18,0.9,4,10,0.5,2,6,0.3,0,20,1.0,5,14,0.7,2,12,0.6,3,8,0.4,1
S05924,Subtraction,7,20,1.0,5,12,0.6,3,14,0.7,3,8,0.4,2,8,0.4,2,8,0.4,2,10,0.5,2,4,0.2,1
S06202,Subtraction,7,8,0.4,2,8,0.4,2,4,0.2,1,8,0.4,2,16,0.8,4,16,0.8,4,8,0.4,2,4,0.2,1
S03141,Simplifying Fractions,6,12,0.6,3,10,0.5,2,20,1.0,5,6,0.3,1,16,0.8,4,14,0.7,3,6,0.3,0,10,0.5,2
S01320,Ordering Fractions,5,14,0.7,3,8,0.4,2,10,0.5,2,8,0.4,1,6,0.3,1,2,0.1,0,8,0.4,1,6,0.3,1
S05542,Comparing Fractions,1,14,0.7,3,4,0.2,1,12,0.6,3,20,1.0,5,16,0.8,4,14,0.7,3,12,0.6,3,8,0.4,2
S00430,Addition,0,4,0.2,1,12,0.6,3,12,0.6,3,12,0.6,3,14,0.7,3,16,0.8,4,4,0.2,1,18,0.9,4
S04173,Fraction to Decimal,3,12,0.6,2,4,0.2,1,12,0.6,3,2,0.1,0,16,0.8,4,18,0.9,4,16,0.8,3,16,0.8,3
S02436,Ordering Fractions,5,16,0.8,4,20,1.0,5,14,0.7,3,14,0.7,3,16,0.8,3,12,0.6,3,14,0.7,3,12,0.6,3
S03137,Multiplication,4,14,0.7,3,16,0.8,4,18,0.9,4,14,0.7,3,12,0.6,3,18,0.9,4,18,0.9,4,16,0.8,3
S05862,Simplifying Fractions,6,12,0.6,3,8,0.4,2,8,0.4,2,12,0.6,3,20,1.0,5,20,1.0,5,4,0.2,1,12,0.6,3
S05880,Ordering Fractions,5,8,0.4,2,12,0.6,3,12,0.6,3,12,0.6,3,8,0.4,2,0,0.0,0,18,0.9,4,8,0.4,2
S03344,Division,2,14,0.7,3,10,0.5,2,4,0.2,0,14,0.7,3,10,0.5,2,14,0.7,3,6,0.3,1,18,0.9,4
S04365,Division,2,12,0.6,3,16,0.8,3,4,0.2,1,10,0.5,2,6,0.3,1,14,0.7,3,18,0.9,4,8,0.4,1
S02180,Ordering Fractions,5,8,0.4,2,10,0.5,2,8,0.4,1,14,0.7,2,16,0.8,4,8,0.4,2,14,0.7,3,8,0.4,2
S05288,Comparing Fractions,1,8,0.4,2,0,0.0,0,8,0.4,2,2,0.1,0,16,0.8,4,18,0.9,4,6,0.3,1,12,0.6,3
S04378,Simplifying Fractions,6,14,0.7,3,16,0.8,4,14,0.7,3,8,0.4,2,10,0.5,2,10,0.5,2,2,0.1,0,10,0.5,2
S05812,Division,2,4,0.2,1,12,0.6,3,0,0.0,0,10,0.5,2,10,0.5,2,0,0.0,0,4,0.2,1,10,0.5,2
S02527,Division,2,16,0.8,4,12,0.6,3,4,0.2,0,18,0.9,4,10,0.5,2,6,0.3,1,10,0.5,1,12,0.6,3
S03622,Multiplication,4,10,0.5,2,16,0.8,3,18,0.9,4,14,0.7,3,6,0.3,1,14,0.7,3,12,0.6,3,8,0.4,1
S03795,Comparing Fractions,1,12,0.6,3,4,0.2,1,14,0.7,3,18,0.9,4,14,0.7,3,6,0.3,1,4,0.2,1,8,0.4,2
S05118,Addition,0,0,0.0,0,6,0.3,1,8,0.4,2,4,0.2,1,10,0.5,2,8,0.4,2,14,0.7,3,8,0.4,2
S06148,Division,2,8,0.4,2,4,0.2,1,0,0.0,0,12,0.6,3,12,0.6,3,16,0.8,4,12,0.6,3,8,0.4,2
S05360,Division,2,20,1.0,5,12,0.6,3,4,0.2,1,8,0.4,2,12,0.6,3,12,0.6,3,14,0.7,3,8,0.4,2
S02970,Fraction to Decimal,3,12,0.6,3,18,0.9,4,16,0.8,4,4,0.2,1,12,0.6,3,16,0.8,4,16,0.8,4,16,0.8,3
S05744,Comparing Fractions,1,10,0.5,2,0,0.0,0,8,0.4,2,8,0.4,2,8,0.4,2,16,0.8,4,12,0.6,3,4,0.2,1
S05441,Simplifying Fractions,6,18,0.9,4,12,0.6,3,16,0.8,4,14,0.7,3,10,0.5,2,16,0.8,4,8,0.4,2,12,0.6,3
S04157,Simplifying Fractions,6,14,0.7,3,6,0.3,1,16,0.8,4,10,0.5,2,18,0.9,4,12,0.6,3,6,0.3,1,8,0.4,1
S04230,Addition,0,6,0.3,1,16,0.8,4,14,0.7,3,14,0.7,3,16,0.8,4,18,0.9,4,8,0.4,1,16,0.8,4
S02327,Subtraction,7,14,0.7,3,16,0.8,4,8,0.4,1,12,0.6,3,10,0.5,2,12,0.6,2,14,0.7,3,6,0.3,1
S05698,Subtraction,7,10,0.5,2,12,0.6,3,16,0.8,4,12,0.6,3,14,0.7,3,8,0.4,2,8,0.4,2,8,0.4,2
S03684,Subtraction,7,16,0.8,4,8,0.4,1,8,0.4,1,6,0.3,1,14,0.7,3,12,0.6,2,12,0.6,2,6,0.3,0
S06005,Addition,0,8,0.4,2,16,0.8,4,16,0.8,4,16,0.8,4,16,0.8,4,20,1.0,5,20,1.0,5,12,0.6,3
S02469,Ordering Fractions,5,14,0.7,3,10,0.5,2,12,0.6,3,18,0.9,4,10,0.5,2,10,0.5,2,14,0.7,3,16,0.8,3
S01590,Simplifying Fractions,6,18,0.9,4,8,0.4,1,12,0.6,2,12,0.6,3,20,1.0,5,16,0.8,4,8,0.4,2,16,0.8,4
S00049,Multiplication,4,18,0.9,4,10,0.5,2,12,0.6,3,16,0.8,4,8,0.4,2,14,0.7,3,16,0.8,4,14,0.7,2
S05056,Addition,0,2,0.1,0,8,0.4,2,6,0.3,1,4,0.2,1,10,0.5,2,8,0.4,2,4,0.2,1,4,0.2,1
S00494,Simplifying Fractions,6,6,0.3,1,12,0.6,2,12,0.6,3,16,0.8,4,14,0.7,3,12,0.6,3,4,0.2,1,8,0.4,1
S03501,Fraction to Decimal,3,20,1.0,5,18,0.9,4,18,0.9,4,8,0.4,2,10,0.5,2,12,0.6,2,16,0.8,3,18,0.9,4
S02369,Subtraction,7,16,0.8,4,10,0.5,2,14,0.7,3,16,0.8,4,12,0.6,2,10,0.5,2,12,0.6,3,10,0.5,2
S05057,Subtraction,7,8,0.4,2,18,0.9,4,12,0.6,3,14,0.7,3,8,0.4,2,16,0.8,4,18,0.9,4,4,0.2,1
S02380,Fraction to Decimal,3,16,0.8,4,12,0.6,2,10,0.5,2,8,0.4,2,16,0.8,4,12,0.6,3,12,0.6,3,20,1.0,5
S05018,Division,2,10,0.5,2,4,0.2,1,2,0.1,0,4,0.2,1,8,0.4,2,8,0.4,2,10,0.5,2,20,1.0,5
S04621,Ordering Fractions,5,10,0.5,2,6,0.3,0,10,0.5,2,10,0.5,2,18,0.9,4,6,0.3,1,12,0.6,3,12,0.6,2
S01180,Simplifying Fractions,6,16,0.8,3,12,0.6,3,20,1.0,5,8,0.4,2,16,0.8,4,14,0.7,3,0,0.0,0,10,0.5,1
S03894,Simplifying Fractions,6,14,0.7,3,12,0.6,2,12,0.6,3,14,0.7,3,12,0.6,2,6,0.3,0,6,0.3,1,10,0.5,2
S03946,Comparing Fractions,1,10,0.5,2,10,0.5,2,16,0.8,4,10,0.5,2,14,0.7,3,18,0.9,4,14,0.7,3,16,0.8,4
S05063,Addition,0,4,0.2,1,12,0.6,3,16,0.8,4,16,0.8,4,18,0.9,4,8,0.4,2,18,0.9,4,14,0.7,3
S02309,Addition,0,4,0.2,1,14,0.7,2,12,0.6,3,12,0.6,3,12,0.6,3,16,0.8,4,12,0.6,3,6,0.3,1
S05254,Addition,0,4,0.2,1,18,0.9,4,12,0.6,3,14,0.7,3,14,0.7,3,8,0.4,2,8,0.4,2,10,0.5,2
S02498,Addition,0,6,0.3,0,8,0.4,1,10,0.5,2,8,0.4,2,8,0.4,1,10,0.5,1,14,0.7,3,8,0.4,1
S04856,Addition,0,6,0.3,1,20,1.0,5,12,0.6,3,16,0.8,4,12,0.6,3,8,0.4,2,14,0.7,3,16,0.8,4
S01457,Comparing Fractions,1,10,0.5,2,6,0.3,1,10,0.5,2,8,0.4,2,12,0.6,2,6,0.3,1,14,0.7,3,10,0.5,1
S04764,Division,2,10,0.5,2,16,0.8,3,8,0.4,2,10,0.5,2,12,0.6,3,12,0.6,3,10,0.5,2,10,0.5,2
S00827,Division,2,12,0.6,2,12,0.6,3,4,0.2,1,6,0.3,0,16,0.8,4,14,0.7,3,4,0.2,1,6,0.3,1
S05681,Simplifying Fractions,6,8,0.4,2,20,1.0,5,8,0.4,2,12,0.6,3,12,0.6,3,12,0.6,3,6,0.3,1,12,0.6,3
S05352,Multiplication,4,16,0.8,4,20,1.0,5,12,0.6,3,16,0.8,4,12,0.6,3,16,0.8,4,18,0.9,4,16,0.8,4
S03148,Addition,0,10,0.5,2,14,0.7,3,10,0.5,1,18,0.9,4,14,0.7,3,20,1.0,5,12,0.6,2,10,0.5,2
S03572,Simplifying Fractions,6,10,0.5,1,14,0.7,2,16,0.8,3,16,0.8,3,16,0.8,4,14,0.7,3,10,0.5,2,18,0.9,4
S01372,Fraction to Decimal,3,10,0.5,2,14,0.7,3,10,0.5,2,0,0.0,0,8,0.4,2,14,0.7,3,8,0.4,1,16,0.8,4
S00256,Division,2,12,0.6,3,16,0.8,3,8,0.4,2,12,0.6,2,20,1.0,5,12,0.6,3,18,0.9,4,14,0.7,3
S00125,Comparing Fractions,1,18,0.9,4,4,0.2,0,8,0.4,1,8,0.4,1,20,1.0,5,8,0.4,2,16,0.8,4,16,0.8,3
S04336,Addition,0,6,0.3,1,10,0.5,2,6,0.3,1,10,0.5,2,12,0.6,3,6,0.3,1,6,0.3,1,12,0.6,2
S02586,Simplifying Fractions,6,10,0.5,2,16,0.8,4,12,0.6,3,10,0.5,1,4,0.2,0,12,0.6,3,2,0.1,0,14,0.7,3
S04170,Simplifying Fractions,6,6,0.3,1,12,0.6,2,12,0.6,2,10,0.5,1,12,0.6,3,10,0.5,2,6,0.3,0,8,0.4,0
S03709,Division,2,18,0.9,4,16,0.8,4,8,0.4,2,16,0.8,4,8,0.4,1,12,0.6,2,10,0.5,2,16,0.8,4
S03697,Simplifying Fractions,6,16,0.8,4,14,0.7,2,8,0.4,2,14,0.7,3,8,0.4,2,12,0.6,3,8,0.4,2,12,0.6,3
S00740,Multiplication,4,20,1.0,5,6,0.3,1,12,0.6,3,12,0.6,2,6,0.3,1,10,0.5,2,14,0.7,3,10,0.5,2
S02772,Addition,0,8,0.4,2,12,0.6,3,16,0.8,4,10,0.5,2,16,0.8,3,20,1.0,5,8,0.4,2,12,0.6,3
S06104,Division,2,12,0.6,3,20,1.0,5,0,0.0,0,12,0.6,3,12,0.6,3,4,0.2,1,16,0.8,4,20,1.0,5
S04243,Multiplication,4,12,0.6,3,16,0.8,3,10,0.5,2,8,0.4,1,4,0.2,1,14,0.7,3,12,0.6,2,16,0.8,4
S03081,Fraction to Decimal,3,14,0.7,3,12,0.6,3,8,0.4,1,8,0.4,2,14,0.7,3,14,0.7,3,10,0.5,2,10,0.5,2
S04349,Multiplication,4,12,0.6,3,14,0.7,3,12,0.6,3,14,0.7,3,8,0.4,2,20,1.0,5,14,0.7,3,16,0.8,3
S03918,Ordering Fractions,5,20,1.0,5,16,0.8,4,14,0.7,3,10,0.5,2,20,1.0,5,4,0.2,1,14,0.7,3,16,0.8,3
S01269,Comparing Fractions,1,14,0.7,3,8,0.4,2,12,0.6,3,10,0.5,2,12,0.6,3,8,0.4,2,14,0.7,3,12,0.6,2
S02297,Division,2,18,0.9,4,14,0.7,3,6,0.3,1,8,0.4,2,12,0.6,2,12,0.6,3,12,0.6,3,12,0.6,2
S00563,Multiplication,4,10,0.5,2,6,0.3,1,12,0.6,2,10,0.5,1,6,0.3,1,8,0.4,2,16,0.8,3,6,0.3,1
S01872,Ordering Fractions,5,12,0.6,3,6,0.3,1,10,0.5,2,4,0.2,0,12,0.6,3,2,0.1,0,12,0.6,2,10,0.5,2
S03443,Addition,0,2,0.1,0,6,0.3,1,14,0.7,3,6,0.3,1,4,0.2,1,4,0.2,1,12,0.6,2,16,0.8,4
S03934,Subtraction,7,12,0.6,3,10,0.5,2,20,1.0,5,8,0.4,2,10,0.5,1,6,0.3,1,10,0.5,2,4,0.2,1
S02103,Ordering Fractions,5,12,0.6,3,16,0.8,3,12,0.6,3,14,0.7,3,8,0.4,1,0,0.0,0,4,0.2,0,16,0.8,4
S02320,Division,2,14,0.7,3,10,0.5,2,10,0.5,2,18,0.9,4,20,1.0,5,10,0.5,2,12,0.6,3,14,0.7,3
S03779,Multiplication,4,20,1.0,5,18,0.9,4,14,0.7,3,18,0.9,4,4,0.2,1,12,0.6,2,16,0.8,3,14,0.7,3
S02158,Subtraction,7,16,0.8,4,14,0.7,3,16,0.8,4,10,0.5,2,20,1.0,5,16,0.8,3,20,1.0,5,10,0.5,2
S05164,Subtraction,7,14,0.7,3,12,0.6,3,12,0.6,3,8,0.4,2,12,0.6,3,12,0.6,3,14,0.7,3,8,0.4,2
S01469,Ordering Fractions,5,18,0.9,4,12,0.6,3,12,0.6,3,12,0.6,3,10,0.5,1,8,0.4,1,12,0.6,3,12,0.6,3
S00959,Division,2,16,0.8,4,14,0.7,3,6,0.3,1,12,0.6,3,10,0.5,2,10,0.5,2,14,0.7,3,12,0.6,3
S04607,Ordering Fractions,5,10,0.5,2,6,0.3,1,10,0.5,1,12,0.6,3,6,0.3,1,6,0.3,1,14,0.7,3,10,0.5,1
S06259,Comparing Fractions,1,12,0.6,3,4,0.2,1,20,1.0,5,8,0.4,2,12,0.6,3,20,1.0,5,16,0.8,4,20,1.0,5
S00097,Subtraction,7,16,0.8,3,14,0.7,3,8,0.4,1,10,0.5,2,4,0.2,0,12,0.6,2,10,0.5,2,4,0.2,0
S00633,Division,2,6,0.3,1,10,0.5,2,2,0.1,0,6,0.3,1,16,0.8,4,16,0.8,3,14,0.7,3,8,0.4,2
S02277,Comparing Fractions,1,12,0.6,3,6,0.3,1,16,0.8,4,14,0.7,3,12,0.6,3,14,0.7,3,12,0.6,3,16,0.8,3
S03576,Addition,0,10,0.5,2,14,0.7,3,12,0.6,3,12,0.6,3,14,0.7,3,14,0.7,3,20,1.0,5,12,0.6,3
S01731,Multiplication,4,14,0.7,3,16,0.8,4,16,0.8,3,8,0.4,1,6,0.3,1,20,1.0,5,16,0.8,4,18,0.9,4
S06146,Simplifying Fractions,6,16,0.8,4,12,0.6,3,12,0.6,3,16,0.8,4,4,0.2,1,8,0.4,2,4,0.2,1,16,0.8,4
S06121,Subtraction,7,8,0.4,2,12,0.6,3,4,0.2,1,16,0.8,4,16,0.8,4,4,0.2,1,12,0.6,3,0,0.0,0
S00777,Fraction to Decimal,3,18,0.9,4,20,1.0,5,12,0.6,3,8,0.4,2,20,1.0,5,12,0.6,3,18,0.9,4,20,1.0,5
S02072,Addition,0,6,0.3,1,16,0.8,4,8,0.4,1,8,0.4,1,16,0.8,4,14,0.7,3,8,0.4,2,12,0.6,2
S02430,Ordering Fractions,5,10,0.5,2,18,0.9,4,12,0.6,3,8,0.4,2,6,0.3,1,2,0.1,0,10,0.5,1,14,0.7,3
S00955,Multiplication,4,10,0.5,2,18,0.9,4,10,0.5,2,14,0.7,3,4,0.2,1,14,0.7,3,10,0.5,2,10,0.5,2
S03547,Comparing Fractions,1,10,0.5,1,8,0.4,1,12,0.6,2,10,0.5,2,12,0.6,3,16,0.8,4,12,0.6,3,12,0.6,3
S03561,Multiplication,4,12,0.6,2,8,0.4,1,6,0.3,1,12,0.6,2,6,0.3,1,12,0.6,3,16,0.8,4,12,0.6,3
S06297,Simplifying Fractions,6,12,0.6,3,8,0.4,2,4,0.2,1,4,0.2,1,12,0.6,3,12,0.6,3,0,0.0,0,4,0.2,1
S04387,Addition,0,2,0.1,0,8,0.4,1,8,0.4,1,12,0.6,3,10,0.5,2,6,0.3,1,20,1.0,5,14,0.7,3
S05550,Comparing Fractions,1,20,1.0,5,8,0.4,2,12,0.6,3,14,0.7,3,18,0.9,4,8,0.4,2,10,0.5,2,16,0.8,4
S03793,Multiplication,4,12,0.6,2,12,0.6,2,16,0.8,4,10,0.5,1,8,0.4,2,14,0.7,3,12,0.6,2,12,0.6,2
S02918,Subtraction,7,14,0.7,3,6,0.3,1,6,0.3,1,6,0.3,1,10,0.5,2,14,0.7,2,18,0.9,4,2,0.1,0
S04701,Simplifying Fractions,6,10,0.5,2,18,0.9,4,12,0.6,2,16,0.8,3,16,0.8,4,18,0.9,4,6,0.3,0,12,0.6,3
S01438,Fraction to Decimal,3,14,0.7,3,8,0.4,2,16,0.8,3,4,0.2,0,20,1.0,5,16,0.8,4,16,0.8,4,8,0.4,1
S03063,Ordering Fractions,5,10,0.5,2,16,0.8,3,10,0.5,2,6,0.3,1,12,0.6,2,4,0.2,0,18,0.9,4,14,0.7,3
S04502,Comparing Fractions,1,16,0.8,4,10,0.5,2,14,0.7,3,12,0.6,2,12,0.6,3,18,0.9,4,12,0.6,3,14,0.7,3
S03095,Simplifying Fractions,6,12,0.6,2,8,0.4,2,10,0.5,2,8,0.4,2,14,0.7,3,10,0.5,2,2,0.1,0,14,0.7,3
S03695,Subtraction,7,6,0.3,1,10,0.5,2,12,0.6,3,12,0.6,2,10,0.5,2,14,0.7,3,12,0.6,3,4,0.2,0
S01798,Division,2,16,0.8,4,20,1.0,5,4,0.2,1,8,0.4,2,14,0.7,3,18,0.9,4,12,0.6,2,12,0.6,3
S02260,Subtraction,7,12,0.6,2,6,0.3,1,4,0.2,0,6,0.3,1,16,0.8,4,18,0.9,4,12,0.6,2,4,0.2,1
S00058,Multiplication,4,16,0.8,3,16,0.8,4,6,0.3,1,12,0.6,3,4,0.2,1,10,0.5,2,14,0.7,3,16,0.8,4
S04703,Fraction to Decimal,3,12,0.6,2,14,0.7,3,4,0.2,1,2,0.1,0,4,0.2,0,14,0.7,3,12,0.6,2,14,0.7,3
S01194,Multiplication,4,10,0.5,2,14,0.7,3,16,0.8,4,10,0.5,2,4,0.2,1,12,0.6,2,8,0.4,2,12,0.6,3
S03369,Comparing Fractions,1,12,0.6,2,6,0.3,1,12,0.6,3,12,0.6,3,18,0.9,4,12,0.6,3,14,0.7,3,14,0.7,3
S02248,Multiplication,4,12,0.6,2,16,0.8,4,12,0.6,3,12,0.6,2,6,0.3,0,8,0.4,2,12,0.6,2,12,0.6,3
S03482,Fraction to Decimal,3,16,0.8,4,4,0.2,0,10,0.5,2,2,0.1,0,4,0.2,0,8,0.4,1,8,0.4,1,12,0.6,3
S00596,Ordering Fractions,5,14,0.7,2,16,0.8,4,12,0.6,3,14,0.7,3,12,0.6,2,10,0.5,2,18,0.9,4,10,0.5,2
S01078,Subtraction,7,12,0.6,2,12,0.6,3,14,0.7,3,6,0.3,1,8,0.4,2,12,0.6,2,6,0.3,1,4,0.2,1
S02442,Comparing Fractions,1,18,0.9,4,6,0.3,1,14,0.7,3,10,0.5,2,14,0.7,3,12,0.6,3,14,0.7,3,8,0.4,2
S02710,Ordering Fractions,5,12,0.6,2,12,0.6,2,12,0.6,3,8,0.4,1,12,0.6,3,4,0.2,1,8,0.4,1,16,0.8,3
S06205,Subtraction,7,16,0.8,4,12,0.6,3,8,0.4,2,4,0.2,1,12,0.6,3,4,0.2,1,8,0.4,2,0,0.0,0
S01531,Multiplication,4,12,0.6,3,16,0.8,4,12,0.6,3,14,0.7,3,12,0.6,3,16,0.8,4,18,0.9,4,14,0.7,3
S04519,Simplifying Fractions,6,12,0.6,3,16,0.8,4,14,0.7,3,16,0.8,3,16,0.8,4,16,0.8,4,8,0.4,1,18,0.9,4
S00073,Ordering Fractions,5,14,0.7,3,10,0.5,2,14,0.7,3,14,0.7,3,14,0.7,3,6,0.3,0,16,0.8,4,12,0.6,2
S06288,Simplifying Fractions,6,16,0.8,4,8,0.4,2,12,0.6,3,4,0.2,1,12,0.6,3,12,0.6,3,0,0.0,0,16,0.8,4
S02725,Division,2,10,0.5,2,14,0.7,3,4,0.2,1,14,0.7,3,18,0.9,4,18,0.9,4,10,0.5,1,18,0.9,4
S02895,Division,2,8,0.4,1,14,0.7,3,2,0.1,0,10,0.5,1,4,0.2,1,18,0.9,4,8,0.4,2,8,0.4,1
S04655,Addition,0,6,0.3,0,16,0.8,4,12,0.6,3,8,0.4,1,6,0.3,0,8,0.4,2,12,0.6,2,18,0.9,4
S02806,Fraction to Decimal,3,6,0.3,1,18,0.9,4,16,0.8,4,4,0.2,0,6,0.3,1,14,0.7,3,12,0.6,3,6,0.3,1
S01412,Comparing Fractions,1,14,0.7,3,4,0.2,1,12,0.6,2,10,0.5,2,14,0.7,2,14,0.7,3,16,0.8,3,12,0.6,3
S02989,Multiplication,4,14,0.7,3,6,0.3,0,14,0.7,3,16,0.8,4,4,0.2,0,10,0.5,2,6,0.3,1,12,0.6,3
S01007,Multiplication,4,10,0.5,2,10,0.5,2,6,0.3,1,10,0.5,2,2,0.1,0,2,0.1,0,14,0.7,3,10,0.5,2
S01109,Addition,0,6,0.3,1,10,0.5,2,8,0.4,2,12,0.6,2,16,0.8,4,14,0.7,3,14,0.7,2,8,0.4,1
S04810,Ordering Fractions,5,12,0.6,3,16,0.8,4,16,0.8,4,12,0.6,3,12,0.6,3,6,0.3,1,20,1.0,5,14,0.7,3
S04809,Division,2,8,0.4,1,12,0.6,3,4,0.2,1,10,0.5,1,6,0.3,1,6,0.3,1,6,0.3,1,14,0.7,3
S00899,Subtraction,7,14,0.7,3,14,0.7,3,16,0.8,3,14,0.7,3,18,0.9,4,14,0.7,3,16,0.8,4,0,0.0,0
S00999,Subtraction,7,6,0.3,1,10,0.5,2,10,0.5,1,10,0.5,1,8,0.4,2,12,0.6,3,10,0.5,2,4,0.2,1
S00482,Comparing Fractions,1,8,0.4,2,4,0.2,1,8,0.4,2,10,0.5,2,14,0.7,3,14,0.7,3,10,0.5,2,12,0.6,2
S04189,Multiplication,4,12,0.6,2,12,0.6,2,4,0.2,1,6,0.3,1,4,0.2,1,16,0.8,4,6,0.3,1,12,0.6,3
S05379,Addition,0,0,0.0,0,12,0.6,3,16,0.8,4,8,0.4,2,4,0.2,1,2,0.1,0,20,1.0,5,12,0.6,3
S00451,Comparing Fractions,1,12,0.6,3,6,0.3,1,14,0.7,3,14,0.7,3,12,0.6,2,8,0.4,1,12,0.6,3,16,0.8,3
S05508,Multiplication,4,14,0.7,3,16,0.8,4,4,0.2,1,4,0.2,1,0,0.0,0,14,0.7,3,10,0.5,2,18,0.9,4
S02954,Fraction to Decimal,3,12,0.6,3,14,0.7,3,12,0.6,3,10,0.5,2,10,0.5,2,14,0.7,3,14,0.7,3,14,0.7,2
S02074,Multiplication,4,8,0.4,2,8,0.4,2,16,0.8,4,8,0.4,2,6,0.3,1,20,1.0,5,8,0.4,1,12,0.6,3
S03297,Comparing Fractions,1,10,0.5,2,0,0.0,0,8,0.4,1,6,0.3,1,6,0.3,1,6,0.3,1,6,0.3,1,10,0.5,2
S04111,Subtraction,7,14,0.7,3,8,0.4,2,10,0.5,2,14,0.7,3,12,0.6,3,10,0.5,2,8,0.4,1,8,0.4,2
S04652,Ordering Fractions,5,14,0.7,3,20,1.0,5,18,0.9,4,20,1.0,5,16,0.8,4,12,0.6,3,16,0.8,3,18,0.9,4
S02697,Simplifying Fractions,6,16,0.8,4,8,0.4,2,8,0.4,1,6,0.3,0,12,0.6,2,14,0.7,2,6,0.3,1,16,0.8,3
S04446,Subtraction,7,16,0.8,3,16,0.8,3,10,0.5,2,14,0.7,3,10,0.5,2,12,0.6,3,12,0.6,3,6,0.3,1
S04841,Fraction to Decimal,3,14,0.7,3,10,0.5,1,8,0.4,2,4,0.2,1,8,0.4,1,6,0.3,1,14,0.7,3,10,0.5,2
S00832,Multiplication,4,10,0.5,2,10,0.5,2,8,0.4,2,8,0.4,0,0,0.0,0,6,0.3,1,10,0.5,2,10,0.5,2
S02268,Fraction to Decimal,3,14,0.7,3,10,0.5,1,8,0.4,2,6,0.3,1,14,0.7,2,16,0.8,4,20,1.0,5,16,0.8,4
S00597,Addition,0,6,0.3,1,12,0.6,3,12,0.6,3,12,0.6,2,16,0.8,4,10,0.5,2,14,0.7,3,14,0.7,3
S00134,Fraction to Decimal,3,18,0.9,4,6,0.3,1,10,0.5,2,6,0.3,1,14,0.7,3,16,0.8,4,10,0.5,2,8,0.4,2
S02418,Ordering Fractions,5,14,0.7,3,6,0.3,1,18,0.9,4,14,0.7,3,12,0.6,2,6,0.3,0,10,0.5,2,16,0.8,4
S02605,Fraction to Decimal,3,20,1.0,5,12,0.6,1,10,0.5,1,10,0.5,2,12,0.6,2,14,0.7,3,16,0.8,3,18,0.9,4
S02762,Division,2,8,0.4,2,14,0.7,3,8,0.4,2,14,0.7,3,8,0.4,1,18,0.9,4,10,0.5,2,16,0.8,4
S02494,Simplifying Fractions,6,16,0.8,4,6,0.3,1,10,0.5,2,12,0.6,2,12,0.6,3,12,0.6,2,4,0.2,0,8,0.4,2
S01220,Addition,0,6,0.3,0,12,0.6,2,12,0.6,2,14,0.7,3,12,0.6,3,12,0.6,3,16,0.8,4,16,0.8,4
S05548,Comparing Fractions,1,8,0.4,2,4,0.2,1,8,0.4,2,8,0.4,2,12,0.6,3,12,0.6,3,8,0.4,2,12,0.6,3
S00722,Simplifying Fractions,6,8,0.4,1,10,0.5,2,16,0.8,3,8,0.4,0,18,0.9,4,4,0.2,0,4,0.2,0,14,0.7,3
S00063,Division,2,10,0.5,2,8,0.4,2,4,0.2,1,16,0.8,3,8,0.4,1,12,0.6,3,10,0.5,1,8,0.4,1
S06058,Comparing Fractions,1,12,0.6,3,0,0.0,0,8,0.4,2,4,0.2,1,8,0.4,2,4,0.2,1,4,0.2,1,8,0.4,2
S01669,Fraction to Decimal,3,14,0.7,3,12,0.6,2,16,0.8,3,8,0.4,1,14,0.7,3,12,0.6,3,12,0.6,2,16,0.8,4
S05538,Addition,0,4,0.2,1,12,0.6,3,20,1.0,5,8,0.4,2,16,0.8,4,8,0.4,2,12,0.6,3,18,0.9,4
S05464,Simplifying Fractions,6,16,0.8,4,18,0.9,4,20,1.0,5,16,0.8,4,14,0.7,3,12,0.6,3,10,0.5,2,14,0.7,3
S05644,Addition,0,4,0.2,1,16,0.8,4,4,0.2,1,16,0.8,4,16,0.8,4,8,0.4,2,6,0.3,1,12,0.6,3
S02740,Division,2,14,0.7,3,10,0.5,2,6,0.3,1,8,0.4,2,10,0.5,1,18,0.9,4,16,0.8,4,18,0.9,4
S04943,Fraction to Decimal,3,8,0.4,1,16,0.8,3,16,0.8,3,4,0.2,0,14,0.7,3,8,0.4,1,14,0.7,3,12,0.6,2
S06004,Addition,0,4,0.2,1,8,0.4,2,8,0.4,2,12,0.6,3,12,0.6,3,8,0.4,2,16,0.8,4,12,0.6,3
S04866,Ordering Fractions,5,14,0.7,3,10,0.5,2,6,0.3,1,14,0.7,3,10,0.5,2,2,0.1,0,14,0.7,3,10,0.5,2
S04294,Ordering Fractions,5,6,0.3,1,8,0.4,1,12,0.6,2,12,0.6,2,12,0.6,2,6,0.3,1,12,0.6,3,12,0.6,3
S00004,Division,2,6,0.3,1,16,0.8,3,4,0.2,1,10,0.5,1,12,0.6,2,10,0.5,2,18,0.9,4,10,0.5,2
S04747,Simplifying Fractions,6,10,0.5,2,10,0.5,2,10,0.5,2,18,0.9,4,16,0.8,3,14,0.7,3,6,0.3,1,18,0.9,4
S06084,Division,2,8,0.4,2,8,0.4,2,0,0.0,0,0,0.0,0,8,0.4,2,8,0.4,2,12,0.6,3,16,0.8,4
S01286,Comparing Fractions,1,16,0.8,4,2,0.1,0,4,0.2,0,2,0.1,0,16,0.8,4,20,1.0,5,16,0.8,3,4,0.2,0
S03310,Comparing Fractions,1,12,0.6,3,8,0.4,2,14,0.7,3,18,0.9,4,16,0.8,4,12,0.6,3,8,0.4,1,16,0.8,4
S02634,Simplifying Fractions,6,16,0.8,3,16,0.8,3,16,0.8,4,14,0.7,3,14,0.7,3,16,0.8,4,8,0.4,2,12,0.6,3
S05960,Subtraction,7,12,0.6,3,14,0.7,3,8,0.4,2,4,0.2,1,16,0.8,4,14,0.7,3,12,0.6,3,2,0.1,0
S05181,Fraction to Decimal,3,16,0.8,4,16,0.8,4,16,0.8,4,4,0.2,1,20,1.0,5,16,0.8,4,20,1.0,5,14,0.7,3
S01768,Subtraction,7,16,0.8,4,12,0.6,3,10,0.5,2,12,0.6,3,20,1.0,5,12,0.6,3,12,0.6,2,8,0.4,2
S05199,Division,2,8,0.4,2,8,0.4,2,8,0.4,2,8,0.4,2,12,0.6,3,8,0.4,2,8,0.4,2,10,0.5,2
S03264,Ordering Fractions,5,16,0.8,4,12,0.6,2,8,0.4,2,10,0.5,2,12,0.6,2,8,0.4,2,8,0.4,1,16,0.8,4
S04098,Addition,0,4,0.2,1,12,0.6,3,20,1.0,5,10,0.5,2,10,0.5,2,12,0.6,3,12,0.6,2,18,0.9,4
S01060,Comparing Fractions,1,16,0.8,4,10,0.5,2,20,1.0,5,10,0.5,2,16,0.8,3,16,0.8,3,12,0.6,2,10,0.5,2
S02614,Subtraction,7,10,0.5,2,18,0.9,4,8,0.4,2,8,0.4,2,12,0.6,2,12,0.6,3,10,0.5,2,6,0.3,1
S02843,Comparing Fractions,1,14,0.7,3,10,0.5,2,16,0.8,4,12,0.6,3,18,0.9,4,16,0.8,3,16,0.8,4,14,0.7,3
S03181,Division,2,12,0.6,3,10,0.5,1,2,0.1,0,12,0.6,3,18,0.9,4,14,0.7,3,14,0.7,3,10,0.5,2
S01242,Ordering Fractions,5,18,0.9,4,14,0.7,3,6,0.3,1,20,1.0,5,10,0.5,2,4,0.2,0,14,0.7,3,16,0.8,4
S04361,Subtraction,7,14,0.7,3,14,0.7,3,20,1.0,5,12,0.6,2,12,0.6,3,10,0.5,2,20,1.0,5,8,0.4,2
S06060,Comparing Fractions,1,8,0.4,2,4,0.2,1,16,0.8,4,12,0.6,3,8,0.4,2,16,0.8,4,12,0.6,3,12,0.6,3
S04729,Fraction to Decimal,3,8,0.4,2,12,0.6,3,12,0.6,2,4,0.2,1,6,0.3,0,8,0.4,2,16,0.8,4,6,0.3,1
S01169,Comparing Fractions,1,12,0.6,2,8,0.4,2,10,0.5,2,10,0.5,2,16,0.8,4,14,0.7,2,16,0.8,4,12,0.6,2
S04751,Multiplication,4,12,0.6,3,8,0.4,2,8,0.4,1,12,0.6,3,8,0.4,2,12,0.6,2,14,0.7,3,16,0.8,4
S02262,Addition,0,8,0.4,2,12,0.6,3,14,0.7,3,14,0.7,3,12,0.6,2,12,0.6,3,20,1.0,5,16,0.8,3
S02148,Simplifying Fractions,6,16,0.8,3,8,0.4,1,14,0.7,3,12,0.6,3,0,0.0,0,4,0.2,0,0,0.0,0,4,0.2,1
S05873,Ordering Fractions,5,20,1.0,5,12,0.6,3,8,0.4,2,12,0.6,3,12,0.6,3,4,0.2,1,16,0.8,4,12,0.6,3
S02632,Simplifying Fractions,6,10,0.5,2,10,0.5,2,20,1.0,5,16,0.8,4,12,0.6,2,10,0.5,2,8,0.4,2,14,0.7,3
S02472,Division,2,14,0.7,3,16,0.8,3,6,0.3,1,6,0.3,1,10,0.5,2,8,0.4,2,10,0.5,2,16,0.8,4
S05615,Addition,0,0,0.0,0,16,0.8,4,20,1.0,5,4,0.2,1,18,0.9,4,20,1.0,5,20,1.0,5,12,0.6,3
S01586,Addition,0,6,0.3,1,8,0.4,2,16,0.8,3,10,0.5,2,12,0.6,3,16,0.8,3,16,0.8,4,10,0.5,2
S05388,Multiplication,4,12,0.6,3,8,0.4,2,18,0.9,4,18,0.9,4,4,0.2,1,8,0.4,2,8,0.4,2,8,0.4,2
S02622,Multiplication,4,10,0.5,2,10,0.5,2,10,0.5,1,8,0.4,2,8,0.4,2,8,0.4,1,8,0.4,2,10,0.5,2
S01098,Addition,0,4,0.2,0,12,0.6,3,10,0.5,2,14,0.7,2,8,0.4,2,14,0.7,3,12,0.6,2,12,0.6,2
S03474,Multiplication,4,8,0.4,1,14,0.7,3,8,0.4,2,10,0.5,2,4,0.2,1,20,1.0,5,14,0.7,3,12,0.6,3
S05943,Multiplication,4,4,0.2,1,10,0.5,2,12,0.6,3,4,0.2,1,0,0.0,0,12,0.6,3,8,0.4,2,2,0.1,0
S00965,Addition,0,10,0.5,2,18,0.9,4,14,0.7,3,16,0.8,3,10,0.5,2,14,0.7,3,12,0.6,3,10,0.5,2
S00008,Fraction to Decimal,3,10,0.5,1,14,0.7,3,16,0.8,3,6,0.3,0,16,0.8,4,14,0.7,3,16,0.8,4,10,0.5,2
S06377,Simplifying Fractions,6,20,1.0,5,12,0.6,3,8,0.4,2,4,0.2,1,20,1.0,5,20,1.0,5,0,0.0,0,12,0.6,3
S03054,Fraction to Decimal,3,12,0.6,2,14,0.7,3,20,1.0,5,8,0.4,2,8,0.4,2,14,0.7,3,16,0.8,4,14,0.7,3
S02395,Fraction to Decimal,3,20,1.0,5,20,1.0,5,14,0.7,2,6,0.3,1,16,0.8,4,14,0.7,3,14,0.7,3,6,0.3,1
S05906,Division,2,4,0.2,1,4,0.2,1,0,0.0,0,4,0.2,1,12,0.6,3,10,0.5,2,10,0.5,2,8,0.4,2
S04371,Multiplication,4,14,0.7,3,6,0.3,1,10,0.5,2,8,0.4,1,6,0.3,0,12,0.6,3,14,0.7,3,12,0.6,2
S05432,Fraction to Decimal,3,10,0.5,2,12,0.6,3,4,0.2,1,4,0.2,1,16,0.8,4,12,0.6,3,8,0.4,2,20,1.0,5
S04181,Division,2,14,0.7,3,12,0.6,3,2,0.1,0,10,0.5,2,12,0.6,3,16,0.8,4,16,0.8,4,12,0.6,2
S01688,Comparing Fractions,1,10,0.5,2,10,0.5,1,18,0.9,4,16,0.8,4,16,0.8,4,16,0.8,4,16,0.8,4,12,0.6,3
S06171,Subtraction,7,16,0.8,4,12,0.6,3,4,0.2,1,12,0.6,3,12,0.6,3,12,0.6,3,12,0.6,3,4,0.2,1
S00196,Addition,0,4,0.2,0,8,0.4,1,12,0.6,3,8,0.4,1,12,0.6,2,12,0.6,3,18,0.9,4,14,0.7,3
S02635,Addition,0,10,0.5,2,16,0.8,3,12,0.6,3,18,0.9,4,14,0.7,3,18,0.9,4,14,0.7,3,16,0.8,4
S05552,Ordering Fractions,5,8,0.4,2,12,0.6,3,12,0.6,3,12,0.6,3,12,0.6,3,8,0.4,2,8,0.4,2,12,0.6,3
S03682,Multiplication,4,14,0.7,3,16,0.8,4,20,1.0,5,6,0.3,1,4,0.2,0,8,0.4,1,14,0.7,3,18,0.9,4
S03789,Simplifying Fractions,6,10,0.5,1,20,1.0,5,16,0.8,4,16,0.8,4,10,0.5,2,14,0.7,3,6,0.3,1,16,0.8,4
S04054,Addition,0,2,0.1,0,12,0.6,2,12,0.6,2,6,0.3,1,12,0.6,3,16,0.8,4,16,0.8,4,6,0.3,1
S01892,Ordering Fractions,5,12,0.6,2,12,0.6,2,12,0.6,3,12,0.6,3,16,0.8,3,6,0.3,1,16,0.8,3,14,0.7,3
S04142,Ordering Fractions,5,20,1.0,5,8,0.4,2,14,0.7,3,12,0.6,2,12,0.6,3,6,0.3,1,16,0.8,3,10,0.5,1
S02087,Subtraction,7,18,0.9,4,16,0.8,4,18,0.9,4,14,0.7,3,16,0.8,4,20,1.0,5,18,0.9,4,8,0.4,2
S04247,Subtraction,7,16,0.8,3,16,0.8,4,14,0.7,3,12,0.6,2,16,0.8,3,12,0.6,2,14,0.7,3,8,0.4,2
S03593,Multiplication,4,12,0.6,3,14,0.7,3,12,0.6,3,14,0.7,3,12,0.6,3,14,0.7,3,12,0.6,2,14,0.7,2
S03686,Multiplication,4,14,0.7,3,20,1.0,5,18,0.9,4,16,0.8,4,6,0.3,1,18,0.9,4,10,0.5,2,14,0.7,3
S01823,Multiplication,4,10,0.5,1,8,0.4,2,14,0.7,3,10,0.5,1,4,0.2,1,8,0.4,2,12,0.6,2,6,0.3,1
S04362,Addition,0,4,0.2,0,8,0.4,1,16,0.8,4,14,0.7,3,14,0.7,3,8,0.4,1,8,0.4,1,12,0.6,2
S01483,Comparing Fractions,1,8,0.4,2,6,0.3,1,8,0.4,2,14,0.7,3,16,0.8,4,12,0.6,3,18,0.9,4,14,0.7,3
S03753,Fraction to Decimal,3,14,0.7,3,14,0.7,3,12,0.6,2,6,0.3,1,12,0.6,2,12,0.6,3,16,0.8,4,10,0.5,2
S00709,Addition,0,6,0.3,0,14,0.7,3,10,0.5,2,10,0.5,1,12,0.6,2,16,0.8,3,12,0.6,2,6,0.3,1
S05629,Fraction to Decimal,3,12,0.6,3,16,0.8,4,20,1.0,5,6,0.3,1,12,0.6,3,10,0.5,2,8,0.4,2,12,0.6,3
S04165,Simplifying Fractions,6,10,0.5,2,20,1.0,5,16,0.8,3,10,0.5,2,18,0.9,4,10,0.5,1,6,0.3,1,10,0.5,2
S05097,Comparing Fractions,1,18,0.9,4,0,0.0,0,16,0.8,4,16,0.8,4,8,0.4,2,10,0.5,2,4,0.2,1,8,0.4,2
S02579,Multiplication,4,14,0.7,3,12,0.6,2,18,0.9,4,16,0.8,3,8,0.4,2,12,0.6,3,10,0.5,2,12,0.6,3
S02883,Subtraction,7,14,0.7,3,16,0.8,4,20,1.0,5,20,1.0,5,18,0.9,4,14,0.7,3,12,0.6,2,12,0.6,2
S01241,Division,2,10,0.5,1,12,0.6,3,8,0.4,2,10,0.5,2,12,0.6,2,16,0.8,4,14,0.7,3,12,0.6,2
S01647,Fraction to Decimal,3,8,0.4,1,12,0.6,2,10,0.5,2,4,0.2,1,18,0.9,4,10,0.5,2,18,0.9,4,8,0.4,1
S05475,Subtraction,7,14,0.7,3,4,0.2,1,14,0.7,3,8,0.4,2,4,0.2,1,4,0.2,1,18,0.9,4,0,0.0,0
S01206,Fraction to Decimal,3,16,0.8,3,12,0.6,3,20,1.0,5,8,0.4,0,16,0.8,4,12,0.6,3,12,0.6,1,12,0.6,3
S04499,Multiplication,4,10,0.5,2,14,0.7,3,12,0.6,2,16,0.8,4,2,0.1,0,10,0.5,2,10,0.5,2,14,0.7,3
S03804,Subtraction,7,12,0.6,3,12,0.6,3,8,0.4,1,6,0.3,1,10,0.5,2,18,0.9,4,10,0.5,2,4,0.2,1
S03775,Comparing Fractions,1,8,0.4,1,4,0.2,1,10,0.5,2,12,0.6,3,14,0.7,3,8,0.4,2,14,0.7,3,8,0.4,2
S01908,Multiplication,4,8,0.4,2,20,1.0,5,20,1.0,5,14,0.7,3,4,0.2,1,14,0.7,3,14,0.7,3,20,1.0,5
S03849,Multiplication,4,10,0.5,1,16,0.8,4,12,0.6,1,12,0.6,3,2,0.1,0,16,0.8,3,8,0.4,1,14,0.7,2
S02310,Division,2,8,0.4,2,14,0.7,3,6,0.3,1,8,0.4,2,10,0.5,2,16,0.8,4,14,0.7,3,8,0.4,2
S05157,Simplifying Fractions,6,6,0.3,1,6,0.3,1,20,1.0,5,12,0.6,3,4,0.2,1,12,0.6,3,0,0.0,0,8,0.4,2
S04265,Multiplication,4,14,0.7,3,12,0.6,2,8,0.4,2,16,0.8,4,6,0.3,1,10,0.5,2,20,1.0,5,12,0.6,3
S05902,Division,2,8,0.4,2,12,0.6,3,8,0.4,2,16,0.8,4,12,0.6,3,18,0.9,4,8,0.4,2,12,0.6,3
S06029,Comparing Fractions,1,8,0.4,2,4,0.2,1,16,0.8,4,12,0.6,3,12,0.6,3,12,0.6,3,16,0.8,4,8,0.4,2
S03216,Simplifying Fractions,6,10,0.5,2,10,0.5,2,12,0.6,3,10,0.5,2,12,0.6,2,10,0.5,2,4,0.2,1,14,0.7,3
S01992,Subtraction,7,14,0.7,3,12,0.6,3,20,1.0,5,12,0.6,2,16,0.8,3,16,0.8,4,14,0.7,3,4,0.2,1
S06198,Division,2,20,1.0,5,20,1.0,5,0,0.0,0,16,0.8,4,16,0.8,4,16,0.8,4,8,0.4,2,20,1.0,5
S02966,Fraction to Decimal,3,14,0.7,3,10,0.5,2,8,0.4,2,4,0.2,0,12,0.6,3,10,0.5,2,16,0.8,3,16,0.8,4
S01950,Comparing Fractions,1,12,0.6,3,8,0.4,2,18,0.9,4,16,0.8,4,14,0.7,3,16,0.8,4,18,0.9,4,12,0.6,2
S05102,Multiplication,4,18,0.9,4,12,0.6,3,12,0.6,3,12,0.6,3,2,0.1,0,16,0.8,4,10,0.5,2,20,1.0,5
S05949,Addition,0,8,0.4,2,8,0.4,2,8,0.4,2,12,0.6,3,14,0.7,3,8,0.4,2,8,0.4,2,16,0.8,4
S03334,Addition,0,4,0.2,0,20,1.0,5,12,0.6,3,8,0.4,1,14,0.7,3,10,0.5,2,6,0.3,1,8,0.4,2
S01287,Division,2,16,0.8,3,14,0.7,3,6,0.3,1,10,0.5,2,16,0.8,4,16,0.8,4,20,1.0,5,12,0.6,2
S05029,Fraction to Decimal,3,2,0.1,0,4,0.2,1,4,0.2,1,2,0.1,0,8,0.4,2,12,0.6,3,8,0.4,2,12,0.6,3
S00835,Comparing Fractions,1,12,0.6,3,4,0.2,1,20,1.0,5,12,0.6,2,12,0.6,3,10,0.5,1,16,0.8,4,14,0.7,3
S04397,Comparing Fractions,1,12,0.6,3,10,0.5,1,12,0.6,3,14,0.7,3,12,0.6,3,16,0.8,4,18,0.9,4,10,0.5,2
S05263,Subtraction,7,8,0.4,2,12,0.6,3,10,0.5,2,4,0.2,1,12,0.6,3,18,0.9,4,14,0.7,3,0,0.0,0
S02224,Fraction to Decimal,3,16,0.8,4,16,0.8,4,14,0.7,2,8,0.4,2,12,0.6,3,12,0.6,3,16,0.8,4,14,0.7,3
S02704,Addition,0,0,0.0,0,14,0.7,3,12,0.6,3,10,0.5,2,16,0.8,4,12,0.6,3,10,0.5,2,14,0.7,3
S00101,Simplifying Fractions,6,12,0.6,2,10,0.5,2,8,0.4,1,12,0.6,2,10,0.5,2,20,1.0,5,4,0.2,1,8,0.4,1
S01342,Ordering Fractions,5,14,0.7,3,8,0.4,1,12,0.6,3,8,0.4,1,14,0.7,3,6,0.3,1,16,0.8,4,8,0.4,2
S05828,Subtraction,7,20,1.0,5,4,0.2,1,16,0.8,4,8,0.4,2,16,0.8,4,8,0.4,2,4,0.2,1,2,0.1,0
S01849,Comparing Fractions,1,14,0.7,3,4,0.2,0,20,1.0,5,4,0.2,1,8,0.4,1,12,0.6,3,16,0.8,3,4,0.2,0
S01883,Simplifying Fractions,6,16,0.8,3,14,0.7,3,18,0.9,4,18,0.9,4,14,0.7,3,16,0.8,4,10,0.5,2,14,0.7,2
S04475,Division,2,8,0.4,2,10,0.5,2,4,0.2,1,6,0.3,1,14,0.7,3,4,0.2,0,10,0.5,2,12,0.6,3
S02968,Addition,0,8,0.4,2,16,0.8,4,10,0.5,1,10,0.5,1,12,0.6,3,12,0.6,3,16,0.8,4,14,0.7,3
S04099,Ordering Fractions,5,16,0.8,4,16,0.8,4,20,1.0,5,14,0.7,3,12,0.6,3,6,0.3,1,10,0.5,2,14,0.7,3
S02898,Subtraction,7,10,0.5,2,18,0.9,4,16,0.8,4,8,0.4,2,10,0.5,2,14,0.7,3,12,0.6,1,4,0.2,1
S00896,Simplifying Fractions,6,16,0.8,3,14,0.7,3,20,1.0,5,10,0.5,2,12,0.6,2,14,0.7,3,4,0.2,1,20,1.0,5
S04616,Fraction to Decimal,3,12,0.6,2,12,0.6,3,8,0.4,2,6,0.3,1,8,0.4,2,8,0.4,1,14,0.7,3,10,0.5,2
S02935,Simplifying Fractions,6,6,0.3,1,12,0.6,2,8,0.4,1,8,0.4,1,2,0.1,0,10,0.5,2,2,0.1,0,14,0.7,3
S02600,Simplifying Fractions,6,16,0.8,4,18,0.9,4,6,0.3,1,16,0.8,4,6,0.3,1,12,0.6,2,6,0.3,1,10,0.5,2
S01747,Simplifying Fractions,6,14,0.7,3,8,0.4,2,20,1.0,5,18,0.9,4,18,0.9,4,18,0.9,4,2,0.1,0,12,0.6,3
S04205,Fraction to Decimal,3,8,0.4,2,16,0.8,4,10,0.5,1,8,0.4,2,18,0.9,4,10,0.5,2,12,0.6,3,18,0.9,4
S06018,Comparing Fractions,1,12,0.6,3,4,0.2,1,16,0.8,4,8,0.4,2,8,0.4,2,16,0.8,4,4,0.2,1,12,0.6,3
S03960,Subtraction,7,20,1.0,5,14,0.7,3,16,0.8,3,12,0.6,3,14,0.7,3,14,0.7,3,12,0.6,3,8,0.4,2
S01165,Comparing Fractions,1,14,0.7,3,2,0.1,0,12,0.6,3,10,0.5,2,16,0.8,3,12,0.6,3,8,0.4,1,8,0.4,2
S04876,Subtraction,7,14,0.7,3,10,0.5,2,10,0.5,2,10,0.5,2,6,0.3,0,12,0.6,3,6,0.3,1,6,0.3,1
S05998,Simplifying Fractions,6,8,0.4,2,12,0.6,3,12,0.6,3,8,0.4,2,12,0.6,3,12,0.6,3,4,0.2,1,12,0.6,3
S04846,Fraction to Decimal,3,14,0.7,3,14,0.7,3,12,0.6,3,12,0.6,3,16,0.8,4,14,0.7,3,16,0.8,4,12,0.6,2
S00465,Ordering Fractions,5,12,0.6,3,12,0.6,3,20,1.0,5,12,0.6,3,10,0.5,2,8,0.4,1,14,0.7,3,16,0.8,4
S00243,Multiplication,4,8,0.4,2,12,0.6,3,16,0.8,4,8,0.4,2,4,0.2,0,18,0.9,4,14,0.7,2,8,0.4,1
S02376,Simplifying Fractions,6,16,0.8,4,12,0.6,3,12,0.6,3,8,0.4,1,12,0.6,3,6,0.3,1,4,0.2,1,12,0.6,3
S02486,Simplifying Fractions,6,12,0.6,2,16,0.8,4,16,0.8,4,16,0.8,4,10,0.5,2,16,0.8,3,6,0.3,1,8,0.4,1
S02803,Comparing Fractions,1,12,0.6,3,12,0.6,3,18,0.9,4,16,0.8,4,14,0.7,3,18,0.9,4,16,0.8,4,14,0.7,3
S05588,Addition,0,2,0.1,0,4,0.2,1,12,0.6,3,4,0.2,1,12,0.6,3,8,0.4,2,8,0.4,2,12,0.6,3
S05763,Ordering Fractions,5,8,0.4,2,8,0.4,2,8,0.4,2,4,0.2,1,12,0.6,3,4,0.2,1,4,0.2,1,4,0.2,1
S01800,Simplifying Fractions,6,12,0.6,2,8,0.4,2,10,0.5,2,4,0.2,0,14,0.7,3,14,0.7,3,2,0.1,0,16,0.8,3
S03296,Fraction to Decimal,3,8,0.4,2,8,0.4,2,8,0.4,2,8,0.4,1,10,0.5,2,12,0.6,2,12,0.6,3,10,0.5,2
S00272,Fraction to Decimal,3,16,0.8,4,12,0.6,3,14,0.7,3,6,0.3,1,14,0.7,2,8,0.4,1,18,0.9,4,12,0.6,3
S02489,Division,2,18,0.9,4,16,0.8,4,0,0.0,0,8,0.4,2,10,0.5,2,18,0.9,4,8,0.4,1,12,0.6,2
S05645,Ordering Fractions,5,12,0.6,3,12,0.6,3,12,0.6,3,12,0.6,3,16,0.8,4,8,0.4,2,20,1.0,5,14,0.7,3
S00753,Subtraction,7,10,0.5,2,12,0.6,2,6,0.3,1,12,0.6,3,12,0.6,2,8,0.4,1,12,0.6,3,6,0.3,1
S01103,Fraction to Decimal,3,10,0.5,2,12,0.6,3,18,0.9,4,2,0.1,0,12,0.6,2,8,0.4,2,14,0.7,3,10,0.5,2
S01716,Simplifying Fractions,6,16,0.8,3,20,1.0,5,12,0.6,2,10,0.5,2,20,1.0,5,20,1.0,5,8,0.4,1,20,1.0,5
S03930,Ordering Fractions,5,12,0.6,3,10,0.5,2,20,1.0,5,12,0.6,3,16,0.8,4,8,0.4,2,16,0.8,4,16,0.8,4
S05602,Subtraction,7,12,0.6,3,12,0.6,3,16,0.8,4,4,0.2,1,12,0.6,3,10,0.5,2,14,0.7,3,0,0.0,0
S04070,Subtraction,7,10,0.5,2,20,1.0,5,14,0.7,3,14,0.7,3,14,0.7,3,12,0.6,3,12,0.6,2,8,0.4,2
S01070,Comparing Fractions,1,10,0.5,2,10,0.5,2,16,0.8,4,10,0.5,2,10,0.5,2,16,0.8,4,16,0.8,4,18,0.9,4
S05184,Addition,0,0,0.0,0,8,0.4,2,4,0.2,1,8,0.4,2,2,0.1,0,14,0.7,3,18,0.9,4,6,0.3,1
S02191,Fraction to Decimal,3,18,0.9,4,10,0.5,2,14,0.7,3,10,0.5,2,14,0.7,3,12,0.6,3,18,0.9,4,14,0.7,3
S02281,Simplifying Fractions,6,16,0.8,4,12,0.6,3,10,0.5,1,14,0.7,3,14,0.7,3,10,0.5,2,0,0.0,0,8,0.4,2
S06040,Fraction to Decimal,3,12,0.6,3,0,0.0,0,4,0.2,1,0,0.0,0,12,0.6,3,12,0.6,3,4,0.2,1,4,0.2,1
S03200,Simplifying Fractions,6,18,0.9,4,12,0.6,3,10,0.5,2,18,0.9,4,14,0.7,3,8,0.4,2,2,0.1,0,18,0.9,4
S05231,Division,2,18,0.9,4,4,0.2,1,0,0.0,0,12,0.6,3,16,0.8,4,12,0.6,3,4,0.2,1,20,1.0,5
S03901,Simplifying Fractions,6,4,0.2,1,14,0.7,3,12,0.6,3,14,0.7,2,12,0.6,2,6,0.3,1,4,0.2,1,14,0.7,3
S04837,Multiplication,4,10,0.5,1,20,1.0,5,12,0.6,2,12,0.6,3,4,0.2,1,12,0.6,3,12,0.6,3,4,0.2,1
S02146,Multiplication,4,14,0.7,3,12,0.6,3,6,0.3,1,4,0.2,0,0,0.0,0,18,0.9,4,4,0.2,1,10,0.5,1
S06091,Comparing Fractions,1,16,0.8,4,0,0.0,0,20,1.0,5,12,0.6,3,12,0.6,3,12,0.6,3,16,0.8,4,16,0.8,4
S06252,Division,2,4,0.2,1,16,0.8,4,4,0.2,1,20,1.0,5,16,0.8,4,4,0.2,1,12,0.6,3,8,0.4,2
S04209,Subtraction,7,8,0.4,2,10,0.5,2,16,0.8,4,14,0.7,2,10,0.5,2,18,0.9,4,16,0.8,4,8,0.4,1
S02943,Division,2,14,0.7,3,10,0.5,2,4,0.2,1,14,0.7,3,10,0.5,2,6,0.3,1,16,0.8,4,14,0.7,3
S05959,Subtraction,7,16,0.8,4,8,0.4,2,10,0.5,2,16,0.8,4,20,1.0,5,8,0.4,2,16,0.8,4,4,0.2,1
S01217,Subtraction,7,12,0.6,2,18,0.9,4,16,0.8,4,16,0.8,3,10,0.5,2,12,0.6,3,16,0.8,3,10,0.5,2
S01889,Division,2,10,0.5,2,14,0.7,3,6,0.3,1,12,0.6,2,16,0.8,4,16,0.8,4,8,0.4,2,16,0.8,4
S03280,Simplifying Fractions,6,16,0.8,4,12,0.6,3,18,0.9,4,6,0.3,1,16,0.8,3,14,0.7,3,4,0.2,1,16,0.8,4
S01545,Comparing Fractions,1,8,0.4,1,6,0.3,1,6,0.3,1,12,0.6,2,14,0.7,2,6,0.3,1,8,0.4,1,16,0.8,4
S01421,Ordering Fractions,5,14,0.7,3,14,0.7,3,14,0.7,3,12,0.6,3,12,0.6,3,10,0.5,2,16,0.8,4,12,0.6,2
S02370,Division,2,20,1.0,5,14,0.7,3,10,0.5,2,12,0.6,2,18,0.9,4,16,0.8,4,16,0.8,4,14,0.7,3
S05368,Addition,0,8,0.4,2,12,0.6,3,14,0.7,3,10,0.5,2,8,0.4,2,8,0.4,2,20,1.0,5,16,0.8,4
S04352,Ordering Fractions,5,10,0.5,2,10,0.5,2,10,0.5,1,8,0.4,2,14,0.7,3,4,0.2,0,12,0.6,3,12,0.6,3
S03521,Division,2,10,0.5,2,10,0.5,2,4,0.2,0,10,0.5,1,18,0.9,4,12,0.6,3,10,0.5,2,8,0.4,1
S01399,Subtraction,7,8,0.4,1,12,0.6,3,6,0.3,1,8,0.4,1,10,0.5,2,8,0.4,1,10,0.5,2,6,0.3,1
S01373,Simplifying Fractions,6,14,0.7,3,8,0.4,2,8,0.4,1,8,0.4,2,14,0.7,3,6,0.3,1,6,0.3,1,10,0.5,2
S01357,Multiplication,4,8,0.4,2,12,0.6,3,10,0.5,2,14,0.7,3,4,0.2,0,20,1.0,5,14,0.7,3,10,0.5,2
S00614,Fraction to Decimal,3,8,0.4,1,12,0.6,3,12,0.6,3,6,0.3,1,8,0.4,1,10,0.5,1,14,0.7,3,12,0.6,3
S01270,Multiplication,4,12,0.6,2,10,0.5,2,10,0.5,2,16,0.8,4,2,0.1,0,14,0.7,3,16,0.8,4,12,0.6,1
S02208,Division,2,12,0.6,2,16,0.8,4,2,0.1,0,10,0.5,2,10,0.5,2,18,0.9,4,8,0.4,1,14,0.7,3
S00897,Comparing Fractions,1,12,0.6,1,6,0.3,1,14,0.7,3,6,0.3,1,10,0.5,2,10,0.5,2,16,0.8,3,10,0.5,2
S01993,Ordering Fractions,5,10,0.5,2,10,0.5,1,12,0.6,3,10,0.5,2,10,0.5,2,8,0.4,1,10,0.5,2,14,0.7,3
S03429,Fraction to Decimal,3,10,0.5,2,14,0.7,3,12,0.6,2,8,0.4,2,12,0.6,2,10,0.5,2,10,0.5,1,10,0.5,2
S01300,Comparing Fractions,1,10,0.5,2,8,0.4,1,12,0.6,2,8,0.4,2,18,0.9,4,18,0.9,4,12,0.6,2,14,0.7,2
S03838,Comparing Fractions,1,8,0.4,2,8,0.4,1,10,0.5,2,8,0.4,2,12,0.6,1,10,0.5,1,12,0.6,2,20,1.0,5
S04842,Comparing Fractions,1,8,0.4,1,6,0.3,1,12,0.6,3,12,0.6,2,6,0.3,0,14,0.7,3,10,0.5,2,12,0.6,2
S04182,Division,2,14,0.7,3,20,1.0,5,0,0.0,0,16,0.8,4,10,0.5,2,14,0.7,3,14,0.7,3,16,0.8,3
S06269,Addition,0,8,0.4,2,16,0.8,4,16,0.8,4,12,0.6,3,12,0.6,3,12,0.6,3,8,0.4,2,12,0.6,3
S04879,Comparing Fractions,1,8,0.4,1,8,0.4,2,18,0.9,4,14,0.7,3,12,0.6,3,10,0.5,2,10,0.5,1,16,0.8,3
S00768,Comparing Fractions,1,8,0.4,2,4,0.2,1,12,0.6,3,8,0.4,2,12,0.6,3,16,0.8,3,14,0.7,3,16,0.8,4
S03330,Simplifying Fractions,6,10,0.5,2,18,0.9,4,12,0.6,3,16,0.8,3,8,0.4,2,14,0.7,3,0,0.0,0,10,0.5,2
S05486,Multiplication,4,16,0.8,4,12,0.6,3,10,0.5,2,8,0.4,2,0,0.0,0,20,1.0,5,20,1.0,5,8,0.4,2
S02835,Fraction to Decimal,3,14,0.7,3,12,0.6,3,20,1.0,5,10,0.5,1,12,0.6,3,10,0.5,2,12,0.6,3,20,1.0,5
S06113,Simplifying Fractions,6,12,0.6,3,16,0.8,4,8,0.4,2,12,0.6,3,8,0.4,2,8,0.4,2,4,0.2,1,4,0.2,1
S03703,Addition,0,8,0.4,2,12,0.6,3,14,0.7,2,8,0.4,2,16,0.8,4,10,0.5,2,16,0.8,4,16,0.8,3
S05757,Multiplication,4,20,1.0,5,10,0.5,2,12,0.6,3,12,0.6,3,8,0.4,2,16,0.8,4,8,0.4,2,14,0.7,3
S03436,Fraction to Decimal,3,10,0.5,2,14,0.7,3,8,0.4,2,6,0.3,1,14,0.7,3,14,0.7,3,8,0.4,2,18,0.9,4
S05522,Subtraction,7,12,0.6,3,8,0.4,2,4,0.2,1,4,0.2,1,16,0.8,4,12,0.6,3,12,0.6,3,0,0.0,0
S03129,Subtraction,7,14,0.7,3,16,0.8,3,10,0.5,2,14,0.7,2,14,0.7,3,14,0.7,3,14,0.7,3,8,0.4,2
S05090,Comparing Fractions,1,10,0.5,2,4,0.2,1,8,0.4,2,8,0.4,2,6,0.3,1,16,0.8,4,16,0.8,4,16,0.8,4
S04839,Subtraction,7,12,0.6,2,20,1.0,5,12,0.6,3,18,0.9,4,14,0.7,2,12,0.6,3,10,0.5,2,10,0.5,2
S04675,Simplifying Fractions,6,16,0.8,4,10,0.5,2,12,0.6,2,10,0.5,2,12,0.6,2,12,0.6,3,6,0.3,1,6,0.3,1
S06065,Comparing Fractions,1,12,0.6,3,0,0.0,0,16,0.8,4,8,0.4,2,8,0.4,2,12,0.6,3,8,0.4,2,12,0.6,3
S03506,Comparing Fractions,1,12,0.6,3,6,0.3,1,8,0.4,2,6,0.3,1,10,0.5,2,16,0.8,4,8,0.4,2,20,1.0,5
S02432,Addition,0,4,0.2,1,8,0.4,2,12,0.6,3,14,0.7,2,14,0.7,3,14,0.7,3,10,0.5,2,8,0.4,2
S04388,Multiplication,4,20,1.0,5,10,0.5,2,10,0.5,2,16,0.8,4,8,0.4,1,16,0.8,4,16,0.8,4,12,0.6,2
S04516,Fraction to Decimal,3,8,0.4,2,16,0.8,4,12,0.6,2,6,0.3,1,12,0.6,3,10,0.5,1,8,0.4,2,14,0.7,3
S03027,Fraction to Decimal,3,16,0.8,4,4,0.2,0,16,0.8,4,2,0.1,0,12,0.6,3,6,0.3,1,14,0.7,3,12,0.6,3
S01583,Subtraction,7,8,0.4,1,8,0.4,1,8,0.4,2,14,0.7,3,16,0.8,4,14,0.7,3,8,0.4,1,6,0.3,1
S05988,Fraction to Decimal,3,12,0.6,3,8,0.4,2,8,0.4,2,0,0.0,0,10,0.5,2,12,0.6,3,16,0.8,4,10,0.5,2
S05091,Multiplication,4,16,0.8,4,12,0.6,3,4,0.2,1,12,0.6,3,0,0.0,0,8,0.4,2,4,0.2,1,8,0.4,2
S02003,Simplifying Fractions,6,8,0.4,2,8,0.4,2,18,0.9,4,12,0.6,3,12,0.6,2,12,0.6,3,4,0.2,0,12,0.6,2
S03003,Ordering Fractions,5,12,0.6,2,14,0.7,3,12,0.6,3,20,1.0,5,14,0.7,3,4,0.2,1,8,0.4,1,14,0.7,3
S06317,Addition,0,8,0.4,2,8,0.4,2,12,0.6,3,16,0.8,4,12,0.6,3,12,0.6,3,8,0.4,2,12,0.6,3
S02525,Ordering Fractions,5,12,0.6,2,16,0.8,3,10,0.5,2,4,0.2,0,20,1.0,5,4,0.2,0,16,0.8,3,8,0.4,2
S03013,Fraction to Decimal,3,8,0.4,2,12,0.6,2,12,0.6,2,6,0.3,1,12,0.6,3,12,0.6,3,14,0.7,3,10,0.5,2
S02588,Simplifying Fractions,6,10,0.5,2,20,1.0,5,12,0.6,2,10,0.5,2,12,0.6,2,12,0.6,3,8,0.4,1,14,0.7,3
S00022,Subtraction,7,12,0.6,3,16,0.8,4,12,0.6,3,14,0.7,3,18,0.9,4,6,0.3,1,10,0.5,2,2,0.1,0
S03853,Division,2,14,0.7,3,14,0.7,3,8,0.4,2,12,0.6,3,18,0.9,4,10,0.5,1,14,0.7,3,10,0.5,2
S03621,Fraction to Decimal,3,20,1.0,5,16,0.8,4,18,0.9,4,4,0.2,0,14,0.7,3,10,0.5,2,16,0.8,4,14,0.7,3
S01595,Comparing Fractions,1,6,0.3,1,6,0.3,1,16,0.8,3,12,0.6,3,14,0.7,3,14,0.7,3,8,0.4,1,12,0.6,3
S03508,Comparing Fractions,1,8,0.4,2,8,0.4,2,8,0.4,2,10,0.5,2,20,1.0,5,14,0.7,2,16,0.8,4,10,0.5,2
S05408,Ordering Fractions,5,8,0.4,2,6,0.3,1,10,0.5,2,6,0.3,1,8,0.4,2,0,0.0,0,8,0.4,2,20,1.0,5
S04936,Subtraction,7,8,0.4,2,8,0.4,2,12,0.6,3,14,0.7,3,14,0.7,3,16,0.8,3,10,0.5,2,6,0.3,1
S05380,Division,2,4,0.2,1,18,0.9,4,2,0.1,0,12,0.6,3,12,0.6,3,20,1.0,5,6,0.3,1,16,0.8,4
S00159,Ordering Fractions,5,12,0.6,2,18,0.9,4,10,0.5,2,8,0.4,2,16,0.8,4,8,0.4,2,16,0.8,4,14,0.7,3
S03835,Comparing Fractions,1,14,0.7,3,6,0.3,1,14,0.7,3,12,0.6,2,8,0.4,1,12,0.6,3,12,0.6,3,8,0.4,1
S01905,Simplifying Fractions,6,12,0.6,2,14,0.7,3,10,0.5,2,14,0.7,2,6,0.3,0,6,0.3,0,4,0.2,1,10,0.5,2
S02730,Fraction to Decimal,3,10,0.5,1,12,0.6,3,6,0.3,1,4,0.2,0,8,0.4,2,14,0.7,3,10,0.5,2,8,0.4,2
S03745,Addition,0,12,0.6,2,14,0.7,3,14,0.7,3,18,0.9,4,18,0.9,4,12,0.6,1,20,1.0,5,20,1.0,5
S01885,Fraction to Decimal,3,12,0.6,2,12,0.6,3,12,0.6,3,4,0.2,1,10,0.5,2,8,0.4,2,20,1.0,5,18,0.9,4
S01025,Division,2,16,0.8,4,16,0.8,4,8,0.4,2,8,0.4,2,10,0.5,2,20,1.0,5,18,0.9,4,18,0.9,4
S05062,Comparing Fractions,1,12,0.6,3,4,0.2,1,8,0.4,2,16,0.8,4,12,0.6,3,6,0.3,1,10,0.5,2,16,0.8,4
S06235,Fraction to Decimal,3,8,0.4,2,16,0.8,4,16,0.8,4,8,0.4,2,8,0.4,2,8,0.4,2,12,0.6,3,12,0.6,3
S03796,Simplifying Fractions,6,14,0.7,3,10,0.5,2,12,0.6,2,14,0.7,3,10,0.5,2,8,0.4,1,8,0.4,1,14,0.7,3
S00300,Division,2,16,0.8,4,8,0.4,1,8,0.4,2,14,0.7,3,10,0.5,2,8,0.4,1,14,0.7,3,8,0.4,1
S03404,Multiplication,4,20,1.0,5,14,0.7,3,16,0.8,4,10,0.5,2,10,0.5,1,10,0.5,2,14,0.7,2,18,0.9,4
S02038,Simplifying Fractions,6,18,0.9,4,16,0.8,4,18,0.9,4,16,0.8,4,12,0.6,2,16,0.8,4,8,0.4,2,16,0.8,4
S05260,Multiplication,4,8,0.4,2,14,0.7,3,8,0.4,2,14,0.7,3,0,0.0,0,14,0.7,3,8,0.4,2,8,0.4,2
S01192,Ordering Fractions,5,18,0.9,4,12,0.6,2,18,0.9,4,12,0.6,3,14,0.7,3,6,0.3,1,12,0.6,2,16,0.8,4
S05469,Subtraction,7,12,0.6,3,20,1.0,5,20,1.0,5,12,0.6,3,4,0.2,1,8,0.4,2,8,0.4,2,2,0.1,0
S02023,Ordering Fractions,5,14,0.7,3,6,0.3,1,14,0.7,3,10,0.5,2,16,0.8,4,6,0.3,1,8,0.4,1,18,0.9,4
S03718,Division,2,14,0.7,2,14,0.7,3,4,0.2,0,12,0.6,2,14,0.7,3,10,0.5,2,6,0.3,1,14,0.7,3
S02603,Fraction to Decimal,3,12,0.6,2,6,0.3,1,12,0.6,3,6,0.3,1,16,0.8,3,10,0.5,2,14,0.7,3,6,0.3,1
S01166,Addition,0,4,0.2,0,12,0.6,3,12,0.6,2,4,0.2,1,14,0.7,3,20,1.0,5,14,0.7,3,12,0.6,2
S03288,Fraction to Decimal,3,8,0.4,2,16,0.8,4,20,1.0,5,6,0.3,1,16,0.8,3,12,0.6,2,14,0.7,3,12,0.6,3
S01047,Fraction to Decimal,3,14,0.7,2,18,0.9,4,6,0.3,1,6,0.3,1,12,0.6,3,12,0.6,3,16,0.8,4,20,1.0,5
S06268,Subtraction,7,4,0.2,1,12,0.6,3,16,0.8,4,16,0.8,4,12,0.6,3,16,0.8,4,4,0.2,1,0,0.0,0
S01176,Multiplication,4,12,0.6,2,16,0.8,3,14,0.7,3,12,0.6,3,8,0.4,2,10,0.5,2,8,0.4,2,12,0.6,2
S02646,Addition,0,4,0.2,0,16,0.8,4,18,0.9,4,16,0.8,4,18,0.9,4,12,0.6,2,16,0.8,4,8,0.4,1
S03283,Fraction to Decimal,3,16,0.8,4,12,0.6,3,12,0.6,3,6,0.3,1,10,0.5,1,12,0.6,3,12,0.6,3,8,0.4,2
S05978,Comparing Fractions,1,14,0.7,3,8,0.4,2,12,0.6,3,14,0.7,3,20,1.0,5,12,0.6,3,18,0.9,4,14,0.7,3
S02773,Subtraction,7,12,0.6,2,12,0.6,3,8,0.4,2,10,0.5,2,12,0.6,3,12,0.6,2,12,0.6,3,8,0.4,1
S03378,Fraction to Decimal,3,12,0.6,2,12,0.6,3,12,0.6,2,2,0.1,0,14,0.7,3,16,0.8,4,14,0.7,3,12,0.6,3
S01909,Division,2,14,0.7,3,12,0.6,3,4,0.2,1,10,0.5,2,10,0.5,2,12,0.6,3,12,0.6,2,16,0.8,4
S04776,Comparing Fractions,1,8,0.4,2,6,0.3,1,6,0.3,0,12,0.6,2,8,0.4,1,6,0.3,1,8,0.4,2,8,0.4,1
S05369,Addition,0,0,0.0,0,10,0.5,2,20,1.0,5,16,0.8,4,2,0.1,0,10,0.5,2,0,0.0,0,8,0.4,2
S04245,Fraction to Decimal,3,18,0.9,4,12,0.6,3,12,0.6,2,6,0.3,0,6,0.3,0,8,0.4,0,8,0.4,2,8,0.4,2
S04088,Division,2,10,0.5,2,16,0.8,4,8,0.4,1,12,0.6,3,16,0.8,4,12,0.6,2,12,0.6,3,18,0.9,4
S03164,Multiplication,4,8,0.4,2,16,0.8,3,20,1.0,5,10,0.5,2,4,0.2,1,18,0.9,4,12,0.6,3,16,0.8,4
S05777,Ordering Fractions,5,20,1.0,5,12,0.6,3,16,0.8,4,12,0.6,3,16,0.8,4,4,0.2,1,16,0.8,4,8,0.4,2
S01513,Multiplication,4,6,0.3,0,12,0.6,3,12,0.6,3,8,0.4,1,6,0.3,1,12,0.6,2,12,0.6,3,14,0.7,3
S05131,Simplifying Fractions,6,8,0.4,2,20,1.0,5,8,0.4,2,14,0.7,3,8,0.4,2,20,1.0,5,4,0.2,1,20,1.0,5
S01140,Fraction to Decimal,3,16,0.8,4,14,0.7,3,20,1.0,5,12,0.6,2,20,1.0,5,20,1.0,5,16,0.8,4,12,0.6,3
S00266,Addition,0,0,0.0,0,12,0.6,3,10,0.5,2,2,0.1,0,14,0.7,3,20,1.0,5,6,0.3,1,6,0.3,1
S00399,Comparing Fractions,1,16,0.8,4,8,0.4,1,16,0.8,4,12,0.6,3,12,0.6,3,14,0.7,3,16,0.8,4,14,0.7,3
S04640,Addition,0,2,0.1,0,6,0.3,1,16,0.8,3,14,0.7,3,8,0.4,2,12,0.6,2,6,0.3,1,12,0.6,3
S04344,Simplifying Fractions,6,12,0.6,3,12,0.6,3,4,0.2,0,6,0.3,1,12,0.6,2,6,0.3,1,2,0.1,0,2,0.1,0
S04204,Multiplication,4,16,0.8,4,12,0.6,3,8,0.4,2,8,0.4,1,6,0.3,1,6,0.3,1,12,0.6,3,14,0.7,3
S03385,Addition,0,8,0.4,1,12,0.6,3,18,0.9,4,12,0.6,3,8,0.4,1,14,0.7,3,16,0.8,3,8,0.4,2
S03049,Addition,0,0,0.0,0,16,0.8,3,10,0.5,2,8,0.4,1,10,0.5,2,14,0.7,3,12,0.6,3,16,0.8,4
S01254,Addition,0,8,0.4,2,18,0.9,4,14,0.7,3,14,0.7,3,16,0.8,4,12,0.6,3,16,0.8,4,14,0.7,3
S05484,Multiplication,4,12,0.6,3,8,0.4,2,18,0.9,4,10,0.5,2,4,0.2,1,8,0.4,2,8,0.4,2,10,0.5,2
S01686,Division,2,12,0.6,2,6,0.3,1,6,0.3,1,14,0.7,2,10,0.5,2,8,0.4,2,16,0.8,4,6,0.3,1
S00643,Addition,0,8,0.4,2,16,0.8,3,8,0.4,2,16,0.8,3,16,0.8,4,20,1.0,5,12,0.6,3,20,1.0,5
S06388,Multiplication,4,8,0.4,2,8,0.4,2,4,0.2,1,4,0.2,1,0,0.0,0,12,0.6,3,0,0.0,0,4,0.2,1
S00561,Addition,0,4,0.2,1,12,0.6,3,12,0.6,2,16,0.8,3,12,0.6,3,10,0.5,2,8,0.4,2,16,0.8,4
S05918,Subtraction,7,4,0.2,1,12,0.6,3,16,0.8,4,10,0.5,2,10,0.5,2,14,0.7,3,12,0.6,3,4,0.2,1
S03015,Fraction to Decimal,3,12,0.6,3,6,0.3,1,12,0.6,2,4,0.2,1,14,0.7,3,20,1.0,5,16,0.8,4,18,0.9,4
S04872,Simplifying Fractions,6,14,0.7,2,16,0.8,4,12,0.6,3,14,0.7,3,12,0.6,3,12,0.6,3,8,0.4,2,12,0.6,3
S02726,Fraction to Decimal,3,12,0.6,3,14,0.7,3,16,0.8,4,4,0.2,1,18,0.9,4,16,0.8,3,16,0.8,4,6,0.3,1
S02091,Comparing Fractions,1,8,0.4,1,2,0.1,0,8,0.4,2,16,0.8,4,6,0.3,1,2,0.1,0,12,0.6,3,8,0.4,1
S00122,Subtraction,7,12,0.6,2,6,0.3,1,16,0.8,4,18,0.9,4,14,0.7,3,12,0.6,2,10,0.5,2,2,0.1,0
S02122,Fraction to Decimal,3,14,0.7,3,12,0.6,3,10,0.5,1,4,0.2,0,6,0.3,1,14,0.7,3,16,0.8,4,10,0.5,1
S05290,Subtraction,7,10,0.5,2,8,0.4,2,10,0.5,2,8,0.4,2,14,0.7,3,20,1.0,5,8,0.4,2,4,0.2,1
S04249,Ordering Fractions,5,18,0.9,4,12,0.6,3,12,0.6,3,6,0.3,1,14,0.7,3,2,0.1,0,8,0.4,2,12,0.6,2
S05119,Subtraction,7,14,0.7,3,6,0.3,1,20,1.0,5,12,0.6,3,8,0.4,2,12,0.6,3,4,0.2,1,0,0.0,0
S04423,Ordering Fractions,5,10,0.5,2,8,0.4,2,16,0.8,3,10,0.5,2,14,0.7,3,6,0.3,1,8,0.4,2,8,0.4,1
S04345,Comparing Fractions,1,10,0.5,2,4,0.2,0,14,0.7,3,6,0.3,0,14,0.7,3,10,0.5,2,10,0.5,1,12,0.6,2
S06155,Subtraction,7,16,0.8,4,12,0.6,3,4,0.2,1,4,0.2,1,8,0.4,2,12,0.6,3,0,0.0,0,0,0.0,0
S02673,Ordering Fractions,5,6,0.3,1,10,0.5,2,8,0.4,2,8,0.4,1,16,0.8,4,4,0.2,1,16,0.8,4,12,0.6,2
S02308,Ordering Fractions,5,10,0.5,2,12,0.6,3,10,0.5,2,8,0.4,1,12,0.6,3,6,0.3,1,14,0.7,3,12,0.6,3
S05742,Ordering Fractions,5,12,0.6,3,16,0.8,4,8,0.4,2,8,0.4,2,12,0.6,3,8,0.4,2,16,0.8,4,16,0.8,4
S04089,Subtraction,7,6,0.3,1,10,0.5,2,12,0.6,2,10,0.5,2,6,0.3,1,12,0.6,3,4,0.2,0,2,0.1,0
S01485,Comparing Fractions,1,18,0.9,4,6,0.3,1,16,0.8,4,6,0.3,1,12,0.6,3,18,0.9,4,16,0.8,4,16,0.8,4
S00864,Ordering Fractions,5,14,0.7,3,10,0.5,2,16,0.8,3,14,0.7,3,16,0.8,4,6,0.3,1,14,0.7,3,10,0.5,2
S01696,Multiplication,4,16,0.8,4,12,0.6,3,14,0.7,3,16,0.8,4,8,0.4,2,10,0.5,2,10,0.5,2,12,0.6,3
S01470,Fraction to Decimal,3,10,0.5,2,8,0.4,2,8,0.4,0,0,0.0,0,10,0.5,2,16,0.8,4,14,0.7,3,10,0.5,2
S02480,Multiplication,4,10,0.5,2,10,0.5,2,16,0.8,4,8,0.4,2,6,0.3,1,12,0.6,3,8,0.4,2,12,0.6,3
S05100,Fraction to Decimal,3,10,0.5,2,20,1.0,5,4,0.2,1,4,0.2,1,8,0.4,2,16,0.8,4,14,0.7,3,4,0.2,1
S05225,Addition,0,4,0.2,1,6,0.3,1,14,0.7,3,12,0.6,3,4,0.2,1,4,0.2,1,8,0.4,2,12,0.6,3
S05658,Division,2,14,0.7,3,12,0.6,3,0,0.0,0,20,1.0,5,12,0.6,3,14,0.7,3,8,0.4,2,20,1.0,5
S03659,Fraction to Decimal,3,8,0.4,2,10,0.5,2,8,0.4,1,2,0.1,0,12,0.6,2,16,0.8,4,6,0.3,1,6,0.3,1
S03314,Ordering Fractions,5,8,0.4,2,18,0.9,4,8,0.4,2,10,0.5,2,16,0.8,4,6,0.3,1,12,0.6,2,12,0.6,3
S00803,Fraction to Decimal,3,8,0.4,1,6,0.3,1,18,0.9,4,6,0.3,0,14,0.7,3,8,0.4,1,10,0.5,2,8,0.4,1
S05005,Comparing Fractions,1,8,0.4,2,0,0.0,0,4,0.2,1,8,0.4,2,4,0.2,1,16,0.8,4,18,0.9,4,16,0.8,4
S00923,Addition,0,6,0.3,1,10,0.5,1,12,0.6,3,8,0.4,2,14,0.7,2,8,0.4,2,10,0.5,2,10,0.5,2
S01057,Addition,0,8,0.4,2,8,0.4,1,12,0.6,3,14,0.7,3,12,0.6,2,16,0.8,4,12,0.6,3,10,0.5,2
S04677,Multiplication,4,14,0.7,3,10,0.5,2,16,0.8,4,14,0.7,3,8,0.4,2,10,0.5,2,12,0.6,3,12,0.6,3
S04372,Simplifying Fractions,6,6,0.3,1,12,0.6,3,8,0.4,2,10,0.5,2,12,0.6,2,10,0.5,2,4,0.2,1,8,0.4,1
S02647,Fraction to Decimal,3,10,0.5,2,18,0.9,4,6,0.3,0,4,0.2,0,16,0.8,4,8,0.4,1,6,0.3,1,12,0.6,2
S00676,Fraction to Decimal,3,14,0.7,2,18,0.9,4,8,0.4,1,6,0.3,1,14,0.7,3,20,1.0,5,16,0.8,4,20,1.0,5
S04722,Ordering Fractions,5,10,0.5,2,6,0.3,1,12,0.6,3,10,0.5,2,2,0.1,0,2,0.1,0,4,0.2,0,4,0.2,1
S01327,Ordering Fractions,5,18,0.9,4,20,1.0,5,10,0.5,2,10,0.5,2,12,0.6,3,6,0.3,1,16,0.8,4,12,0.6,2
S04781,Ordering Fractions,5,14,0.7,3,10,0.5,2,14,0.7,3,8,0.4,1,10,0.5,2,8,0.4,1,8,0.4,1,12,0.6,3
S03325,Multiplication,4,12,0.6,2,16,0.8,4,10,0.5,2,12,0.6,3,6,0.3,0,6,0.3,1,14,0.7,3,12,0.6,3
S06201,Division,2,8,0.4,2,16,0.8,4,0,0.0,0,12,0.6,3,16,0.8,4,16,0.8,4,12,0.6,3,16,0.8,4
S03243,Fraction to Decimal,3,6,0.3,1,10,0.5,2,6,0.3,1,2,0.1,0,16,0.8,4,14,0.7,3,8,0.4,1,16,0.8,4
S02745,Comparing Fractions,1,14,0.7,3,4,0.2,1,14,0.7,3,12,0.6,3,14,0.7,3,10,0.5,2,14,0.7,3,8,0.4,1
S03069,Multiplication,4,10,0.5,2,10,0.5,2,10,0.5,2,10,0.5,2,4,0.2,0,18,0.9,4,14,0.7,3,10,0.5,2
S04379,Ordering Fractions,5,12,0.6,2,18,0.9,4,12,0.6,3,8,0.4,1,8,0.4,2,4,0.2,1,10,0.5,2,16,0.8,4
S06090,Addition,0,4,0.2,1,8,0.4,2,4,0.2,1,12,0.6,3,12,0.6,3,12,0.6,3,8,0.4,2,12,0.6,3
S02315,Multiplication,4,12,0.6,2,10,0.5,2,12,0.6,3,18,0.9,4,8,0.4,2,10,0.5,2,14,0.7,2,18,0.9,4
S03019,Addition,0,8,0.4,0,14,0.7,3,16,0.8,4,10,0.5,2,20,1.0,5,16,0.8,4,18,0.9,4,16,0.8,4
S05519,Simplifying Fractions,6,18,0.9,4,8,0.4,2,14,0.7,3,16,0.8,4,8,0.4,2,8,0.4,2,2,0.1,0,18,0.9,4
S03575,Multiplication,4,10,0.5,2,16,0.8,4,16,0.8,4,18,0.9,4,6,0.3,1,18,0.9,4,12,0.6,2,12,0.6,3
S04932,Fraction to Decimal,3,14,0.7,3,8,0.4,2,10,0.5,2,4,0.2,1,12,0.6,3,8,0.4,1,16,0.8,4,8,0.4,2
S02897,Subtraction,7,12,0.6,3,12,0.6,3,20,1.0,5,12,0.6,2,14,0.7,3,12,0.6,2,14,0.7,3,4,0.2,1
S05266,Division,2,4,0.2,1,8,0.4,2,2,0.1,0,4,0.2,1,6,0.3,1,8,0.4,2,8,0.4,2,4,0.2,1
S04593,Multiplication,4,10,0.5,2,18,0.9,4,8,0.4,0,14,0.7,2,6,0.3,1,14,0.7,3,10,0.5,2,14,0.7,2
S04881,Comparing Fractions,1,14,0.7,3,8,0.4,1,16,0.8,4,14,0.7,3,16,0.8,4,12,0.6,3,18,0.9,4,14,0.7,2
S00650,Subtraction,7,20,1.0,5,12,0.6,3,18,0.9,4,14,0.7,3,16,0.8,4,16,0.8,4,18,0.9,4,8,0.4,2
S00763,Subtraction,7,14,0.7,3,8,0.4,1,14,0.7,3,18,0.9,4,12,0.6,3,16,0.8,4,18,0.9,4,6,0.3,1
S03108,Ordering Fractions,5,6,0.3,1,6,0.3,1,8,0.4,2,12,0.6,2,8,0.4,2,6,0.3,0,12,0.6,3,12,0.6,2
S02731,Multiplication,4,16,0.8,3,8,0.4,2,10,0.5,2,10,0.5,2,6,0.3,1,8,0.4,1,10,0.5,2,20,1.0,5
S04885,Fraction to Decimal,3,12,0.6,3,14,0.7,2,16,0.8,4,6,0.3,1,10,0.5,2,12,0.6,2,6,0.3,1,8,0.4,2
S01364,Subtraction,7,14,0.7,3,14,0.7,3,8,0.4,1,14,0.7,3,14,0.7,3,16,0.8,4,14,0.7,3,8,0.4,1
S05624,Simplifying Fractions,6,10,0.5,2,20,1.0,5,16,0.8,4,10,0.5,2,14,0.7,3,12,0.6,3,2,0.1,0,8,0.4,2
S05735,Fraction to Decimal,3,14,0.7,3,8,0.4,2,20,1.0,5,0,0.0,0,20,1.0,5,12,0.6,3,8,0.4,2,6,0.3,1
S02037,Multiplication,4,8,0.4,1,12,0.6,3,12,0.6,2,10,0.5,1,8,0.4,2,10,0.5,2,16,0.8,4,20,1.0,5
S02094,Fraction to Decimal,3,20,1.0,5,16,0.8,4,12,0.6,2,6,0.3,0,8,0.4,1,10,0.5,2,14,0.7,3,16,0.8,4
S02415,Simplifying Fractions,6,10,0.5,2,10,0.5,2,10,0.5,2,16,0.8,4,14,0.7,3,14,0.7,3,8,0.4,1,10,0.5,1
S00215,Comparing Fractions,1,18,0.9,4,10,0.5,2,10,0.5,1,20,1.0,5,14,0.7,3,14,0.7,2,20,1.0,5,18,0.9,4
S01067,Division,2,12,0.6,3,6,0.3,0,2,0.1,0,12,0.6,3,18,0.9,4,8,0.4,1,12,0.6,2,8,0.4,2
S05008,Subtraction,7,4,0.2,1,20,1.0,5,12,0.6,3,12,0.6,3,20,1.0,5,16,0.8,4,12,0.6,3,4,0.2,1
S05347,Division,2,20,1.0,5,12,0.6,3,4,0.2,1,18,0.9,4,14,0.7,3,6,0.3,1,20,1.0,5,10,0.5,2
S00991,Division,2,10,0.5,2,12,0.6,3,6,0.3,1,14,0.7,3,16,0.8,3,10,0.5,2,14,0.7,3,8,0.4,2
S05614,Multiplication,4,8,0.4,2,6,0.3,1,10,0.5,2,8,0.4,2,4,0.2,1,12,0.6,3,12,0.6,3,6,0.3,1
S03362,Addition,0,8,0.4,2,12,0.6,3,12,0.6,3,8,0.4,2,20,1.0,5,16,0.8,4,10,0.5,2,14,0.7,3
S03159,Division,2,8,0.4,1,14,0.7,3,4,0.2,1,6,0.3,1,12,0.6,3,12,0.6,2,10,0.5,2,8,0.4,1
S03018,Addition,0,6,0.3,1,18,0.9,4,18,0.9,4,8,0.4,2,10,0.5,2,20,1.0,5,10,0.5,2,16,0.8,4
S01136,Multiplication,4,14,0.7,3,18,0.9,4,14,0.7,3,16,0.8,4,0,0.0,0,14,0.7,3,14,0.7,3,16,0.8,3
S02764,Addition,0,4,0.2,1,8,0.4,2,16,0.8,3,12,0.6,3,16,0.8,3,8,0.4,1,16,0.8,4,16,0.8,4
S00622,Simplifying Fractions,6,8,0.4,1,14,0.7,3,8,0.4,1,10,0.5,2,10,0.5,2,18,0.9,4,6,0.3,1,18,0.9,4
S03599,Simplifying Fractions,6,20,1.0,5,16,0.8,4,12,0.6,3,16,0.8,4,10,0.5,2,16,0.8,3,8,0.4,1,16,0.8,4
S00297,Subtraction,7,12,0.6,3,14,0.7,3,12,0.6,2,18,0.9,4,14,0.7,3,16,0.8,4,16,0.8,3,10,0.5,2
S05035,Addition,0,8,0.4,2,16,0.8,4,8,0.4,2,20,1.0,5,12,0.6,3,16,0.8,4,14,0.7,3,16,0.8,4
S05572,Fraction to Decimal,3,12,0.6,3,12,0.6,3,8,0.4,2,8,0.4,2,16,0.8,4,12,0.6,3,8,0.4,2,20,1.0,5
S06181,Addition,0,4,0.2,1,4,0.2,1,8,0.4,2,8,0.4,2,4,0.2,1,4,0.2,1,12,0.6,3,8,0.4,2
S02013,Comparing Fractions,1,10,0.5,2,6,0.3,1,6,0.3,1,10,0.5,2,8,0.4,2,8,0.4,1,14,0.7,3,8,0.4,2
S04756,Comparing Fractions,1,20,1.0,5,8,0.4,1,16,0.8,4,14,0.7,3,16,0.8,4,20,1.0,5,16,0.8,4,14,0.7,3
S01668,Multiplication,4,18,0.9,4,16,0.8,4,10,0.5,2,10,0.5,2,2,0.1,0,10,0.5,2,16,0.8,4,12,0.6,3
S01794,Ordering Fractions,5,10,0.5,2,10,0.5,2,8,0.4,2,10,0.5,2,14,0.7,3,6,0.3,1,12,0.6,3,12,0.6,2
S03030,Ordering Fractions,5,18,0.9,4,14,0.7,3,8,0.4,1,4,0.2,1,14,0.7,3,2,0.1,0,16,0.8,4,8,0.4,2
S02084,Comparing Fractions,1,16,0.8,4,6,0.3,1,10,0.5,2,16,0.8,4,10,0.5,2,16,0.8,3,20,1.0,5,10,0.5,2
S03783,Addition,0,8,0.4,2,12,0.6,3,20,1.0,5,14,0.7,3,8,0.4,1,18,0.9,4,16,0.8,3,16,0.8,4
S02761,Fraction to Decimal,3,12,0.6,3,14,0.7,3,12,0.6,3,4,0.2,1,14,0.7,3,14,0.7,3,20,1.0,5,16,0.8,4
S02508,Subtraction,7,20,1.0,5,12,0.6,3,10,0.5,1,8,0.4,1,10,0.5,2,8,0.4,1,10,0.5,2,6,0.3,1
S05626,Ordering Fractions,5,10,0.5,2,4,0.2,1,10,0.5,2,6,0.3,1,14,0.7,3,4,0.2,1,8,0.4,2,4,0.2,1
S05832,Multiplication,4,12,0.6,3,14,0.7,3,12,0.6,3,18,0.9,4,0,0.0,0,14,0.7,3,18,0.9,4,14,0.7,3
S01646,Ordering Fractions,5,10,0.5,2,14,0.7,3,16,0.8,3,16,0.8,4,16,0.8,4,6,0.3,1,20,1.0,5,12,0.6,2
S06331,Fraction to Decimal,3,16,0.8,4,12,0.6,3,8,0.4,2,8,0.4,2,20,1.0,5,8,0.4,2,8,0.4,2,16,0.8,4
S03017,Subtraction,7,10,0.5,2,18,0.9,4,12,0.6,3,12,0.6,2,14,0.7,3,18,0.9,4,12,0.6,3,8,0.4,1
S06000,Simplifying Fractions,6,20,1.0,5,12,0.6,3,12,0.6,3,16,0.8,4,8,0.4,2,12,0.6,3,2,0.1,0,18,0.9,4
S01035,Simplifying Fractions,6,8,0.4,1,12,0.6,2,12,0.6,2,16,0.8,4,10,0.5,2,12,0.6,3,4,0.2,1,16,0.8,3
S01833,Ordering Fractions,5,16,0.8,3,12,0.6,3,20,1.0,5,8,0.4,2,14,0.7,3,6,0.3,1,8,0.4,2,14,0.7,3
S01097,Fraction to Decimal,3,16,0.8,4,12,0.6,2,4,0.2,1,0,0.0,0,10,0.5,2,6,0.3,1,6,0.3,1,8,0.4,1
S00792,Addition,0,4,0.2,0,14,0.7,3,6,0.3,1,8,0.4,1,8,0.4,2,16,0.8,4,10,0.5,2,12,0.6,3
S04974,Addition,0,6,0.3,1,10,0.5,1,10,0.5,1,10,0.5,2,10,0.5,2,8,0.4,2,18,0.9,4,10,0.5,2
S04415,Subtraction,7,18,0.9,4,14,0.7,3,16,0.8,4,8,0.4,2,12,0.6,2,20,1.0,5,10,0.5,1,0,0.0,0
S00941,Ordering Fractions,5,20,1.0,5,12,0.6,3,14,0.7,3,10,0.5,2,10,0.5,2,10,0.5,1,12,0.6,3,14,0.7,3
S03167,Addition,0,8,0.4,2,16,0.8,4,12,0.6,3,14,0.7,3,10,0.5,2,14,0.7,3,10,0.5,2,10,0.5,1
S03655,Multiplication,4,12,0.6,3,14,0.7,3,8,0.4,2,14,0.7,3,4,0.2,1,14,0.7,3,8,0.4,2,18,0.9,4
S01570,Multiplication,4,12,0.6,3,16,0.8,3,20,1.0,5,12,0.6,2,10,0.5,2,20,1.0,5,16,0.8,4,12,0.6,2
S05026,Fraction to Decimal,3,12,0.6,3,12,0.6,3,10,0.5,2,0,0.0,0,6,0.3,1,6,0.3,1,14,0.7,3,14,0.7,3
S04251,Division,2,20,1.0,5,16,0.8,4,8,0.4,1,12,0.6,3,18,0.9,4,18,0.9,4,14,0.7,3,10,0.5,2
S05041,Ordering Fractions,5,14,0.7,3,14,0.7,3,20,1.0,5,4,0.2,1,10,0.5,2,4,0.2,1,4,0.2,1,16,0.8,4
S04836,Subtraction,7,14,0.7,3,14,0.7,3,6,0.3,1,8,0.4,2,14,0.7,3,8,0.4,1,12,0.6,3,4,0.2,0
S02274,Multiplication,4,16,0.8,4,8,0.4,2,20,1.0,5,16,0.8,4,6,0.3,1,12,0.6,3,14,0.7,3,16,0.8,4
S03977,Subtraction,7,14,0.7,3,16,0.8,4,10,0.5,2,18,0.9,4,12,0.6,2,14,0.7,3,12,0.6,3,10,0.5,2
S01782,Division,2,18,0.9,4,16,0.8,4,6,0.3,1,8,0.4,0,14,0.7,3,12,0.6,3,10,0.5,2,16,0.8,3
S04708,Ordering Fractions,5,16,0.8,4,12,0.6,3,12,0.6,3,16,0.8,4,16,0.8,4,8,0.4,2,16,0.8,4,12,0.6,2
S02676,Division,2,16,0.8,4,12,0.6,3,4,0.2,0,8,0.4,2,12,0.6,2,10,0.5,2,4,0.2,1,8,0.4,2
S02815,Ordering Fractions,5,14,0.7,3,10,0.5,2,18,0.9,4,14,0.7,3,14,0.7,3,4,0.2,1,8,0.4,2,8,0.4,2
S05657,Subtraction,7,10,0.5,2,16,0.8,4,16,0.8,4,12,0.6,3,12,0.6,3,10,0.5,2,12,0.6,3,8,0.4,2
S02458,Division,2,10,0.5,2,16,0.8,4,6,0.3,0,8,0.4,2,12,0.6,2,12,0.6,3,14,0.7,3,16,0.8,4
S01837,Fraction to Decimal,3,10,0.5,2,8,0.4,1,18,0.9,4,2,0.1,0,14,0.7,3,8,0.4,2,8,0.4,2,6,0.3,1
S01149,Fraction to Decimal,3,6,0.3,1,12,0.6,3,14,0.7,3,4,0.2,1,18,0.9,4,14,0.7,3,8,0.4,1,8,0.4,2
S04216,Comparing Fractions,1,10,0.5,2,6,0.3,0,14,0.7,3,8,0.4,1,10,0.5,2,10,0.5,2,10,0.5,2,12,0.6,3
S05557,Fraction to Decimal,3,12,0.6,3,8,0.4,2,8,0.4,2,0,0.0,0,8,0.4,2,4,0.2,1,18,0.9,4,12,0.6,3
S03242,Ordering Fractions,5,16,0.8,4,12,0.6,3,12,0.6,3,14,0.7,3,12,0.6,3,6,0.3,1,12,0.6,3,12,0.6,3
S01804,Addition,0,6,0.3,0,16,0.8,4,16,0.8,4,14,0.7,3,20,1.0,5,14,0.7,3,10,0.5,2,14,0.7,3
S02572,Addition,0,8,0.4,2,14,0.7,3,10,0.5,2,12,0.6,3,20,1.0,5,10,0.5,2,14,0.7,2,8,0.4,1
S05965,Subtraction,7,12,0.6,3,8,0.4,2,4,0.2,1,12,0.6,3,4,0.2,1,12,0.6,3,12,0.6,3,0,0.0,0
S04985,Simplifying Fractions,6,6,0.3,1,6,0.3,1,10,0.5,2,14,0.7,3,8,0.4,2,10,0.5,2,4,0.2,0,16,0.8,3
S04707,Addition,0,12,0.6,3,12,0.6,3,14,0.7,3,12,0.6,2,18,0.9,4,18,0.9,4,18,0.9,4,14,0.7,3
S02198,Multiplication,4,20,1.0,5,8,0.4,2,10,0.5,2,14,0.7,3,4,0.2,1,10,0.5,2,16,0.8,3,16,0.8,4
S00041,Subtraction,7,14,0.7,3,10,0.5,2,16,0.8,4,18,0.9,4,16,0.8,4,10,0.5,2,10,0.5,2,6,0.3,0
S02444,Ordering Fractions,5,20,1.0,5,20,1.0,5,14,0.7,3,20,1.0,5,6,0.3,1,4,0.2,1,20,1.0,5,14,0.7,2
S05623,Multiplication,4,10,0.5,2,6,0.3,1,14,0.7,3,20,1.0,5,4,0.2,1,8,0.4,2,18,0.9,4,16,0.8,4
S02645,Fraction to Decimal,3,12,0.6,2,14,0.7,3,18,0.9,4,4,0.2,1,6,0.3,1,10,0.5,2,14,0.7,3,20,1.0,5
S00290,Fraction to Decimal,3,20,1.0,5,10,0.5,2,18,0.9,4,8,0.4,2,14,0.7,3,16,0.8,4,20,1.0,5,12,0.6,3
S00254,Comparing Fractions,1,10,0.5,2,10,0.5,2,10,0.5,2,14,0.7,3,14,0.7,3,12,0.6,3,10,0.5,2,14,0.7,3
S03292,Division,2,10,0.5,2,6,0.3,0,4,0.2,1,6,0.3,1,16,0.8,3,16,0.8,4,10,0.5,2,10,0.5,1
S05987,Ordering Fractions,5,8,0.4,2,12,0.6,3,14,0.7,3,8,0.4,2,16,0.8,4,6,0.3,1,12,0.6,3,8,0.4,2
S03390,Comparing Fractions,1,10,0.5,2,8,0.4,2,14,0.7,3,10,0.5,1,20,1.0,5,10,0.5,2,10,0.5,2,18,0.9,4
S01864,Fraction to Decimal,3,8,0.4,1,14,0.7,3,12,0.6,3,4,0.2,1,16,0.8,4,4,0.2,0,16,0.8,4,10,0.5,2
S02950,Fraction to Decimal,3,14,0.7,2,12,0.6,3,14,0.7,3,10,0.5,2,16,0.8,4,16,0.8,4,20,1.0,5,16,0.8,4
S01606,Multiplication,4,14,0.7,3,12,0.6,3,12,0.6,2,8,0.4,1,4,0.2,1,16,0.8,4,8,0.4,2,6,0.3,1
S02984,Simplifying Fractions,6,16,0.8,4,14,0.7,3,12,0.6,2,14,0.7,3,16,0.8,3,14,0.7,3,10,0.5,2,14,0.7,3
S03558,Comparing Fractions,1,16,0.8,3,6,0.3,1,12,0.6,2,16,0.8,4,8,0.4,2,10,0.5,1,8,0.4,1,8,0.4,2
S06006,Addition,0,0,0.0,0,16,0.8,4,16,0.8,4,12,0.6,3,8,0.4,2,16,0.8,4,20,1.0,5,12,0.6,3
S02930,Multiplication,4,8,0.4,1,16,0.8,4,16,0.8,4,10,0.5,1,2,0.1,0,12,0.6,3,6,0.3,1,8,0.4,1
S06353,Simplifying Fractions,6,16,0.8,4,16,0.8,4,12,0.6,3,8,0.4,2,16,0.8,4,8,0.4,2,0,0.0,0,12,0.6,3
S04702,Ordering Fractions,5,10,0.5,2,18,0.9,4,16,0.8,4,12,0.6,3,8,0.4,2,6,0.3,0,18,0.9,4,14,0.7,3
S04793,Division,2,10,0.5,2,10,0.5,2,8,0.4,2,14,0.7,3,14,0.7,3,20,1.0,5,12,0.6,3,14,0.7,3
S04622,Simplifying Fractions,6,18,0.9,4,12,0.6,2,12,0.6,3,18,0.9,4,14,0.7,3,6,0.3,1,2,0.1,0,18,0.9,4
S04553,Fraction to Decimal,3,12,0.6,2,10,0.5,2,10,0.5,2,8,0.4,1,10,0.5,2,16,0.8,4,8,0.4,2,10,0.5,2
S06298,Simplifying Fractions,6,12,0.6,3,8,0.4,2,16,0.8,4,12,0.6,3,16,0.8,4,12,0.6,3,4,0.2,1,16,0.8,4
S03711,Fraction to Decimal,3,18,0.9,4,16,0.8,4,12,0.6,2,10,0.5,2,12,0.6,3,12,0.6,3,14,0.7,3,10,0.5,2
S05930,Comparing Fractions,1,6,0.3,1,4,0.2,1,12,0.6,3,4,0.2,1,14,0.7,3,20,1.0,5,8,0.4,2,8,0.4,2
S00168,Subtraction,7,10,0.5,2,14,0.7,2,10,0.5,2,8,0.4,2,14,0.7,3,12,0.6,3,10,0.5,1,8,0.4,2
S05375,Subtraction,7,12,0.6,3,8,0.4,2,12,0.6,3,8,0.4,2,16,0.8,4,20,1.0,5,8,0.4,2,4,0.2,1
S00148,Addition,0,4,0.2,0,8,0.4,1,8,0.4,2,8,0.4,1,12,0.6,3,10,0.5,1,14,0.7,2,16,0.8,4
S05471,Addition,0,4,0.2,1,8,0.4,2,14,0.7,3,8,0.4,2,12,0.6,3,8,0.4,2,8,0.4,2,8,0.4,2
S00704,Simplifying Fractions,6,18,0.9,4,12,0.6,2,14,0.7,3,12,0.6,3,12,0.6,3,14,0.7,3,10,0.5,2,16,0.8,4
S04489,Ordering Fractions,5,20,1.0,5,16,0.8,3,18,0.9,4,10,0.5,2,12,0.6,2,8,0.4,2,16,0.8,4,8,0.4,2
S00966,Comparing Fractions,1,20,1.0,5,2,0.1,0,18,0.9,4,16,0.8,4,12,0.6,3,4,0.2,1,12,0.6,3,16,0.8,3
S03877,Division,2,6,0.3,1,16,0.8,4,4,0.2,1,12,0.6,3,8,0.4,2,12,0.6,3,14,0.7,2,14,0.7,3
S03176,Division,2,18,0.9,4,12,0.6,3,10,0.5,2,12,0.6,3,12,0.6,3,14,0.7,2,16,0.8,4,14,0.7,3
S01764,Fraction to Decimal,3,12,0.6,3,8,0.4,2,14,0.7,2,8,0.4,2,16,0.8,4,8,0.4,1,14,0.7,3,8,0.4,2
S03026,Division,2,16,0.8,4,14,0.7,3,4,0.2,1,10,0.5,2,6,0.3,1,20,1.0,5,8,0.4,1,12,0.6,2
S03648,Division,2,16,0.8,4,12,0.6,3,2,0.1,0,18,0.9,4,8,0.4,2,16,0.8,4,18,0.9,4,18,0.9,4
S04844,Division,2,8,0.4,1,10,0.5,2,4,0.2,0,12,0.6,2,14,0.7,3,14,0.7,3,8,0.4,1,12,0.6,2
S05003,Subtraction,7,12,0.6,3,20,1.0,5,20,1.0,5,8,0.4,2,16,0.8,4,20,1.0,5,12,0.6,3,0,0.0,0
S00082,Addition,0,6,0.3,1,8,0.4,1,12,0.6,3,10,0.5,2,16,0.8,4,14,0.7,3,6,0.3,1,10,0.5,2
S01518,Fraction to Decimal,3,8,0.4,1,8,0.4,2,14,0.7,3,4,0.2,1,10,0.5,2,6,0.3,1,8,0.4,2,16,0.8,4
S03766,Comparing Fractions,1,14,0.7,3,8,0.4,2,16,0.8,4,16,0.8,4,12,0.6,3,10,0.5,2,14,0.7,3,14,0.7,3
S00461,Subtraction,7,16,0.8,4,16,0.8,4,18,0.9,4,10,0.5,2,18,0.9,4,14,0.7,3,6,0.3,1,4,0.2,1
S05081,Multiplication,4,8,0.4,2,14,0.7,3,6,0.3,1,12,0.6,3,2,0.1,0,4,0.2,1,8,0.4,2,8,0.4,2
S04929,Division,2,8,0.4,2,8,0.4,2,4,0.2,1,20,1.0,5,12,0.6,3,16,0.8,3,14,0.7,3,16,0.8,4
S04604,Multiplication,4,12,0.6,3,10,0.5,2,8,0.4,1,14,0.7,2,4,0.2,1,8,0.4,2,14,0.7,3,10,0.5,2
S02720,Subtraction,7,8,0.4,2,18,0.9,4,10,0.5,2,12,0.6,3,12,0.6,3,12,0.6,2,12,0.6,3,4,0.2,1
S04410,Fraction to Decimal,3,4,0.2,0,6,0.3,1,12,0.6,3,2,0.1,0,10,0.5,2,14,0.7,2,12,0.6,3,16,0.8,4
S00903,Comparing Fractions,1,10,0.5,2,2,0.1,0,6,0.3,1,16,0.8,3,8,0.4,2,10,0.5,2,16,0.8,4,8,0.4,2
S00260,Addition,0,6,0.3,1,10,0.5,2,18,0.9,4,16,0.8,4,14,0.7,3,12,0.6,2,10,0.5,2,8,0.4,0
S03484,Ordering Fractions,5,16,0.8,4,20,1.0,5,12,0.6,3,8,0.4,1,14,0.7,3,2,0.1,0,6,0.3,1,12,0.6,2
S00250,Comparing Fractions,1,18,0.9,4,8,0.4,2,14,0.7,2,16,0.8,4,14,0.7,3,12,0.6,2,12,0.6,3,10,0.5,2
S01684,Fraction to Decimal,3,12,0.6,3,12,0.6,3,10,0.5,2,8,0.4,1,18,0.9,4,14,0.7,2,8,0.4,2,12,0.6,3
S05453,Simplifying Fractions,6,8,0.4,2,0,0.0,0,12,0.6,3,8,0.4,2,6,0.3,1,8,0.4,2,0,0.0,0,4,0.2,1
S06241,Comparing Fractions,1,12,0.6,3,0,0.0,0,4,0.2,1,20,1.0,5,20,1.0,5,12,0.6,3,12,0.6,3,4,0.2,1
S00746,Fraction to Decimal,3,10,0.5,2,8,0.4,1,10,0.5,1,2,0.1,0,4,0.2,0,12,0.6,2,8,0.4,2,14,0.7,3
S01089,Comparing Fractions,1,20,1.0,5,4,0.2,0,12,0.6,3,6,0.3,1,20,1.0,5,8,0.4,2,20,1.0,5,8,0.4,2
S04351,Fraction to Decimal,3,20,1.0,5,12,0.6,2,12,0.6,3,6,0.3,1,16,0.8,4,10,0.5,2,16,0.8,4,16,0.8,4
S05109,Fraction to Decimal,3,12,0.6,3,8,0.4,2,8,0.4,2,4,0.2,1,12,0.6,3,12,0.6,3,4,0.2,1,10,0.5,2
S00771,Multiplication,4,8,0.4,1,6,0.3,1,6,0.3,1,6,0.3,1,4,0.2,1,20,1.0,5,12,0.6,2,20,1.0,5
S03202,Multiplication,4,14,0.7,3,12,0.6,2,8,0.4,2,10,0.5,2,6,0.3,1,12,0.6,2,14,0.7,3,8,0.4,2
S05450,Ordering Fractions,5,14,0.7,3,8,0.4,2,8,0.4,2,18,0.9,4,4,0.2,1,4,0.2,1,8,0.4,2,20,1.0,5
S05527,Simplifying Fractions,6,16,0.8,4,12,0.6,3,12,0.6,3,12,0.6,3,18,0.9,4,8,0.4,2,4,0.2,1,12,0.6,3
S01335,Subtraction,7,12,0.6,2,16,0.8,4,10,0.5,2,10,0.5,2,10,0.5,1,20,1.0,5,14,0.7,3,8,0.4,1
S04464,Multiplication,4,14,0.7,3,8,0.4,2,4,0.2,1,12,0.6,2,4,0.2,0,12,0.6,3,12,0.6,2,12,0.6,2
S05944,Fraction to Decimal,3,16,0.8,4,20,1.0,5,10,0.5,2,8,0.4,2,16,0.8,4,12,0.6,3,8,0.4,2,20,1.0,5
S03928,Addition,0,4,0.2,0,12,0.6,3,8,0.4,2,14,0.7,3,8,0.4,2,16,0.8,3,12,0.6,3,12,0.6,2
S00501,Multiplication,4,20,1.0,5,12,0.6,3,16,0.8,4,12,0.6,3,10,0.5,2,12,0.6,3,14,0.7,3,14,0.7,3
S02440,Multiplication,4,4,0.2,1,2,0.1,0,12,0.6,3,6,0.3,0,0,0.0,0,4,0.2,0,16,0.8,4,18,0.9,4
S05452,Multiplication,4,16,0.8,4,12,0.6,3,16,0.8,4,4,0.2,1,0,0.0,0,10,0.5,2,12,0.6,3,12,0.6,3
S05558,Comparing Fractions,1,18,0.9,4,8,0.4,2,16,0.8,4,10,0.5,2,12,0.6,3,12,0.6,3,8,0.4,2,10,0.5,2
S00874,Addition,0,4,0.2,0,6,0.3,1,4,0.2,0,12,0.6,3,12,0.6,1,4,0.2,0,10,0.5,2,12,0.6,3
S02911,Addition,0,4,0.2,0,8,0.4,2,8,0.4,2,10,0.5,2,12,0.6,3,6,0.3,0,8,0.4,2,12,0.6,2
S02744,Simplifying Fractions,6,10,0.5,2,8,0.4,2,14,0.7,3,14,0.7,3,10,0.5,2,10,0.5,1,4,0.2,0,14,0.7,3
S00064,Fraction to Decimal,3,10,0.5,2,10,0.5,2,16,0.8,3,0,0.0,0,2,0.1,0,10,0.5,2,8,0.4,2,10,0.5,2
S02066,Subtraction,7,8,0.4,2,12,0.6,2,18,0.9,4,14,0.7,3,14,0.7,3,12,0.6,3,12,0.6,3,8,0.4,1
S00890,Simplifying Fractions,6,8,0.4,2,12,0.6,3,10,0.5,2,12,0.6,3,16,0.8,4,8,0.4,2,6,0.3,1,16,0.8,4
S02626,Multiplication,4,8,0.4,1,12,0.6,2,16,0.8,4,8,0.4,1,6,0.3,1,14,0.7,3,16,0.8,4,8,0.4,2
S03143,Multiplication,4,10,0.5,1,8,0.4,1,18,0.9,4,6,0.3,1,4,0.2,1,20,1.0,5,14,0.7,3,10,0.5,1
S03662,Division,2,14,0.7,3,18,0.9,4,6,0.3,1,16,0.8,4,14,0.7,3,20,1.0,5,20,1.0,5,20,1.0,5
S05804,Comparing Fractions,1,4,0.2,1,0,0.0,0,4,0.2,1,4,0.2,1,4,0.2,1,4,0.2,1,12,0.6,3,20,1.0,5
S00315,Fraction to Decimal,3,16,0.8,4,10,0.5,2,12,0.6,3,6,0.3,1,12,0.6,1,16,0.8,3,6,0.3,1,8,0.4,2
S04901,Multiplication,4,8,0.4,2,10,0.5,2,10,0.5,2,10,0.5,2,6,0.3,1,12,0.6,3,18,0.9,4,10,0.5,2
S04510,Subtraction,7,8,0.4,2,8,0.4,2,12,0.6,3,16,0.8,3,6,0.3,1,16,0.8,4,14,0.7,3,6,0.3,1
S04755,Addition,0,6,0.3,1,16,0.8,4,16,0.8,3,16,0.8,4,12,0.6,2,14,0.7,3,12,0.6,3,12,0.6,3
S05232,Multiplication,4,16,0.8,4,12,0.6,3,14,0.7,3,18,0.9,4,8,0.4,2,14,0.7,3,12,0.6,3,12,0.6,3
S02719,Ordering Fractions,5,14,0.7,3,12,0.6,3,16,0.8,3,12,0.6,3,14,0.7,3,12,0.6,3,14,0.7,2,16,0.8,3
S05945,Comparing Fractions,1,10,0.5,2,0,0.0,0,4,0.2,1,4,0.2,1,14,0.7,3,6,0.3,1,10,0.5,2,20,1.0,5
S02576,Division,2,8,0.4,2,6,0.3,1,4,0.2,0,6,0.3,0,12,0.6,3,10,0.5,2,16,0.8,3,16,0.8,4
S06389,Simplifying Fractions,6,4,0.2,1,4,0.2,1,12,0.6,3,12,0.6,3,0,0.0,0,4,0.2,1,0,0.0,0,16,0.8,4
S00988,Addition,0,6,0.3,0,12,0.6,3,16,0.8,3,6,0.3,1,12,0.6,2,8,0.4,2,20,1.0,5,12,0.6,3
S01511,Ordering Fractions,5,8,0.4,1,6,0.3,1,14,0.7,3,10,0.5,2,8,0.4,1,4,0.2,0,14,0.7,3,12,0.6,3
S00620,Subtraction,7,20,1.0,5,14,0.7,2,4,0.2,1,12,0.6,3,18,0.9,4,18,0.9,4,12,0.6,2,4,0.2,0
S04004,Ordering Fractions,5,10,0.5,1,14,0.7,3,10,0.5,2,10,0.5,2,14,0.7,3,4,0.2,1,14,0.7,3,8,0.4,1
S02865,Simplifying Fractions,6,10,0.5,1,12,0.6,2,6,0.3,1,12,0.6,3,10,0.5,2,8,0.4,1,4,0.2,1,10,0.5,1
S04545,Ordering Fractions,5,10,0.5,2,12,0.6,2,12,0.6,2,10,0.5,2,12,0.6,3,6,0.3,1,6,0.3,1,12,0.6,3
S03649,Ordering Fractions,5,16,0.8,3,16,0.8,4,8,0.4,2,14,0.7,3,16,0.8,4,4,0.2,0,14,0.7,3,14,0.7,3
S01567,Simplifying Fractions,6,12,0.6,3,14,0.7,3,14,0.7,3,12,0.6,3,8,0.4,2,18,0.9,4,6,0.3,1,14,0.7,3
S06179,Division,2,20,1.0,5,8,0.4,2,0,0.0,0,0,0.0,0,16,0.8,4,16,0.8,4,16,0.8,4,8,0.4,2
S03997,Subtraction,7,2,0.1,0,8,0.4,1,8,0.4,2,14,0.7,3,8,0.4,1,4,0.2,1,16,0.8,4,0,0.0,0
S05571,Division,2,12,0.6,3,12,0.6,3,2,0.1,0,8,0.4,2,4,0.2,1,6,0.3,1,8,0.4,2,8,0.4,2
S05042,Ordering Fractions,5,8,0.4,2,8,0.4,2,16,0.8,4,12,0.6,3,16,0.8,4,8,0.4,2,18,0.9,4,8,0.4,2
S02574,Ordering Fractions,5,16,0.8,3,14,0.7,3,8,0.4,2,18,0.9,4,6,0.3,1,6,0.3,0,16,0.8,4,8,0.4,2
S02252,Ordering Fractions,5,14,0.7,3,14,0.7,2,12,0.6,3,12,0.6,3,14,0.7,3,12,0.6,3,14,0.7,3,18,0.9,4
S04580,Subtraction,7,8,0.4,1,16,0.8,3,20,1.0,5,10,0.5,1,6,0.3,1,6,0.3,0,4,0.2,1,0,0.0,0
S01453,Subtraction,7,12,0.6,3,12,0.6,2,10,0.5,2,12,0.6,2,12,0.6,3,20,1.0,5,10,0.5,1,6,0.3,1
S04276,Multiplication,4,10,0.5,2,10,0.5,2,10,0.5,2,12,0.6,3,8,0.4,2,14,0.7,3,20,1.0,5,10,0.5,2
S03581,Division,2,14,0.7,3,16,0.8,3,4,0.2,1,16,0.8,4,12,0.6,2,8,0.4,2,12,0.6,3,8,0.4,2
S03524,Addition,0,4,0.2,0,12,0.6,3,12,0.6,2,12,0.6,3,10,0.5,2,4,0.2,1,12,0.6,2,8,0.4,1
S04987,Addition,0,8,0.4,2,12,0.6,2,14,0.7,3,18,0.9,4,14,0.7,3,16,0.8,4,16,0.8,4,12,0.6,3
S00634,Addition,0,6,0.3,1,10,0.5,2,12,0.6,3,8,0.4,1,16,0.8,4,16,0.8,3,16,0.8,4,8,0.4,2
S03791,Multiplication,4,20,1.0,5,12,0.6,3,12,0.6,3,12,0.6,3,8,0.4,2,16,0.8,4,12,0.6,2,12,0.6,2
S02633,Multiplication,4,12,0.6,3,16,0.8,4,14,0.7,3,16,0.8,4,6,0.3,1,12,0.6,3,8,0.4,2,14,0.7,2
S06009,Addition,0,4,0.2,1,12,0.6,3,16,0.8,4,8,0.4,2,4,0.2,1,16,0.8,4,12,0.6,3,12,0.6,3
S06211,Division,2,12,0.6,3,16,0.8,4,4,0.2,1,8,0.4,2,16,0.8,4,8,0.4,2,4,0.2,1,8,0.4,2
S00848,Subtraction,7,12,0.6,2,20,1.0,5,10,0.5,2,8,0.4,2,14,0.7,3,12,0.6,2,8,0.4,2,2,0.1,0
S00012,Simplifying Fractions,6,10,0.5,2,12,0.6,3,14,0.7,3,10,0.5,2,16,0.8,4,14,0.7,3,4,0.2,0,6,0.3,1
S02441,Subtraction,7,10,0.5,2,8,0.4,2,16,0.8,4,6,0.3,1,8,0.4,2,20,1.0,5,8,0.4,1,4,0.2,1
S03322,Division,2,4,0.2,0,8,0.4,1,4,0.2,0,8,0.4,2,8,0.4,2,8,0.4,2,6,0.3,1,16,0.8,4
S06260,Addition,0,4,0.2,1,8,0.4,2,16,0.8,4,8,0.4,2,12,0.6,3,8,0.4,2,4,0.2,1,20,1.0,5
S03447,Multiplication,4,10,0.5,1,8,0.4,1,10,0.5,2,12,0.6,2,4,0.2,1,14,0.7,3,12,0.6,3,16,0.8,3
S04595,Division,2,16,0.8,4,16,0.8,4,4,0.2,0,10,0.5,2,8,0.4,1,8,0.4,2,14,0.7,3,4,0.2,0
S06142,Division,2,12,0.6,3,8,0.4,2,0,0.0,0,8,0.4,2,8,0.4,2,0,0.0,0,12,0.6,3,0,0.0,0
S05224,Simplifying Fractions,6,12,0.6,3,18,0.9,4,12,0.6,3,16,0.8,4,20,1.0,5,18,0.9,4,8,0.4,2,14,0.7,3
S06242,Comparing Fractions,1,16,0.8,4,4,0.2,1,8,0.4,2,8,0.4,2,16,0.8,4,8,0.4,2,8,0.4,2,20,1.0,5
S00839,Fraction to Decimal,3,12,0.6,2,6,0.3,1,14,0.7,3,2,0.1,0,10,0.5,1,12,0.6,2,12,0.6,2,10,0.5,2
S04779,Multiplication,4,20,1.0,5,14,0.7,3,12,0.6,2,8,0.4,2,4,0.2,0,10,0.5,2,14,0.7,3,16,0.8,4
S04377,Fraction to Decimal,3,18,0.9,4,12,0.6,2,12,0.6,2,4,0.2,0,12,0.6,3,12,0.6,3,16,0.8,4,6,0.3,1
S04741,Addition,0,8,0.4,2,10,0.5,2,12,0.6,3,10,0.5,2,16,0.8,4,10,0.5,2,10,0.5,2,16,0.8,4
S02663,Multiplication,4,12,0.6,3,12,0.6,2,14,0.7,3,18,0.9,4,10,0.5,2,14,0.7,3,12,0.6,2,16,0.8,4
S01059,Division,2,8,0.4,2,16,0.8,4,4,0.2,0,8,0.4,2,20,1.0,5,14,0.7,3,6,0.3,1,8,0.4,2
S05752,Ordering Fractions,5,4,0.2,1,8,0.4,2,14,0.7,3,16,0.8,4,8,0.4,2,2,0.1,0,12,0.6,3,8,0.4,2
S02981,Subtraction,7,10,0.5,2,12,0.6,2,16,0.8,3,10,0.5,2,8,0.4,2,10,0.5,2,12,0.6,3,8,0.4,2
S02820,Addition,0,4,0.2,1,8,0.4,2,14,0.7,3,8,0.4,2,12,0.6,3,18,0.9,4,10,0.5,2,10,0.5,2
S03799,Multiplication,4,8,0.4,2,2,0.1,0,12,0.6,2,2,0.1,0,0,0.0,0,6,0.3,1,8,0.4,2,10,0.5,2
S03962,Simplifying Fractions,6,12,0.6,3,10,0.5,2,18,0.9,4,16,0.8,3,12,0.6,2,12,0.6,3,0,0.0,0,14,0.7,3
S01523,Subtraction,7,12,0.6,2,8,0.4,2,14,0.7,3,12,0.6,3,16,0.8,4,12,0.6,3,12,0.6,3,4,0.2,1
S04052,Subtraction,7,8,0.4,2,12,0.6,2,20,1.0,5,6,0.3,0,12,0.6,3,12,0.6,2,14,0.7,3,6,0.3,1
S01370,Subtraction,7,12,0.6,3,18,0.9,4,10,0.5,2,12,0.6,3,18,0.9,4,16,0.8,4,14,0.7,3,8,0.4,1
S05236,Simplifying Fractions,6,8,0.4,2,16,0.8,4,8,0.4,2,10,0.5,2,12,0.6,3,16,0.8,4,6,0.3,1,12,0.6,3
S00555,Division,2,14,0.7,3,14,0.7,3,4,0.2,1,6,0.3,1,6,0.3,1,12,0.6,3,12,0.6,2,12,0.6,3
S01225,Subtraction,7,16,0.8,4,16,0.8,4,10,0.5,2,14,0.7,3,16,0.8,3,16,0.8,4,12,0.6,3,8,0.4,1
S00218,Fraction to Decimal,3,16,0.8,4,10,0.5,2,14,0.7,3,4,0.2,0,12,0.6,3,14,0.7,3,6,0.3,1,10,0.5,2
S04538,Multiplication,4,14,0.7,2,8,0.4,2,4,0.2,0,10,0.5,2,4,0.2,0,10,0.5,2,14,0.7,3,4,0.2,1
S00889,Simplifying Fractions,6,20,1.0,5,10,0.5,2,12,0.6,3,12,0.6,3,16,0.8,4,18,0.9,4,4,0.2,1,12,0.6,3
S04874,Simplifying Fractions,6,4,0.2,1,16,0.8,3,10,0.5,2,6,0.3,1,10,0.5,2,10,0.5,1,0,0.0,0,16,0.8,4
S05055,Subtraction,7,12,0.6,3,10,0.5,2,8,0.4,2,8,0.4,2,8,0.4,2,8,0.4,2,12,0.6,3,4,0.2,1
S04709,Ordering Fractions,5,12,0.6,3,18,0.9,4,16,0.8,3,8,0.4,2,12,0.6,2,0,0.0,0,16,0.8,4,10,0.5,2
S04474,Division,2,16,0.8,4,8,0.4,1,6,0.3,1,12,0.6,3,8,0.4,0,8,0.4,2,18,0.9,4,8,0.4,2
S00114,Subtraction,7,18,0.9,4,10,0.5,2,6,0.3,1,14,0.7,3,10,0.5,2,14,0.7,3,16,0.8,3,6,0.3,1
S02729,Subtraction,7,12,0.6,3,12,0.6,3,14,0.7,2,8,0.4,1,16,0.8,4,16,0.8,4,14,0.7,3,8,0.4,1
S02824,Multiplication,4,18,0.9,4,14,0.7,3,16,0.8,4,14,0.7,3,6,0.3,1,18,0.9,4,16,0.8,4,12,0.6,3
S01476,Addition,0,6,0.3,1,12,0.6,2,16,0.8,3,8,0.4,2,14,0.7,3,16,0.8,3,10,0.5,2,12,0.6,3
S01783,Simplifying Fractions,6,12,0.6,2,8,0.4,2,10,0.5,2,14,0.7,3,20,1.0,5,16,0.8,4,0,0.0,0,20,1.0,5
S06019,Subtraction,7,16,0.8,4,12,0.6,3,12,0.6,3,16,0.8,4,12,0.6,3,20,1.0,5,16,0.8,4,8,0.4,2
S04207,Multiplication,4,16,0.8,4,14,0.7,3,10,0.5,1,10,0.5,2,4,0.2,1,8,0.4,1,8,0.4,1,8,0.4,1
S02774,Subtraction,7,10,0.5,2,14,0.7,3,10,0.5,2,8,0.4,1,12,0.6,3,8,0.4,1,14,0.7,3,4,0.2,1
S04246,Division,2,14,0.7,3,14,0.7,3,8,0.4,1,12,0.6,2,14,0.7,2,10,0.5,2,14,0.7,3,12,0.6,3
S00313,Comparing Fractions,1,10,0.5,2,2,0.1,0,8,0.4,2,4,0.2,1,12,0.6,2,8,0.4,0,16,0.8,4,10,0.5,2
S05161,Fraction to Decimal,3,12,0.6,3,20,1.0,5,12,0.6,3,8,0.4,2,12,0.6,3,12,0.6,3,10,0.5,2,8,0.4,2
S03372,Comparing Fractions,1,16,0.8,4,6,0.3,1,18,0.9,4,8,0.4,2,8,0.4,1,16,0.8,4,10,0.5,2,12,0.6,3
S02713,Multiplication,4,10,0.5,1,18,0.9,4,16,0.8,3,10,0.5,2,4,0.2,0,8,0.4,1,12,0.6,3,20,1.0,5
S04674,Multiplication,4,10,0.5,2,12,0.6,3,12,0.6,2,14,0.7,3,8,0.4,2,8,0.4,2,16,0.8,3,16,0.8,4
S04471,Ordering Fractions,5,6,0.3,1,10,0.5,0,14,0.7,3,8,0.4,1,12,0.6,2,4,0.2,0,10,0.5,2,16,0.8,4
S05006,Ordering Fractions,5,16,0.8,4,20,1.0,5,14,0.7,3,8,0.4,2,18,0.9,4,4,0.2,1,10,0.5,2,16,0.8,4
S02621,Simplifying Fractions,6,8,0.4,2,6,0.3,0,6,0.3,1,8,0.4,2,16,0.8,4,16,0.8,4,6,0.3,1,18,0.9,4
S02194,Multiplication,4,6,0.3,1,16,0.8,4,12,0.6,3,10,0.5,1,0,0.0,0,20,1.0,5,12,0.6,3,12,0.6,2
S05283,Ordering Fractions,5,18,0.9,4,18,0.9,4,12,0.6,3,8,0.4,2,12,0.6,3,0,0.0,0,12,0.6,3,4,0.2,1
S00367,Multiplication,4,16,0.8,4,14,0.7,3,18,0.9,4,12,0.6,2,10,0.5,2,12,0.6,2,12,0.6,2,16,0.8,4
S02293,Division,2,12,0.6,2,10,0.5,2,0,0.0,0,12,0.6,3,6,0.3,1,10,0.5,2,14,0.7,3,8,0.4,0
S05534,Multiplication,4,12,0.6,3,16,0.8,4,12,0.6,3,10,0.5,2,2,0.1,0,4,0.2,1,20,1.0,5,16,0.8,4
S06315,Addition,0,8,0.4,2,12,0.6,3,12,0.6,3,8,0.4,2,16,0.8,4,12,0.6,3,12,0.6,3,8,0.4,2
S01691,Division,2,10,0.5,2,20,1.0,5,6,0.3,1,8,0.4,2,20,1.0,5,10,0.5,2,12,0.6,2,10,0.5,2
S02990,Division,2,18,0.9,4,10,0.5,2,8,0.4,2,12,0.6,2,14,0.7,2,14,0.7,2,14,0.7,3,14,0.7,3
S01454,Fraction to Decimal,3,10,0.5,2,18,0.9,4,16,0.8,3,10,0.5,1,10,0.5,2,12,0.6,2,14,0.7,3,10,0.5,2
S05619,Division,2,18,0.9,4,12,0.6,3,4,0.2,1,10,0.5,2,16,0.8,4,12,0.6,3,20,1.0,5,8,0.4,2
S01376,Multiplication,4,18,0.9,4,12,0.6,3,12,0.6,2,10,0.5,1,6,0.3,1,16,0.8,4,14,0.7,3,12,0.6,3
S00488,Ordering Fractions,5,14,0.7,3,12,0.6,3,14,0.7,3,8,0.4,2,6,0.3,1,6,0.3,1,10,0.5,2,6,0.3,1
S04896,Comparing Fractions,1,16,0.8,4,4,0.2,0,18,0.9,4,12,0.6,3,10,0.5,2,18,0.9,4,12,0.6,3,16,0.8,4
S00703,Simplifying Fractions,6,16,0.8,3,12,0.6,3,20,1.0,5,14,0.7,3,12,0.6,3,10,0.5,2,6,0.3,1,18,0.9,4
S02288,Addition,0,6,0.3,1,8,0.4,2,10,0.5,2,14,0.7,3,10,0.5,2,12,0.6,3,20,1.0,5,10,0.5,2
S05547,Subtraction,7,10,0.5,2,6,0.3,1,8,0.4,2,6,0.3,1,18,0.9,4,16,0.8,4,4,0.2,1,0,0.0,0
S03033,Simplifying Fractions,6,20,1.0,5,16,0.8,3,10,0.5,2,16,0.8,4,14,0.7,3,18,0.9,4,8,0.4,2,16,0.8,4
S02352,Subtraction,7,16,0.8,4,18,0.9,4,14,0.7,3,12,0.6,1,14,0.7,3,14,0.7,3,12,0.6,3,8,0.4,2
S06153,Division,2,8,0.4,2,16,0.8,4,0,0.0,0,4,0.2,1,16,0.8,4,4,0.2,1,12,0.6,3,12,0.6,3
S05153,Fraction to Decimal,3,8,0.4,2,12,0.6,3,6,0.3,1,6,0.3,1,16,0.8,4,12,0.6,3,20,1.0,5,12,0.6,3
S00249,Subtraction,7,12,0.6,3,10,0.5,2,10,0.5,2,8,0.4,1,14,0.7,3,6,0.3,1,14,0.7,3,6,0.3,1
S00804,Multiplication,4,14,0.7,3,12,0.6,3,16,0.8,3,14,0.7,3,6,0.3,1,16,0.8,4,6,0.3,0,14,0.7,2
S01983,Multiplication,4,16,0.8,4,12,0.6,3,16,0.8,4,16,0.8,4,6,0.3,0,8,0.4,2,8,0.4,1,16,0.8,3
S04931,Subtraction,7,10,0.5,2,8,0.4,2,16,0.8,4,10,0.5,2,10,0.5,2,8,0.4,0,14,0.7,3,4,0.2,1
S00362,Subtraction,7,10,0.5,2,4,0.2,0,14,0.7,3,12,0.6,3,10,0.5,2,10,0.5,2,8,0.4,2,0,0.0,0
S05654,Ordering Fractions,5,8,0.4,2,20,1.0,5,12,0.6,3,14,0.7,3,16,0.8,4,4,0.2,1,4,0.2,1,8,0.4,2
S04784,Comparing Fractions,1,12,0.6,3,2,0.1,0,14,0.7,3,8,0.4,2,12,0.6,2,14,0.7,3,6,0.3,1,14,0.7,3
S05098,Simplifying Fractions,6,14,0.7,3,4,0.2,1,4,0.2,1,2,0.1,0,14,0.7,3,8,0.4,2,0,0.0,0,6,0.3,1
S06359,Comparing Fractions,1,16,0.8,4,4,0.2,1,8,0.4,2,8,0.4,2,12,0.6,3,12,0.6,3,4,0.2,1,12,0.6,3
S04959,Subtraction,7,8,0.4,0,14,0.7,3,14,0.7,3,10,0.5,2,14,0.7,3,12,0.6,2,10,0.5,2,6,0.3,1
S01799,Division,2,8,0.4,2,20,1.0,5,6,0.3,1,12,0.6,2,12,0.6,3,10,0.5,1,6,0.3,1,8,0.4,1
S05625,Subtraction,7,10,0.5,2,14,0.7,3,8,0.4,2,14,0.7,3,12,0.6,3,14,0.7,3,12,0.6,3,8,0.4,2
S04260,Addition,0,2,0.1,0,10,0.5,2,10,0.5,2,4,0.2,1,14,0.7,2,14,0.7,3,12,0.6,3,8,0.4,2
S02754,Fraction to Decimal,3,14,0.7,3,4,0.2,1,14,0.7,3,4,0.2,0,6,0.3,1,16,0.8,4,16,0.8,4,12,0.6,3
S05798,Subtraction,7,10,0.5,2,12,0.6,3,20,1.0,5,18,0.9,4,14,0.7,3,14,0.7,3,8,0.4,2,2,0.1,0
S03096,Division,2,10,0.5,1,14,0.7,3,8,0.4,1,12,0.6,2,8,0.4,2,12,0.6,3,12,0.6,3,14,0.7,3
S02197,Comparing Fractions,1,10,0.5,2,6,0.3,1,16,0.8,4,8,0.4,2,10,0.5,2,12,0.6,3,16,0.8,4,8,0.4,1
S02159,Simplifying Fractions,6,8,0.4,1,14,0.7,3,14,0.7,3,12,0.6,2,12,0.6,3,16,0.8,4,8,0.4,2,20,1.0,5
S04127,Comparing Fractions,1,10,0.5,2,0,0.0,0,14,0.7,2,6,0.3,1,16,0.8,4,10,0.5,2,16,0.8,4,16,0.8,3
S05087,Multiplication,4,14,0.7,3,8,0.4,2,20,1.0,5,6,0.3,1,2,0.1,0,20,1.0,5,4,0.2,1,16,0.8,4
S02321,Comparing Fractions,1,12,0.6,3,0,0.0,0,16,0.8,4,6,0.3,1,6,0.3,1,12,0.6,2,8,0.4,1,10,0.5,2
S02206,Ordering Fractions,5,16,0.8,4,16,0.8,4,12,0.6,3,12,0.6,2,12,0.6,3,8,0.4,1,20,1.0,5,12,0.6,3
S01671,Multiplication,4,14,0.7,3,18,0.9,4,12,0.6,3,14,0.7,3,8,0.4,2,12,0.6,3,16,0.8,4,18,0.9,4
S00142,Comparing Fractions,1,14,0.7,3,4,0.2,1,20,1.0,5,8,0.4,2,18,0.9,4,12,0.6,3,6,0.3,1,12,0.6,3
S05418,Division,2,16,0.8,4,8,0.4,2,0,0.0,0,4,0.2,1,12,0.6,3,16,0.8,4,10,0.5,2,8,0.4,2
S01876,Multiplication,4,16,0.8,4,12,0.6,3,10,0.5,2,12,0.6,2,6,0.3,0,16,0.8,4,8,0.4,2,18,0.9,4
S03714,Simplifying Fractions,6,16,0.8,3,6,0.3,1,4,0.2,1,8,0.4,2,12,0.6,2,6,0.3,1,2,0.1,0,18,0.9,4
S02049,Ordering Fractions,5,10,0.5,2,12,0.6,2,10,0.5,2,10,0.5,2,12,0.6,2,4,0.2,0,16,0.8,3,18,0.9,4
S02994,Comparing Fractions,1,14,0.7,3,6,0.3,1,10,0.5,2,12,0.6,3,8,0.4,1,12,0.6,3,8,0.4,1,14,0.7,3
S05430,Simplifying Fractions,6,8,0.4,2,16,0.8,4,12,0.6,3,10,0.5,2,6,0.3,1,12,0.6,3,2,0.1,0,12,0.6,3
S00747,Multiplication,4,4,0.2,1,14,0.7,3,18,0.9,4,10,0.5,2,2,0.1,0,14,0.7,3,6,0.3,0,16,0.8,4
S00161,Division,2,8,0.4,1,16,0.8,4,6,0.3,1,14,0.7,3,20,1.0,5,18,0.9,4,20,1.0,5,12,0.6,2
S05328,Subtraction,7,8,0.4,2,12,0.6,3,16,0.8,4,8,0.4,2,20,1.0,5,12,0.6,3,12,0.6,3,4,0.2,1
S00158,Division,2,8,0.4,1,10,0.5,2,2,0.1,0,10,0.5,2,12,0.6,3,14,0.7,3,6,0.3,1,18,0.9,4
S00232,Subtraction,7,20,1.0,5,18,0.9,4,18,0.9,4,14,0.7,3,14,0.7,3,12,0.6,2,10,0.5,2,6,0.3,1
S05265,Subtraction,7,20,1.0,5,8,0.4,2,18,0.9,4,10,0.5,2,12,0.6,3,16,0.8,4,16,0.8,4,4,0.2,1
S00560,Subtraction,7,8,0.4,1,10,0.5,2,12,0.6,2,10,0.5,1,8,0.4,1,18,0.9,4,8,0.4,2,0,0.0,0
S02521,Addition,0,4,0.2,1,14,0.7,3,20,1.0,5,14,0.7,3,16,0.8,4,16,0.8,4,16,0.8,4,6,0.3,1
S06192,Subtraction,7,4,0.2,1,8,0.4,2,0,0.0,0,8,0.4,2,0,0.0,0,8,0.4,2,12,0.6,3,0,0.0,0
S03642,Comparing Fractions,1,16,0.8,3,4,0.2,1,8,0.4,1,14,0.7,3,12,0.6,3,20,1.0,5,10,0.5,2,18,0.9,4
S01748,Simplifying Fractions,6,14,0.7,3,6,0.3,1,10,0.5,2,6,0.3,1,10,0.5,2,12,0.6,3,4,0.2,0,10,0.5,2
S02934,Subtraction,7,6,0.3,1,14,0.7,3,20,1.0,5,10,0.5,2,12,0.6,3,8,0.4,1,12,0.6,3,2,0.1,0
S03657,Comparing Fractions,1,10,0.5,2,0,0.0,0,16,0.8,4,14,0.7,3,18,0.9,4,14,0.7,3,4,0.2,1,14,0.7,3
S00406,Division,2,10,0.5,2,8,0.4,1,4,0.2,1,12,0.6,3,8,0.4,1,12,0.6,3,8,0.4,1,16,0.8,4
S02396,Ordering Fractions,5,8,0.4,2,14,0.7,3,12,0.6,3,8,0.4,2,14,0.7,3,2,0.1,0,10,0.5,2,10,0.5,2
S01493,Ordering Fractions,5,12,0.6,3,10,0.5,2,12,0.6,3,18,0.9,4,10,0.5,2,10,0.5,2,12,0.6,3,10,0.5,2
S06380,Simplifying Fractions,6,4,0.2,1,16,0.8,4,8,0.4,2,8,0.4,2,12,0.6,3,8,0.4,2,4,0.2,1,8,0.4,2
S01711,Ordering Fractions,5,16,0.8,4,8,0.4,2,14,0.7,3,12,0.6,3,8,0.4,2,6,0.3,1,16,0.8,4,16,0.8,3
S02672,Comparing Fractions,1,16,0.8,4,6,0.3,1,14,0.7,3,12,0.6,3,18,0.9,4,14,0.7,3,12,0.6,3,12,0.6,2
S03236,Comparing Fractions,1,12,0.6,2,8,0.4,2,16,0.8,4,20,1.0,5,20,1.0,5,8,0.4,2,20,1.0,5,12,0.6,3
S04544,Division,2,8,0.4,2,12,0.6,3,4,0.2,1,14,0.7,3,12,0.6,3,10,0.5,2,6,0.3,1,10,0.5,2
S04875,Addition,0,6,0.3,1,20,1.0,5,16,0.8,4,12,0.6,3,8,0.4,2,16,0.8,4,8,0.4,1,18,0.9,4
S04152,Division,2,14,0.7,3,10,0.5,2,4,0.2,1,10,0.5,2,14,0.7,3,18,0.9,4,12,0.6,3,18,0.9,4
S01561,Multiplication,4,12,0.6,3,14,0.7,3,12,0.6,2,10,0.5,1,4,0.2,1,10,0.5,2,10,0.5,2,12,0.6,3
S04492,Subtraction,7,10,0.5,1,8,0.4,1,14,0.7,3,4,0.2,0,14,0.7,3,8,0.4,2,16,0.8,4,4,0.2,0
S00701,Multiplication,4,14,0.7,3,4,0.2,1,10,0.5,2,6,0.3,1,4,0.2,1,18,0.9,4,18,0.9,4,10,0.5,2
S05505,Division,2,8,0.4,2,14,0.7,3,4,0.2,1,16,0.8,4,18,0.9,4,16,0.8,4,8,0.4,2,20,1.0,5
S02237,Simplifying Fractions,6,18,0.9,4,12,0.6,3,10,0.5,1,8,0.4,2,20,1.0,5,16,0.8,4,4,0.2,1,14,0.7,3
S00390,Ordering Fractions,5,12,0.6,2,8,0.4,1,12,0.6,2,8,0.4,2,8,0.4,1,8,0.4,2,16,0.8,4,14,0.7,3
S01960,Multiplication,4,14,0.7,3,10,0.5,2,2,0.1,0,16,0.8,4,0,0.0,0,12,0.6,3,18,0.9,4,18,0.9,4
S01188,Simplifying Fractions,6,12,0.6,3,8,0.4,2,16,0.8,4,8,0.4,1,10,0.5,2,10,0.5,2,8,0.4,2,16,0.8,4
S02624,Addition,0,4,0.2,0,10,0.5,2,14,0.7,3,10,0.5,2,18,0.9,4,6,0.3,1,6,0.3,1,12,0.6,3
S01665,Simplifying Fractions,6,16,0.8,4,14,0.7,2,8,0.4,1,14,0.7,3,12,0.6,3,14,0.7,3,8,0.4,1,10,0.5,2
S05850,Ordering Fractions,5,16,0.8,4,10,0.5,2,4,0.2,1,18,0.9,4,8,0.4,2,4,0.2,1,8,0.4,2,8,0.4,2
S00812,Comparing Fractions,1,8,0.4,2,4,0.2,1,16,0.8,4,14,0.7,2,12,0.6,2,8,0.4,2,8,0.4,2,10,0.5,2
S05103,Comparing Fractions,1,20,1.0,5,4,0.2,1,8,0.4,2,4,0.2,1,16,0.8,4,18,0.9,4,20,1.0,5,16,0.8,4
S01131,Comparing Fractions,1,12,0.6,2,4,0.2,1,12,0.6,3,10,0.5,1,12,0.6,3,12,0.6,2,14,0.7,3,12,0.6,2
S03600,Multiplication,4,10,0.5,2,10,0.5,2,16,0.8,3,10,0.5,2,2,0.1,0,12,0.6,3,20,1.0,5,16,0.8,4
S05366,Multiplication,4,16,0.8,4,8,0.4,2,4,0.2,1,6,0.3,1,4,0.2,1,12,0.6,3,16,0.8,4,8,0.4,2
S01792,Subtraction,7,12,0.6,3,8,0.4,2,18,0.9,4,10,0.5,2,10,0.5,2,12,0.6,3,10,0.5,2,6,0.3,1
S01207,Division,2,12,0.6,3,12,0.6,3,6,0.3,1,16,0.8,3,10,0.5,2,14,0.7,3,20,1.0,5,18,0.9,4
S00697,Division,2,10,0.5,2,10,0.5,2,6,0.3,1,10,0.5,2,14,0.7,2,14,0.7,3,20,1.0,5,12,0.6,2
S04951,Fraction to Decimal,3,6,0.3,1,12,0.6,2,12,0.6,3,0,0.0,0,16,0.8,4,12,0.6,3,14,0.7,3,18,0.9,4
S01195,Ordering Fractions,5,6,0.3,1,14,0.7,3,14,0.7,3,6,0.3,1,12,0.6,2,4,0.2,1,10,0.5,2,8,0.4,2
S04964,Simplifying Fractions,6,18,0.9,4,16,0.8,4,20,1.0,5,18,0.9,4,14,0.7,3,14,0.7,3,10,0.5,2,14,0.7,3
S02637,Subtraction,7,8,0.4,2,16,0.8,4,16,0.8,3,16,0.8,4,8,0.4,1,18,0.9,4,20,1.0,5,2,0.1,0
S05617,Ordering Fractions,5,12,0.6,3,12,0.6,3,14,0.7,3,10,0.5,2,8,0.4,2,0,0.0,0,12,0.6,3,14,0.7,3
S05223,Subtraction,7,20,1.0,5,10,0.5,2,16,0.8,4,12,0.6,3,16,0.8,4,14,0.7,3,4,0.2,1,4,0.2,1
S05888,Simplifying Fractions,6,12,0.6,3,4,0.2,1,18,0.9,4,4,0.2,1,8,0.4,2,8,0.4,2,0,0.0,0,8,0.4,2
S05476,Subtraction,7,16,0.8,4,16,0.8,4,8,0.4,2,12,0.6,3,8,0.4,2,18,0.9,4,6,0.3,1,0,0.0,0
S04986,Simplifying Fractions,6,20,1.0,5,12,0.6,2,8,0.4,2,4,0.2,0,10,0.5,2,8,0.4,2,4,0.2,1,10,0.5,1
S03631,Multiplication,4,4,0.2,1,10,0.5,2,18,0.9,4,10,0.5,2,2,0.1,0,14,0.7,3,18,0.9,4,20,1.0,5
S04524,Division,2,14,0.7,3,8,0.4,2,6,0.3,1,12,0.6,2,16,0.8,4,6,0.3,1,8,0.4,0,12,0.6,3
S02504,Simplifying Fractions,6,12,0.6,2,12,0.6,3,16,0.8,4,12,0.6,3,16,0.8,4,12,0.6,3,0,0.0,0,14,0.7,3
S04571,Division,2,12,0.6,3,14,0.7,3,8,0.4,1,14,0.7,3,18,0.9,4,14,0.7,3,14,0.7,3,8,0.4,2
S02454,Comparing Fractions,1,16,0.8,3,2,0.1,0,18,0.9,4,10,0.5,1,8,0.4,2,10,0.5,2,12,0.6,3,12,0.6,2
S05696,Division,2,16,0.8,4,8,0.4,2,8,0.4,2,14,0.7,3,20,1.0,5,10,0.5,2,12,0.6,3,10,0.5,2
S02716,Simplifying Fractions,6,12,0.6,2,14,0.7,3,16,0.8,4,12,0.6,2,12,0.6,2,16,0.8,3,8,0.4,2,12,0.6,3
S06169,Division,2,4,0.2,1,8,0.4,2,0,0.0,0,4,0.2,1,12,0.6,3,4,0.2,1,16,0.8,4,0,0.0,0
S01267,Division,2,20,1.0,5,20,1.0,5,8,0.4,1,12,0.6,2,12,0.6,3,10,0.5,2,12,0.6,2,12,0.6,2
S01039,Ordering Fractions,5,14,0.7,3,12,0.6,3,18,0.9,4,8,0.4,2,8,0.4,2,6,0.3,1,8,0.4,2,14,0.7,3
S00056,Addition,0,10,0.5,2,20,1.0,5,14,0.7,3,10,0.5,2,14,0.7,2,14,0.7,3,12,0.6,3,14,0.7,3
S00878,Simplifying Fractions,6,16,0.8,3,20,1.0,5,8,0.4,2,8,0.4,2,14,0.7,3,10,0.5,2,6,0.3,1,12,0.6,2
S06103,Fraction to Decimal,3,8,0.4,2,12,0.6,3,8,0.4,2,0,0.0,0,4,0.2,1,16,0.8,4,8,0.4,2,12,0.6,3
S02231,Ordering Fractions,5,10,0.5,2,18,0.9,4,14,0.7,3,16,0.8,3,16,0.8,3,4,0.2,1,16,0.8,4,12,0.6,2
S03606,Fraction to Decimal,3,16,0.8,4,14,0.7,3,16,0.8,4,2,0.1,0,14,0.7,3,16,0.8,4,12,0.6,3,10,0.5,2
S00014,Fraction to Decimal,3,8,0.4,1,20,1.0,5,20,1.0,5,8,0.4,2,14,0.7,3,8,0.4,2,8,0.4,1,14,0.7,3
S00916,Ordering Fractions,5,8,0.4,1,10,0.5,2,20,1.0,5,10,0.5,2,12,0.6,2,8,0.4,1,20,1.0,5,12,0.6,3
S06258,Division,2,16,0.8,4,8,0.4,2,0,0.0,0,8,0.4,2,8,0.4,2,12,0.6,3,20,1.0,5,16,0.8,4
S02256,Addition,0,2,0.1,0,18,0.9,4,14,0.7,3,14,0.7,3,8,0.4,2,6,0.3,0,10,0.5,2,16,0.8,4
S00789,Fraction to Decimal,3,8,0.4,2,12,0.6,2,12,0.6,2,4,0.2,0,12,0.6,3,6,0.3,1,8,0.4,2,16,0.8,4
S00846,Multiplication,4,14,0.7,3,10,0.5,2,8,0.4,2,16,0.8,3,6,0.3,1,16,0.8,4,20,1.0,5,12,0.6,3
S03099,Ordering Fractions,5,8,0.4,1,8,0.4,0,14,0.7,3,18,0.9,4,12,0.6,3,4,0.2,1,12,0.6,2,14,0.7,3
S05866,Multiplication,4,12,0.6,3,16,0.8,4,16,0.8,4,16,0.8,4,8,0.4,2,14,0.7,3,8,0.4,2,12,0.6,3
S00811,Division,2,20,1.0,5,12,0.6,2,8,0.4,1,10,0.5,2,20,1.0,5,20,1.0,5,8,0.4,2,20,1.0,5
S01167,Subtraction,7,14,0.7,3,16,0.8,4,16,0.8,4,12,0.6,2,12,0.6,2,16,0.8,4,16,0.8,4,10,0.5,2
S06212,Division,2,8,0.4,2,16,0.8,4,8,0.4,2,12,0.6,3,16,0.8,4,16,0.8,4,12,0.6,3,16,0.8,4
S02174,Ordering Fractions,5,14,0.7,3,16,0.8,4,14,0.7,3,16,0.8,4,18,0.9,4,12,0.6,3,18,0.9,4,12,0.6,2
S02560,Division,2,12,0.6,2,4,0.2,1,2,0.1,0,16,0.8,4,14,0.7,3,16,0.8,4,16,0.8,3,4,0.2,1
S00150,Simplifying Fractions,6,12,0.6,3,18,0.9,4,10,0.5,2,8,0.4,1,8,0.4,2,18,0.9,4,2,0.1,0,16,0.8,4
S03195,Comparing Fractions,1,12,0.6,2,8,0.4,2,14,0.7,3,8,0.4,2,16,0.8,4,10,0.5,2,16,0.8,3,14,0.7,3
S01096,Multiplication,4,14,0.7,3,14,0.7,3,14,0.7,2,8,0.4,1,4,0.2,0,10,0.5,2,8,0.4,1,12,0.6,3
S01311,Division,2,2,0.1,0,16,0.8,3,0,0.0,0,6,0.3,1,16,0.8,4,16,0.8,3,10,0.5,2,12,0.6,3
S04008,Subtraction,7,12,0.6,2,16,0.8,4,4,0.2,1,8,0.4,2,14,0.7,3,14,0.7,3,14,0.7,3,0,0.0,0
S01873,Addition,0,6,0.3,1,12,0.6,3,12,0.6,2,12,0.6,2,10,0.5,2,16,0.8,4,16,0.8,4,14,0.7,3
S01315,Ordering Fractions,5,16,0.8,4,12,0.6,3,8,0.4,2,8,0.4,2,12,0.6,3,6,0.3,0,16,0.8,4,18,0.9,4
S03924,Fraction to Decimal,3,12,0.6,2,12,0.6,3,8,0.4,2,6,0.3,1,6,0.3,1,12,0.6,3,12,0.6,3,8,0.4,2
S02593,Division,2,12,0.6,2,16,0.8,4,8,0.4,2,12,0.6,2,16,0.8,4,16,0.8,4,12,0.6,3,12,0.6,3
S06318,Division,2,8,0.4,2,12,0.6,3,0,0.0,0,16,0.8,4,12,0.6,3,8,0.4,2,0,0.0,0,8,0.4,2
S03098,Comparing Fractions,1,14,0.7,3,8,0.4,1,20,1.0,5,14,0.7,3,12,0.6,3,16,0.8,4,18,0.9,4,12,0.6,2
S01538,Addition,0,6,0.3,1,10,0.5,1,16,0.8,4,8,0.4,2,8,0.4,2,12,0.6,3,8,0.4,1,8,0.4,2
S06012,Addition,0,8,0.4,2,8,0.4,2,12,0.6,3,16,0.8,4,12,0.6,3,16,0.8,4,12,0.6,3,16,0.8,4
S01882,Comparing Fractions,1,10,0.5,2,4,0.2,0,18,0.9,4,6,0.3,1,12,0.6,2,12,0.6,3,18,0.9,4,14,0.7,3
S03630,Addition,0,4,0.2,1,12,0.6,3,16,0.8,3,8,0.4,2,6,0.3,1,20,1.0,5,12,0.6,3,8,0.4,1
S04690,Simplifying Fractions,6,8,0.4,2,16,0.8,3,14,0.7,3,12,0.6,3,16,0.8,4,8,0.4,2,6,0.3,1,20,1.0,5
S02448,Comparing Fractions,1,20,1.0,5,4,0.2,1,14,0.7,3,14,0.7,3,16,0.8,4,14,0.7,3,16,0.8,4,20,1.0,5
S01461,Subtraction,7,8,0.4,1,14,0.7,3,6,0.3,1,16,0.8,4,18,0.9,4,14,0.7,3,8,0.4,2,2,0.1,0
S06381,Fraction to Decimal,3,16,0.8,4,20,1.0,5,8,0.4,2,0,0.0,0,8,0.4,2,12,0.6,3,4,0.2,1,20,1.0,5
S03726,Subtraction,7,8,0.4,2,12,0.6,3,12,0.6,3,12,0.6,3,14,0.7,3,12,0.6,3,16,0.8,4,8,0.4,2
S06032,Subtraction,7,16,0.8,4,8,0.4,2,8,0.4,2,12,0.6,3,8,0.4,2,16,0.8,4,16,0.8,4,8,0.4,2
S01019,Subtraction,7,10,0.5,2,16,0.8,4,14,0.7,3,10,0.5,2,16,0.8,4,8,0.4,0,10,0.5,2,6,0.3,1
S04376,Multiplication,4,12,0.6,2,14,0.7,3,16,0.8,4,14,0.7,3,2,0.1,0,6,0.3,1,8,0.4,2,8,0.4,2
S02828,Multiplication,4,8,0.4,2,12,0.6,1,16,0.8,3,14,0.7,3,6,0.3,1,10,0.5,2,10,0.5,2,12,0.6,2
S01579,Addition,0,6,0.3,1,16,0.8,3,10,0.5,2,8,0.4,2,6,0.3,1,14,0.7,3,10,0.5,2,10,0.5,2
S01381,Ordering Fractions,5,12,0.6,3,12,0.6,2,10,0.5,2,16,0.8,3,8,0.4,2,6,0.3,1,8,0.4,2,10,0.5,2
S00035,Comparing Fractions,1,10,0.5,2,10,0.5,1,10,0.5,2,10,0.5,2,18,0.9,4,16,0.8,4,20,1.0,5,14,0.7,3
S05112,Multiplication,4,16,0.8,4,20,1.0,5,14,0.7,3,12,0.6,3,4,0.2,1,8,0.4,2,20,1.0,5,18,0.9,4
S04797,Comparing Fractions,1,16,0.8,4,2,0.1,0,18,0.9,4,16,0.8,4,20,1.0,5,8,0.4,1,12,0.6,2,8,0.4,2
S05173,Fraction to Decimal,3,8,0.4,2,12,0.6,3,16,0.8,4,0,0.0,0,4,0.2,1,8,0.4,2,12,0.6,3,10,0.5,2
S06036,Multiplication,4,12,0.6,3,8,0.4,2,8,0.4,2,20,1.0,5,8,0.4,2,16,0.8,4,12,0.6,3,16,0.8,4
S04225,Ordering Fractions,5,10,0.5,2,14,0.7,3,14,0.7,3,6,0.3,1,14,0.7,2,6,0.3,0,14,0.7,3,12,0.6,3
S00707,Fraction to Decimal,3,8,0.4,2,18,0.9,4,12,0.6,3,8,0.4,2,16,0.8,4,18,0.9,4,12,0.6,3,12,0.6,3
S02102,Simplifying Fractions,6,16,0.8,4,10,0.5,2,14,0.7,3,10,0.5,2,6,0.3,1,18,0.9,4,4,0.2,0,8,0.4,1
S01306,Addition,0,12,0.6,3,12,0.6,2,14,0.7,3,14,0.7,3,12,0.6,3,16,0.8,4,20,1.0,5,20,1.0,5
S05075,Multiplication,4,18,0.9,4,16,0.8,4,14,0.7,3,8,0.4,2,8,0.4,2,12,0.6,3,12,0.6,3,12,0.6,3
S01252,Ordering Fractions,5,18,0.9,4,16,0.8,3,16,0.8,4,10,0.5,1,12,0.6,2,6,0.3,1,18,0.9,4,12,0.6,3
S00858,Addition,0,6,0.3,1,12,0.6,2,6,0.3,1,12,0.6,3,6,0.3,1,8,0.4,2,18,0.9,4,6,0.3,1
S00182,Subtraction,7,16,0.8,4,10,0.5,2,16,0.8,4,14,0.7,3,14,0.7,3,16,0.8,4,12,0.6,2,8,0.4,2
S02507,Simplifying Fractions,6,10,0.5,1,16,0.8,4,12,0.6,2,12,0.6,3,10,0.5,2,16,0.8,4,4,0.2,0,6,0.3,1
S02428,Comparing Fractions,1,18,0.9,4,10,0.5,2,14,0.7,3,14,0.7,3,12,0.6,2,20,1.0,5,20,1.0,5,14,0.7,3
S06272,Comparing Fractions,1,8,0.4,2,4,0.2,1,16,0.8,4,8,0.4,2,16,0.8,4,12,0.6,3,8,0.4,2,8,0.4,2
S00486,Multiplication,4,14,0.7,3,8,0.4,1,12,0.6,3,16,0.8,4,4,0.2,0,10,0.5,2,12,0.6,2,10,0.5,2
S00600,Fraction to Decimal,3,12,0.6,3,18,0.9,4,16,0.8,4,8,0.4,2,8,0.4,1,8,0.4,2,12,0.6,2,8,0.4,2
S01589,Multiplication,4,10,0.5,2,10,0.5,2,8,0.4,1,10,0.5,2,2,0.1,0,4,0.2,1,10,0.5,2,6,0.3,1
S00975,Division,2,14,0.7,3,10,0.5,2,8,0.4,2,16,0.8,4,16,0.8,4,16,0.8,3,16,0.8,4,12,0.6,3
S05036,Ordering Fractions,5,6,0.3,1,8,0.4,2,12,0.6,3,8,0.4,2,8,0.4,2,4,0.2,1,6,0.3,1,12,0.6,3
S00502,Fraction to Decimal,3,16,0.8,4,14,0.7,3,20,1.0,5,8,0.4,1,12,0.6,3,16,0.8,4,18,0.9,4,10,0.5,1
S03062,Comparing Fractions,1,8,0.4,2,2,0.1,0,10,0.5,2,8,0.4,1,14,0.7,2,8,0.4,2,12,0.6,2,10,0.5,1
S06026,Comparing Fractions,1,12,0.6,3,0,0.0,0,20,1.0,5,16,0.8,4,12,0.6,3,8,0.4,2,8,0.4,2,8,0.4,2
S01302,Fraction to Decimal,3,16,0.8,3,14,0.7,3,20,1.0,5,0,0.0,0,16,0.8,3,16,0.8,3,10,0.5,2,12,0.6,2
S03400,Fraction to Decimal,3,14,0.7,3,10,0.5,2,12,0.6,3,6,0.3,1,14,0.7,3,14,0.7,2,16,0.8,4,12,0.6,3
S02823,Ordering Fractions,5,14,0.7,3,18,0.9,4,16,0.8,4,4,0.2,0,12,0.6,3,4,0.2,1,10,0.5,2,4,0.2,0
S00612,Fraction to Decimal,3,14,0.7,3,6,0.3,0,10,0.5,2,6,0.3,1,16,0.8,4,10,0.5,1,14,0.7,3,8,0.4,1
S04513,Simplifying Fractions,6,18,0.9,4,14,0.7,3,10,0.5,1,10,0.5,2,16,0.8,4,18,0.9,4,6,0.3,1,8,0.4,1
S02024,Addition,0,4,0.2,1,14,0.7,3,12,0.6,2,10,0.5,2,10,0.5,1,10,0.5,2,12,0.6,3,10,0.5,2
S04326,Division,2,10,0.5,2,12,0.6,2,6,0.3,1,6,0.3,1,14,0.7,3,14,0.7,3,16,0.8,4,10,0.5,2
S04494,Division,2,10,0.5,2,8,0.4,2,4,0.2,0,14,0.7,3,14,0.7,3,18,0.9,4,14,0.7,3,16,0.8,4
S03987,Multiplication,4,10,0.5,2,16,0.8,4,8,0.4,1,8,0.4,2,4,0.2,1,10,0.5,2,16,0.8,4,16,0.8,4
S02961,Multiplication,4,12,0.6,3,14,0.7,3,10,0.5,2,20,1.0,5,0,0.0,0,8,0.4,2,14,0.7,2,18,0.9,4
S04533,Comparing Fractions,1,12,0.6,3,2,0.1,0,14,0.7,3,10,0.5,2,10,0.5,2,16,0.8,4,16,0.8,4,18,0.9,4
S04003,Simplifying Fractions,6,6,0.3,0,8,0.4,2,12,0.6,3,14,0.7,3,8,0.4,2,18,0.9,4,4,0.2,1,8,0.4,2
S05749,Ordering Fractions,5,4,0.2,1,14,0.7,3,16,0.8,4,10,0.5,2,14,0.7,3,0,0.0,0,16,0.8,4,16,0.8,4
S05872,Multiplication,4,16,0.8,4,12,0.6,3,20,1.0,5,8,0.4,2,0,0.0,0,12,0.6,3,4,0.2,1,16,0.8,4
S06147,Division,2,16,0.8,4,16,0.8,4,0,0.0,0,4,0.2,1,8,0.4,2,16,0.8,4,8,0.4,2,8,0.4,2
S02813,Simplifying Fractions,6,14,0.7,3,12,0.6,3,20,1.0,5,8,0.4,1,16,0.8,3,8,0.4,2,8,0.4,2,18,0.9,4
S06068,Comparing Fractions,1,4,0.2,1,0,0.0,0,12,0.6,3,12,0.6,3,12,0.6,3,8,0.4,2,12,0.6,3,12,0.6,3
S03092,Ordering Fractions,5,10,0.5,2,8,0.4,2,14,0.7,3,8,0.4,2,16,0.8,4,6,0.3,1,14,0.7,3,10,0.5,2
S03822,Division,2,10,0.5,2,10,0.5,2,6,0.3,1,14,0.7,3,14,0.7,3,12,0.6,3,16,0.8,4,8,0.4,1
S03764,Subtraction,7,16,0.8,4,8,0.4,2,8,0.4,2,8,0.4,2,14,0.7,3,12,0.6,3,16,0.8,3,4,0.2,1
S04953,Comparing Fractions,1,16,0.8,4,12,0.6,3,16,0.8,4,16,0.8,4,16,0.8,3,16,0.8,4,16,0.8,4,14,0.7,3
S03046,Comparing Fractions,1,10,0.5,2,2,0.1,0,8,0.4,2,8,0.4,1,20,1.0,5,8,0.4,1,20,1.0,5,8,0.4,2
S04851,Ordering Fractions,5,16,0.8,3,10,0.5,2,12,0.6,3,8,0.4,2,14,0.7,3,8,0.4,2,10,0.5,2,14,0.7,3
S01298,Addition,0,4,0.2,0,8,0.4,2,12,0.6,2,12,0.6,3,10,0.5,2,6,0.3,1,18,0.9,4,4,0.2,1
S01728,Division,2,16,0.8,4,6,0.3,0,4,0.2,1,4,0.2,1,10,0.5,2,14,0.7,3,14,0.7,3,6,0.3,1
S03133,Division,2,18,0.9,4,12,0.6,3,10,0.5,2,16,0.8,4,16,0.8,4,14,0.7,3,16,0.8,4,14,0.7,3
S02857,Addition,0,6,0.3,1,8,0.4,1,8,0.4,2,8,0.4,1,12,0.6,2,14,0.7,3,14,0.7,3,12,0.6,2
S04900,Simplifying Fractions,6,16,0.8,4,18,0.9,4,16,0.8,4,12,0.6,3,8,0.4,2,12,0.6,3,6,0.3,1,20,1.0,5
S00772,Subtraction,7,16,0.8,3,8,0.4,1,14,0.7,3,8,0.4,2,18,0.9,4,8,0.4,2,14,0.7,3,6,0.3,0
S03767,Ordering Fractions,5,8,0.4,2,12,0.6,2,12,0.6,3,10,0.5,2,12,0.6,3,4,0.2,1,16,0.8,3,14,0.7,3
S03381,Simplifying Fractions,6,12,0.6,2,12,0.6,2,10,0.5,2,6,0.3,1,12,0.6,2,16,0.8,4,6,0.3,1,10,0.5,2
S01013,Subtraction,7,12,0.6,3,10,0.5,2,8,0.4,2,6,0.3,1,10,0.5,2,16,0.8,4,16,0.8,3,4,0.2,1
S06027,Comparing Fractions,1,16,0.8,4,4,0.2,1,16,0.8,4,12,0.6,3,20,1.0,5,12,0.6,3,8,0.4,2,16,0.8,4
S04920,Simplifying Fractions,6,16,0.8,4,12,0.6,3,10,0.5,2,10,0.5,2,14,0.7,2,12,0.6,3,8,0.4,1,16,0.8,3
S04940,Division,2,16,0.8,3,4,0.2,0,4,0.2,0,14,0.7,3,4,0.2,1,12,0.6,3,16,0.8,4,16,0.8,4
S00068,Simplifying Fractions,6,12,0.6,2,6,0.3,1,12,0.6,2,12,0.6,3,12,0.6,2,8,0.4,1,4,0.2,1,12,0.6,3
S01150,Ordering Fractions,5,6,0.3,1,12,0.6,3,16,0.8,3,6,0.3,1,18,0.9,4,4,0.2,1,16,0.8,4,10,0.5,2
S03785,Comparing Fractions,1,20,1.0,5,12,0.6,3,16,0.8,3,12,0.6,3,16,0.8,3,16,0.8,4,18,0.9,4,16,0.8,4
S03514,Fraction to Decimal,3,14,0.7,3,16,0.8,4,14,0.7,3,4,0.2,1,6,0.3,1,12,0.6,2,14,0.7,2,6,0.3,1
S05132,Comparing Fractions,1,10,0.5,2,8,0.4,2,18,0.9,4,10,0.5,2,10,0.5,2,16,0.8,4,20,1.0,5,8,0.4,2
S04380,Division,2,4,0.2,1,14,0.7,3,2,0.1,0,8,0.4,2,16,0.8,4,8,0.4,2,6,0.3,1,4,0.2,0
S06199,Division,2,12,0.6,3,8,0.4,2,4,0.2,1,16,0.8,4,8,0.4,2,8,0.4,2,12,0.6,3,4,0.2,1
S02451,Fraction to Decimal,3,12,0.6,2,18,0.9,4,8,0.4,1,6,0.3,1,18,0.9,4,12,0.6,3,8,0.4,2,14,0.7,3
S00770,Division,2,14,0.7,3,16,0.8,4,6,0.3,1,12,0.6,3,18,0.9,4,20,1.0,5,14,0.7,3,14,0.7,3
S05799,Ordering Fractions,5,12,0.6,3,16,0.8,4,6,0.3,1,4,0.2,1,8,0.4,2,2,0.1,0,8,0.4,2,16,0.8,4
S04177,Fraction to Decimal,3,12,0.6,2,20,1.0,5,16,0.8,4,8,0.4,1,14,0.7,3,14,0.7,3,8,0.4,2,12,0.6,2
S03583,Ordering Fractions,5,12,0.6,3,14,0.7,3,12,0.6,3,14,0.7,3,14,0.7,2,10,0.5,2,14,0.7,3,18,0.9,4
S04422,Addition,0,8,0.4,1,12,0.6,2,14,0.7,3,12,0.6,3,18,0.9,4,8,0.4,2,16,0.8,4,8,0.4,1
S02590,Simplifying Fractions,6,16,0.8,4,10,0.5,2,8,0.4,2,14,0.7,3,14,0.7,3,20,1.0,5,0,0.0,0,12,0.6,2
S06072,Comparing Fractions,1,20,1.0,5,8,0.4,2,16,0.8,4,12,0.6,3,12,0.6,3,8,0.4,2,12,0.6,3,12,0.6,3
S03324,Simplifying Fractions,6,18,0.9,4,12,0.6,3,12,0.6,3,12,0.6,2,20,1.0,5,14,0.7,3,8,0.4,1,16,0.8,4
S06369,Simplifying Fractions,6,12,0.6,3,12,0.6,3,16,0.8,4,4,0.2,1,16,0.8,4,12,0.6,3,4,0.2,1,8,0.4,2
S04409,Simplifying Fractions,6,6,0.3,0,8,0.4,1,20,1.0,5,10,0.5,2,14,0.7,3,8,0.4,1,4,0.2,0,12,0.6,3
S02853,Simplifying Fractions,6,12,0.6,2,12,0.6,3,12,0.6,2,10,0.5,2,10,0.5,2,14,0.7,3,2,0.1,0,4,0.2,1
S03640,Multiplication,4,10,0.5,2,16,0.8,4,18,0.9,4,14,0.7,3,8,0.4,2,16,0.8,4,8,0.4,1,16,0.8,4
S05444,Simplifying Fractions,6,12,0.6,3,20,1.0,5,12,0.6,3,12,0.6,3,20,1.0,5,8,0.4,2,4,0.2,1,10,0.5,2
S02941,Comparing Fractions,1,12,0.6,3,4,0.2,1,12,0.6,2,8,0.4,1,20,1.0,5,14,0.7,3,12,0.6,3,12,0.6,3
S03945,Fraction to Decimal,3,16,0.8,3,10,0.5,2,12,0.6,3,2,0.1,0,8,0.4,2,20,1.0,5,16,0.8,4,16,0.8,4
S06236,Comparing Fractions,1,8,0.4,2,0,0.0,0,12,0.6,3,4,0.2,1,16,0.8,4,20,1.0,5,4,0.2,1,12,0.6,3
S01760,Addition,0,4,0.2,1,12,0.6,2,10,0.5,2,8,0.4,2,14,0.7,3,6,0.3,1,16,0.8,4,4,0.2,1
S01318,Division,2,10,0.5,2,16,0.8,4,8,0.4,2,10,0.5,2,16,0.8,4,10,0.5,2,14,0.7,3,16,0.8,4
S00521,Simplifying Fractions,6,14,0.7,3,14,0.7,3,10,0.5,2,16,0.8,3,10,0.5,2,16,0.8,3,8,0.4,2,20,1.0,5
S03565,Division,2,18,0.9,4,14,0.7,3,2,0.1,0,12,0.6,1,14,0.7,3,12,0.6,2,6,0.3,1,12,0.6,3
S04540,Multiplication,4,14,0.7,3,10,0.5,2,16,0.8,4,14,0.7,3,10,0.5,2,18,0.9,4,12,0.6,3,18,0.9,4
S01055,Multiplication,4,20,1.0,5,12,0.6,2,12,0.6,2,14,0.7,3,8,0.4,2,10,0.5,1,12,0.6,3,14,0.7,3
S03865,Comparing Fractions,1,8,0.4,2,2,0.1,0,16,0.8,4,18,0.9,4,10,0.5,2,20,1.0,5,14,0.7,3,14,0.7,3
S03868,Addition,0,10,0.5,2,12,0.6,3,12,0.6,2,10,0.5,2,16,0.8,3,14,0.7,3,16,0.8,4,12,0.6,2
S00855,Division,2,8,0.4,2,8,0.4,1,2,0.1,0,12,0.6,3,10,0.5,2,16,0.8,3,10,0.5,2,12,0.6,3
S02516,Ordering Fractions,5,18,0.9,4,14,0.7,3,8,0.4,2,8,0.4,1,10,0.5,2,6,0.3,1,12,0.6,3,12,0.6,3
S00635,Multiplication,4,14,0.7,3,10,0.5,2,20,1.0,5,8,0.4,1,4,0.2,1,12,0.6,3,18,0.9,4,20,1.0,5
S05925,Comparing Fractions,1,12,0.6,3,4,0.2,1,10,0.5,2,8,0.4,2,16,0.8,4,8,0.4,2,10,0.5,2,12,0.6,3
S03656,Multiplication,4,12,0.6,3,14,0.7,3,12,0.6,3,12,0.6,3,10,0.5,2,12,0.6,2,10,0.5,1,12,0.6,3
S03050,Simplifying Fractions,6,10,0.5,2,14,0.7,3,12,0.6,2,8,0.4,2,10,0.5,1,12,0.6,3,0,0.0,0,10,0.5,2
S05916,Division,2,20,1.0,5,10,0.5,2,4,0.2,1,16,0.8,4,16,0.8,4,10,0.5,2,16,0.8,4,16,0.8,4
S04833,Addition,0,2,0.1,0,20,1.0,5,12,0.6,3,8,0.4,2,4,0.2,1,18,0.9,4,14,0.7,3,10,0.5,2
S05012,Division,2,4,0.2,1,6,0.3,1,4,0.2,1,4,0.2,1,18,0.9,4,14,0.7,3,12,0.6,3,6,0.3,1
S01599,Fraction to Decimal,3,14,0.7,2,12,0.6,2,12,0.6,3,8,0.4,1,12,0.6,3,14,0.7,3,12,0.6,3,12,0.6,3
S04453,Simplifying Fractions,6,10,0.5,2,14,0.7,3,12,0.6,2,14,0.7,3,14,0.7,3,14,0.7,3,8,0.4,1,20,1.0,5
S03694,Division,2,16,0.8,4,8,0.4,2,6,0.3,1,12,0.6,3,8,0.4,2,16,0.8,4,12,0.6,3,16,0.8,4
S04812,Simplifying Fractions,6,16,0.8,4,10,0.5,2,12,0.6,3,14,0.7,3,10,0.5,2,10,0.5,2,6,0.3,1,10,0.5,2
S04309,Multiplication,4,14,0.7,3,8,0.4,1,12,0.6,3,12,0.6,2,8,0.4,2,10,0.5,2,8,0.4,1,14,0.7,3
S02057,Multiplication,4,10,0.5,2,10,0.5,2,14,0.7,3,10,0.5,2,8,0.4,2,10,0.5,2,14,0.7,3,10,0.5,2
S04892,Division,2,16,0.8,3,8,0.4,2,4,0.2,0,12,0.6,3,14,0.7,3,10,0.5,2,8,0.4,2,6,0.3,1
S02910,Comparing Fractions,1,14,0.7,3,12,0.6,3,20,1.0,5,12,0.6,2,16,0.8,4,20,1.0,5,16,0.8,4,14,0.7,3
S01976,Addition,0,6,0.3,1,12,0.6,3,12,0.6,2,6,0.3,1,8,0.4,2,14,0.7,2,10,0.5,2,8,0.4,2
S02742,Simplifying Fractions,6,16,0.8,4,10,0.5,2,10,0.5,2,8,0.4,1,8,0.4,2,10,0.5,2,4,0.2,0,8,0.4,2
S05743,Subtraction,7,8,0.4,2,16,0.8,4,8,0.4,2,8,0.4,2,10,0.5,2,14,0.7,3,12,0.6,3,8,0.4,2
S02271,Division,2,12,0.6,2,18,0.9,4,8,0.4,0,16,0.8,3,20,1.0,5,20,1.0,5,8,0.4,2,12,0.6,3
S02438,Fraction to Decimal,3,20,1.0,5,12,0.6,2,16,0.8,4,12,0.6,3,14,0.7,3,16,0.8,4,18,0.9,4,16,0.8,4
S00818,Multiplication,4,6,0.3,0,4,0.2,0,12,0.6,3,6,0.3,1,4,0.2,0,6,0.3,1,10,0.5,2,12,0.6,2
S03440,Addition,0,4,0.2,0,6,0.3,1,6,0.3,1,14,0.7,3,12,0.6,2,12,0.6,2,8,0.4,2,12,0.6,3
S04542,Addition,0,8,0.4,2,16,0.8,3,12,0.6,3,16,0.8,3,16,0.8,4,12,0.6,3,12,0.6,2,20,1.0,5
S06050,Comparing Fractions,1,12,0.6,3,0,0.0,0,8,0.4,2,4,0.2,1,4,0.2,1,12,0.6,3,8,0.4,2,4,0.2,1
S06107,Comparing Fractions,1,12,0.6,3,8,0.4,2,8,0.4,2,8,0.4,2,20,1.0,5,12,0.6,3,16,0.8,4,8,0.4,2
S04332,Subtraction,7,4,0.2,1,16,0.8,3,6,0.3,1,6,0.3,0,18,0.9,4,8,0.4,1,14,0.7,3,2,0.1,0
S04316,Comparing Fractions,1,16,0.8,4,6,0.3,1,6,0.3,1,8,0.4,2,12,0.6,3,16,0.8,4,16,0.8,4,8,0.4,2
S00411,Simplifying Fractions,6,12,0.6,2,18,0.9,4,14,0.7,3,16,0.8,3,14,0.7,3,8,0.4,1,8,0.4,1,14,0.7,3
S01698,Multiplication,4,10,0.5,2,8,0.4,2,12,0.6,2,6,0.3,1,0,0.0,0,10,0.5,2,8,0.4,2,4,0.2,1
S02540,Ordering Fractions,5,16,0.8,4,12,0.6,3,12,0.6,3,14,0.7,3,14,0.7,3,8,0.4,2,10,0.5,2,16,0.8,3
S03219,Multiplication,4,10,0.5,2,12,0.6,2,10,0.5,2,4,0.2,0,4,0.2,1,8,0.4,2,12,0.6,3,10,0.5,2
S04477,Simplifying Fractions,6,16,0.8,3,16,0.8,3,10,0.5,2,8,0.4,1,12,0.6,3,8,0.4,1,6,0.3,1,12,0.6,2
S05488,Comparing Fractions,1,4,0.2,1,0,0.0,0,16,0.8,4,8,0.4,2,12,0.6,3,12,0.6,3,14,0.7,3,4,0.2,1
S01862,Fraction to Decimal,3,16,0.8,4,16,0.8,4,12,0.6,2,6,0.3,0,16,0.8,4,8,0.4,2,20,1.0,5,6,0.3,1
S05668,Ordering Fractions,5,12,0.6,3,8,0.4,2,12,0.6,3,12,0.6,3,8,0.4,2,0,0.0,0,4,0.2,1,14,0.7,3
S02270,Addition,0,2,0.1,0,16,0.8,4,12,0.6,3,10,0.5,2,14,0.7,2,4,0.2,1,12,0.6,2,6,0.3,1
S00820,Ordering Fractions,5,4,0.2,1,8,0.4,1,6,0.3,1,8,0.4,2,16,0.8,3,2,0.1,0,6,0.3,0,12,0.6,2
S04895,Division,2,12,0.6,2,18,0.9,4,2,0.1,0,12,0.6,3,20,1.0,5,6,0.3,1,6,0.3,1,8,0.4,2
S06243,Subtraction,7,16,0.8,4,12,0.6,3,20,1.0,5,12,0.6,3,16,0.8,4,12,0.6,3,12,0.6,3,4,0.2,1
S04775,Comparing Fractions,1,18,0.9,4,12,0.6,3,20,1.0,5,18,0.9,4,16,0.8,4,14,0.7,3,16,0.8,4,18,0.9,4
S04305,Simplifying Fractions,6,4,0.2,1,10,0.5,2,14,0.7,3,14,0.7,3,18,0.9,4,14,0.7,3,2,0.1,0,10,0.5,2
S01424,Simplifying Fractions,6,10,0.5,2,14,0.7,3,16,0.8,4,8,0.4,2,18,0.9,4,16,0.8,3,6,0.3,1,12,0.6,2
S03041,Ordering Fractions,5,16,0.8,3,10,0.5,2,10,0.5,2,12,0.6,2,16,0.8,4,8,0.4,2,10,0.5,2,10,0.5,2
S01673,Ordering Fractions,5,12,0.6,3,14,0.7,3,12,0.6,3,6,0.3,0,12,0.6,2,6,0.3,1,8,0.4,2,14,0.7,3
S04817,Comparing Fractions,1,6,0.3,1,6,0.3,1,20,1.0,5,10,0.5,2,6,0.3,1,12,0.6,2,8,0.4,2,8,0.4,2
S01387,Subtraction,7,18,0.9,4,14,0.7,3,6,0.3,1,14,0.7,3,12,0.6,3,18,0.9,4,10,0.5,2,6,0.3,1
S00849,Division,2,14,0.7,3,10,0.5,2,4,0.2,0,4,0.2,1,6,0.3,1,16,0.8,3,4,0.2,1,14,0.7,3
S01802,Division,2,20,1.0,5,12,0.6,3,6,0.3,1,10,0.5,2,10,0.5,2,18,0.9,4,12,0.6,2,14,0.7,3
S03487,Simplifying Fractions,6,18,0.9,4,20,1.0,5,14,0.7,3,16,0.8,4,18,0.9,4,14,0.7,3,12,0.6,3,14,0.7,3
S04242,Fraction to Decimal,3,16,0.8,4,18,0.9,4,16,0.8,3,6,0.3,1,8,0.4,2,12,0.6,2,8,0.4,2,16,0.8,4
S05789,Division,2,12,0.6,3,16,0.8,4,4,0.2,1,8,0.4,2,12,0.6,3,20,1.0,5,20,1.0,5,16,0.8,4
S06152,Division,2,8,0.4,2,16,0.8,4,0,0.0,0,8,0.4,2,12,0.6,3,12,0.6,3,4,0.2,1,12,0.6,3
S03722,Fraction to Decimal,3,6,0.3,1,8,0.4,2,18,0.9,4,6,0.3,1,18,0.9,4,6,0.3,1,14,0.7,3,14,0.7,3
S05751,Fraction to Decimal,3,14,0.7,3,20,1.0,5,14,0.7,3,4,0.2,1,16,0.8,4,16,0.8,4,18,0.9,4,20,1.0,5
S06333,Fraction to Decimal,3,20,1.0,5,8,0.4,2,8,0.4,2,0,0.0,0,12,0.6,3,8,0.4,2,4,0.2,1,4,0.2,1
S01128,Subtraction,7,8,0.4,1,8,0.4,2,8,0.4,2,14,0.7,3,14,0.7,3,10,0.5,2,16,0.8,4,8,0.4,1
S03196,Fraction to Decimal,3,20,1.0,5,16,0.8,4,14,0.7,3,8,0.4,2,12,0.6,3,10,0.5,1,12,0.6,3,18,0.9,4
S02499,Division,2,4,0.2,1,14,0.7,3,2,0.1,0,16,0.8,4,16,0.8,4,14,0.7,3,8,0.4,2,18,0.9,4
S05454,Fraction to Decimal,3,20,1.0,5,14,0.7,3,8,0.4,2,0,0.0,0,8,0.4,2,12,0.6,3,8,0.4,2,20,1.0,5
S05048,Subtraction,7,12,0.6,3,20,1.0,5,14,0.7,3,18,0.9,4,16,0.8,4,10,0.5,2,8,0.4,2,6,0.3,1
S00052,Addition,0,6,0.3,1,8,0.4,2,20,1.0,5,8,0.4,1,20,1.0,5,14,0.7,3,8,0.4,1,18,0.9,4
S03370,Simplifying Fractions,6,6,0.3,1,14,0.7,3,16,0.8,4,12,0.6,3,10,0.5,2,8,0.4,1,4,0.2,1,14,0.7,3
S00971,Simplifying Fractions,6,10,0.5,2,8,0.4,1,12,0.6,3,8,0.4,2,12,0.6,3,6,0.3,0,4,0.2,1,10,0.5,1
S05821,Division,2,8,0.4,2,14,0.7,3,4,0.2,1,8,0.4,2,8,0.4,2,12,0.6,3,4,0.2,1,4,0.2,1
S03886,Ordering Fractions,5,18,0.9,4,12,0.6,3,20,1.0,5,12,0.6,2,16,0.8,3,8,0.4,1,12,0.6,3,16,0.8,3
S05843,Ordering Fractions,5,4,0.2,1,10,0.5,2,8,0.4,2,10,0.5,2,8,0.4,2,4,0.2,1,10,0.5,2,12,0.6,3
S02520,Division,2,14,0.7,3,16,0.8,3,4,0.2,1,8,0.4,1,14,0.7,3,10,0.5,2,14,0.7,3,6,0.3,0
S05120,Comparing Fractions,1,8,0.4,2,4,0.2,1,12,0.6,3,8,0.4,2,16,0.8,4,4,0.2,1,12,0.6,3,12,0.6,3
S01626,Simplifying Fractions,6,14,0.7,3,16,0.8,4,16,0.8,4,10,0.5,1,14,0.7,3,10,0.5,2,0,0.0,0,12,0.6,3
S00078,Division,2,14,0.7,3,12,0.6,3,0,0.0,0,2,0.1,0,14,0.7,3,12,0.6,3,16,0.8,3,14,0.7,3
S03552,Division,2,14,0.7,3,14,0.7,3,6,0.3,0,8,0.4,2,8,0.4,2,16,0.8,4,8,0.4,2,8,0.4,1
S05144,Fraction to Decimal,3,20,1.0,5,8,0.4,2,12,0.6,3,4,0.2,1,14,0.7,3,18,0.9,4,16,0.8,4,12,0.6,3
S06274,Multiplication,4,20,1.0,5,16,0.8,4,8,0.4,2,20,1.0,5,4,0.2,1,16,0.8,4,4,0.2,1,12,0.6,3
S02337,Addition,0,2,0.1,0,14,0.7,3,4,0.2,1,12,0.6,2,12,0.6,2,12,0.6,3,10,0.5,2,8,0.4,1
S01214,Comparing Fractions,1,6,0.3,1,2,0.1,0,18,0.9,4,16,0.8,4,6,0.3,0,16,0.8,3,10,0.5,2,10,0.5,2
S06294,Fraction to Decimal,3,8,0.4,2,12,0.6,3,20,1.0,5,0,0.0,0,4,0.2,1,12,0.6,3,0,0.0,0,12,0.6,3
S03608,Multiplication,4,18,0.9,4,14,0.7,3,8,0.4,2,12,0.6,2,8,0.4,2,8,0.4,1,12,0.6,2,16,0.8,3
S00757,Addition,0,4,0.2,1,12,0.6,3,10,0.5,2,6,0.3,1,20,1.0,5,20,1.0,5,10,0.5,2,10,0.5,2
S05023,Addition,0,8,0.4,2,12,0.6,3,8,0.4,2,8,0.4,2,8,0.4,2,12,0.6,3,8,0.4,2,12,0.6,3
S06168,Division,2,16,0.8,4,8,0.4,2,0,0.0,0,4,0.2,1,8,0.4,2,12,0.6,3,12,0.6,3,16,0.8,4
S00617,Division,2,14,0.7,3,14,0.7,2,4,0.2,1,12,0.6,2,14,0.7,3,16,0.8,4,8,0.4,1,12,0.6,2
S06283,Fraction to Decimal,3,8,0.4,2,8,0.4,2,20,1.0,5,0,0.0,0,12,0.6,3,12,0.6,3,4,0.2,1,8,0.4,2
S04691,Simplifying Fractions,6,4,0.2,1,12,0.6,3,16,0.8,4,6,0.3,1,12,0.6,3,14,0.7,3,2,0.1,0,18,0.9,4
S00554,Ordering Fractions,5,14,0.7,3,6,0.3,1,20,1.0,5,12,0.6,3,6,0.3,1,4,0.2,1,8,0.4,1,8,0.4,1
S05047,Fraction to Decimal,3,8,0.4,2,14,0.7,3,8,0.4,2,4,0.2,1,12,0.6,3,8,0.4,2,12,0.6,3,8,0.4,2
S01713,Addition,0,10,0.5,1,10,0.5,1,12,0.6,3,10,0.5,2,16,0.8,4,16,0.8,3,12,0.6,3,14,0.7,2
S05239,Simplifying Fractions,6,4,0.2,1,18,0.9,4,0,0.0,0,16,0.8,4,20,1.0,5,8,0.4,2,0,0.0,0,8,0.4,2
S06067,Subtraction,7,8,0.4,2,4,0.2,1,16,0.8,4,4,0.2,1,8,0.4,2,12,0.6,3,16,0.8,4,4,0.2,1
S06320,Comparing Fractions,1,12,0.6,3,4,0.2,1,20,1.0,5,8,0.4,2,4,0.2,1,20,1.0,5,4,0.2,1,20,1.0,5
S05530,Simplifying Fractions,6,4,0.2,1,14,0.7,3,0,0.0,0,8,0.4,2,4,0.2,1,12,0.6,3,0,0.0,0,4,0.2,1
S00321,Fraction to Decimal,3,12,0.6,2,14,0.7,3,14,0.7,3,0,0.0,0,16,0.8,4,12,0.6,2,4,0.2,0,14,0.7,3
S03000,Subtraction,7,18,0.9,4,10,0.5,2,14,0.7,3,14,0.7,3,10,0.5,1,16,0.8,4,20,1.0,5,6,0.3,1
S04459,Addition,0,2,0.1,0,16,0.8,4,6,0.3,1,2,0.1,0,6,0.3,0,16,0.8,4,14,0.7,3,12,0.6,2
S04096,Simplifying Fractions,6,12,0.6,3,10,0.5,2,10,0.5,1,14,0.7,3,12,0.6,2,12,0.6,3,2,0.1,0,6,0.3,1
S01515,Simplifying Fractions,6,12,0.6,2,16,0.8,4,14,0.7,3,16,0.8,4,18,0.9,4,10,0.5,2,6,0.3,1,6,0.3,0
S03841,Addition,0,4,0.2,0,14,0.7,3,10,0.5,1,4,0.2,1,16,0.8,4,16,0.8,4,20,1.0,5,12,0.6,2
S02322,Fraction to Decimal,3,12,0.6,2,16,0.8,3,16,0.8,4,8,0.4,2,16,0.8,4,12,0.6,2,12,0.6,3,14,0.7,3
S03843,Division,2,16,0.8,4,10,0.5,2,4,0.2,0,6,0.3,1,10,0.5,2,20,1.0,5,14,0.7,3,12,0.6,2
S04048,Fraction to Decimal,3,12,0.6,3,8,0.4,1,12,0.6,3,4,0.2,1,10,0.5,2,12,0.6,3,12,0.6,3,14,0.7,3
S02095,Subtraction,7,16,0.8,4,20,1.0,5,10,0.5,2,10,0.5,2,16,0.8,4,12,0.6,3,14,0.7,3,4,0.2,0
S01641,Multiplication,4,12,0.6,2,10,0.5,2,18,0.9,4,10,0.5,2,4,0.2,1,10,0.5,2,8,0.4,1,8,0.4,2
S05183,Fraction to Decimal,3,12,0.6,3,12,0.6,3,4,0.2,1,2,0.1,0,20,1.0,5,12,0.6,3,10,0.5,2,14,0.7,3
S05142,Addition,0,0,0.0,0,4,0.2,1,14,0.7,3,8,0.4,2,14,0.7,3,4,0.2,1,8,0.4,2,8,0.4,2
S05564,Ordering Fractions,5,12,0.6,3,4,0.2,1,8,0.4,2,6,0.3,1,18,0.9,4,4,0.2,1,8,0.4,2,8,0.4,2
S02086,Fraction to Decimal,3,20,1.0,5,14,0.7,3,16,0.8,4,8,0.4,1,12,0.6,3,12,0.6,3,14,0.7,3,12,0.6,3
S00819,Simplifying Fractions,6,14,0.7,3,14,0.7,3,14,0.7,3,8,0.4,1,14,0.7,3,10,0.5,2,6,0.3,1,14,0.7,3
S05963,Comparing Fractions,1,12,0.6,3,8,0.4,2,16,0.8,4,16,0.8,4,10,0.5,2,14,0.7,3,20,1.0,5,8,0.4,2
S04164,Subtraction,7,18,0.9,4,16,0.8,4,10,0.5,2,8,0.4,2,16,0.8,4,14,0.7,3,8,0.4,2,8,0.4,2
S01593,Simplifying Fractions,6,10,0.5,2,16,0.8,4,10,0.5,2,12,0.6,2,14,0.7,3,8,0.4,1,6,0.3,1,10,0.5,2
S00552,Multiplication,4,10,0.5,2,6,0.3,0,6,0.3,1,4,0.2,1,0,0.0,0,10,0.5,1,12,0.6,3,16,0.8,4
S03667,Fraction to Decimal,3,12,0.6,2,12,0.6,3,10,0.5,2,4,0.2,1,10,0.5,1,16,0.8,3,10,0.5,2,10,0.5,2
S03472,Subtraction,7,14,0.7,3,10,0.5,2,10,0.5,2,10,0.5,2,18,0.9,4,12,0.6,3,12,0.6,3,8,0.4,1
S03134,Subtraction,7,14,0.7,3,12,0.6,3,16,0.8,4,12,0.6,2,12,0.6,3,20,1.0,5,12,0.6,3,8,0.4,2
S03042,Simplifying Fractions,6,18,0.9,4,8,0.4,2,18,0.9,4,14,0.7,3,6,0.3,1,14,0.7,3,6,0.3,1,14,0.7,2
S01083,Fraction to Decimal,3,12,0.6,2,16,0.8,4,16,0.8,4,8,0.4,1,14,0.7,3,12,0.6,3,12,0.6,3,16,0.8,4
S06066,Addition,0,0,0.0,0,4,0.2,1,12,0.6,3,12,0.6,3,16,0.8,4,4,0.2,1,4,0.2,1,8,0.4,2
S04794,Ordering Fractions,5,16,0.8,3,12,0.6,2,8,0.4,0,12,0.6,2,8,0.4,2,6,0.3,1,8,0.4,1,14,0.7,3
S03780,Comparing Fractions,1,16,0.8,4,4,0.2,1,12,0.6,3,16,0.8,4,14,0.7,3,8,0.4,2,16,0.8,3,14,0.7,3
S05020,Division,2,20,1.0,5,20,1.0,5,0,0.0,0,10,0.5,2,12,0.6,3,8,0.4,2,8,0.4,2,10,0.5,2
S02254,Addition,0,8,0.4,2,12,0.6,2,12,0.6,3,12,0.6,3,10,0.5,2,12,0.6,2,12,0.6,2,12,0.6,3
S05429,Simplifying Fractions,6,4,0.2,1,8,0.4,2,8,0.4,2,4,0.2,1,8,0.4,2,12,0.6,3,4,0.2,1,16,0.8,4
S00974,Ordering Fractions,5,14,0.7,3,10,0.5,2,12,0.6,3,12,0.6,2,10,0.5,2,8,0.4,2,12,0.6,2,16,0.8,4
S04631,Ordering Fractions,5,16,0.8,4,16,0.8,3,14,0.7,3,10,0.5,2,14,0.7,3,10,0.5,2,16,0.8,4,16,0.8,4
S02819,Division,2,12,0.6,3,14,0.7,2,10,0.5,2,12,0.6,3,14,0.7,2,12,0.6,3,12,0.6,3,12,0.6,3
S01145,Multiplication,4,16,0.8,4,16,0.8,4,12,0.6,2,14,0.7,3,6,0.3,0,14,0.7,3,12,0.6,2,16,0.8,4
S03313,Division,2,10,0.5,2,12,0.6,3,6,0.3,0,14,0.7,3,10,0.5,1,6,0.3,1,8,0.4,2,16,0.8,3
S02585,Simplifying Fractions,6,16,0.8,4,12,0.6,3,14,0.7,3,12,0.6,3,14,0.7,3,16,0.8,4,10,0.5,2,20,1.0,5
S01754,Subtraction,7,16,0.8,4,20,1.0,5,20,1.0,5,16,0.8,3,12,0.6,3,18,0.9,4,16,0.8,3,10,0.5,2
S05445,Division,2,10,0.5,2,12,0.6,3,4,0.2,1,12,0.6,3,8,0.4,2,14,0.7,3,8,0.4,2,18,0.9,4
S02169,Subtraction,7,10,0.5,2,14,0.7,2,8,0.4,2,10,0.5,2,6,0.3,1,16,0.8,3,12,0.6,3,0,0.0,0
S01852,Division,2,10,0.5,2,10,0.5,2,8,0.4,1,16,0.8,4,18,0.9,4,12,0.6,3,12,0.6,2,10,0.5,2
S01474,Simplifying Fractions,6,8,0.4,2,12,0.6,3,8,0.4,2,6,0.3,1,4,0.2,0,14,0.7,3,4,0.2,0,12,0.6,3
S05500,Addition,0,0,0.0,0,10,0.5,2,16,0.8,4,8,0.4,2,12,0.6,3,6,0.3,1,12,0.6,3,14,0.7,3
S00498,Ordering Fractions,5,6,0.3,1,16,0.8,4,10,0.5,2,14,0.7,3,16,0.8,4,6,0.3,1,10,0.5,2,14,0.7,3
S05341,Division,2,8,0.4,2,8,0.4,2,4,0.2,1,8,0.4,2,10,0.5,2,20,1.0,5,10,0.5,2,16,0.8,4
S02431,Fraction to Decimal,3,12,0.6,3,16,0.8,4,12,0.6,2,6,0.3,1,12,0.6,3,12,0.6,3,16,0.8,4,18,0.9,4
S01056,Comparing Fractions,1,10,0.5,2,6,0.3,1,12,0.6,3,12,0.6,3,16,0.8,4,14,0.7,2,18,0.9,4,8,0.4,1
S00715,Multiplication,4,8,0.4,1,14,0.7,3,12,0.6,3,10,0.5,2,8,0.4,1,14,0.7,3,16,0.8,3,14,0.7,3
S01000,Subtraction,7,14,0.7,3,8,0.4,2,10,0.5,1,14,0.7,3,14,0.7,3,10,0.5,2,8,0.4,0,4,0.2,0
S05040,Subtraction,7,10,0.5,2,16,0.8,4,20,1.0,5,16,0.8,4,16,0.8,4,20,1.0,5,16,0.8,4,8,0.4,2
S05332,Ordering Fractions,5,12,0.6,3,8,0.4,2,12,0.6,3,8,0.4,2,4,0.2,1,0,0.0,0,2,0.1,0,14,0.7,3
S06083,Ordering Fractions,5,8,0.4,2,4,0.2,1,8,0.4,2,12,0.6,3,12,0.6,3,0,0.0,0,8,0.4,2,8,0.4,2
S02121,Addition,0,2,0.1,0,8,0.4,1,10,0.5,2,8,0.4,2,10,0.5,2,16,0.8,4,6,0.3,1,18,0.9,4
S03305,Fraction to Decimal,3,16,0.8,3,16,0.8,4,14,0.7,3,10,0.5,2,20,1.0,5,16,0.8,3,12,0.6,3,12,0.6,2
S01762,Subtraction,7,14,0.7,3,12,0.6,2,16,0.8,4,14,0.7,3,10,0.5,2,12,0.6,2,16,0.8,3,6,0.3,1
S05028,Fraction to Decimal,3,8,0.4,2,16,0.8,4,6,0.3,1,6,0.3,1,20,1.0,5,10,0.5,2,20,1.0,5,16,0.8,4
S00798,Addition,0,4,0.2,1,6,0.3,1,12,0.6,3,6,0.3,1,16,0.8,3,8,0.4,1,8,0.4,1,12,0.6,2
S05785,Division,2,12,0.6,3,12,0.6,3,2,0.1,0,12,0.6,3,16,0.8,4,16,0.8,4,4,0.2,1,8,0.4,2
S04908,Multiplication,4,12,0.6,3,14,0.7,3,12,0.6,3,10,0.5,1,4,0.2,1,10,0.5,2,6,0.3,1,8,0.4,2
S03125,Ordering Fractions,5,6,0.3,1,16,0.8,4,6,0.3,1,10,0.5,2,12,0.6,3,4,0.2,0,8,0.4,2,16,0.8,4
S06293,Comparing Fractions,1,16,0.8,4,8,0.4,2,12,0.6,3,20,1.0,5,16,0.8,4,12,0.6,3,8,0.4,2,16,0.8,4
S04347,Addition,0,6,0.3,1,20,1.0,5,12,0.6,3,8,0.4,2,8,0.4,2,12,0.6,2,10,0.5,2,8,0.4,1
S04331,Division,2,12,0.6,3,10,0.5,2,6,0.3,1,16,0.8,4,8,0.4,2,14,0.7,3,20,1.0,5,12,0.6,2
S05137,Subtraction,7,16,0.8,4,16,0.8,4,4,0.2,1,10,0.5,2,12,0.6,3,12,0.6,3,10,0.5,2,4,0.2,1
S01332,Fraction to Decimal,3,12,0.6,2,16,0.8,4,18,0.9,4,2,0.1,0,12,0.6,3,16,0.8,4,16,0.8,3,12,0.6,3
S01940,Addition,0,4,0.2,0,12,0.6,2,10,0.5,2,18,0.9,4,10,0.5,2,8,0.4,1,20,1.0,5,16,0.8,4
S01627,Subtraction,7,14,0.7,3,10,0.5,2,12,0.6,3,6,0.3,1,6,0.3,1,14,0.7,3,12,0.6,2,4,0.2,1
S04887,Comparing Fractions,1,12,0.6,3,8,0.4,2,16,0.8,4,10,0.5,2,12,0.6,3,8,0.4,2,16,0.8,4,12,0.6,3
S04633,Division,2,20,1.0,5,12,0.6,3,6,0.3,1,16,0.8,4,12,0.6,3,10,0.5,2,18,0.9,4,14,0.7,3
S03787,Multiplication,4,4,0.2,0,10,0.5,2,10,0.5,2,6,0.3,0,4,0.2,1,10,0.5,1,10,0.5,2,8,0.4,2
S01543,Subtraction,7,4,0.2,0,6,0.3,1,12,0.6,2,6,0.3,1,10,0.5,2,4,0.2,0,16,0.8,4,4,0.2,1
S05580,Multiplication,4,4,0.2,1,4,0.2,1,12,0.6,3,14,0.7,3,0,0.0,0,6,0.3,1,10,0.5,2,16,0.8,4
S01938,Addition,0,4,0.2,0,12,0.6,2,12,0.6,3,6,0.3,1,10,0.5,2,8,0.4,2,12,0.6,2,12,0.6,2
S03065,Addition,0,10,0.5,1,14,0.7,3,12,0.6,2,10,0.5,2,10,0.5,2,14,0.7,3,14,0.7,3,18,0.9,4
S02345,Simplifying Fractions,6,8,0.4,2,6,0.3,1,8,0.4,1,10,0.5,2,12,0.6,2,14,0.7,3,6,0.3,1,12,0.6,2
S05182,Subtraction,7,14,0.7,3,12,0.6,3,16,0.8,4,12,0.6,3,2,0.1,0,16,0.8,4,4,0.2,1,0,0.0,0
S04168,Fraction to Decimal,3,12,0.6,3,18,0.9,4,12,0.6,2,2,0.1,0,8,0.4,1,10,0.5,2,14,0.7,3,6,0.3,1
S06008,Addition,0,0,0.0,0,12,0.6,3,20,1.0,5,4,0.2,1,16,0.8,4,12,0.6,3,8,0.4,2,12,0.6,3
S00573,Fraction to Decimal,3,16,0.8,3,12,0.6,2,16,0.8,4,4,0.2,1,20,1.0,5,14,0.7,3,12,0.6,3,10,0.5,2
S05337,Comparing Fractions,1,12,0.6,3,4,0.2,1,8,0.4,2,6,0.3,1,4,0.2,1,4,0.2,1,18,0.9,4,16,0.8,4
S06347,Fraction to Decimal,3,12,0.6,3,8,0.4,2,4,0.2,1,0,0.0,0,4,0.2,1,12,0.6,3,0,0.0,0,20,1.0,5
S03995,Fraction to Decimal,3,16,0.8,3,20,1.0,5,16,0.8,4,6,0.3,1,10,0.5,1,8,0.4,1,20,1.0,5,12,0.6,2
S02080,Comparing Fractions,1,6,0.3,1,6,0.3,1,12,0.6,3,10,0.5,2,10,0.5,2,18,0.9,4,10,0.5,2,8,0.4,2
S01741,Comparing Fractions,1,8,0.4,1,6,0.3,1,10,0.5,2,14,0.7,3,8,0.4,2,16,0.8,4,8,0.4,1,6,0.3,1
S05685,Ordering Fractions,5,12,0.6,3,20,1.0,5,8,0.4,2,8,0.4,2,8,0.4,2,0,0.0,0,20,1.0,5,8,0.4,2
S03961,Division,2,14,0.7,3,14,0.7,3,4,0.2,0,8,0.4,2,16,0.8,4,16,0.8,4,8,0.4,2,16,0.8,3
S02082,Ordering Fractions,5,12,0.6,2,12,0.6,2,14,0.7,3,10,0.5,2,10,0.5,1,6,0.3,1,8,0.4,2,12,0.6,2
S02221,Ordering Fractions,5,2,0.1,0,12,0.6,2,10,0.5,2,6,0.3,1,16,0.8,4,2,0.1,0,6,0.3,1,6,0.3,1
S03794,Subtraction,7,10,0.5,2,14,0.7,3,14,0.7,3,8,0.4,2,16,0.8,4,12,0.6,3,16,0.8,4,4,0.2,0
S00871,Simplifying Fractions,6,16,0.8,4,16,0.8,3,8,0.4,1,8,0.4,1,12,0.6,3,10,0.5,2,0,0.0,0,10,0.5,2
S03848,Ordering Fractions,5,16,0.8,4,6,0.3,1,14,0.7,3,8,0.4,2,14,0.7,3,4,0.2,1,16,0.8,4,20,1.0,5
S04455,Multiplication,4,4,0.2,0,10,0.5,2,8,0.4,2,16,0.8,3,4,0.2,1,10,0.5,2,16,0.8,4,10,0.5,2
S06217,Multiplication,4,12,0.6,3,12,0.6,3,8,0.4,2,8,0.4,2,4,0.2,1,8,0.4,2,8,0.4,2,8,0.4,2
S01971,Comparing Fractions,1,4,0.2,1,4,0.2,0,18,0.9,4,18,0.9,4,16,0.8,4,16,0.8,4,18,0.9,4,20,1.0,5
S06137,Addition,0,0,0.0,0,4,0.2,1,0,0.0,0,8,0.4,2,8,0.4,2,0,0.0,0,8,0.4,2,16,0.8,4
S06249,Comparing Fractions,1,8,0.4,2,4,0.2,1,8,0.4,2,4,0.2,1,12,0.6,3,20,1.0,5,4,0.2,1,4,0.2,1
S01260,Comparing Fractions,1,10,0.5,2,8,0.4,2,18,0.9,4,10,0.5,2,12,0.6,2,10,0.5,2,12,0.6,3,10,0.5,1
S02775,Addition,0,8,0.4,2,16,0.8,4,12,0.6,3,10,0.5,2,10,0.5,2,12,0.6,3,16,0.8,3,14,0.7,2
S00026,Subtraction,7,12,0.6,3,14,0.7,3,14,0.7,3,12,0.6,3,16,0.8,3,18,0.9,4,10,0.5,2,10,0.5,2
S01425,Addition,0,2,0.1,0,12,0.6,3,12,0.6,3,8,0.4,2,16,0.8,4,20,1.0,5,20,1.0,5,10,0.5,1
S04694,Ordering Fractions,5,4,0.2,0,14,0.7,3,8,0.4,1,2,0.1,0,8,0.4,1,2,0.1,0,10,0.5,2,10,0.5,2
S06185,Simplifying Fractions,6,20,1.0,5,16,0.8,4,4,0.2,1,4,0.2,1,12,0.6,3,8,0.4,2,4,0.2,1,8,0.4,2
S04684,Addition,0,4,0.2,1,6,0.3,0,14,0.7,2,8,0.4,2,10,0.5,1,10,0.5,2,10,0.5,2,12,0.6,3
S04783,Subtraction,7,8,0.4,0,16,0.8,3,10,0.5,2,10,0.5,2,12,0.6,3,16,0.8,4,10,0.5,2,4,0.2,1
S06069,Addition,0,4,0.2,1,8,0.4,2,20,1.0,5,16,0.8,4,16,0.8,4,8,0.4,2,8,0.4,2,16,0.8,4
S04583,Simplifying Fractions,6,16,0.8,4,18,0.9,4,16,0.8,4,14,0.7,3,12,0.6,3,12,0.6,2,8,0.4,2,10,0.5,2
S01727,Fraction to Decimal,3,14,0.7,3,6,0.3,1,6,0.3,1,4,0.2,1,14,0.7,3,20,1.0,5,8,0.4,2,16,0.8,4
S02711,Ordering Fractions,5,12,0.6,3,16,0.8,4,10,0.5,2,14,0.7,3,12,0.6,2,6,0.3,1,8,0.4,1,16,0.8,3
S01664,Addition,0,4,0.2,0,12,0.6,3,14,0.7,3,6,0.3,1,12,0.6,3,12,0.6,3,20,1.0,5,16,0.8,4
S05722,Subtraction,7,4,0.2,1,10,0.5,2,8,0.4,2,8,0.4,2,14,0.7,3,12,0.6,3,10,0.5,2,2,0.1,0
S01537,Simplifying Fractions,6,20,1.0,5,12,0.6,3,10,0.5,2,18,0.9,4,6,0.3,0,14,0.7,3,4,0.2,0,14,0.7,3
S04369,Fraction to Decimal,3,8,0.4,1,8,0.4,1,18,0.9,4,6,0.3,1,12,0.6,3,16,0.8,4,14,0.7,3,12,0.6,3
S04437,Division,2,16,0.8,4,10,0.5,2,6,0.3,1,8,0.4,0,14,0.7,3,14,0.7,3,12,0.6,3,14,0.7,3
S00585,Subtraction,7,10,0.5,1,18,0.9,4,14,0.7,3,18,0.9,4,12,0.6,3,16,0.8,4,8,0.4,1,4,0.2,1
S00952,Simplifying Fractions,6,12,0.6,2,14,0.7,2,16,0.8,4,12,0.6,3,14,0.7,3,10,0.5,2,4,0.2,0,8,0.4,2
S04118,Addition,0,6,0.3,1,16,0.8,3,10,0.5,2,12,0.6,1,10,0.5,2,6,0.3,1,12,0.6,2,10,0.5,2
S00198,Division,2,14,0.7,3,10,0.5,2,2,0.1,0,10,0.5,2,14,0.7,3,16,0.8,4,10,0.5,2,10,0.5,2
S05586,Fraction to Decimal,3,12,0.6,3,10,0.5,2,6,0.3,1,0,0.0,0,8,0.4,2,8,0.4,2,0,0.0,0,4,0.2,1
S01692,Multiplication,4,10,0.5,2,8,0.4,1,14,0.7,3,14,0.7,3,4,0.2,1,4,0.2,1,12,0.6,2,18,0.9,4
S03355,Subtraction,7,14,0.7,3,20,1.0,5,10,0.5,2,6,0.3,1,8,0.4,1,10,0.5,2,12,0.6,3,2,0.1,0
S01155,Fraction to Decimal,3,20,1.0,5,12,0.6,2,16,0.8,4,10,0.5,2,14,0.7,3,16,0.8,4,14,0.7,3,14,0.7,3
S04923,Comparing Fractions,1,16,0.8,3,10,0.5,2,16,0.8,4,16,0.8,4,10,0.5,1,16,0.8,3,16,0.8,4,16,0.8,4
S00415,Subtraction,7,16,0.8,3,10,0.5,2,16,0.8,3,12,0.6,3,12,0.6,2,12,0.6,3,16,0.8,4,10,0.5,2
S05273,Addition,0,0,0.0,0,12,0.6,3,12,0.6,3,4,0.2,1,8,0.4,2,8,0.4,2,20,1.0,5,14,0.7,3
S00815,Simplifying Fractions,6,12,0.6,2,10,0.5,2,10,0.5,2,12,0.6,2,12,0.6,2,12,0.6,2,6,0.3,1,14,0.7,2
S00716,Subtraction,7,16,0.8,4,8,0.4,2,10,0.5,2,20,1.0,5,10,0.5,2,10,0.5,2,14,0.7,3,6,0.3,1
S03052,Division,2,10,0.5,2,8,0.4,2,8,0.4,2,16,0.8,3,14,0.7,3,12,0.6,3,16,0.8,4,10,0.5,2
S04988,Addition,0,0,0.0,0,8,0.4,2,18,0.9,4,4,0.2,0,16,0.8,3,16,0.8,4,4,0.2,1,12,0.6,2
S02514,Simplifying Fractions,6,12,0.6,3,4,0.2,1,10,0.5,2,12,0.6,3,10,0.5,2,8,0.4,1,4,0.2,1,20,1.0,5
S01159,Addition,0,4,0.2,1,12,0.6,3,6,0.3,0,14,0.7,2,12,0.6,2,8,0.4,2,8,0.4,2,12,0.6,2
S00947,Multiplication,4,16,0.8,4,16,0.8,4,12,0.6,2,12,0.6,1,10,0.5,2,16,0.8,4,10,0.5,2,16,0.8,3
S00525,Addition,0,12,0.6,3,18,0.9,4,16,0.8,4,14,0.7,3,20,1.0,5,20,1.0,5,20,1.0,5,12,0.6,2
S02443,Fraction to Decimal,3,8,0.4,2,14,0.7,2,12,0.6,3,4,0.2,1,14,0.7,3,10,0.5,1,6,0.3,1,18,0.9,4
S06291,Simplifying Fractions,6,8,0.4,2,8,0.4,2,20,1.0,5,0,0.0,0,16,0.8,4,12,0.6,3,0,0.0,0,16,0.8,4
S02509,Addition,0,6,0.3,1,18,0.9,4,6,0.3,0,12,0.6,3,14,0.7,3,10,0.5,2,12,0.6,3,8,0.4,2
S02266,Multiplication,4,12,0.6,2,20,1.0,5,18,0.9,4,10,0.5,2,2,0.1,0,10,0.5,2,12,0.6,2,14,0.7,2
S04483,Fraction to Decimal,3,14,0.7,3,14,0.7,3,14,0.7,3,6,0.3,1,8,0.4,2,6,0.3,1,8,0.4,0,18,0.9,4
S06021,Ordering Fractions,5,20,1.0,5,8,0.4,2,12,0.6,3,12,0.6,3,16,0.8,4,8,0.4,2,12,0.6,3,12,0.6,3
S03792,Fraction to Decimal,3,16,0.8,4,12,0.6,2,16,0.8,4,8,0.4,2,14,0.7,3,20,1.0,5,12,0.6,3,10,0.5,2
S02267,Multiplication,4,8,0.4,1,6,0.3,1,14,0.7,3,14,0.7,3,6,0.3,1,6,0.3,1,6,0.3,1,12,0.6,3
S01384,Fraction to Decimal,3,8,0.4,2,20,1.0,5,10,0.5,2,6,0.3,1,10,0.5,2,8,0.4,1,6,0.3,1,8,0.4,0
S00759,Division,2,12,0.6,2,10,0.5,2,6,0.3,0,14,0.7,3,16,0.8,4,6,0.3,1,18,0.9,4,16,0.8,4
S03750,Ordering Fractions,5,8,0.4,2,16,0.8,4,14,0.7,3,18,0.9,4,8,0.4,2,2,0.1,0,20,1.0,5,14,0.7,3
S02289,Fraction to Decimal,3,10,0.5,2,10,0.5,2,10,0.5,2,2,0.1,0,16,0.8,4,10,0.5,2,8,0.4,2,6,0.3,1
S02964,Addition,0,6,0.3,1,12,0.6,2,16,0.8,3,16,0.8,3,12,0.6,2,16,0.8,4,10,0.5,2,18,0.9,4
S00972,Ordering Fractions,5,8,0.4,2,12,0.6,2,20,1.0,5,18,0.9,4,16,0.8,4,4,0.2,1,6,0.3,1,8,0.4,1
S04838,Subtraction,7,8,0.4,1,12,0.6,3,8,0.4,2,12,0.6,2,10,0.5,2,16,0.8,4,16,0.8,4,8,0.4,1
S04273,Fraction to Decimal,3,14,0.7,3,16,0.8,3,18,0.9,4,12,0.6,3,12,0.6,3,20,1.0,5,12,0.6,3,20,1.0,5
S03274,Subtraction,7,16,0.8,4,4,0.2,1,8,0.4,2,6,0.3,1,8,0.4,2,4,0.2,1,14,0.7,3,4,0.2,0
S03663,Simplifying Fractions,6,12,0.6,2,10,0.5,2,6,0.3,0,8,0.4,1,12,0.6,2,14,0.7,3,6,0.3,1,8,0.4,1
S00269,Multiplication,4,14,0.7,3,8,0.4,1,16,0.8,4,14,0.7,3,4,0.2,1,16,0.8,3,14,0.7,3,12,0.6,2
S03029,Simplifying Fractions,6,12,0.6,3,16,0.8,4,12,0.6,2,10,0.5,2,16,0.8,3,10,0.5,2,4,0.2,1,6,0.3,1
S04710,Comparing Fractions,1,8,0.4,1,4,0.2,0,10,0.5,2,8,0.4,2,12,0.6,3,14,0.7,2,6,0.3,1,12,0.6,2
S00294,Simplifying Fractions,6,14,0.7,3,14,0.7,3,12,0.6,2,20,1.0,5,20,1.0,5,18,0.9,4,6,0.3,1,12,0.6,2
S03084,Addition,0,0,0.0,0,14,0.7,3,16,0.8,4,10,0.5,2,10,0.5,2,16,0.8,4,8,0.4,1,8,0.4,1
S01400,Division,2,16,0.8,4,16,0.8,4,8,0.4,1,10,0.5,2,12,0.6,3,20,1.0,5,14,0.7,3,14,0.7,3
S06020,Ordering Fractions,5,0,0.0,0,4,0.2,1,20,1.0,5,8,0.4,2,20,1.0,5,0,0.0,0,8,0.4,2,8,0.4,2
S05923,Multiplication,4,12,0.6,3,20,1.0,5,4,0.2,1,4,0.2,1,4,0.2,1,16,0.8,4,6,0.3,1,12,0.6,3
S00749,Simplifying Fractions,6,8,0.4,2,8,0.4,2,18,0.9,4,10,0.5,2,12,0.6,3,16,0.8,4,8,0.4,2,10,0.5,2
S01500,Ordering Fractions,5,14,0.7,3,14,0.7,3,12,0.6,3,16,0.8,4,18,0.9,4,10,0.5,1,16,0.8,4,12,0.6,3
S02575,Division,2,6,0.3,1,12,0.6,2,4,0.2,0,4,0.2,1,14,0.7,3,16,0.8,4,14,0.7,3,10,0.5,1
S02383,Simplifying Fractions,6,16,0.8,3,16,0.8,4,10,0.5,2,8,0.4,2,12,0.6,3,16,0.8,4,8,0.4,2,12,0.6,2
S04208,Addition,0,6,0.3,1,14,0.7,3,6,0.3,1,6,0.3,1,12,0.6,3,18,0.9,4,14,0.7,3,8,0.4,2
S04563,Comparing Fractions,1,10,0.5,2,4,0.2,1,10,0.5,2,12,0.6,2,14,0.7,2,14,0.7,3,18,0.9,4,16,0.8,4
S05790,Division,2,16,0.8,4,16,0.8,4,6,0.3,1,20,1.0,5,12,0.6,3,16,0.8,4,8,0.4,2,12,0.6,3
S01075,Ordering Fractions,5,10,0.5,2,12,0.6,3,16,0.8,4,8,0.4,1,12,0.6,3,8,0.4,1,10,0.5,2,14,0.7,3
S02891,Fraction to Decimal,3,10,0.5,2,12,0.6,2,6,0.3,1,0,0.0,0,12,0.6,2,10,0.5,2,16,0.8,4,18,0.9,4
S02377,Multiplication,4,14,0.7,3,14,0.7,2,12,0.6,3,12,0.6,3,10,0.5,2,12,0.6,3,16,0.8,4,12,0.6,2
S04790,Subtraction,7,12,0.6,3,8,0.4,1,10,0.5,2,10,0.5,2,12,0.6,3,16,0.8,4,4,0.2,0,4,0.2,0
S00581,Ordering Fractions,5,12,0.6,3,8,0.4,1,10,0.5,2,12,0.6,3,16,0.8,4,6,0.3,1,10,0.5,2,6,0.3,1
S02450,Simplifying Fractions,6,12,0.6,3,16,0.8,4,10,0.5,2,6,0.3,1,10,0.5,2,10,0.5,2,4,0.2,0,4,0.2,0
S05434,Division,2,16,0.8,4,16,0.8,4,4,0.2,1,8,0.4,2,12,0.6,3,12,0.6,3,16,0.8,4,4,0.2,1
S03546,Addition,0,6,0.3,1,14,0.7,3,10,0.5,2,12,0.6,3,18,0.9,4,20,1.0,5,12,0.6,2,12,0.6,3
S00200,Subtraction,7,12,0.6,2,16,0.8,4,8,0.4,2,16,0.8,4,14,0.7,2,14,0.7,3,16,0.8,3,2,0.1,0
S02678,Ordering Fractions,5,16,0.8,3,18,0.9,4,16,0.8,4,12,0.6,3,10,0.5,2,10,0.5,2,20,1.0,5,16,0.8,4
S00118,Subtraction,7,18,0.9,4,10,0.5,2,8,0.4,2,18,0.9,4,20,1.0,5,8,0.4,2,14,0.7,3,4,0.2,1
S03673,Division,2,14,0.7,3,6,0.3,1,4,0.2,1,12,0.6,3,12,0.6,3,10,0.5,2,12,0.6,3,18,0.9,4
S00689,Fraction to Decimal,3,14,0.7,3,14,0.7,3,12,0.6,3,8,0.4,1,14,0.7,3,12,0.6,3,18,0.9,4,10,0.5,2
S04248,Addition,0,2,0.1,0,14,0.7,3,16,0.8,4,14,0.7,3,18,0.9,4,12,0.6,3,6,0.3,0,6,0.3,1
S05771,Addition,0,2,0.1,0,8,0.4,2,4,0.2,1,10,0.5,2,4,0.2,1,10,0.5,2,16,0.8,4,20,1.0,5
S05921,Simplifying Fractions,6,16,0.8,4,16,0.8,4,6,0.3,1,20,1.0,5,10,0.5,2,8,0.4,2,4,0.2,1,14,0.7,3
S04479,Comparing Fractions,1,8,0.4,2,2,0.1,0,8,0.4,1,14,0.7,3,8,0.4,2,14,0.7,3,14,0.7,3,12,0.6,2
S04614,Addition,0,10,0.5,2,10,0.5,2,10,0.5,2,16,0.8,3,10,0.5,2,12,0.6,3,12,0.6,3,18,0.9,4
S05019,Addition,0,4,0.2,1,20,1.0,5,8,0.4,2,8,0.4,2,8,0.4,2,16,0.8,4,16,0.8,4,10,0.5,2
S03138,Division,2,10,0.5,2,14,0.7,3,8,0.4,2,12,0.6,3,14,0.7,3,12,0.6,3,10,0.5,1,12,0.6,2
S03497,Subtraction,7,14,0.7,3,18,0.9,4,16,0.8,4,16,0.8,3,10,0.5,2,10,0.5,2,12,0.6,2,4,0.2,0
S03340,Simplifying Fractions,6,14,0.7,3,18,0.9,4,14,0.7,3,8,0.4,0,16,0.8,3,14,0.7,3,6,0.3,1,16,0.8,4
S03254,Multiplication,4,18,0.9,4,12,0.6,3,10,0.5,2,12,0.6,2,6,0.3,1,14,0.7,3,20,1.0,5,10,0.5,2
S01857,Simplifying Fractions,6,8,0.4,2,14,0.7,3,18,0.9,4,8,0.4,2,16,0.8,4,12,0.6,3,6,0.3,1,14,0.7,3
S01769,Subtraction,7,8,0.4,1,14,0.7,3,8,0.4,2,8,0.4,2,8,0.4,1,14,0.7,3,14,0.7,3,8,0.4,1
S03944,Multiplication,4,20,1.0,5,20,1.0,5,10,0.5,2,14,0.7,3,4,0.2,1,10,0.5,2,12,0.6,2,16,0.8,4
S04217,Subtraction,7,10,0.5,2,14,0.7,3,10,0.5,2,10,0.5,2,16,0.8,4,16,0.8,4,12,0.6,3,8,0.4,2
S02061,Simplifying Fractions,6,14,0.7,3,12,0.6,3,12,0.6,3,16,0.8,3,14,0.7,3,16,0.8,4,10,0.5,2,16,0.8,4
S04167,Subtraction,7,14,0.7,3,16,0.8,4,16,0.8,4,14,0.7,3,16,0.8,3,12,0.6,3,14,0.7,3,10,0.5,2
S03295,Division,2,10,0.5,2,10,0.5,2,6,0.3,1,14,0.7,3,12,0.6,3,12,0.6,2,14,0.7,3,12,0.6,3
S05989,Fraction to Decimal,3,16,0.8,4,20,1.0,5,8,0.4,2,4,0.2,1,8,0.4,2,12,0.6,3,8,0.4,2,18,0.9,4
S04399,Division,2,12,0.6,3,16,0.8,3,2,0.1,0,12,0.6,2,12,0.6,2,10,0.5,2,6,0.3,0,8,0.4,2
S03543,Subtraction,7,16,0.8,3,18,0.9,4,18,0.9,4,10,0.5,1,8,0.4,1,10,0.5,2,10,0.5,2,4,0.2,0
S03410,Fraction to Decimal,3,12,0.6,3,12,0.6,2,18,0.9,4,2,0.1,0,12,0.6,2,12,0.6,3,14,0.7,3,12,0.6,1
S00040,Multiplication,4,8,0.4,1,18,0.9,4,6,0.3,1,4,0.2,0,2,0.1,0,12,0.6,2,10,0.5,2,8,0.4,2
S03676,Simplifying Fractions,6,16,0.8,4,6,0.3,0,6,0.3,1,18,0.9,4,16,0.8,4,20,1.0,5,6,0.3,1,12,0.6,1
S00043,Addition,0,8,0.4,1,16,0.8,4,16,0.8,4,16,0.8,3,10,0.5,2,14,0.7,3,20,1.0,5,12,0.6,3
S04329,Ordering Fractions,5,14,0.7,2,16,0.8,3,12,0.6,3,14,0.7,3,12,0.6,2,8,0.4,2,10,0.5,2,14,0.7,3
S04909,Multiplication,4,16,0.8,4,12,0.6,3,8,0.4,1,18,0.9,4,4,0.2,1,16,0.8,4,20,1.0,5,12,0.6,3
S04405,Addition,0,12,0.6,2,16,0.8,4,14,0.7,3,14,0.7,3,20,1.0,5,14,0.7,3,12,0.6,3,20,1.0,5
S05651,Division,2,16,0.8,4,14,0.7,3,4,0.2,1,12,0.6,3,12,0.6,3,10,0.5,2,16,0.8,4,14,0.7,3
S03512,Simplifying Fractions,6,10,0.5,2,16,0.8,4,12,0.6,3,12,0.6,3,8,0.4,2,12,0.6,3,8,0.4,1,8,0.4,1
S03290,Fraction to Decimal,3,16,0.8,4,20,1.0,5,16,0.8,4,8,0.4,2,10,0.5,2,12,0.6,3,20,1.0,5,8,0.4,1
S03683,Subtraction,7,16,0.8,4,18,0.9,4,10,0.5,2,8,0.4,2,16,0.8,4,18,0.9,4,12,0.6,3,8,0.4,2
S06392,Addition,0,8,0.4,2,20,1.0,5,16,0.8,4,12,0.6,3,12,0.6,3,12,0.6,3,8,0.4,2,12,0.6,3
S04039,Fraction to Decimal,3,10,0.5,1,8,0.4,2,14,0.7,3,6,0.3,1,14,0.7,3,14,0.7,3,8,0.4,2,10,0.5,2
S04568,Fraction to Decimal,3,10,0.5,2,8,0.4,2,18,0.9,4,0,0.0,0,18,0.9,4,14,0.7,3,16,0.8,4,8,0.4,1
S00311,Simplifying Fractions,6,16,0.8,4,16,0.8,4,12,0.6,3,12,0.6,3,8,0.4,1,8,0.4,2,8,0.4,2,8,0.4,1
S04014,Division,2,8,0.4,2,14,0.7,3,8,0.4,2,18,0.9,4,12,0.6,3,8,0.4,2,8,0.4,1,16,0.8,3
S05111,Comparing Fractions,1,4,0.2,1,2,0.1,0,16,0.8,4,4,0.2,1,4,0.2,1,4,0.2,1,8,0.4,2,14,0.7,3
S06237,Addition,0,0,0.0,0,4,0.2,1,12,0.6,3,4,0.2,1,8,0.4,2,12,0.6,3,12,0.6,3,12,0.6,3
S00143,Addition,0,10,0.5,1,16,0.8,4,12,0.6,3,16,0.8,4,12,0.6,2,16,0.8,4,18,0.9,4,12,0.6,3
S02830,Subtraction,7,8,0.4,1,10,0.5,2,12,0.6,2,4,0.2,0,6,0.3,1,12,0.6,2,12,0.6,3,2,0.1,0
S00379,Simplifying Fractions,6,12,0.6,2,12,0.6,3,8,0.4,2,10,0.5,2,12,0.6,1,8,0.4,1,8,0.4,2,8,0.4,2
S00961,Multiplication,4,18,0.9,4,10,0.5,2,12,0.6,2,12,0.6,3,8,0.4,1,18,0.9,4,12,0.6,3,10,0.5,2
S02173,Comparing Fractions,1,8,0.4,2,6,0.3,1,12,0.6,2,6,0.3,1,10,0.5,2,10,0.5,2,16,0.8,3,10,0.5,2
S04301,Ordering Fractions,5,14,0.7,3,16,0.8,3,14,0.7,3,12,0.6,2,16,0.8,4,8,0.4,2,14,0.7,3,12,0.6,2
S03036,Subtraction,7,18,0.9,4,20,1.0,5,12,0.6,2,16,0.8,3,20,1.0,5,18,0.9,4,8,0.4,2,8,0.4,2
S01328,Subtraction,7,14,0.7,3,16,0.8,4,14,0.7,3,10,0.5,1,14,0.7,3,10,0.5,2,10,0.5,1,10,0.5,2
S00006,Division,2,12,0.6,2,12,0.6,2,8,0.4,1,10,0.5,2,12,0.6,2,16,0.8,3,12,0.6,2,10,0.5,1
S04334,Division,2,16,0.8,3,14,0.7,3,8,0.4,2,16,0.8,3,16,0.8,4,12,0.6,3,18,0.9,4,12,0.6,2
S04310,Comparing Fractions,1,14,0.7,3,12,0.6,3,16,0.8,4,18,0.9,4,16,0.8,4,14,0.7,3,16,0.8,4,20,1.0,5
S04031,Comparing Fractions,1,18,0.9,4,10,0.5,2,16,0.8,4,10,0.5,2,16,0.8,4,20,1.0,5,18,0.9,4,14,0.7,3
S05304,Simplifying Fractions,6,16,0.8,4,10,0.5,2,8,0.4,2,8,0.4,2,20,1.0,5,20,1.0,5,4,0.2,1,14,0.7,3
S01100,Fraction to Decimal,3,6,0.3,0,6,0.3,1,8,0.4,1,2,0.1,0,8,0.4,1,6,0.3,1,8,0.4,1,14,0.7,3
S05969,Subtraction,7,14,0.7,3,8,0.4,2,12,0.6,3,4,0.2,1,8,0.4,2,12,0.6,3,14,0.7,3,4,0.2,1
S03374,Fraction to Decimal,3,12,0.6,2,12,0.6,2,18,0.9,4,6,0.3,1,12,0.6,3,14,0.7,3,12,0.6,3,8,0.4,2
S03952,Ordering Fractions,5,16,0.8,4,14,0.7,3,16,0.8,3,14,0.7,3,16,0.8,4,8,0.4,2,8,0.4,2,10,0.5,1
S01003,Simplifying Fractions,6,12,0.6,2,12,0.6,3,8,0.4,1,10,0.5,2,12,0.6,2,12,0.6,2,6,0.3,1,12,0.6,2
S04808,Ordering Fractions,5,16,0.8,3,14,0.7,3,12,0.6,3,12,0.6,3,12,0.6,3,6,0.3,0,16,0.8,3,10,0.5,2
S02858,Division,2,6,0.3,1,18,0.9,4,4,0.2,1,10,0.5,2,20,1.0,5,16,0.8,4,18,0.9,4,18,0.9,4
S03815,Division,2,6,0.3,1,20,1.0,5,2,0.1,0,4,0.2,0,4,0.2,1,12,0.6,2,12,0.6,2,8,0.4,2
S02079,Simplifying Fractions,6,12,0.6,3,12,0.6,2,20,1.0,5,14,0.7,3,16,0.8,4,16,0.8,4,10,0.5,2,20,1.0,5
S02992,Subtraction,7,16,0.8,4,16,0.8,3,10,0.5,2,12,0.6,3,12,0.6,3,12,0.6,3,14,0.7,3,10,0.5,2
S05124,Addition,0,2,0.1,0,8,0.4,2,10,0.5,2,8,0.4,2,10,0.5,2,8,0.4,2,16,0.8,4,10,0.5,2
S01161,Comparing Fractions,1,10,0.5,2,8,0.4,2,8,0.4,2,12,0.6,3,16,0.8,4,8,0.4,2,14,0.7,3,14,0.7,3
S03747,Fraction to Decimal,3,16,0.8,4,16,0.8,4,8,0.4,2,6,0.3,1,12,0.6,3,14,0.7,3,20,1.0,5,14,0.7,3
S02948,Addition,0,8,0.4,2,14,0.7,3,10,0.5,2,18,0.9,4,12,0.6,3,16,0.8,4,16,0.8,4,12,0.6,3
S01562,Simplifying Fractions,6,16,0.8,4,18,0.9,4,12,0.6,3,16,0.8,3,16,0.8,4,10,0.5,1,8,0.4,2,12,0.6,2
S05354,Multiplication,4,8,0.4,2,10,0.5,2,12,0.6,3,8,0.4,2,0,0.0,0,4,0.2,1,14,0.7,3,12,0.6,3
S00586,Subtraction,7,16,0.8,3,16,0.8,3,10,0.5,2,10,0.5,2,12,0.6,2,14,0.7,3,16,0.8,3,8,0.4,2
S01575,Division,2,12,0.6,2,10,0.5,2,6,0.3,1,12,0.6,2,10,0.5,2,8,0.4,1,12,0.6,2,8,0.4,2
S00112,Ordering Fractions,5,12,0.6,2,10,0.5,2,8,0.4,2,8,0.4,2,12,0.6,3,4,0.2,1,12,0.6,3,16,0.8,4
S04057,Ordering Fractions,5,20,1.0,5,12,0.6,3,18,0.9,4,12,0.6,3,18,0.9,4,10,0.5,2,16,0.8,4,14,0.7,3
S01006,Comparing Fractions,1,12,0.6,2,6,0.3,1,10,0.5,1,16,0.8,3,10,0.5,1,14,0.7,3,8,0.4,2,16,0.8,4
S01232,Division,2,12,0.6,2,18,0.9,4,2,0.1,0,6,0.3,1,16,0.8,4,10,0.5,2,18,0.9,4,6,0.3,1
S00205,Ordering Fractions,5,14,0.7,3,12,0.6,3,16,0.8,3,6,0.3,1,18,0.9,4,6,0.3,1,10,0.5,2,16,0.8,3
S02059,Subtraction,7,12,0.6,2,12,0.6,3,10,0.5,2,16,0.8,4,6,0.3,1,10,0.5,1,8,0.4,2,2,0.1,0
S04496,Subtraction,7,16,0.8,4,18,0.9,4,10,0.5,2,12,0.6,3,10,0.5,2,20,1.0,5,6,0.3,1,4,0.2,0
S00416,Comparing Fractions,1,10,0.5,2,8,0.4,2,16,0.8,4,16,0.8,4,14,0.7,3,16,0.8,3,16,0.8,4,10,0.5,2
S02481,Simplifying Fractions,6,16,0.8,4,14,0.7,3,16,0.8,4,16,0.8,4,20,1.0,5,12,0.6,3,10,0.5,2,12,0.6,3
S01659,Multiplication,4,12,0.6,3,16,0.8,4,10,0.5,2,10,0.5,2,8,0.4,2,16,0.8,3,20,1.0,5,16,0.8,4
S04214,Comparing Fractions,1,6,0.3,1,4,0.2,1,12,0.6,2,12,0.6,2,6,0.3,1,12,0.6,2,16,0.8,4,12,0.6,3
S01263,Simplifying Fractions,6,12,0.6,2,16,0.8,4,16,0.8,4,10,0.5,2,16,0.8,3,10,0.5,2,6,0.3,1,10,0.5,2
S00032,Subtraction,7,16,0.8,4,16,0.8,3,10,0.5,2,10,0.5,2,6,0.3,1,16,0.8,4,8,0.4,1,4,0.2,1
S06213,Ordering Fractions,5,12,0.6,3,12,0.6,3,8,0.4,2,8,0.4,2,12,0.6,3,4,0.2,1,8,0.4,2,12,0.6,3
S06094,Subtraction,7,8,0.4,2,4,0.2,1,12,0.6,3,4,0.2,1,12,0.6,3,12,0.6,3,16,0.8,4,4,0.2,1
S01199,Addition,0,8,0.4,1,18,0.9,4,10,0.5,2,12,0.6,2,10,0.5,2,12,0.6,3,16,0.8,4,14,0.7,3
S02512,Comparing Fractions,1,12,0.6,3,8,0.4,2,12,0.6,1,10,0.5,2,12,0.6,3,18,0.9,4,12,0.6,2,10,0.5,2
S04341,Division,2,8,0.4,2,12,0.6,2,2,0.1,0,8,0.4,2,16,0.8,4,12,0.6,2,8,0.4,1,16,0.8,4
S00280,Simplifying Fractions,6,18,0.9,4,12,0.6,3,12,0.6,3,6,0.3,1,18,0.9,4,8,0.4,1,0,0.0,0,6,0.3,1
S05246,Subtraction,7,10,0.5,2,6,0.3,1,10,0.5,2,4,0.2,1,12,0.6,3,4,0.2,1,4,0.2,1,0,0.0,0
S04337,Multiplication,4,16,0.8,3,14,0.7,3,14,0.7,3,8,0.4,0,4,0.2,1,8,0.4,2,6,0.3,1,12,0.6,3
S01289,Multiplication,4,6,0.3,1,6,0.3,1,12,0.6,3,10,0.5,1,4,0.2,0,14,0.7,3,10,0.5,2,12,0.6,1
S04402,Fraction to Decimal,3,8,0.4,2,10,0.5,2,14,0.7,3,6,0.3,1,16,0.8,4,14,0.7,3,12,0.6,3,8,0.4,2
S01170,Multiplication,4,8,0.4,2,10,0.5,1,16,0.8,4,8,0.4,2,4,0.2,1,14,0.7,3,16,0.8,4,10,0.5,2
S02639,Subtraction,7,6,0.3,1,14,0.7,3,4,0.2,1,14,0.7,3,14,0.7,3,8,0.4,2,14,0.7,3,4,0.2,1
S03986,Comparing Fractions,1,14,0.7,2,4,0.2,0,14,0.7,3,14,0.7,3,12,0.6,2,12,0.6,3,20,1.0,5,12,0.6,2
S05313,Ordering Fractions,5,10,0.5,2,16,0.8,4,16,0.8,4,8,0.4,2,12,0.6,3,2,0.1,0,20,1.0,5,12,0.6,3
S02596,Comparing Fractions,1,6,0.3,1,4,0.2,1,14,0.7,3,12,0.6,3,20,1.0,5,12,0.6,3,20,1.0,5,12,0.6,3
S00421,Multiplication,4,10,0.5,2,2,0.1,0,14,0.7,3,12,0.6,3,2,0.1,0,20,1.0,5,14,0.7,3,14,0.7,3
S02273,Fraction to Decimal,3,14,0.7,3,14,0.7,3,12,0.6,2,6,0.3,1,12,0.6,3,10,0.5,1,8,0.4,2,10,0.5,2
S05861,Comparing Fractions,1,12,0.6,3,0,0.0,0,14,0.7,3,12,0.6,3,4,0.2,1,12,0.6,3,10,0.5,2,4,0.2,1
S01874,Simplifying Fractions,6,10,0.5,2,8,0.4,1,12,0.6,3,14,0.7,3,12,0.6,3,12,0.6,3,4,0.2,0,18,0.9,4
S06261,Simplifying Fractions,6,4,0.2,1,12,0.6,3,12,0.6,3,12,0.6,3,4,0.2,1,8,0.4,2,4,0.2,1,16,0.8,4
S06206,Comparing Fractions,1,12,0.6,3,0,0.0,0,8,0.4,2,8,0.4,2,16,0.8,4,12,0.6,3,16,0.8,4,16,0.8,4
S02746,Simplifying Fractions,6,20,1.0,5,14,0.7,3,8,0.4,2,8,0.4,2,10,0.5,2,10,0.5,2,6,0.3,1,14,0.7,3
S02391,Comparing Fractions,1,16,0.8,4,8,0.4,2,12,0.6,2,16,0.8,4,12,0.6,3,12,0.6,3,10,0.5,2,10,0.5,2
S02531,Comparing Fractions,1,18,0.9,4,4,0.2,0,14,0.7,3,8,0.4,1,10,0.5,2,12,0.6,3,6,0.3,0,14,0.7,3
S00337,Fraction to Decimal,3,6,0.3,0,16,0.8,4,10,0.5,2,2,0.1,0,12,0.6,2,14,0.7,3,14,0.7,3,16,0.8,4
S04680,Fraction to Decimal,3,12,0.6,3,12,0.6,2,14,0.7,3,10,0.5,2,16,0.8,3,14,0.7,3,16,0.8,4,16,0.8,4
S04193,Ordering Fractions,5,12,0.6,3,16,0.8,4,12,0.6,2,10,0.5,2,16,0.8,4,6,0.3,1,20,1.0,5,12,0.6,3
S05095,Addition,0,0,0.0,0,8,0.4,2,8,0.4,2,10,0.5,2,12,0.6,3,12,0.6,3,14,0.7,3,18,0.9,4
S02409,Addition,0,0,0.0,0,10,0.5,2,12,0.6,3,8,0.4,2,14,0.7,3,12,0.6,2,8,0.4,2,10,0.5,2
S02016,Multiplication,4,8,0.4,1,16,0.8,4,10,0.5,2,8,0.4,2,6,0.3,1,8,0.4,2,14,0.7,3,12,0.6,2
S01547,Comparing Fractions,1,12,0.6,3,4,0.2,1,6,0.3,1,16,0.8,3,14,0.7,3,12,0.6,2,18,0.9,4,12,0.6,3
S00814,Fraction to Decimal,3,8,0.4,2,10,0.5,2,8,0.4,2,4,0.2,0,8,0.4,1,8,0.4,2,16,0.8,4,8,0.4,1
S01157,Comparing Fractions,1,16,0.8,3,12,0.6,3,14,0.7,3,14,0.7,3,16,0.8,4,12,0.6,2,16,0.8,3,16,0.8,4
S01914,Ordering Fractions,5,10,0.5,2,6,0.3,1,16,0.8,3,12,0.6,2,10,0.5,1,2,0.1,0,16,0.8,4,2,0.1,0
S00682,Ordering Fractions,5,12,0.6,2,12,0.6,3,18,0.9,4,10,0.5,2,14,0.7,3,6,0.3,1,14,0.7,3,20,1.0,5
S02471,Fraction to Decimal,3,16,0.8,3,16,0.8,4,16,0.8,4,10,0.5,2,20,1.0,5,12,0.6,3,12,0.6,2,12,0.6,3
S00184,Simplifying Fractions,6,14,0.7,3,18,0.9,4,12,0.6,3,10,0.5,2,12,0.6,3,14,0.7,3,8,0.4,1,16,0.8,4
S06170,Division,2,0,0.0,0,0,0.0,0,0,0.0,0,8,0.4,2,8,0.4,2,4,0.2,1,4,0.2,1,0,0.0,0
S04028,Addition,0,6,0.3,1,10,0.5,2,14,0.7,3,8,0.4,2,12,0.6,2,14,0.7,3,10,0.5,2,12,0.6,3
S00010,Simplifying Fractions,6,14,0.7,3,16,0.8,4,16,0.8,4,14,0.7,3,14,0.7,3,12,0.6,2,12,0.6,3,12,0.6,2
S05122,Multiplication,4,12,0.6,3,12,0.6,3,6,0.3,1,12,0.6,3,4,0.2,1,14,0.7,3,20,1.0,5,14,0.7,3
S02907,Comparing Fractions,1,16,0.8,4,4,0.2,1,18,0.9,4,12,0.6,3,4,0.2,0,8,0.4,2,12,0.6,2,8,0.4,2
S04550,Addition,0,4,0.2,0,6,0.3,1,14,0.7,3,8,0.4,2,16,0.8,4,12,0.6,3,12,0.6,3,10,0.5,2
S03318,Comparing Fractions,1,14,0.7,3,0,0.0,0,14,0.7,3,12,0.6,3,10,0.5,2,10,0.5,2,6,0.3,1,6,0.3,1
S03432,Fraction to Decimal,3,16,0.8,4,10,0.5,2,6,0.3,1,6,0.3,0,14,0.7,3,14,0.7,3,14,0.7,3,14,0.7,3
S00546,Division,2,12,0.6,2,10,0.5,2,4,0.2,0,12,0.6,3,18,0.9,4,12,0.6,3,4,0.2,1,12,0.6,3
S02085,Fraction to Decimal,3,20,1.0,5,12,0.6,2,18,0.9,4,10,0.5,2,18,0.9,4,16,0.8,4,12,0.6,3,16,0.8,4
S04536,Addition,0,10,0.5,2,18,0.9,4,18,0.9,4,12,0.6,2,14,0.7,3,16,0.8,4,10,0.5,1,12,0.6,3
S01735,Division,2,16,0.8,4,4,0.2,1,4,0.2,1,12,0.6,3,10,0.5,1,10,0.5,2,12,0.6,3,14,0.7,2
S00231,Comparing Fractions,1,6,0.3,1,4,0.2,0,16,0.8,4,8,0.4,1,20,1.0,5,12,0.6,2,14,0.7,3,20,1.0,5
S00604,Ordering Fractions,5,12,0.6,3,20,1.0,5,14,0.7,2,18,0.9,4,14,0.7,3,8,0.4,2,14,0.7,3,16,0.8,4
S01919,Ordering Fractions,5,12,0.6,2,10,0.5,2,14,0.7,3,10,0.5,2,16,0.8,3,4,0.2,1,10,0.5,1,12,0.6,2
S02354,Addition,0,2,0.1,0,16,0.8,4,10,0.5,2,6,0.3,1,8,0.4,1,16,0.8,4,18,0.9,4,12,0.6,2
S01151,Simplifying Fractions,6,12,0.6,3,6,0.3,1,12,0.6,2,16,0.8,4,10,0.5,2,10,0.5,2,6,0.3,0,18,0.9,4
S01725,Multiplication,4,16,0.8,4,6,0.3,0,10,0.5,2,14,0.7,3,4,0.2,1,14,0.7,3,18,0.9,4,12,0.6,3
S03991,Division,2,14,0.7,3,14,0.7,3,6,0.3,0,6,0.3,0,8,0.4,2,8,0.4,2,8,0.4,1,12,0.6,2
S05860,Comparing Fractions,1,6,0.3,1,2,0.1,0,16,0.8,4,4,0.2,1,8,0.4,2,2,0.1,0,14,0.7,3,16,0.8,4
S03979,Comparing Fractions,1,8,0.4,2,6,0.3,1,8,0.4,2,12,0.6,3,16,0.8,4,14,0.7,3,12,0.6,3,8,0.4,2
S01407,Fraction to Decimal,3,18,0.9,4,14,0.7,3,16,0.8,4,4,0.2,1,12,0.6,2,12,0.6,3,8,0.4,2,12,0.6,3
S02583,Multiplication,4,10,0.5,1,18,0.9,4,14,0.7,3,12,0.6,3,10,0.5,2,16,0.8,4,16,0.8,3,20,1.0,5
S04558,Addition,0,6,0.3,1,14,0.7,3,6,0.3,1,8,0.4,1,12,0.6,3,12,0.6,3,10,0.5,2,8,0.4,2
S03896,Ordering Fractions,5,10,0.5,2,16,0.8,4,12,0.6,3,12,0.6,2,16,0.8,4,8,0.4,2,12,0.6,3,12,0.6,3
S06093,Ordering Fractions,5,20,1.0,5,4,0.2,1,8,0.4,2,4,0.2,1,12,0.6,3,0,0.0,0,8,0.4,2,4,0.2,1
S04814,Ordering Fractions,5,8,0.4,2,14,0.7,3,16,0.8,4,8,0.4,2,12,0.6,3,6,0.3,1,10,0.5,2,10,0.5,2
S00937,Addition,0,4,0.2,1,8,0.4,1,16,0.8,3,14,0.7,3,14,0.7,3,12,0.6,2,6,0.3,1,12,0.6,2
S03762,Fraction to Decimal,3,8,0.4,1,12,0.6,3,16,0.8,3,6,0.3,1,16,0.8,4,16,0.8,4,8,0.4,2,12,0.6,3
S01403,Subtraction,7,16,0.8,4,18,0.9,4,10,0.5,2,14,0.7,3,10,0.5,2,10,0.5,2,12,0.6,3,4,0.2,1
S05793,Simplifying Fractions,6,8,0.4,2,10,0.5,2,4,0.2,1,8,0.4,2,8,0.4,2,16,0.8,4,0,0.0,0,0,0.0,0
S04859,Division,2,12,0.6,2,12,0.6,3,4,0.2,1,14,0.7,3,16,0.8,4,12,0.6,3,8,0.4,1,14,0.7,3
S04330,Simplifying Fractions,6,18,0.9,4,14,0.7,3,16,0.8,4,14,0.7,3,6,0.3,1,16,0.8,4,6,0.3,1,12,0.6,3
S04698,Division,2,16,0.8,4,12,0.6,3,8,0.4,1,14,0.7,3,10,0.5,2,20,1.0,5,12,0.6,2,10,0.5,1
S06135,Division,2,12,0.6,3,4,0.2,1,0,0.0,0,12,0.6,3,8,0.4,2,12,0.6,3,20,1.0,5,4,0.2,1
S04847,Fraction to Decimal,3,10,0.5,2,18,0.9,4,20,1.0,5,10,0.5,2,14,0.7,3,12,0.6,2,12,0.6,2,16,0.8,4
S03348,Addition,0,8,0.4,1,20,1.0,5,14,0.7,2,20,1.0,5,12,0.6,2,10,0.5,1,18,0.9,4,8,0.4,1
S02475,Division,2,6,0.3,1,10,0.5,1,6,0.3,1,10,0.5,1,10,0.5,2,10,0.5,2,16,0.8,3,8,0.4,1
S03312,Fraction to Decimal,3,12,0.6,3,10,0.5,2,8,0.4,2,2,0.1,0,12,0.6,3,14,0.7,3,16,0.8,3,10,0.5,2
S02005,Addition,0,8,0.4,2,18,0.9,4,14,0.7,3,10,0.5,2,16,0.8,4,12,0.6,2,8,0.4,2,10,0.5,2
S03488,Ordering Fractions,5,8,0.4,1,6,0.3,1,14,0.7,3,14,0.7,3,8,0.4,1,0,0.0,0,16,0.8,4,8,0.4,2
S04942,Fraction to Decimal,3,16,0.8,4,10,0.5,2,8,0.4,2,6,0.3,1,8,0.4,2,20,1.0,5,16,0.8,3,16,0.8,4
S04314,Fraction to Decimal,3,8,0.4,2,10,0.5,2,12,0.6,3,8,0.4,1,16,0.8,3,10,0.5,2,8,0.4,0,12,0.6,3
S02209,Subtraction,7,12,0.6,3,10,0.5,2,8,0.4,1,14,0.7,3,18,0.9,4,8,0.4,2,12,0.6,3,6,0.3,1
S01926,Fraction to Decimal,3,14,0.7,3,8,0.4,2,12,0.6,3,8,0.4,2,8,0.4,1,12,0.6,3,12,0.6,3,10,0.5,1
S06290,Multiplication,4,16,0.8,4,12,0.6,3,20,1.0,5,4,0.2,1,0,0.0,0,20,1.0,5,4,0.2,1,16,0.8,4
S04180,Addition,0,8,0.4,2,10,0.5,2,18,0.9,4,12,0.6,2,16,0.8,4,12,0.6,3,10,0.5,2,16,0.8,4
S02246,Multiplication,4,14,0.7,3,16,0.8,3,14,0.7,2,16,0.8,4,6,0.3,1,8,0.4,1,18,0.9,4,12,0.6,3
S04849,Comparing Fractions,1,12,0.6,3,4,0.2,0,12,0.6,3,12,0.6,2,16,0.8,4,16,0.8,4,16,0.8,4,16,0.8,4
S05105,Simplifying Fractions,6,10,0.5,2,4,0.2,1,16,0.8,4,18,0.9,4,4,0.2,1,12,0.6,3,4,0.2,1,16,0.8,4
S02151,Subtraction,7,6,0.3,1,8,0.4,2,12,0.6,2,16,0.8,4,14,0.7,3,12,0.6,3,8,0.4,2,6,0.3,1
S02903,Addition,0,12,0.6,3,14,0.7,3,14,0.7,3,12,0.6,3,14,0.7,3,14,0.7,2,16,0.8,4,16,0.8,3
S02367,Simplifying Fractions,6,16,0.8,4,16,0.8,4,12,0.6,2,14,0.7,3,20,1.0,5,16,0.8,4,10,0.5,2,16,0.8,4
S05201,Simplifying Fractions,6,4,0.2,1,0,0.0,0,4,0.2,1,14,0.7,3,8,0.4,2,4,0.2,1,0,0.0,0,8,0.4,2
S00393,Subtraction,7,8,0.4,2,16,0.8,3,16,0.8,4,8,0.4,2,16,0.8,4,20,1.0,5,14,0.7,2,6,0.3,1
S05396,Multiplication,4,12,0.6,3,6,0.3,1,8,0.4,2,10,0.5,2,0,0.0,0,14,0.7,3,10,0.5,2,8,0.4,2
S00193,Subtraction,7,16,0.8,4,20,1.0,5,12,0.6,3,14,0.7,3,20,1.0,5,20,1.0,5,20,1.0,5,8,0.4,2
S02145,Simplifying Fractions,6,10,0.5,2,10,0.5,2,10,0.5,2,8,0.4,1,18,0.9,4,10,0.5,2,4,0.2,1,14,0.7,3
S01512,Comparing Fractions,1,18,0.9,4,10,0.5,2,14,0.7,3,14,0.7,3,12,0.6,2,10,0.5,2,12,0.6,3,14,0.7,3
S01828,Division,2,14,0.7,3,16,0.8,4,6,0.3,1,20,1.0,5,14,0.7,3,8,0.4,1,16,0.8,3,10,0.5,2
S06362,Multiplication,4,4,0.2,1,12,0.6,3,8,0.4,2,12,0.6,3,4,0.2,1,4,0.2,1,4,0.2,1,16,0.8,4
S04995,Simplifying Fractions,6,12,0.6,2,12,0.6,3,16,0.8,4,14,0.7,3,12,0.6,3,16,0.8,4,6,0.3,1,20,1.0,5
S01293,Multiplication,4,14,0.7,3,8,0.4,1,10,0.5,2,8,0.4,2,4,0.2,1,16,0.8,4,14,0.7,3,16,0.8,3
S03784,Division,2,8,0.4,1,8,0.4,2,0,0.0,0,8,0.4,1,8,0.4,2,6,0.3,1,12,0.6,3,4,0.2,0
S04270,Multiplication,4,12,0.6,2,18,0.9,4,10,0.5,2,12,0.6,3,6,0.3,0,16,0.8,4,14,0.7,3,10,0.5,2
S01001,Multiplication,4,10,0.5,2,8,0.4,1,14,0.7,3,8,0.4,1,4,0.2,0,10,0.5,2,12,0.6,3,12,0.6,3
S05499,Fraction to Decimal,3,20,1.0,5,10,0.5,2,16,0.8,4,2,0.1,0,8,0.4,2,12,0.6,3,12,0.6,3,4,0.2,1
S03262,Fraction to Decimal,3,18,0.9,4,12,0.6,3,18,0.9,4,6,0.3,1,18,0.9,4,14,0.7,3,18,0.9,4,14,0.7,3
S03490,Ordering Fractions,5,10,0.5,2,4,0.2,1,8,0.4,2,6,0.3,1,14,0.7,3,2,0.1,0,12,0.6,2,14,0.7,3
S01879,Fraction to Decimal,3,20,1.0,5,12,0.6,3,18,0.9,4,10,0.5,2,14,0.7,3,12,0.6,3,12,0.6,3,16,0.8,4
S03967,Ordering Fractions,5,14,0.7,3,10,0.5,2,12,0.6,3,6,0.3,1,8,0.4,1,4,0.2,1,16,0.8,4,16,0.8,4
S04283,Ordering Fractions,5,8,0.4,2,12,0.6,3,14,0.7,2,14,0.7,3,10,0.5,2,4,0.2,0,16,0.8,4,8,0.4,2
S05440,Division,2,20,1.0,5,16,0.8,4,8,0.4,2,10,0.5,2,20,1.0,5,14,0.7,3,10,0.5,2,10,0.5,2
S04870,Simplifying Fractions,6,20,1.0,5,8,0.4,2,10,0.5,2,12,0.6,3,16,0.8,4,6,0.3,1,6,0.3,1,14,0.7,3
S06123,Subtraction,7,16,0.8,4,12,0.6,3,4,0.2,1,8,0.4,2,8,0.4,2,8,0.4,2,12,0.6,3,4,0.2,1
S01408,Subtraction,7,8,0.4,2,14,0.7,3,14,0.7,3,16,0.8,4,12,0.6,3,12,0.6,3,14,0.7,3,8,0.4,2
S03316,Fraction to Decimal,3,14,0.7,3,12,0.6,1,12,0.6,2,8,0.4,2,18,0.9,4,10,0.5,2,14,0.7,3,10,0.5,1
S03206,Fraction to Decimal,3,12,0.6,3,12,0.6,2,12,0.6,3,4,0.2,1,14,0.7,3,8,0.4,1,12,0.6,3,4,0.2,0
S05796,Ordering Fractions,5,16,0.8,4,12,0.6,3,20,1.0,5,12,0.6,3,4,0.2,1,4,0.2,1,8,0.4,2,4,0.2,1
S02386,Division,2,16,0.8,3,8,0.4,2,6,0.3,1,10,0.5,2,14,0.7,3,10,0.5,2,8,0.4,1,6,0.3,1
S05308,Division,2,12,0.6,3,20,1.0,5,0,0.0,0,12,0.6,3,4,0.2,1,8,0.4,2,14,0.7,3,14,0.7,3
S05891,Subtraction,7,8,0.4,2,20,1.0,5,16,0.8,4,8,0.4,2,12,0.6,3,16,0.8,4,8,0.4,2,4,0.2,1
S01944,Fraction to Decimal,3,6,0.3,1,6,0.3,1,14,0.7,3,2,0.1,0,14,0.7,3,10,0.5,2,14,0.7,3,14,0.7,3
S02060,Fraction to Decimal,3,14,0.7,3,14,0.7,3,14,0.7,3,10,0.5,2,16,0.8,4,12,0.6,3,12,0.6,2,20,1.0,5
S00867,Subtraction,7,16,0.8,4,16,0.8,4,14,0.7,2,12,0.6,2,14,0.7,3,14,0.7,3,12,0.6,2,8,0.4,1
S04128,Fraction to Decimal,3,10,0.5,2,12,0.6,2,16,0.8,4,4,0.2,0,14,0.7,3,12,0.6,3,10,0.5,2,12,0.6,3
S00996,Subtraction,7,18,0.9,4,20,1.0,5,16,0.8,4,16,0.8,3,18,0.9,4,16,0.8,4,18,0.9,4,8,0.4,1
S01680,Ordering Fractions,5,16,0.8,4,16,0.8,4,14,0.7,3,10,0.5,2,16,0.8,4,10,0.5,2,14,0.7,3,16,0.8,4
S01830,Comparing Fractions,1,12,0.6,3,4,0.2,1,8,0.4,2,6,0.3,1,10,0.5,1,16,0.8,3,6,0.3,1,10,0.5,2
S06295,Simplifying Fractions,6,8,0.4,2,20,1.0,5,16,0.8,4,8,0.4,2,16,0.8,4,8,0.4,2,4,0.2,1,8,0.4,2
S05032,Comparing Fractions,1,10,0.5,2,0,0.0,0,8,0.4,2,8,0.4,2,12,0.6,3,6,0.3,1,8,0.4,2,4,0.2,1
S04556,Comparing Fractions,1,10,0.5,2,4,0.2,1,12,0.6,3,6,0.3,1,12,0.6,2,10,0.5,2,12,0.6,3,4,0.2,1
S00706,Multiplication,4,16,0.8,3,18,0.9,4,14,0.7,3,12,0.6,2,2,0.1,0,4,0.2,1,10,0.5,2,12,0.6,3
S03574,Division,2,16,0.8,4,10,0.5,1,8,0.4,1,16,0.8,4,10,0.5,2,12,0.6,2,14,0.7,2,8,0.4,1
S00506,Ordering Fractions,5,12,0.6,3,10,0.5,2,14,0.7,3,8,0.4,1,16,0.8,4,4,0.2,1,10,0.5,2,16,0.8,4
S05416,Addition,0,6,0.3,1,12,0.6,3,8,0.4,2,8,0.4,2,20,1.0,5,20,1.0,5,12,0.6,3,12,0.6,3
S00662,Addition,0,10,0.5,1,16,0.8,4,16,0.8,4,16,0.8,4,16,0.8,4,14,0.7,3,16,0.8,4,12,0.6,3
S04266,Comparing Fractions,1,16,0.8,4,8,0.4,2,10,0.5,2,12,0.6,2,18,0.9,4,10,0.5,2,10,0.5,2,16,0.8,4
S06281,Simplifying Fractions,6,4,0.2,1,12,0.6,3,12,0.6,3,8,0.4,2,20,1.0,5,8,0.4,2,0,0.0,0,16,0.8,4
S00206,Comparing Fractions,1,12,0.6,3,2,0.1,0,4,0.2,1,8,0.4,2,20,1.0,5,16,0.8,3,14,0.7,3,10,0.5,1
S00057,Division,2,16,0.8,4,12,0.6,3,8,0.4,1,12,0.6,3,16,0.8,4,12,0.6,2,16,0.8,3,14,0.7,3
S02076,Fraction to Decimal,3,18,0.9,4,4,0.2,0,6,0.3,1,4,0.2,0,14,0.7,3,4,0.2,0,6,0.3,1,12,0.6,3
S04921,Addition,0,6,0.3,1,18,0.9,4,10,0.5,2,14,0.7,3,8,0.4,1,14,0.7,3,8,0.4,2,14,0.7,3
S01361,Comparing Fractions,1,8,0.4,2,4,0.2,1,6,0.3,1,8,0.4,1,14,0.7,3,10,0.5,2,12,0.6,3,10,0.5,2
S01503,Ordering Fractions,5,14,0.7,3,14,0.7,3,16,0.8,4,10,0.5,1,10,0.5,1,10,0.5,2,12,0.6,3,16,0.8,4
S02328,Comparing Fractions,1,6,0.3,1,6,0.3,1,10,0.5,2,6,0.3,1,12,0.6,3,6,0.3,1,12,0.6,3,12,0.6,3
S01672,Subtraction,7,18,0.9,4,14,0.7,3,12,0.6,3,14,0.7,3,10,0.5,2,14,0.7,3,14,0.7,3,4,0.2,0
S04191,Simplifying Fractions,6,14,0.7,3,16,0.8,4,12,0.6,3,8,0.4,2,10,0.5,2,8,0.4,1,0,0.0,0,10,0.5,2
S06194,Division,2,16,0.8,4,12,0.6,3,4,0.2,1,12,0.6,3,8,0.4,2,8,0.4,2,12,0.6,3,8,0.4,2
S02134,Simplifying Fractions,6,8,0.4,2,12,0.6,2,10,0.5,2,8,0.4,2,8,0.4,1,6,0.3,1,6,0.3,1,12,0.6,2
S03367,Division,2,4,0.2,1,16,0.8,4,0,0.0,0,10,0.5,1,10,0.5,1,10,0.5,2,8,0.4,2,10,0.5,1
S04669,Addition,0,0,0.0,0,12,0.6,1,8,0.4,1,10,0.5,2,16,0.8,4,8,0.4,1,6,0.3,1,12,0.6,3
S03938,Division,2,16,0.8,4,12,0.6,3,2,0.1,0,16,0.8,4,16,0.8,4,10,0.5,1,8,0.4,2,10,0.5,2
S00623,Simplifying Fractions,6,10,0.5,2,12,0.6,2,18,0.9,4,10,0.5,2,12,0.6,2,10,0.5,2,8,0.4,2,10,0.5,2
S03060,Addition,0,4,0.2,1,6,0.3,1,10,0.5,1,8,0.4,1,12,0.6,3,8,0.4,1,12,0.6,2,14,0.7,3
S04534,Division,2,12,0.6,3,14,0.7,3,6,0.3,1,12,0.6,3,8,0.4,2,10,0.5,1,20,1.0,5,10,0.5,2
S02878,Multiplication,4,12,0.6,3,18,0.9,4,18,0.9,4,10,0.5,1,8,0.4,2,10,0.5,2,12,0.6,3,12,0.6,3
S02874,Ordering Fractions,5,12,0.6,3,16,0.8,4,16,0.8,3,12,0.6,2,10,0.5,2,8,0.4,2,10,0.5,1,18,0.9,4
S04259,Subtraction,7,8,0.4,1,12,0.6,3,16,0.8,3,12,0.6,2,14,0.7,3,10,0.5,2,8,0.4,1,0,0.0,0
S00223,Simplifying Fractions,6,12,0.6,2,12,0.6,3,12,0.6,3,14,0.7,3,10,0.5,2,14,0.7,3,10,0.5,2,12,0.6,3
S05129,Multiplication,4,8,0.4,2,18,0.9,4,4,0.2,1,20,1.0,5,0,0.0,0,12,0.6,3,18,0.9,4,18,0.9,4
S04820,Subtraction,7,10,0.5,2,8,0.4,2,18,0.9,4,10,0.5,2,16,0.8,4,10,0.5,2,16,0.8,4,8,0.4,2
S00688,Simplifying Fractions,6,8,0.4,2,16,0.8,4,14,0.7,3,14,0.7,3,14,0.7,3,16,0.8,3,6,0.3,0,12,0.6,3
S04481,Division,2,12,0.6,3,6,0.3,1,4,0.2,1,14,0.7,3,16,0.8,4,16,0.8,3,12,0.6,2,6,0.3,1
S04261,Division,2,16,0.8,3,12,0.6,3,6,0.3,1,6,0.3,1,6,0.3,1,8,0.4,0,16,0.8,4,10,0.5,2
S03748,Division,2,6,0.3,1,8,0.4,2,2,0.1,0,14,0.7,3,4,0.2,0,18,0.9,4,14,0.7,3,4,0.2,1
S01996,Fraction to Decimal,3,8,0.4,1,16,0.8,4,20,1.0,5,6,0.3,1,12,0.6,3,12,0.6,3,10,0.5,1,20,1.0,5
S02408,Addition,0,8,0.4,2,12,0.6,2,12,0.6,3,10,0.5,2,10,0.5,1,14,0.7,3,14,0.7,3,16,0.8,3
S03100,Simplifying Fractions,6,12,0.6,3,4,0.2,1,16,0.8,4,10,0.5,2,16,0.8,4,8,0.4,1,4,0.2,0,16,0.8,4
S02280,Ordering Fractions,5,12,0.6,3,16,0.8,4,14,0.7,3,14,0.7,3,20,1.0,5,10,0.5,2,16,0.8,4,16,0.8,4
S01984,Fraction to Decimal,3,12,0.6,2,12,0.6,3,12,0.6,3,8,0.4,1,14,0.7,3,12,0.6,3,18,0.9,4,16,0.8,4
S06330,Comparing Fractions,1,12,0.6,3,8,0.4,2,8,0.4,2,12,0.6,3,12,0.6,3,12,0.6,3,12,0.6,3,12,0.6,3
S05759,Simplifying Fractions,6,8,0.4,2,8,0.4,2,12,0.6,3,10,0.5,2,14,0.7,3,12,0.6,3,8,0.4,2,18,0.9,4
S02314,Comparing Fractions,1,4,0.2,1,2,0.1,0,6,0.3,1,10,0.5,1,14,0.7,3,14,0.7,3,4,0.2,1,8,0.4,2
S04159,Addition,0,10,0.5,2,16,0.8,4,14,0.7,3,14,0.7,3,16,0.8,4,18,0.9,4,12,0.6,3,10,0.5,2
S00942,Addition,0,4,0.2,1,12,0.6,2,10,0.5,2,12,0.6,3,10,0.5,2,4,0.2,1,8,0.4,1,8,0.4,1
S05080,Simplifying Fractions,6,12,0.6,3,16,0.8,4,12,0.6,3,8,0.4,2,16,0.8,4,8,0.4,2,4,0.2,1,8,0.4,2
S02759,Ordering Fractions,5,14,0.7,3,8,0.4,2,12,0.6,3,8,0.4,1,10,0.5,2,6,0.3,1,16,0.8,4,20,1.0,5
S00359,Fraction to Decimal,3,10,0.5,1,12,0.6,3,10,0.5,0,8,0.4,1,8,0.4,2,12,0.6,2,10,0.5,2,12,0.6,2
S03187,Comparing Fractions,1,10,0.5,2,4,0.2,0,8,0.4,1,8,0.4,1,8,0.4,1,16,0.8,4,10,0.5,2,12,0.6,3
S05387,Multiplication,4,16,0.8,4,4,0.2,1,10,0.5,2,12,0.6,3,0,0.0,0,12,0.6,3,12,0.6,3,2,0.1,0
S00210,Multiplication,4,16,0.8,4,16,0.8,4,16,0.8,3,10,0.5,2,8,0.4,2,14,0.7,2,14,0.7,3,16,0.8,4
S04757,Ordering Fractions,5,14,0.7,3,16,0.8,4,16,0.8,4,10,0.5,2,16,0.8,4,10,0.5,2,16,0.8,4,16,0.8,3
S06161,Division,2,16,0.8,4,16,0.8,4,0,0.0,0,20,1.0,5,4,0.2,1,16,0.8,4,16,0.8,4,12,0.6,3
S06322,Division,2,8,0.4,2,12,0.6,3,4,0.2,1,8,0.4,2,16,0.8,4,16,0.8,4,4,0.2,1,8,0.4,2
S04992,Fraction to Decimal,3,14,0.7,3,12,0.6,2,14,0.7,3,2,0.1,0,12,0.6,3,6,0.3,1,14,0.7,3,12,0.6,2
S00520,Comparing Fractions,1,8,0.4,2,8,0.4,2,16,0.8,4,14,0.7,3,14,0.7,3,20,1.0,5,18,0.9,4,14,0.7,3
S00190,Subtraction,7,12,0.6,3,6,0.3,1,10,0.5,2,8,0.4,1,16,0.8,4,8,0.4,1,12,0.6,3,4,0.2,1
S03255,Division,2,10,0.5,2,4,0.2,0,4,0.2,1,6,0.3,1,16,0.8,4,18,0.9,4,12,0.6,3,10,0.5,2
S06034,Multiplication,4,12,0.6,3,8,0.4,2,16,0.8,4,8,0.4,2,4,0.2,1,8,0.4,2,8,0.4,2,16,0.8,4
S03571,Ordering Fractions,5,18,0.9,4,14,0.7,3,8,0.4,2,10,0.5,1,8,0.4,1,4,0.2,0,12,0.6,3,18,0.9,4
S05011,Subtraction,7,12,0.6,3,16,0.8,4,16,0.8,4,18,0.9,4,14,0.7,3,16,0.8,4,12,0.6,3,6,0.3,1
S00939,Addition,0,10,0.5,2,18,0.9,4,14,0.7,3,12,0.6,3,12,0.6,2,12,0.6,3,10,0.5,2,16,0.8,4
S02362,Division,2,18,0.9,4,16,0.8,4,4,0.2,1,10,0.5,2,14,0.7,3,14,0.7,3,14,0.7,3,8,0.4,2
S05449,Fraction to Decimal,3,8,0.4,2,4,0.2,1,12,0.6,3,2,0.1,0,16,0.8,4,14,0.7,3,4,0.2,1,16,0.8,4
S06278,Fraction to Decimal,3,8,0.4,2,8,0.4,2,4,0.2,1,4,0.2,1,8,0.4,2,4,0.2,1,4,0.2,1,16,0.8,4
S02688,Multiplication,4,8,0.4,1,10,0.5,1,14,0.7,3,6,0.3,1,6,0.3,1,14,0.7,3,8,0.4,2,12,0.6,3
S04312,Multiplication,4,16,0.8,4,20,1.0,5,16,0.8,4,12,0.6,3,4,0.2,0,8,0.4,2,20,1.0,5,10,0.5,2
S04758,Simplifying Fractions,6,10,0.5,2,14,0.7,3,12,0.6,2,10,0.5,2,16,0.8,3,12,0.6,3,4,0.2,1,12,0.6,3
S06218,Simplifying Fractions,6,12,0.6,3,4,0.2,1,8,0.4,2,12,0.6,3,16,0.8,4,12,0.6,3,4,0.2,1,8,0.4,2
S04623,Comparing Fractions,1,4,0.2,0,2,0.1,0,12,0.6,2,10,0.5,2,12,0.6,3,10,0.5,2,16,0.8,4,8,0.4,1
S00917,Subtraction,7,10,0.5,2,16,0.8,4,14,0.7,2,10,0.5,2,14,0.7,3,16,0.8,4,16,0.8,4,8,0.4,2
S03058,Ordering Fractions,5,16,0.8,4,4,0.2,1,16,0.8,4,10,0.5,2,16,0.8,4,4,0.2,0,4,0.2,0,12,0.6,2
S00535,Ordering Fractions,5,12,0.6,3,18,0.9,4,12,0.6,3,10,0.5,2,16,0.8,3,10,0.5,2,16,0.8,4,12,0.6,3
S06197,Division,2,12,0.6,3,4,0.2,1,0,0.0,0,4,0.2,1,12,0.6,3,8,0.4,2,4,0.2,1,4,0.2,1
S01011,Subtraction,7,14,0.7,3,16,0.8,4,12,0.6,3,12,0.6,3,12,0.6,3,8,0.4,2,4,0.2,1,2,0.1,0
S05726,Comparing Fractions,1,12,0.6,3,0,0.0,0,20,1.0,5,8,0.4,2,20,1.0,5,20,1.0,5,16,0.8,4,10,0.5,2
S01636,Simplifying Fractions,6,20,1.0,5,14,0.7,2,10,0.5,2,12,0.6,3,10,0.5,2,14,0.7,3,8,0.4,2,14,0.7,3
S01903,Division,2,8,0.4,2,16,0.8,4,8,0.4,2,10,0.5,2,12,0.6,2,10,0.5,2,16,0.8,4,12,0.6,2
S03763,Division,2,10,0.5,2,20,1.0,5,6,0.3,1,12,0.6,3,12,0.6,3,12,0.6,2,16,0.8,3,14,0.7,3
S00257,Comparing Fractions,1,14,0.7,2,8,0.4,2,16,0.8,4,14,0.7,2,18,0.9,4,10,0.5,1,14,0.7,3,18,0.9,4
S00691,Multiplication,4,12,0.6,2,16,0.8,3,12,0.6,3,10,0.5,2,4,0.2,1,6,0.3,1,12,0.6,3,8,0.4,1
S06302,Simplifying Fractions,6,20,1.0,5,4,0.2,1,4,0.2,1,16,0.8,4,8,0.4,2,8,0.4,2,0,0.0,0,12,0.6,3
S05078,Fraction to Decimal,3,12,0.6,3,8,0.4,2,8,0.4,2,4,0.2,1,12,0.6,3,10,0.5,2,4,0.2,1,4,0.2,1
S00380,Fraction to Decimal,3,16,0.8,4,10,0.5,2,12,0.6,3,4,0.2,1,16,0.8,4,8,0.4,2,12,0.6,2,6,0.3,0
S01679,Comparing Fractions,1,12,0.6,3,4,0.2,0,10,0.5,2,6,0.3,1,10,0.5,2,6,0.3,1,10,0.5,2,6,0.3,1
S02546,Simplifying Fractions,6,14,0.7,3,18,0.9,4,18,0.9,4,10,0.5,2,10,0.5,2,10,0.5,2,6,0.3,1,10,0.5,2
S06357,Simplifying Fractions,6,12,0.6,3,8,0.4,2,20,1.0,5,4,0.2,1,20,1.0,5,16,0.8,4,0,0.0,0,12,0.6,3
S01549,Division,2,20,1.0,5,10,0.5,2,4,0.2,0,10,0.5,2,6,0.3,1,16,0.8,4,14,0.7,3,18,0.9,4
S00997,Ordering Fractions,5,14,0.7,3,14,0.7,3,16,0.8,3,14,0.7,3,12,0.6,3,8,0.4,2,14,0.7,3,14,0.7,3
S04267,Division,2,10,0.5,1,6,0.3,0,4,0.2,0,12,0.6,2,14,0.7,3,20,1.0,5,14,0.7,3,18,0.9,4
S02160,Comparing Fractions,1,6,0.3,1,6,0.3,1,8,0.4,1,12,0.6,2,8,0.4,1,8,0.4,1,8,0.4,0,20,1.0,5
S00653,Ordering Fractions,5,14,0.7,2,14,0.7,3,10,0.5,1,6,0.3,1,8,0.4,2,4,0.2,1,20,1.0,5,10,0.5,2
S01201,Simplifying Fractions,6,10,0.5,2,10,0.5,2,16,0.8,4,10,0.5,2,12,0.6,2,12,0.6,2,8,0.4,1,16,0.8,3
S02502,Ordering Fractions,5,8,0.4,1,10,0.5,1,14,0.7,2,10,0.5,2,12,0.6,2,6,0.3,1,8,0.4,1,10,0.5,2
S00403,Fraction to Decimal,3,6,0.3,1,14,0.7,3,12,0.6,2,2,0.1,0,20,1.0,5,10,0.5,2,10,0.5,2,8,0.4,2
S03194,Simplifying Fractions,6,10,0.5,2,10,0.5,2,10,0.5,2,6,0.3,1,6,0.3,1,8,0.4,2,2,0.1,0,20,1.0,5
S01391,Subtraction,7,14,0.7,3,16,0.8,4,12,0.6,3,18,0.9,4,8,0.4,2,16,0.8,4,16,0.8,4,4,0.2,1
S03308,Fraction to Decimal,3,4,0.2,1,14,0.7,2,12,0.6,3,4,0.2,1,10,0.5,2,6,0.3,1,10,0.5,2,14,0.7,3
S03626,Ordering Fractions,5,14,0.7,3,12,0.6,2,18,0.9,4,12,0.6,3,16,0.8,4,6,0.3,1,8,0.4,1,16,0.8,3
S04398,Comparing Fractions,1,20,1.0,5,0,0.0,0,12,0.6,2,12,0.6,2,14,0.7,3,14,0.7,3,12,0.6,2,4,0.2,1
S04611,Ordering Fractions,5,14,0.7,3,12,0.6,3,14,0.7,3,12,0.6,2,10,0.5,2,6,0.3,1,8,0.4,1,16,0.8,3
S05996,Ordering Fractions,5,12,0.6,3,12,0.6,3,10,0.5,2,16,0.8,4,16,0.8,4,4,0.2,1,20,1.0,5,12,0.6,3
S04956,Addition,0,6,0.3,1,16,0.8,3,16,0.8,4,14,0.7,3,16,0.8,4,10,0.5,1,16,0.8,4,14,0.7,3
S02795,Multiplication,4,8,0.4,1,16,0.8,4,14,0.7,3,14,0.7,3,0,0.0,0,12,0.6,3,8,0.4,2,18,0.9,4
S03045,Subtraction,7,14,0.7,3,8,0.4,2,12,0.6,2,6,0.3,1,16,0.8,4,12,0.6,3,16,0.8,4,4,0.2,0
S03249,Multiplication,4,14,0.7,2,16,0.8,4,18,0.9,4,6,0.3,1,4,0.2,0,10,0.5,2,16,0.8,4,14,0.7,3
S00326,Comparing Fractions,1,14,0.7,3,6,0.3,1,8,0.4,1,8,0.4,1,10,0.5,2,12,0.6,2,16,0.8,4,18,0.9,4
S06346,Addition,0,0,0.0,0,8,0.4,2,12,0.6,3,8,0.4,2,8,0.4,2,8,0.4,2,0,0.0,0,16,0.8,4
S05038,Addition,0,0,0.0,0,8,0.4,2,16,0.8,4,10,0.5,2,8,0.4,2,8,0.4,2,12,0.6,3,4,0.2,1
S04016,Subtraction,7,20,1.0,5,16,0.8,4,12,0.6,3,18,0.9,4,16,0.8,3,16,0.8,4,12,0.6,3,10,0.5,2
S06365,Addition,0,8,0.4,2,8,0.4,2,16,0.8,4,20,1.0,5,16,0.8,4,8,0.4,2,8,0.4,2,12,0.6,3
S06339,Simplifying Fractions,6,12,0.6,3,12,0.6,3,16,0.8,4,20,1.0,5,8,0.4,2,12,0.6,3,0,0.0,0,8,0.4,2
S00566,Fraction to Decimal,3,12,0.6,3,16,0.8,4,14,0.7,3,6,0.3,1,12,0.6,2,10,0.5,2,8,0.4,2,12,0.6,3
S02175,Simplifying Fractions,6,14,0.7,3,10,0.5,2,8,0.4,2,14,0.7,3,8,0.4,1,8,0.4,2,6,0.3,0,6,0.3,1
S03066,Comparing Fractions,1,8,0.4,2,4,0.2,1,6,0.3,1,12,0.6,3,14,0.7,3,14,0.7,2,12,0.6,1,12,0.6,3
S05276,Ordering Fractions,5,8,0.4,2,8,0.4,2,10,0.5,2,16,0.8,4,8,0.4,2,0,0.0,0,8,0.4,2,4,0.2,1
S01540,Fraction to Decimal,3,14,0.7,3,6,0.3,1,8,0.4,1,2,0.1,0,10,0.5,2,18,0.9,4,18,0.9,4,4,0.2,1
S04715,Multiplication,4,12,0.6,2,8,0.4,2,14,0.7,2,4,0.2,0,4,0.2,1,8,0.4,2,6,0.3,1,16,0.8,4
S02955,Subtraction,7,6,0.3,1,12,0.6,3,14,0.7,2,14,0.7,3,8,0.4,1,18,0.9,4,16,0.8,3,4,0.2,0
S00928,Addition,0,2,0.1,0,6,0.3,1,6,0.3,0,6,0.3,1,14,0.7,3,6,0.3,1,18,0.9,4,18,0.9,4
S01744,Simplifying Fractions,6,16,0.8,4,14,0.7,3,12,0.6,3,12,0.6,3,18,0.9,4,14,0.7,3,4,0.2,1,12,0.6,3
S02551,Ordering Fractions,5,16,0.8,4,16,0.8,4,10,0.5,1,6,0.3,0,14,0.7,3,4,0.2,0,6,0.3,1,12,0.6,3
S05931,Multiplication,4,16,0.8,4,0,0.0,0,16,0.8,4,8,0.4,2,0,0.0,0,8,0.4,2,10,0.5,2,18,0.9,4
S00922,Addition,0,4,0.2,1,4,0.2,1,6,0.3,1,16,0.8,4,12,0.6,2,12,0.6,2,18,0.9,4,10,0.5,2
S03811,Fraction to Decimal,3,6,0.3,1,12,0.6,3,12,0.6,2,6,0.3,1,18,0.9,4,8,0.4,1,8,0.4,0,8,0.4,1
S04893,Division,2,20,1.0,5,12,0.6,2,4,0.2,1,10,0.5,2,12,0.6,2,10,0.5,2,10,0.5,2,16,0.8,4
S00361,Division,2,18,0.9,4,8,0.4,2,4,0.2,1,12,0.6,3,20,1.0,5,12,0.6,3,12,0.6,2,18,0.9,4
S00409,Ordering Fractions,5,6,0.3,1,16,0.8,4,14,0.7,2,12,0.6,3,16,0.8,3,6,0.3,1,10,0.5,2,10,0.5,2
S02529,Addition,0,2,0.1,0,12,0.6,2,4,0.2,1,10,0.5,2,16,0.8,4,6,0.3,0,8,0.4,1,10,0.5,2
S06022,Comparing Fractions,1,8,0.4,2,0,0.0,0,12,0.6,3,8,0.4,2,8,0.4,2,12,0.6,3,20,1.0,5,20,1.0,5
S02478,Comparing Fractions,1,6,0.3,1,4,0.2,1,12,0.6,3,8,0.4,1,12,0.6,3,18,0.9,4,12,0.6,3,16,0.8,4
S05326,Addition,0,0,0.0,0,16,0.8,4,0,0.0,0,0,0.0,0,6,0.3,1,12,0.6,3,8,0.4,2,8,0.4,2
S02660,Addition,0,6,0.3,1,12,0.6,3,18,0.9,4,8,0.4,1,14,0.7,3,14,0.7,3,12,0.6,3,6,0.3,1
S00649,Addition,0,6,0.3,1,18,0.9,4,12,0.6,3,12,0.6,3,18,0.9,4,18,0.9,4,12,0.6,3,14,0.7,3
S00978,Fraction to Decimal,3,8,0.4,2,12,0.6,3,16,0.8,4,2,0.1,0,14,0.7,3,20,1.0,5,10,0.5,2,6,0.3,1
S04663,Comparing Fractions,1,16,0.8,4,4,0.2,1,14,0.7,3,18,0.9,4,16,0.8,4,8,0.4,1,12,0.6,2,10,0.5,2
S06390,Simplifying Fractions,6,12,0.6,3,16,0.8,4,12,0.6,3,8,0.4,2,4,0.2,1,12,0.6,3,0,0.0,0,12,0.6,3
S01942,Comparing Fractions,1,10,0.5,2,8,0.4,2,16,0.8,3,12,0.6,2,12,0.6,2,12,0.6,3,8,0.4,2,16,0.8,3
S02887,Simplifying Fractions,6,12,0.6,3,10,0.5,2,14,0.7,3,8,0.4,1,8,0.4,1,10,0.5,2,6,0.3,1,18,0.9,4
S05037,Fraction to Decimal,3,12,0.6,3,12,0.6,3,8,0.4,2,8,0.4,2,16,0.8,4,16,0.8,4,8,0.4,2,20,1.0,5
S01619,Subtraction,7,10,0.5,2,14,0.7,3,8,0.4,1,6,0.3,1,18,0.9,4,16,0.8,4,14,0.7,3,4,0.2,0
S05272,Ordering Fractions,5,8,0.4,2,14,0.7,3,6,0.3,1,12,0.6,3,8,0.4,2,2,0.1,0,8,0.4,2,10,0.5,2
S00574,Division,2,8,0.4,2,18,0.9,4,4,0.2,1,12,0.6,2,8,0.4,2,12,0.6,2,10,0.5,2,10,0.5,2
S02279,Simplifying Fractions,6,12,0.6,3,10,0.5,2,10,0.5,2,8,0.4,1,12,0.6,2,10,0.5,2,6,0.3,1,16,0.8,4
S05446,Division,2,10,0.5,2,12,0.6,3,4,0.2,1,4,0.2,1,4,0.2,1,8,0.4,2,14,0.7,3,20,1.0,5
S02969,Comparing Fractions,1,8,0.4,1,4,0.2,1,14,0.7,3,12,0.6,2,20,1.0,5,8,0.4,2,10,0.5,2,12,0.6,3
S06309,Addition,0,4,0.2,1,12,0.6,3,16,0.8,4,4,0.2,1,4,0.2,1,12,0.6,3,4,0.2,1,12,0.6,3
S05049,Multiplication,4,8,0.4,2,6,0.3,1,14,0.7,3,10,0.5,2,0,0.0,0,4,0.2,1,14,0.7,3,0,0.0,0
S03491,Addition,0,8,0.4,2,12,0.6,1,16,0.8,4,8,0.4,1,16,0.8,4,18,0.9,4,20,1.0,5,18,0.9,4
S02299,Ordering Fractions,5,10,0.5,1,18,0.9,4,14,0.7,2,16,0.8,3,18,0.9,4,10,0.5,2,14,0.7,3,10,0.5,2
S04131,Comparing Fractions,1,12,0.6,3,10,0.5,2,14,0.7,3,12,0.6,2,10,0.5,2,14,0.7,3,12,0.6,2,12,0.6,2
S02172,Addition,0,2,0.1,0,12,0.6,2,10,0.5,2,12,0.6,2,10,0.5,2,8,0.4,2,4,0.2,1,10,0.5,2
S04222,Simplifying Fractions,6,16,0.8,3,16,0.8,4,8,0.4,2,10,0.5,2,20,1.0,5,12,0.6,2,8,0.4,2,18,0.9,4
S05175,Multiplication,4,8,0.4,2,8,0.4,2,12,0.6,3,16,0.8,4,8,0.4,2,8,0.4,2,8,0.4,2,12,0.6,3
S05622,Comparing Fractions,1,20,1.0,5,0,0.0,0,8,0.4,2,8,0.4,2,12,0.6,3,16,0.8,4,12,0.6,3,12,0.6,3
S03860,Division,2,8,0.4,1,12,0.6,2,2,0.1,0,10,0.5,2,12,0.6,3,8,0.4,2,6,0.3,1,10,0.5,2
S05767,Subtraction,7,12,0.6,3,8,0.4,2,12,0.6,3,2,0.1,0,4,0.2,1,8,0.4,2,16,0.8,4,0,0.0,0
S00075,Addition,0,4,0.2,0,8,0.4,2,8,0.4,1,12,0.6,2,14,0.7,3,12,0.6,3,14,0.7,3,16,0.8,3
S00296,Ordering Fractions,5,10,0.5,2,12,0.6,3,10,0.5,2,12,0.6,2,12,0.6,2,2,0.1,0,14,0.7,3,10,0.5,2
S05361,Multiplication,4,4,0.2,1,6,0.3,1,14,0.7,3,4,0.2,1,4,0.2,1,18,0.9,4,12,0.6,3,8,0.4,2
S05879,Ordering Fractions,5,12,0.6,3,20,1.0,5,20,1.0,5,14,0.7,3,14,0.7,3,4,0.2,1,18,0.9,4,8,0.4,2
S00619,Comparing Fractions,1,8,0.4,2,8,0.4,2,14,0.7,3,16,0.8,3,12,0.6,3,10,0.5,2,18,0.9,4,14,0.7,3
S03677,Multiplication,4,16,0.8,3,14,0.7,3,10,0.5,2,6,0.3,0,4,0.2,1,12,0.6,3,8,0.4,2,8,0.4,2
S02570,Division,2,14,0.7,3,12,0.6,2,6,0.3,1,14,0.7,3,6,0.3,0,18,0.9,4,16,0.8,3,16,0.8,4
S05858,Multiplication,4,12,0.6,3,14,0.7,3,8,0.4,2,8,0.4,2,4,0.2,1,8,0.4,2,12,0.6,3,12,0.6,3
S01368,Addition,0,4,0.2,1,16,0.8,4,12,0.6,3,14,0.7,3,20,1.0,5,8,0.4,2,10,0.5,1,18,0.9,4
S02537,Addition,0,4,0.2,1,14,0.7,3,12,0.6,2,18,0.9,4,20,1.0,5,6,0.3,1,16,0.8,4,12,0.6,1
S00840,Subtraction,7,14,0.7,3,20,1.0,5,20,1.0,5,12,0.6,3,12,0.6,3,16,0.8,3,12,0.6,3,10,0.5,2
S00450,Addition,0,6,0.3,1,10,0.5,1,20,1.0,5,14,0.7,3,10,0.5,2,16,0.8,4,10,0.5,2,16,0.8,3
S02006,Multiplication,4,12,0.6,3,16,0.8,4,12,0.6,3,10,0.5,2,8,0.4,2,16,0.8,4,10,0.5,2,18,0.9,4
S04576,Multiplication,4,14,0.7,3,16,0.8,4,14,0.7,3,4,0.2,1,4,0.2,1,12,0.6,2,10,0.5,2,14,0.7,3
S04461,Comparing Fractions,1,8,0.4,0,4,0.2,1,12,0.6,3,8,0.4,1,16,0.8,4,12,0.6,3,6,0.3,1,20,1.0,5
S05314,Multiplication,4,8,0.4,2,16,0.8,4,12,0.6,3,4,0.2,1,4,0.2,1,4,0.2,1,16,0.8,4,8,0.4,2
S03637,Ordering Fractions,5,18,0.9,4,20,1.0,5,12,0.6,2,12,0.6,3,14,0.7,3,8,0.4,1,14,0.7,3,16,0.8,3
S00110,Comparing Fractions,1,8,0.4,2,2,0.1,0,18,0.9,4,12,0.6,3,8,0.4,2,12,0.6,2,8,0.4,2,10,0.5,2
S03299,Fraction to Decimal,3,14,0.7,3,10,0.5,2,12,0.6,3,2,0.1,0,16,0.8,4,16,0.8,4,8,0.4,2,14,0.7,3
S00847,Multiplication,4,10,0.5,2,10,0.5,1,8,0.4,2,14,0.7,3,6,0.3,1,10,0.5,1,6,0.3,0,12,0.6,3
S01257,Ordering Fractions,5,12,0.6,3,14,0.7,3,14,0.7,3,12,0.6,2,12,0.6,3,10,0.5,2,14,0.7,3,12,0.6,3
S00948,Ordering Fractions,5,10,0.5,2,6,0.3,1,10,0.5,2,8,0.4,1,6,0.3,0,6,0.3,1,20,1.0,5,16,0.8,4
S05378,Comparing Fractions,1,20,1.0,5,4,0.2,1,12,0.6,3,8,0.4,2,4,0.2,1,10,0.5,2,12,0.6,3,8,0.4,2
S05761,Simplifying Fractions,6,14,0.7,3,4,0.2,1,12,0.6,3,16,0.8,4,12,0.6,3,8,0.4,2,0,0.0,0,8,0.4,2
S05191,Addition,0,4,0.2,1,8,0.4,2,16,0.8,4,6,0.3,1,12,0.6,3,10,0.5,2,14,0.7,3,4,0.2,1
S04197,Subtraction,7,14,0.7,3,8,0.4,1,8,0.4,2,14,0.7,3,14,0.7,2,16,0.8,4,18,0.9,4,4,0.2,0
S06180,Division,2,4,0.2,1,8,0.4,2,0,0.0,0,20,1.0,5,8,0.4,2,4,0.2,1,16,0.8,4,0,0.0,0
S04408,Addition,0,10,0.5,2,20,1.0,5,10,0.5,2,12,0.6,3,16,0.8,4,12,0.6,3,16,0.8,4,14,0.7,3
S01012,Multiplication,4,16,0.8,3,6,0.3,1,20,1.0,5,12,0.6,3,0,0.0,0,14,0.7,3,4,0.2,1,8,0.4,1
S03073,Comparing Fractions,1,12,0.6,2,8,0.4,1,14,0.7,3,14,0.7,3,14,0.7,3,20,1.0,5,20,1.0,5,18,0.9,4
S02536,Fraction to Decimal,3,16,0.8,4,10,0.5,2,8,0.4,2,8,0.4,1,8,0.4,1,12,0.6,3,10,0.5,2,10,0.5,2
S01720,Simplifying Fractions,6,12,0.6,3,18,0.9,4,8,0.4,1,12,0.6,3,16,0.8,4,10,0.5,2,4,0.2,1,20,1.0,5
S05610,Subtraction,7,8,0.4,2,10,0.5,2,20,1.0,5,16,0.8,4,20,1.0,5,4,0.2,1,4,0.2,1,0,0.0,0
S02192,Multiplication,4,6,0.3,1,10,0.5,2,16,0.8,4,12,0.6,2,4,0.2,1,10,0.5,1,10,0.5,2,12,0.6,3
S00504,Simplifying Fractions,6,10,0.5,1,16,0.8,3,14,0.7,2,12,0.6,2,18,0.9,4,10,0.5,2,8,0.4,2,18,0.9,4
S04543,Comparing Fractions,1,10,0.5,2,2,0.1,0,8,0.4,1,12,0.6,3,20,1.0,5,16,0.8,4,12,0.6,3,4,0.2,1
S03859,Comparing Fractions,1,14,0.7,3,8,0.4,2,16,0.8,4,10,0.5,2,10,0.5,2,10,0.5,2,10,0.5,2,8,0.4,2
S02340,Division,2,8,0.4,2,16,0.8,4,4,0.2,1,12,0.6,3,16,0.8,3,12,0.6,2,14,0.7,3,10,0.5,2
S03707,Subtraction,7,12,0.6,2,14,0.7,3,6,0.3,1,8,0.4,2,12,0.6,2,14,0.7,3,10,0.5,2,4,0.2,0
S04742,Multiplication,4,18,0.9,4,10,0.5,2,10,0.5,1,10,0.5,2,8,0.4,2,14,0.7,3,20,1.0,5,12,0.6,2
S04151,Addition,0,0,0.0,0,16,0.8,3,6,0.3,1,4,0.2,0,10,0.5,2,12,0.6,2,12,0.6,3,8,0.4,2
S04187,Ordering Fractions,5,14,0.7,3,20,1.0,5,10,0.5,2,10,0.5,1,18,0.9,4,2,0.1,0,20,1.0,5,12,0.6,3
S05936,Comparing Fractions,1,0,0.0,0,0,0.0,0,18,0.9,4,8,0.4,2,16,0.8,4,14,0.7,3,20,1.0,5,0,0.0,0
S02555,Addition,0,2,0.1,0,4,0.2,1,4,0.2,0,16,0.8,3,18,0.9,4,12,0.6,3,20,1.0,5,14,0.7,3
S04281,Addition,0,10,0.5,2,18,0.9,4,16,0.8,4,16,0.8,4,12,0.6,3,20,1.0,5,18,0.9,4,12,0.6,2
S00856,Subtraction,7,16,0.8,3,12,0.6,3,10,0.5,2,14,0.7,3,12,0.6,3,8,0.4,2,12,0.6,2,8,0.4,2
S00229,Subtraction,7,10,0.5,2,10,0.5,2,16,0.8,4,12,0.6,3,14,0.7,2,14,0.7,2,16,0.8,4,8,0.4,1
S06326,Simplifying Fractions,6,12,0.6,3,20,1.0,5,16,0.8,4,12,0.6,3,16,0.8,4,4,0.2,1,4,0.2,1,12,0.6,3
S00071,Division,2,16,0.8,3,14,0.7,3,10,0.5,2,16,0.8,4,12,0.6,3,16,0.8,3,12,0.6,3,20,1.0,5
S00265,Addition,0,4,0.2,0,6,0.3,1,14,0.7,3,6,0.3,1,12,0.6,2,12,0.6,3,6,0.3,1,14,0.7,3
S05733,Comparing Fractions,1,10,0.5,2,0,0.0,0,4,0.2,1,6,0.3,1,12,0.6,3,12,0.6,3,4,0.2,1,8,0.4,2
S01191,Comparing Fractions,1,14,0.7,3,4,0.2,0,14,0.7,3,12,0.6,3,8,0.4,2,6,0.3,1,6,0.3,1,12,0.6,3
S02739,Simplifying Fractions,6,8,0.4,1,6,0.3,1,16,0.8,3,6,0.3,1,8,0.4,1,18,0.9,4,2,0.1,0,10,0.5,2
S03624,Ordering Fractions,5,14,0.7,3,8,0.4,1,12,0.6,3,18,0.9,4,12,0.6,3,6,0.3,0,20,1.0,5,12,0.6,3
S05138,Addition,0,8,0.4,2,10,0.5,2,10,0.5,2,14,0.7,3,14,0.7,3,8,0.4,2,8,0.4,2,8,0.4,2
S02287,Division,2,14,0.7,3,18,0.9,4,12,0.6,2,14,0.7,3,12,0.6,2,14,0.7,3,12,0.6,3,16,0.8,4
S02826,Subtraction,7,10,0.5,1,6,0.3,1,14,0.7,3,6,0.3,0,8,0.4,1,12,0.6,2,12,0.6,2,4,0.2,1
S05333,Subtraction,7,10,0.5,2,14,0.7,3,10,0.5,2,4,0.2,1,14,0.7,3,10,0.5,2,8,0.4,2,4,0.2,1
S05536,Comparing Fractions,1,6,0.3,1,4,0.2,1,6,0.3,1,8,0.4,2,4,0.2,1,12,0.6,3,12,0.6,3,12,0.6,3
S01179,Multiplication,4,8,0.4,2,8,0.4,2,8,0.4,2,8,0.4,2,6,0.3,1,8,0.4,2,14,0.7,3,10,0.5,2
S05616,Ordering Fractions,5,12,0.6,3,14,0.7,3,8,0.4,2,14,0.7,3,14,0.7,3,2,0.1,0,12,0.6,3,12,0.6,3
S04772,Comparing Fractions,1,18,0.9,4,4,0.2,1,12,0.6,3,4,0.2,1,10,0.5,2,18,0.9,4,6,0.3,1,16,0.8,4
S00512,Simplifying Fractions,6,10,0.5,2,12,0.6,3,12,0.6,2,14,0.7,3,16,0.8,3,8,0.4,1,8,0.4,2,18,0.9,4
S05837,Multiplication,4,8,0.4,2,20,1.0,5,20,1.0,5,6,0.3,1,0,0.0,0,8,0.4,2,4,0.2,1,4,0.2,1
S01380,Fraction to Decimal,3,12,0.6,3,12,0.6,3,16,0.8,4,10,0.5,2,10,0.5,2,16,0.8,4,10,0.5,2,16,0.8,4
S02012,Division,2,6,0.3,1,6,0.3,1,4,0.2,0,8,0.4,2,12,0.6,2,8,0.4,1,8,0.4,2,4,0.2,1
S01331,Division,2,8,0.4,1,16,0.8,4,6,0.3,1,12,0.6,3,16,0.8,3,8,0.4,1,8,0.4,2,20,1.0,5
S02780,Subtraction,7,14,0.7,3,14,0.7,3,12,0.6,3,10,0.5,2,12,0.6,3,10,0.5,2,10,0.5,2,6,0.3,1
S00377,Simplifying Fractions,6,12,0.6,2,16,0.8,4,8,0.4,2,12,0.6,3,20,1.0,5,16,0.8,4,6,0.3,1,12,0.6,3
S05783,Division,2,8,0.4,2,20,1.0,5,6,0.3,1,8,0.4,2,8,0.4,2,8,0.4,2,14,0.7,3,8,0.4,2
S02163,Addition,0,6,0.3,1,6,0.3,1,10,0.5,1,10,0.5,1,14,0.7,3,8,0.4,2,8,0.4,1,16,0.8,4
S01881,Addition,0,8,0.4,2,10,0.5,2,14,0.7,3,8,0.4,1,12,0.6,2,16,0.8,4,16,0.8,4,10,0.5,2
S02702,Division,2,12,0.6,2,12,0.6,3,6,0.3,0,14,0.7,3,10,0.5,1,10,0.5,2,6,0.3,1,8,0.4,1
S05839,Addition,0,8,0.4,2,8,0.4,2,8,0.4,2,12,0.6,3,16,0.8,4,8,0.4,2,18,0.9,4,10,0.5,2
S06127,Division,2,8,0.4,2,0,0.0,0,0,0.0,0,4,0.2,1,4,0.2,1,8,0.4,2,12,0.6,3,8,0.4,2
S00986,Ordering Fractions,5,4,0.2,1,6,0.3,1,14,0.7,3,4,0.2,0,12,0.6,2,2,0.1,0,10,0.5,2,16,0.8,4
S00601,Simplifying Fractions,6,16,0.8,4,12,0.6,3,20,1.0,5,10,0.5,2,10,0.5,2,20,1.0,5,8,0.4,2,18,0.9,4
S03186,Subtraction,7,6,0.3,1,12,0.6,3,6,0.3,1,14,0.7,2,12,0.6,3,14,0.7,3,6,0.3,0,4,0.2,1
S04609,Multiplication,4,16,0.8,3,16,0.8,4,12,0.6,3,6,0.3,1,4,0.2,0,10,0.5,2,12,0.6,3,16,0.8,4
S04119,Multiplication,4,16,0.8,3,12,0.6,3,18,0.9,4,8,0.4,2,4,0.2,1,6,0.3,1,14,0.7,3,10,0.5,1
S00092,Ordering Fractions,5,12,0.6,1,10,0.5,2,8,0.4,2,8,0.4,0,10,0.5,2,6,0.3,1,10,0.5,2,10,0.5,2
S00766,Simplifying Fractions,6,12,0.6,3,12,0.6,2,10,0.5,2,8,0.4,2,10,0.5,2,16,0.8,4,6,0.3,1,10,0.5,2
S01749,Fraction to Decimal,3,12,0.6,3,12,0.6,2,16,0.8,4,2,0.1,0,16,0.8,4,8,0.4,2,14,0.7,3,14,0.7,3
S05950,Multiplication,4,16,0.8,4,10,0.5,2,16,0.8,4,16,0.8,4,4,0.2,1,10,0.5,2,14,0.7,3,16,0.8,4
S02985,Multiplication,4,16,0.8,4,8,0.4,1,18,0.9,4,14,0.7,3,8,0.4,2,20,1.0,5,14,0.7,3,16,0.8,3
S02786,Addition,0,6,0.3,1,16,0.8,3,18,0.9,4,12,0.6,3,20,1.0,5,14,0.7,3,8,0.4,2,20,1.0,5
S01966,Ordering Fractions,5,12,0.6,3,20,1.0,5,16,0.8,3,10,0.5,1,12,0.6,2,4,0.2,0,8,0.4,1,10,0.5,2
S01467,Division,2,10,0.5,2,4,0.2,1,2,0.1,0,12,0.6,2,12,0.6,2,16,0.8,4,16,0.8,4,10,0.5,2
S05165,Addition,0,4,0.2,1,18,0.9,4,14,0.7,3,16,0.8,4,16,0.8,4,12,0.6,3,4,0.2,1,12,0.6,3
S00376,Addition,0,4,0.2,1,12,0.6,3,10,0.5,2,8,0.4,2,6,0.3,1,6,0.3,0,10,0.5,2,6,0.3,1
S00821,Simplifying Fractions,6,12,0.6,3,16,0.8,4,12,0.6,3,18,0.9,4,14,0.7,3,18,0.9,4,4,0.2,1,14,0.7,3
S01715,Ordering Fractions,5,10,0.5,2,12,0.6,3,12,0.6,3,8,0.4,0,6,0.3,1,4,0.2,0,14,0.7,3,12,0.6,3
S03724,Subtraction,7,10,0.5,2,8,0.4,2,14,0.7,3,10,0.5,2,12,0.6,1,6,0.3,1,14,0.7,3,2,0.1,0
S01662,Simplifying Fractions,6,16,0.8,4,16,0.8,3,16,0.8,3,16,0.8,3,14,0.7,3,14,0.7,3,4,0.2,1,12,0.6,2
S04682,Simplifying Fractions,6,16,0.8,4,12,0.6,2,10,0.5,2,10,0.5,2,10,0.5,2,16,0.8,4,8,0.4,2,10,0.5,2
S06174,Simplifying Fractions,6,8,0.4,2,8,0.4,2,4,0.2,1,12,0.6,3,4,0.2,1,12,0.6,3,4,0.2,1,4,0.2,1
S06286,Subtraction,7,16,0.8,4,12,0.6,3,8,0.4,2,4,0.2,1,20,1.0,5,4,0.2,1,4,0.2,1,0,0.0,0
S06173,Simplifying Fractions,6,20,1.0,5,16,0.8,4,0,0.0,0,12,0.6,3,8,0.4,2,4,0.2,1,0,0.0,0,8,0.4,2
S02962,Addition,0,4,0.2,0,14,0.7,2,14,0.7,2,12,0.6,3,8,0.4,1,16,0.8,4,16,0.8,4,20,1.0,5
S00514,Division,2,10,0.5,2,8,0.4,1,8,0.4,2,12,0.6,3,14,0.7,3,10,0.5,2,12,0.6,3,16,0.8,4
S01251,Subtraction,7,16,0.8,4,8,0.4,1,8,0.4,2,14,0.7,3,16,0.8,4,12,0.6,2,14,0.7,3,6,0.3,1
S02211,Comparing Fractions,1,18,0.9,4,4,0.2,0,10,0.5,1,12,0.6,2,10,0.5,2,16,0.8,4,14,0.7,3,10,0.5,2
S03035,Simplifying Fractions,6,16,0.8,4,18,0.9,4,16,0.8,4,12,0.6,3,14,0.7,3,12,0.6,3,10,0.5,2,20,1.0,5
S01867,Multiplication,4,4,0.2,1,8,0.4,2,10,0.5,2,4,0.2,0,4,0.2,0,10,0.5,1,4,0.2,0,6,0.3,1
S05800,Fraction to Decimal,3,8,0.4,2,8,0.4,2,6,0.3,1,0,0.0,0,6,0.3,1,2,0.1,0,14,0.7,3,2,0.1,0
S04904,Division,2,20,1.0,5,16,0.8,4,6,0.3,1,8,0.4,2,12,0.6,3,12,0.6,2,18,0.9,4,20,1.0,5
S04720,Ordering Fractions,5,12,0.6,3,12,0.6,3,18,0.9,4,10,0.5,2,6,0.3,1,2,0.1,0,14,0.7,3,10,0.5,2
S03276,Addition,0,8,0.4,1,16,0.8,4,16,0.8,4,16,0.8,4,16,0.8,4,18,0.9,4,16,0.8,3,12,0.6,3
S01763,Fraction to Decimal,3,10,0.5,2,12,0.6,3,10,0.5,2,4,0.2,1,10,0.5,2,6,0.3,1,16,0.8,4,10,0.5,2
S02140,Addition,0,4,0.2,1,6,0.3,1,6,0.3,1,4,0.2,1,16,0.8,4,12,0.6,3,8,0.4,2,18,0.9,4
S05340,Subtraction,7,4,0.2,1,4,0.2,1,4,0.2,1,14,0.7,3,12,0.6,3,12,0.6,3,4,0.2,1,0,0.0,0
S05856,Simplifying Fractions,6,8,0.4,2,16,0.8,4,20,1.0,5,8,0.4,2,4,0.2,1,8,0.4,2,4,0.2,1,12,0.6,3
S04238,Ordering Fractions,5,10,0.5,2,14,0.7,3,10,0.5,2,8,0.4,1,10,0.5,2,6,0.3,1,14,0.7,3,16,0.8,3
S00246,Simplifying Fractions,6,12,0.6,2,8,0.4,2,20,1.0,5,8,0.4,2,12,0.6,3,18,0.9,4,8,0.4,2,10,0.5,2
S04867,Ordering Fractions,5,12,0.6,3,12,0.6,2,10,0.5,2,16,0.8,4,10,0.5,2,2,0.1,0,14,0.7,3,10,0.5,2
S01969,Ordering Fractions,5,16,0.8,3,12,0.6,3,14,0.7,3,16,0.8,3,14,0.7,3,10,0.5,2,12,0.6,3,12,0.6,2
S03814,Division,2,16,0.8,4,14,0.7,3,4,0.2,1,6,0.3,1,16,0.8,4,14,0.7,3,12,0.6,2,10,0.5,2
S06017,Ordering Fractions,5,4,0.2,1,0,0.0,0,12,0.6,3,16,0.8,4,16,0.8,4,0,0.0,0,8,0.4,2,12,0.6,3
S05648,Subtraction,7,8,0.4,2,4,0.2,1,14,0.7,3,16,0.8,4,4,0.2,1,4,0.2,1,2,0.1,0,0,0.0,0
S05420,Comparing Fractions,1,10,0.5,2,4,0.2,1,8,0.4,2,6,0.3,1,10,0.5,2,10,0.5,2,8,0.4,2,8,0.4,2
S02162,Ordering Fractions,5,8,0.4,2,10,0.5,2,14,0.7,3,10,0.5,2,12,0.6,2,4,0.2,0,20,1.0,5,14,0.7,3
S05512,Division,2,4,0.2,1,16,0.8,4,0,0.0,0,10,0.5,2,2,0.1,0,14,0.7,3,8,0.4,2,16,0.8,4
S01548,Simplifying Fractions,6,6,0.3,1,18,0.9,4,10,0.5,2,12,0.6,3,10,0.5,2,12,0.6,3,0,0.0,0,4,0.2,0
S00051,Ordering Fractions,5,4,0.2,1,18,0.9,4,8,0.4,1,6,0.3,1,14,0.7,3,2,0.1,0,6,0.3,1,10,0.5,2
S02779,Simplifying Fractions,6,16,0.8,4,12,0.6,3,12,0.6,2,6,0.3,1,14,0.7,3,8,0.4,1,4,0.2,0,4,0.2,0
S03897,Addition,0,6,0.3,1,10,0.5,2,16,0.8,4,8,0.4,1,12,0.6,2,16,0.8,4,16,0.8,3,8,0.4,2
S03192,Comparing Fractions,1,10,0.5,2,4,0.2,1,8,0.4,2,14,0.7,3,8,0.4,2,16,0.8,4,14,0.7,3,12,0.6,2
S04830,Multiplication,4,14,0.7,3,14,0.7,3,16,0.8,4,18,0.9,4,10,0.5,1,14,0.7,3,16,0.8,3,12,0.6,3
S04786,Multiplication,4,6,0.3,1,14,0.7,3,10,0.5,1,16,0.8,4,6,0.3,0,10,0.5,2,14,0.7,3,16,0.8,4
S01967,Simplifying Fractions,6,18,0.9,4,12,0.6,2,16,0.8,3,12,0.6,2,10,0.5,2,12,0.6,3,8,0.4,2,8,0.4,2
S03007,Addition,0,2,0.1,0,14,0.7,3,4,0.2,0,18,0.9,4,14,0.7,3,10,0.5,1,16,0.8,4,12,0.6,1
S05104,Division,2,6,0.3,1,12,0.6,3,4,0.2,1,8,0.4,2,14,0.7,3,12,0.6,3,8,0.4,2,20,1.0,5
S00881,Subtraction,7,10,0.5,1,8,0.4,1,4,0.2,0,16,0.8,3,16,0.8,4,6,0.3,1,8,0.4,2,2,0.1,0
S00760,Multiplication,4,14,0.7,3,14,0.7,3,12,0.6,3,12,0.6,2,10,0.5,2,14,0.7,3,18,0.9,4,14,0.7,3
S02446,Multiplication,4,10,0.5,1,14,0.7,3,16,0.8,4,8,0.4,2,4,0.2,1,16,0.8,3,16,0.8,4,6,0.3,1
S04343,Addition,0,4,0.2,1,10,0.5,2,12,0.6,2,8,0.4,1,16,0.8,3,14,0.7,3,18,0.9,4,14,0.7,3
S01343,Simplifying Fractions,6,14,0.7,3,16,0.8,4,14,0.7,3,16,0.8,4,20,1.0,5,8,0.4,2,0,0.0,0,8,0.4,2
S02631,Multiplication,4,10,0.5,2,8,0.4,1,12,0.6,2,10,0.5,2,6,0.3,0,14,0.7,3,10,0.5,2,16,0.8,4
S02154,Ordering Fractions,5,12,0.6,2,10,0.5,2,14,0.7,3,10,0.5,2,12,0.6,2,0,0.0,0,18,0.9,4,6,0.3,1
S01816,Fraction to Decimal,3,16,0.8,4,12,0.6,2,14,0.7,3,6,0.3,1,14,0.7,3,18,0.9,4,6,0.3,1,16,0.8,3
S00598,Division,2,16,0.8,3,12,0.6,2,6,0.3,1,12,0.6,2,10,0.5,2,18,0.9,4,6,0.3,1,6,0.3,1
S00480,Addition,0,2,0.1,0,14,0.7,3,12,0.6,2,8,0.4,2,10,0.5,2,8,0.4,1,16,0.8,3,16,0.8,4
S02648,Addition,0,4,0.2,1,12,0.6,2,16,0.8,4,8,0.4,2,16,0.8,3,16,0.8,4,4,0.2,1,16,0.8,3
S04172,Simplifying Fractions,6,16,0.8,4,18,0.9,4,16,0.8,4,16,0.8,3,18,0.9,4,12,0.6,3,6,0.3,1,12,0.6,3
S04315,Simplifying Fractions,6,12,0.6,2,14,0.7,3,14,0.7,3,10,0.5,2,14,0.7,3,12,0.6,2,8,0.4,2,8,0.4,1
S04289,Simplifying Fractions,6,10,0.5,2,14,0.7,3,6,0.3,1,18,0.9,4,14,0.7,2,8,0.4,2,2,0.1,0,6,0.3,1
S01451,Comparing Fractions,1,8,0.4,1,4,0.2,1,20,1.0,5,8,0.4,2,16,0.8,4,16,0.8,4,14,0.7,3,10,0.5,2
S04081,Multiplication,4,16,0.8,4,12,0.6,3,10,0.5,2,12,0.6,2,8,0.4,2,10,0.5,2,14,0.7,3,8,0.4,2
S03826,Division,2,8,0.4,2,12,0.6,2,6,0.3,1,6,0.3,1,18,0.9,4,14,0.7,3,14,0.7,3,8,0.4,2
S00099,Fraction to Decimal,3,12,0.6,3,18,0.9,4,10,0.5,2,10,0.5,2,16,0.8,4,14,0.7,3,14,0.7,3,10,0.5,2
S00717,Subtraction,7,10,0.5,2,8,0.4,2,16,0.8,4,8,0.4,2,12,0.6,3,12,0.6,3,10,0.5,2,6,0.3,1
S00385,Simplifying Fractions,6,12,0.6,2,14,0.7,2,12,0.6,3,8,0.4,2,14,0.7,2,14,0.7,3,4,0.2,1,8,0.4,1
S03209,Division,2,8,0.4,2,6,0.3,1,2,0.1,0,8,0.4,2,8,0.4,1,16,0.8,4,6,0.3,1,4,0.2,0
S06225,Ordering Fractions,5,16,0.8,4,16,0.8,4,4,0.2,1,4,0.2,1,12,0.6,3,0,0.0,0,4,0.2,1,12,0.6,3
S00702,Subtraction,7,12,0.6,2,12,0.6,3,10,0.5,2,12,0.6,3,16,0.8,3,16,0.8,3,12,0.6,3,8,0.4,2
S02805,Comparing Fractions,1,18,0.9,4,6,0.3,0,16,0.8,4,12,0.6,3,6,0.3,1,12,0.6,3,10,0.5,1,16,0.8,4
S01929,Simplifying Fractions,6,20,1.0,5,10,0.5,2,16,0.8,3,10,0.5,2,12,0.6,3,12,0.6,3,8,0.4,1,8,0.4,2
S01077,Multiplication,4,20,1.0,5,8,0.4,2,10,0.5,2,8,0.4,2,6,0.3,1,12,0.6,3,16,0.8,4,14,0.7,3
S03448,Multiplication,4,14,0.7,3,14,0.7,3,8,0.4,1,14,0.7,3,6,0.3,1,12,0.6,3,14,0.7,3,12,0.6,2
S02597,Simplifying Fractions,6,8,0.4,2,14,0.7,3,12,0.6,3,12,0.6,3,8,0.4,1,14,0.7,3,8,0.4,2,12,0.6,2
S01138,Division,2,12,0.6,3,12,0.6,3,8,0.4,2,14,0.7,3,18,0.9,4,16,0.8,4,16,0.8,4,18,0.9,4
S00801,Multiplication,4,14,0.7,3,16,0.8,4,14,0.7,3,12,0.6,3,4,0.2,0,10,0.5,2,20,1.0,5,18,0.9,4
S01913,Addition,0,8,0.4,2,16,0.8,3,16,0.8,4,10,0.5,2,12,0.6,3,18,0.9,4,14,0.7,2,10,0.5,2
S03495,Multiplication,4,10,0.5,2,8,0.4,1,10,0.5,1,8,0.4,1,6,0.3,1,8,0.4,1,8,0.4,2,14,0.7,2
S00077,Fraction to Decimal,3,12,0.6,3,10,0.5,2,14,0.7,2,4,0.2,1,14,0.7,3,10,0.5,1,10,0.5,2,12,0.6,3
S05092,Division,2,8,0.4,2,10,0.5,2,4,0.2,1,16,0.8,4,16,0.8,4,16,0.8,4,14,0.7,3,14,0.7,3
S00302,Fraction to Decimal,3,6,0.3,1,14,0.7,3,16,0.8,4,2,0.1,0,6,0.3,1,16,0.8,4,6,0.3,1,10,0.5,1
S04554,Addition,0,6,0.3,1,10,0.5,2,14,0.7,3,10,0.5,2,14,0.7,3,10,0.5,2,10,0.5,2,12,0.6,3
S00672,Addition,0,8,0.4,2,14,0.7,3,14,0.7,3,12,0.6,2,10,0.5,2,20,1.0,5,16,0.8,4,16,0.8,4
S06031,Comparing Fractions,1,16,0.8,4,8,0.4,2,20,1.0,5,12,0.6,3,8,0.4,2,12,0.6,3,20,1.0,5,16,0.8,4
S04056,Simplifying Fractions,6,18,0.9,4,12,0.6,2,16,0.8,4,12,0.6,3,16,0.8,4,18,0.9,4,6,0.3,1,12,0.6,2
S01231,Ordering Fractions,5,10,0.5,2,16,0.8,3,4,0.2,1,8,0.4,2,8,0.4,2,0,0.0,0,8,0.4,2,10,0.5,2
S02048,Fraction to Decimal,3,16,0.8,3,12,0.6,3,14,0.7,3,8,0.4,2,12,0.6,2,12,0.6,2,10,0.5,2,12,0.6,3
S01786,Simplifying Fractions,6,6,0.3,1,12,0.6,3,10,0.5,2,10,0.5,2,6,0.3,1,10,0.5,2,6,0.3,1,20,1.0,5
S03664,Simplifying Fractions,6,12,0.6,2,4,0.2,0,8,0.4,1,6,0.3,0,6,0.3,1,18,0.9,4,4,0.2,0,12,0.6,2
S06132,Division,2,12,0.6,3,12,0.6,3,0,0.0,0,16,0.8,4,12,0.6,3,20,1.0,5,12,0.6,3,12,0.6,3
S00454,Addition,0,6,0.3,1,16,0.8,4,16,0.8,4,8,0.4,2,6,0.3,1,12,0.6,2,12,0.6,3,12,0.6,2
S05059,Division,2,8,0.4,2,14,0.7,3,0,0.0,0,8,0.4,2,12,0.6,3,10,0.5,2,2,0.1,0,4,0.2,1
S02781,Multiplication,4,14,0.7,3,12,0.6,3,10,0.5,1,12,0.6,2,8,0.4,1,12,0.6,3,10,0.5,2,10,0.5,2
S02219,Ordering Fractions,5,6,0.3,1,14,0.7,3,10,0.5,2,8,0.4,1,8,0.4,1,0,0.0,0,8,0.4,2,8,0.4,2
S01497,Division,2,8,0.4,2,16,0.8,4,6,0.3,1,12,0.6,3,10,0.5,2,12,0.6,2,14,0.7,3,14,0.7,3
S05720,Ordering Fractions,5,16,0.8,4,16,0.8,4,20,1.0,5,16,0.8,4,20,1.0,5,4,0.2,1,10,0.5,2,12,0.6,3
S00788,Subtraction,7,10,0.5,2,12,0.6,3,14,0.7,3,16,0.8,3,12,0.6,2,14,0.7,3,16,0.8,4,2,0.1,0
S01139,Multiplication,4,10,0.5,2,6,0.3,1,14,0.7,3,12,0.6,3,2,0.1,0,10,0.5,2,6,0.3,1,18,0.9,4
S04730,Addition,0,8,0.4,1,12,0.6,2,12,0.6,2,8,0.4,2,12,0.6,3,10,0.5,2,10,0.5,2,18,0.9,4
S04414,Division,2,8,0.4,1,12,0.6,2,4,0.2,1,16,0.8,4,12,0.6,2,12,0.6,2,20,1.0,5,6,0.3,1
S01743,Fraction to Decimal,3,16,0.8,4,16,0.8,4,16,0.8,4,2,0.1,0,18,0.9,4,12,0.6,3,14,0.7,3,16,0.8,3
S03980,Fraction to Decimal,3,12,0.6,3,8,0.4,2,8,0.4,1,4,0.2,1,4,0.2,1,14,0.7,3,12,0.6,2,12,0.6,3
S00119,Ordering Fractions,5,14,0.7,3,8,0.4,2,10,0.5,1,12,0.6,2,12,0.6,2,8,0.4,2,12,0.6,3,10,0.5,2
S04602,Multiplication,4,10,0.5,2,10,0.5,1,14,0.7,3,14,0.7,3,0,0.0,0,14,0.7,3,10,0.5,2,14,0.7,3
S01820,Addition,0,4,0.2,0,12,0.6,3,12,0.6,3,12,0.6,3,4,0.2,0,10,0.5,2,10,0.5,2,8,0.4,2
S01137,Simplifying Fractions,6,16,0.8,3,10,0.5,2,4,0.2,0,10,0.5,2,10,0.5,2,8,0.4,1,4,0.2,0,12,0.6,2
S03870,Multiplication,4,6,0.3,1,12,0.6,3,16,0.8,3,8,0.4,1,4,0.2,0,10,0.5,2,14,0.7,2,6,0.3,1
S03607,Ordering Fractions,5,18,0.9,4,8,0.4,2,12,0.6,2,8,0.4,2,14,0.7,3,4,0.2,0,8,0.4,2,12,0.6,2
S00263,Fraction to Decimal,3,12,0.6,3,16,0.8,4,16,0.8,3,12,0.6,2,16,0.8,4,14,0.7,3,14,0.7,3,14,0.7,3
S06232,Addition,0,4,0.2,1,16,0.8,4,12,0.6,3,16,0.8,4,4,0.2,1,12,0.6,3,8,0.4,2,8,0.4,2
S03386,Simplifying Fractions,6,16,0.8,4,16,0.8,4,12,0.6,3,8,0.4,1,8,0.4,2,10,0.5,2,8,0.4,2,10,0.5,2
S02232,Fraction to Decimal,3,16,0.8,4,14,0.7,3,8,0.4,2,6,0.3,1,16,0.8,4,8,0.4,2,10,0.5,2,14,0.7,3
S05125,Multiplication,4,12,0.6,3,16,0.8,4,12,0.6,3,16,0.8,4,4,0.2,1,4,0.2,1,12,0.6,3,12,0.6,3
S03479,Ordering Fractions,5,14,0.7,3,16,0.8,4,8,0.4,2,8,0.4,2,14,0.7,3,4,0.2,1,8,0.4,2,16,0.8,4
S03253,Division,2,18,0.9,4,14,0.7,3,6,0.3,1,14,0.7,3,12,0.6,3,8,0.4,1,16,0.8,4,12,0.6,3
S00785,Division,2,10,0.5,2,10,0.5,2,8,0.4,2,10,0.5,2,14,0.7,3,12,0.6,3,12,0.6,2,12,0.6,3
S05269,Subtraction,7,8,0.4,2,6,0.3,1,4,0.2,1,12,0.6,3,14,0.7,3,12,0.6,3,16,0.8,4,0,0.0,0
S03353,Ordering Fractions,5,18,0.9,4,18,0.9,4,12,0.6,3,8,0.4,1,10,0.5,1,4,0.2,1,12,0.6,3,12,0.6,2
S05693,Division,2,8,0.4,2,6,0.3,1,0,0.0,0,2,0.1,0,2,0.1,0,16,0.8,4,4,0.2,1,12,0.6,3
S00822,Addition,0,2,0.1,0,6,0.3,1,14,0.7,3,10,0.5,2,10,0.5,2,6,0.3,0,14,0.7,3,16,0.8,4
S02885,Multiplication,4,10,0.5,2,20,1.0,5,12,0.6,3,16,0.8,4,8,0.4,1,10,0.5,2,10,0.5,2,12,0.6,3
S03993,Addition,0,4,0.2,1,20,1.0,5,8,0.4,2,12,0.6,3,10,0.5,1,18,0.9,4,6,0.3,1,12,0.6,2
S00404,Multiplication,4,16,0.8,3,10,0.5,2,20,1.0,5,10,0.5,2,8,0.4,2,14,0.7,3,16,0.8,4,8,0.4,2
S02474,Ordering Fractions,5,14,0.7,2,12,0.6,3,16,0.8,4,14,0.7,2,10,0.5,2,8,0.4,2,16,0.8,4,12,0.6,2
S03012,Ordering Fractions,5,18,0.9,4,14,0.7,3,12,0.6,3,14,0.7,3,12,0.6,3,12,0.6,3,14,0.7,3,12,0.6,3
S04517,Multiplication,4,10,0.5,2,12,0.6,3,14,0.7,3,14,0.7,3,10,0.5,1,16,0.8,4,12,0.6,3,12,0.6,3
S00001,Comparing Fractions,1,16,0.8,4,6,0.3,1,20,1.0,5,10,0.5,2,10,0.5,2,16,0.8,3,12,0.6,3,16,0.8,4
S05123,Subtraction,7,12,0.6,3,12,0.6,3,10,0.5,2,12,0.6,3,12,0.6,3,4,0.2,1,12,0.6,3,4,0.2,1
S00202,Fraction to Decimal,3,16,0.8,4,16,0.8,4,14,0.7,3,12,0.6,3,16,0.8,4,16,0.8,3,16,0.8,4,16,0.8,4
S00515,Multiplication,4,16,0.8,3,18,0.9,4,8,0.4,2,8,0.4,1,4,0.2,1,18,0.9,4,14,0.7,3,14,0.7,3
S06080,Ordering Fractions,5,12,0.6,3,8,0.4,2,12,0.6,3,12,0.6,3,8,0.4,2,4,0.2,1,12,0.6,3,8,0.4,2
S05709,Multiplication,4,10,0.5,2,12,0.6,3,8,0.4,2,16,0.8,4,8,0.4,2,12,0.6,3,12,0.6,3,20,1.0,5
S01348,Addition,0,4,0.2,0,8,0.4,2,8,0.4,2,10,0.5,2,10,0.5,2,6,0.3,1,10,0.5,2,4,0.2,0
S02259,Division,2,16,0.8,4,12,0.6,3,10,0.5,2,16,0.8,3,14,0.7,3,10,0.5,1,16,0.8,4,12,0.6,2
S03507,Division,2,8,0.4,2,12,0.6,3,6,0.3,1,16,0.8,3,14,0.7,3,16,0.8,3,12,0.6,2,18,0.9,4
S05803,Subtraction,7,12,0.6,3,20,1.0,5,8,0.4,2,8,0.4,2,8,0.4,2,10,0.5,2,12,0.6,3,0,0.0,0
S03570,Subtraction,7,16,0.8,4,8,0.4,1,6,0.3,1,16,0.8,4,6,0.3,0,14,0.7,3,12,0.6,3,4,0.2,0
S02869,Simplifying Fractions,6,14,0.7,3,16,0.8,4,18,0.9,4,14,0.7,3,12,0.6,3,16,0.8,4,12,0.6,3,16,0.8,4
S04445,Fraction to Decimal,3,10,0.5,2,14,0.7,3,14,0.7,3,6,0.3,0,12,0.6,3,16,0.8,3,20,1.0,5,12,0.6,3
S02384,Multiplication,4,14,0.7,3,16,0.8,3,10,0.5,2,14,0.7,3,10,0.5,2,12,0.6,3,20,1.0,5,12,0.6,3
S00242,Subtraction,7,14,0.7,3,14,0.7,3,20,1.0,5,16,0.8,4,14,0.7,3,18,0.9,4,20,1.0,5,8,0.4,1
S05268,Ordering Fractions,5,6,0.3,1,8,0.4,2,8,0.4,2,16,0.8,4,20,1.0,5,0,0.0,0,0,0.0,0,18,0.9,4
S06039,Comparing Fractions,1,16,0.8,4,0,0.0,0,4,0.2,1,12,0.6,3,12,0.6,3,8,0.4,2,4,0.2,1,8,0.4,2
S03270,Subtraction,7,6,0.3,1,6,0.3,1,16,0.8,3,8,0.4,2,10,0.5,2,6,0.3,0,12,0.6,3,4,0.2,0
S04958,Division,2,8,0.4,2,6,0.3,1,4,0.2,1,10,0.5,1,14,0.7,3,14,0.7,3,16,0.8,4,8,0.4,2
S06078,Comparing Fractions,1,4,0.2,1,0,0.0,0,16,0.8,4,4,0.2,1,12,0.6,3,16,0.8,4,16,0.8,4,16,0.8,4
S03056,Subtraction,7,18,0.9,4,6,0.3,1,8,0.4,1,10,0.5,2,6,0.3,1,14,0.7,3,14,0.7,3,4,0.2,1
S05234,Fraction to Decimal,3,20,1.0,5,2,0.1,0,8,0.4,2,2,0.1,0,12,0.6,3,18,0.9,4,16,0.8,4,20,1.0,5
S01441,Division,2,16,0.8,4,18,0.9,4,4,0.2,0,16,0.8,4,12,0.6,3,4,0.2,0,12,0.6,3,12,0.6,2
S06300,Subtraction,7,8,0.4,2,4,0.2,1,4,0.2,1,8,0.4,2,16,0.8,4,12,0.6,3,4,0.2,1,4,0.2,1
S04780,Ordering Fractions,5,20,1.0,5,12,0.6,3,10,0.5,2,14,0.7,3,16,0.8,4,8,0.4,1,20,1.0,5,12,0.6,2
S01002,Subtraction,7,12,0.6,3,16,0.8,4,10,0.5,2,8,0.4,1,18,0.9,4,10,0.5,2,12,0.6,3,4,0.2,1
S06011,Comparing Fractions,1,8,0.4,2,0,0.0,0,12,0.6,3,8,0.4,2,20,1.0,5,16,0.8,4,12,0.6,3,12,0.6,3
S02522,Subtraction,7,12,0.6,3,16,0.8,3,8,0.4,1,14,0.7,3,14,0.7,2,10,0.5,2,8,0.4,2,4,0.2,1
S01927,Multiplication,4,12,0.6,3,20,1.0,5,16,0.8,4,14,0.7,3,8,0.4,2,12,0.6,2,18,0.9,4,10,0.5,2
S03556,Comparing Fractions,1,20,1.0,5,8,0.4,2,12,0.6,3,12,0.6,3,12,0.6,3,16,0.8,4,12,0.6,3,14,0.7,3
S00444,Ordering Fractions,5,16,0.8,3,16,0.8,4,8,0.4,2,12,0.6,3,14,0.7,3,6,0.3,1,12,0.6,2,8,0.4,2
S01675,Fraction to Decimal,3,16,0.8,4,12,0.6,3,16,0.8,4,8,0.4,2,16,0.8,4,16,0.8,4,14,0.7,3,8,0.4,2
S00241,Subtraction,7,10,0.5,2,16,0.8,4,18,0.9,4,14,0.7,2,14,0.7,3,18,0.9,4,12,0.6,2,4,0.2,1
S01766,Multiplication,4,10,0.5,1,16,0.8,4,8,0.4,1,12,0.6,2,6,0.3,1,8,0.4,2,12,0.6,2,16,0.8,4
S06308,Simplifying Fractions,6,4,0.2,1,8,0.4,2,16,0.8,4,8,0.4,2,8,0.4,2,8,0.4,2,4,0.2,1,8,0.4,2
S03509,Addition,0,4,0.2,1,6,0.3,1,8,0.4,2,20,1.0,5,10,0.5,2,14,0.7,3,14,0.7,3,8,0.4,1
S02692,Addition,0,4,0.2,1,12,0.6,3,16,0.8,3,14,0.7,3,12,0.6,2,12,0.6,3,14,0.7,3,16,0.8,4
S01498,Subtraction,7,10,0.5,2,16,0.8,3,12,0.6,3,10,0.5,1,14,0.7,3,16,0.8,4,16,0.8,4,10,0.5,2
S01776,Division,2,10,0.5,2,16,0.8,3,6,0.3,1,12,0.6,3,8,0.4,2,10,0.5,2,8,0.4,2,8,0.4,2
S05093,Subtraction,7,16,0.8,4,20,1.0,5,6,0.3,1,4,0.2,1,4,0.2,1,10,0.5,2,8,0.4,2,0,0.0,0
S00155,Comparing Fractions,1,10,0.5,2,2,0.1,0,12,0.6,3,8,0.4,2,16,0.8,4,10,0.5,2,14,0.7,3,16,0.8,4
S03451,Ordering Fractions,5,8,0.4,2,6,0.3,0,16,0.8,4,10,0.5,2,10,0.5,2,2,0.1,0,2,0.1,0,14,0.7,3
S06349,Simplifying Fractions,6,8,0.4,2,12,0.6,3,12,0.6,3,16,0.8,4,12,0.6,3,8,0.4,2,0,0.0,0,4,0.2,1
S05786,Subtraction,7,16,0.8,4,12,0.6,3,4,0.2,1,16,0.8,4,12,0.6,3,12,0.6,3,16,0.8,4,4,0.2,1
S01049,Ordering Fractions,5,14,0.7,3,8,0.4,2,10,0.5,1,8,0.4,1,10,0.5,2,4,0.2,1,12,0.6,3,4,0.2,1
S02068,Fraction to Decimal,3,8,0.4,2,12,0.6,2,16,0.8,4,0,0.0,0,8,0.4,1,12,0.6,3,18,0.9,4,16,0.8,3
S03089,Simplifying Fractions,6,8,0.4,2,12,0.6,3,12,0.6,2,18,0.9,4,14,0.7,3,12,0.6,3,6,0.3,1,12,0.6,3
S02888,Comparing Fractions,1,20,1.0,5,8,0.4,2,10,0.5,2,8,0.4,2,16,0.8,4,18,0.9,4,14,0.7,3,12,0.6,3
S02182,Addition,0,6,0.3,1,8,0.4,1,10,0.5,2,12,0.6,3,12,0.6,3,12,0.6,3,8,0.4,1,18,0.9,4
S05507,Fraction to Decimal,3,16,0.8,4,10,0.5,2,8,0.4,2,4,0.2,1,14,0.7,3,16,0.8,4,10,0.5,2,10,0.5,2
S02630,Fraction to Decimal,3,10,0.5,2,10,0.5,1,12,0.6,2,8,0.4,1,14,0.7,3,14,0.7,2,16,0.8,4,14,0.7,3
S06037,Comparing Fractions,1,20,1.0,5,8,0.4,2,16,0.8,4,8,0.4,2,20,1.0,5,16,0.8,4,16,0.8,4,12,0.6,3
S03833,Comparing Fractions,1,12,0.6,1,6,0.3,1,14,0.7,3,8,0.4,2,14,0.7,3,16,0.8,4,20,1.0,5,12,0.6,2
S00813,Subtraction,7,2,0.1,0,12,0.6,3,12,0.6,2,6,0.3,1,10,0.5,1,8,0.4,1,12,0.6,3,0,0.0,0
S04965,Comparing Fractions,1,12,0.6,2,10,0.5,2,12,0.6,3,12,0.6,3,18,0.9,4,12,0.6,3,16,0.8,4,14,0.7,3
S03729,Multiplication,4,12,0.6,2,18,0.9,4,10,0.5,2,6,0.3,1,6,0.3,1,10,0.5,1,10,0.5,1,12,0.6,3
S05524,Addition,0,8,0.4,2,12,0.6,3,16,0.8,4,10,0.5,2,14,0.7,3,8,0.4,2,10,0.5,2,12,0.6,3
S00140,Addition,0,10,0.5,2,12,0.6,2,20,1.0,5,14,0.7,3,16,0.8,4,12,0.6,3,12,0.6,3,16,0.8,3
S06150,Division,2,16,0.8,4,12,0.6,3,0,0.0,0,4,0.2,1,8,0.4,2,16,0.8,4,12,0.6,3,0,0.0,0
S01628,Addition,0,4,0.2,1,12,0.6,3,6,0.3,0,8,0.4,2,8,0.4,1,8,0.4,1,14,0.7,3,16,0.8,4
S05904,Multiplication,4,16,0.8,4,12,0.6,3,16,0.8,4,8,0.4,2,8,0.4,2,12,0.6,3,16,0.8,4,20,1.0,5
S04862,Subtraction,7,16,0.8,3,10,0.5,2,10,0.5,2,14,0.7,3,12,0.6,3,8,0.4,2,20,1.0,5,8,0.4,2
S04518,Subtraction,7,14,0.7,3,12,0.6,3,10,0.5,2,10,0.5,2,14,0.7,3,10,0.5,2,10,0.5,2,8,0.4,1
S01215,Division,2,14,0.7,3,14,0.7,3,6,0.3,1,12,0.6,3,16,0.8,4,16,0.8,4,10,0.5,1,14,0.7,3
S01094,Ordering Fractions,5,12,0.6,2,10,0.5,2,12,0.6,3,14,0.7,3,10,0.5,2,8,0.4,2,14,0.7,3,10,0.5,2
S03658,Comparing Fractions,1,14,0.7,3,6,0.3,1,12,0.6,2,10,0.5,1,14,0.7,3,14,0.7,3,20,1.0,5,12,0.6,3
S01352,Subtraction,7,18,0.9,4,10,0.5,2,4,0.2,1,6,0.3,0,14,0.7,3,10,0.5,2,12,0.6,2,4,0.2,0
S01072,Ordering Fractions,5,4,0.2,1,16,0.8,4,14,0.7,3,16,0.8,4,12,0.6,3,0,0.0,0,6,0.3,1,16,0.8,4
S03294,Division,2,12,0.6,3,16,0.8,4,8,0.4,2,14,0.7,3,12,0.6,3,8,0.4,1,16,0.8,4,8,0.4,0
S02303,Simplifying Fractions,6,20,1.0,5,8,0.4,1,14,0.7,3,12,0.6,3,16,0.8,4,8,0.4,1,6,0.3,1,16,0.8,4
S01034,Subtraction,7,16,0.8,4,10,0.5,2,20,1.0,5,10,0.5,2,8,0.4,1,16,0.8,3,10,0.5,2,6,0.3,1
S03526,Ordering Fractions,5,12,0.6,2,14,0.7,3,10,0.5,2,8,0.4,2,14,0.7,3,8,0.4,1,10,0.5,2,14,0.7,3
S05455,Simplifying Fractions,6,18,0.9,4,8,0.4,2,4,0.2,1,14,0.7,3,8,0.4,2,8,0.4,2,0,0.0,0,12,0.6,3
S03591,Simplifying Fractions,6,10,0.5,2,20,1.0,5,12,0.6,3,8,0.4,2,12,0.6,3,14,0.7,3,2,0.1,0,16,0.8,4
S03620,Ordering Fractions,5,18,0.9,4,12,0.6,2,10,0.5,1,18,0.9,4,14,0.7,3,4,0.2,1,8,0.4,2,14,0.7,3
S04504,Ordering Fractions,5,12,0.6,2,12,0.6,3,16,0.8,4,14,0.7,3,4,0.2,1,0,0.0,0,12,0.6,3,16,0.8,4
S03754,Subtraction,7,14,0.7,3,14,0.7,3,12,0.6,2,6,0.3,1,10,0.5,2,14,0.7,3,14,0.7,3,4,0.2,0
S01240,Ordering Fractions,5,10,0.5,2,14,0.7,3,12,0.6,3,8,0.4,2,12,0.6,3,8,0.4,2,18,0.9,4,12,0.6,2
S06352,Addition,0,0,0.0,0,16,0.8,4,0,0.0,0,8,0.4,2,8,0.4,2,12,0.6,3,4,0.2,1,20,1.0,5
S01299,Division,2,8,0.4,1,10,0.5,2,4,0.2,0,4,0.2,1,12,0.6,2,8,0.4,2,6,0.3,0,18,0.9,4
S00636,Multiplication,4,16,0.8,4,16,0.8,4,16,0.8,4,20,1.0,5,8,0.4,2,10,0.5,2,10,0.5,2,12,0.6,2
S01670,Fraction to Decimal,3,14,0.7,3,14,0.7,3,20,1.0,5,4,0.2,0,16,0.8,4,14,0.7,3,20,1.0,5,10,0.5,2
S02295,Fraction to Decimal,3,16,0.8,4,8,0.4,1,14,0.7,3,6,0.3,1,16,0.8,4,8,0.4,2,16,0.8,3,16,0.8,4
S03068,Fraction to Decimal,3,18,0.9,4,16,0.8,3,14,0.7,3,8,0.4,2,16,0.8,4,18,0.9,4,12,0.6,3,10,0.5,2
S03151,Subtraction,7,14,0.7,3,16,0.8,4,10,0.5,2,14,0.7,3,16,0.8,4,16,0.8,4,10,0.5,2,8,0.4,1
S00128,Addition,0,4,0.2,0,12,0.6,3,12,0.6,2,16,0.8,4,6,0.3,1,6,0.3,0,6,0.3,1,10,0.5,2
S00083,Comparing Fractions,1,16,0.8,4,6,0.3,1,8,0.4,2,12,0.6,3,14,0.7,3,18,0.9,4,10,0.5,2,12,0.6,2
S00116,Ordering Fractions,5,14,0.7,3,18,0.9,4,12,0.6,3,6,0.3,1,16,0.8,4,2,0.1,0,12,0.6,3,8,0.4,2
S02561,Subtraction,7,8,0.4,2,14,0.7,3,16,0.8,3,12,0.6,3,18,0.9,4,14,0.7,3,18,0.9,4,6,0.3,0
S01745,Ordering Fractions,5,16,0.8,3,14,0.7,3,8,0.4,1,10,0.5,2,16,0.8,4,2,0.1,0,12,0.6,3,6,0.3,1
S00095,Comparing Fractions,1,12,0.6,3,6,0.3,1,12,0.6,3,8,0.4,2,16,0.8,4,8,0.4,2,16,0.8,4,12,0.6,2
S02144,Subtraction,7,8,0.4,1,12,0.6,3,16,0.8,4,6,0.3,1,12,0.6,2,16,0.8,4,12,0.6,3,4,0.2,1
S05955,Ordering Fractions,5,4,0.2,1,14,0.7,3,20,1.0,5,10,0.5,2,16,0.8,4,4,0.2,1,12,0.6,3,4,0.2,1
S06391,Simplifying Fractions,6,12,0.6,3,8,0.4,2,8,0.4,2,8,0.4,2,12,0.6,3,20,1.0,5,0,0.0,0,0,0.0,0
S01268,Fraction to Decimal,3,10,0.5,1,14,0.7,3,14,0.7,2,2,0.1,0,10,0.5,2,12,0.6,3,8,0.4,2,12,0.6,3
S01871,Ordering Fractions,5,12,0.6,2,16,0.8,4,12,0.6,3,10,0.5,2,10,0.5,2,6,0.3,1,12,0.6,2,14,0.7,3
S06204,Fraction to Decimal,3,16,0.8,4,12,0.6,3,8,0.4,2,8,0.4,2,12,0.6,3,8,0.4,2,12,0.6,3,8,0.4,2
S02925,Fraction to Decimal,3,14,0.7,3,6,0.3,1,12,0.6,3,4,0.2,1,8,0.4,2,12,0.6,3,16,0.8,3,10,0.5,2
S05177,Division,2,4,0.2,1,8,0.4,2,0,0.0,0,4,0.2,1,16,0.8,4,6,0.3,1,16,0.8,4,6,0.3,1
S05262,Comparing Fractions,1,12,0.6,3,8,0.4,2,12,0.6,3,16,0.8,4,16,0.8,4,12,0.6,3,20,1.0,5,14,0.7,3
S04968,Comparing Fractions,1,14,0.7,3,10,0.5,2,16,0.8,4,10,0.5,2,12,0.6,3,12,0.6,2,14,0.7,3,16,0.8,4
S01160,Simplifying Fractions,6,10,0.5,2,8,0.4,1,10,0.5,2,10,0.5,2,12,0.6,3,16,0.8,4,8,0.4,2,8,0.4,1
S02675,Addition,0,2,0.1,0,16,0.8,3,8,0.4,1,12,0.6,2,4,0.2,1,12,0.6,3,6,0.3,1,10,0.5,2
S05497,Multiplication,4,18,0.9,4,8,0.4,2,16,0.8,4,6,0.3,1,0,0.0,0,2,0.1,0,12,0.6,3,12,0.6,3
S05406,Ordering Fractions,5,20,1.0,5,12,0.6,3,6,0.3,1,20,1.0,5,12,0.6,3,2,0.1,0,16,0.8,4,12,0.6,3
S03812,Fraction to Decimal,3,8,0.4,2,12,0.6,3,16,0.8,4,8,0.4,1,16,0.8,4,10,0.5,2,12,0.6,3,20,1.0,5
S05410,Simplifying Fractions,6,12,0.6,3,4,0.2,1,4,0.2,1,12,0.6,3,16,0.8,4,12,0.6,3,4,0.2,1,12,0.6,3
S00795,Subtraction,7,16,0.8,4,10,0.5,2,14,0.7,3,16,0.8,4,18,0.9,4,16,0.8,4,16,0.8,3,10,0.5,2
S05261,Comparing Fractions,1,16,0.8,4,0,0.0,0,0,0.0,0,0,0.0,0,12,0.6,3,0,0.0,0,4,0.2,1,8,0.4,2
S04226,Division,2,10,0.5,2,12,0.6,3,2,0.1,0,14,0.7,3,14,0.7,3,20,1.0,5,18,0.9,4,14,0.7,3
S00926,Ordering Fractions,5,12,0.6,2,12,0.6,2,16,0.8,4,12,0.6,2,14,0.7,3,8,0.4,1,18,0.9,4,20,1.0,5
S04224,Fraction to Decimal,3,20,1.0,5,10,0.5,2,12,0.6,3,2,0.1,0,12,0.6,2,12,0.6,3,12,0.6,3,16,0.8,4
S04831,Comparing Fractions,1,18,0.9,4,6,0.3,1,6,0.3,1,12,0.6,2,16,0.8,4,8,0.4,2,12,0.6,3,14,0.7,3
S04734,Comparing Fractions,1,16,0.8,3,6,0.3,1,12,0.6,3,16,0.8,4,8,0.4,1,8,0.4,2,16,0.8,4,14,0.7,3
S03746,Multiplication,4,16,0.8,3,12,0.6,2,10,0.5,2,10,0.5,1,2,0.1,0,14,0.7,3,18,0.9,4,8,0.4,2
S06311,Addition,0,0,0.0,0,16,0.8,4,0,0.0,0,8,0.4,2,12,0.6,3,8,0.4,2,4,0.2,1,12,0.6,3
S01004,Multiplication,4,14,0.7,3,10,0.5,2,6,0.3,1,14,0.7,3,4,0.2,0,12,0.6,2,4,0.2,0,8,0.4,2
S05001,Ordering Fractions,5,12,0.6,3,12,0.6,3,12,0.6,3,12,0.6,3,20,1.0,5,4,0.2,1,16,0.8,4,16,0.8,4
S00994,Division,2,12,0.6,3,18,0.9,4,4,0.2,0,10,0.5,2,8,0.4,1,14,0.7,3,18,0.9,4,8,0.4,2
S05385,Multiplication,4,14,0.7,3,18,0.9,4,16,0.8,4,12,0.6,3,8,0.4,2,12,0.6,3,14,0.7,3,16,0.8,4
S06088,Comparing Fractions,1,8,0.4,2,4,0.2,1,12,0.6,3,4,0.2,1,8,0.4,2,12,0.6,3,8,0.4,2,8,0.4,2
S04269,Subtraction,7,14,0.7,3,20,1.0,5,8,0.4,1,8,0.4,2,12,0.6,2,10,0.5,2,8,0.4,2,4,0.2,0
S04508,Ordering Fractions,5,14,0.7,3,20,1.0,5,10,0.5,2,16,0.8,4,14,0.7,3,8,0.4,2,10,0.5,2,12,0.6,3
S05404,Ordering Fractions,5,4,0.2,1,16,0.8,4,16,0.8,4,20,1.0,5,16,0.8,4,4,0.2,1,20,1.0,5,16,0.8,4
S01245,Ordering Fractions,5,4,0.2,0,12,0.6,2,8,0.4,1,4,0.2,1,14,0.7,3,2,0.1,0,14,0.7,3,10,0.5,2
S01325,Addition,0,6,0.3,1,10,0.5,2,12,0.6,3,16,0.8,3,16,0.8,3,12,0.6,3,10,0.5,1,12,0.6,2
S01386,Subtraction,7,14,0.7,3,12,0.6,3,14,0.7,3,14,0.7,3,14,0.7,3,12,0.6,3,16,0.8,4,8,0.4,1
S04562,Addition,0,6,0.3,1,16,0.8,3,10,0.5,2,12,0.6,2,14,0.7,3,8,0.4,1,10,0.5,2,14,0.7,3
S02343,Subtraction,7,10,0.5,1,16,0.8,4,12,0.6,2,10,0.5,2,10,0.5,2,10,0.5,2,8,0.4,1,6,0.3,1
S05994,Fraction to Decimal,3,20,1.0,5,20,1.0,5,14,0.7,3,8,0.4,2,20,1.0,5,10,0.5,2,16,0.8,4,20,1.0,5
S05423,Multiplication,4,20,1.0,5,16,0.8,4,12,0.6,3,12,0.6,3,0,0.0,0,12,0.6,3,8,0.4,2,12,0.6,3
S05244,Fraction to Decimal,3,10,0.5,2,12,0.6,3,12,0.6,3,4,0.2,1,12,0.6,3,20,1.0,5,12,0.6,3,8,0.4,2
S01774,Ordering Fractions,5,12,0.6,3,12,0.6,2,16,0.8,4,8,0.4,2,16,0.8,4,4,0.2,0,8,0.4,2,8,0.4,2
S00621,Comparing Fractions,1,8,0.4,2,0,0.0,0,14,0.7,3,12,0.6,3,8,0.4,1,16,0.8,4,14,0.7,3,12,0.6,3
S01994,Comparing Fractions,1,10,0.5,1,8,0.4,2,14,0.7,3,20,1.0,5,16,0.8,4,12,0.6,3,12,0.6,3,20,1.0,5
S04676,Simplifying Fractions,6,10,0.5,2,8,0.4,2,10,0.5,2,8,0.4,2,8,0.4,1,8,0.4,2,8,0.4,1,10,0.5,1
S01778,Fraction to Decimal,3,12,0.6,3,16,0.8,3,16,0.8,4,6,0.3,1,10,0.5,2,20,1.0,5,8,0.4,2,12,0.6,3
S02657,Comparing Fractions,1,18,0.9,4,8,0.4,1,8,0.4,2,8,0.4,2,18,0.9,4,12,0.6,2,14,0.7,3,14,0.7,3
S02566,Ordering Fractions,5,16,0.8,3,20,1.0,5,12,0.6,3,10,0.5,2,12,0.6,3,10,0.5,2,10,0.5,2,14,0.7,3
S05699,Division,2,8,0.4,2,12,0.6,3,8,0.4,2,16,0.8,4,16,0.8,4,8,0.4,2,12,0.6,3,20,1.0,5
S02157,Simplifying Fractions,6,14,0.7,3,14,0.7,3,12,0.6,3,12,0.6,2,12,0.6,3,18,0.9,4,12,0.6,3,12,0.6,3
S05318,Addition,0,0,0.0,0,8,0.4,2,4,0.2,1,2,0.1,0,4,0.2,1,12,0.6,3,12,0.6,3,4,0.2,1
S00283,Multiplication,4,14,0.7,3,18,0.9,4,10,0.5,2,14,0.7,3,6,0.3,1,12,0.6,2,14,0.7,3,6,0.3,1
S04435,Division,2,10,0.5,2,16,0.8,3,4,0.2,0,10,0.5,2,16,0.8,4,6,0.3,1,12,0.6,3,4,0.2,1
S04819,Division,2,14,0.7,3,14,0.7,3,12,0.6,3,16,0.8,4,16,0.8,4,14,0.7,3,12,0.6,2,18,0.9,4
S05661,Comparing Fractions,1,12,0.6,3,6,0.3,1,8,0.4,2,12,0.6,3,12,0.6,3,18,0.9,4,10,0.5,2,8,0.4,2
S03778,Multiplication,4,10,0.5,2,10,0.5,2,8,0.4,1,16,0.8,4,0,0.0,0,12,0.6,2,10,0.5,2,4,0.2,1
S02275,Addition,0,6,0.3,1,18,0.9,4,8,0.4,1,8,0.4,1,14,0.7,3,14,0.7,3,8,0.4,1,16,0.8,4
S03205,Simplifying Fractions,6,10,0.5,2,12,0.6,3,10,0.5,2,10,0.5,2,14,0.7,3,14,0.7,3,6,0.3,1,18,0.9,4
S04396,Addition,0,6,0.3,0,12,0.6,2,12,0.6,2,8,0.4,2,12,0.6,3,6,0.3,1,12,0.6,2,12,0.6,2
S05901,Comparing Fractions,1,12,0.6,3,8,0.4,2,12,0.6,3,16,0.8,4,12,0.6,3,12,0.6,3,10,0.5,2,12,0.6,3
S04523,Ordering Fractions,5,10,0.5,2,12,0.6,3,20,1.0,5,10,0.5,1,10,0.5,2,8,0.4,2,16,0.8,4,16,0.8,4
S01475,Comparing Fractions,1,10,0.5,2,4,0.2,0,18,0.9,4,16,0.8,4,16,0.8,4,16,0.8,4,10,0.5,2,12,0.6,2
S05922,Comparing Fractions,1,8,0.4,2,0,0.0,0,12,0.6,3,20,1.0,5,12,0.6,3,10,0.5,2,16,0.8,4,16,0.8,4
S02110,Comparing Fractions,1,16,0.8,4,6,0.3,1,20,1.0,5,16,0.8,4,12,0.6,2,14,0.7,3,14,0.7,3,12,0.6,2
S03973,Subtraction,7,12,0.6,2,8,0.4,2,12,0.6,2,14,0.7,3,12,0.6,3,12,0.6,2,18,0.9,4,6,0.3,1
S04948,Division,2,10,0.5,2,8,0.4,1,8,0.4,2,14,0.7,3,10,0.5,2,16,0.8,3,12,0.6,2,16,0.8,4
S02282,Fraction to Decimal,3,8,0.4,1,6,0.3,1,10,0.5,2,4,0.2,0,14,0.7,3,8,0.4,2,10,0.5,2,12,0.6,3
S06233,Multiplication,4,12,0.6,3,12,0.6,3,8,0.4,2,4,0.2,1,4,0.2,1,12,0.6,3,8,0.4,2,16,0.8,4
S02834,Comparing Fractions,1,8,0.4,1,6,0.3,1,8,0.4,2,8,0.4,1,8,0.4,2,20,1.0,5,14,0.7,3,14,0.7,3
S01360,Comparing Fractions,1,10,0.5,2,4,0.2,1,14,0.7,3,14,0.7,3,8,0.4,2,12,0.6,3,8,0.4,1,8,0.4,2
S01504,Addition,0,4,0.2,1,8,0.4,2,12,0.6,3,12,0.6,2,8,0.4,1,10,0.5,2,18,0.9,4,14,0.7,3
S03851,Addition,0,8,0.4,1,8,0.4,2,12,0.6,2,16,0.8,4,8,0.4,2,16,0.8,4,10,0.5,1,10,0.5,2
S04635,Fraction to Decimal,3,14,0.7,3,8,0.4,2,14,0.7,3,4,0.2,1,16,0.8,4,6,0.3,1,14,0.7,3,6,0.3,1
S05746,Subtraction,7,8,0.4,2,8,0.4,2,4,0.2,1,8,0.4,2,12,0.6,3,8,0.4,2,0,0.0,0,0,0.0,0
S04296,Fraction to Decimal,3,8,0.4,2,14,0.7,3,20,1.0,5,8,0.4,2,18,0.9,4,18,0.9,4,16,0.8,3,16,0.8,3
S02500,Ordering Fractions,5,14,0.7,3,18,0.9,4,12,0.6,3,12,0.6,2,16,0.8,3,10,0.5,1,14,0.7,3,20,1.0,5
S03736,Subtraction,7,16,0.8,4,6,0.3,0,16,0.8,4,8,0.4,1,14,0.7,2,18,0.9,4,14,0.7,3,2,0.1,0
S02864,Comparing Fractions,1,18,0.9,4,8,0.4,2,12,0.6,2,12,0.6,3,10,0.5,2,16,0.8,4,14,0.7,3,16,0.8,4
S00673,Fraction to Decimal,3,16,0.8,4,12,0.6,2,10,0.5,2,6,0.3,1,20,1.0,5,14,0.7,3,12,0.6,3,6,0.3,1
S04531,Addition,0,4,0.2,0,8,0.4,2,14,0.7,3,6,0.3,1,16,0.8,4,10,0.5,1,16,0.8,4,12,0.6,3
S03363,Subtraction,7,16,0.8,4,18,0.9,4,12,0.6,3,14,0.7,3,16,0.8,3,12,0.6,3,20,1.0,5,10,0.5,2
S00490,Simplifying Fractions,6,12,0.6,3,10,0.5,2,18,0.9,4,6,0.3,1,20,1.0,5,16,0.8,4,2,0.1,0,10,0.5,2
S01464,Simplifying Fractions,6,6,0.3,1,16,0.8,3,12,0.6,3,10,0.5,2,12,0.6,3,16,0.8,4,4,0.2,1,14,0.7,3
S01897,Comparing Fractions,1,18,0.9,4,10,0.5,2,12,0.6,3,10,0.5,2,12,0.6,3,16,0.8,4,12,0.6,2,20,1.0,5
S05848,Comparing Fractions,1,20,1.0,5,2,0.1,0,16,0.8,4,8,0.4,2,16,0.8,4,20,1.0,5,16,0.8,4,8,0.4,2
S04928,Subtraction,7,18,0.9,4,10,0.5,2,10,0.5,2,16,0.8,4,18,0.9,4,16,0.8,4,14,0.7,3,8,0.4,2
S06049,Comparing Fractions,1,12,0.6,3,0,0.0,0,12,0.6,3,16,0.8,4,8,0.4,2,8,0.4,2,0,0.0,0,4,0.2,1
S04019,Multiplication,4,14,0.7,3,12,0.6,3,8,0.4,2,12,0.6,3,8,0.4,2,8,0.4,2,16,0.8,3,8,0.4,2
S04386,Ordering Fractions,5,14,0.7,3,16,0.8,4,12,0.6,2,14,0.7,2,12,0.6,3,8,0.4,1,14,0.7,3,16,0.8,3
S05079,Fraction to Decimal,3,20,1.0,5,8,0.4,2,12,0.6,3,8,0.4,2,14,0.7,3,12,0.6,3,12,0.6,3,18,0.9,4
S00281,Subtraction,7,8,0.4,1,10,0.5,2,18,0.9,4,10,0.5,1,16,0.8,4,14,0.7,2,16,0.8,4,2,0.1,0
S04333,Subtraction,7,8,0.4,2,16,0.8,3,10,0.5,2,8,0.4,2,16,0.8,4,8,0.4,1,16,0.8,4,8,0.4,2
S02559,Simplifying Fractions,6,10,0.5,2,10,0.5,2,6,0.3,1,18,0.9,4,10,0.5,2,12,0.6,2,2,0.1,0,6,0.3,1
S03146,Addition,0,4,0.2,1,16,0.8,4,12,0.6,3,14,0.7,3,12,0.6,2,14,0.7,3,18,0.9,4,12,0.6,2
S05074,Simplifying Fractions,6,16,0.8,4,12,0.6,3,18,0.9,4,16,0.8,4,16,0.8,4,12,0.6,3,8,0.4,2,12,0.6,3
S01031,Simplifying Fractions,6,14,0.7,3,10,0.5,2,14,0.7,3,12,0.6,3,16,0.8,3,16,0.8,4,8,0.4,2,10,0.5,2
S02186,Subtraction,7,18,0.9,4,20,1.0,5,12,0.6,3,10,0.5,2,18,0.9,4,16,0.8,4,16,0.8,4,4,0.2,1
S02311,Addition,0,8,0.4,1,8,0.4,2,12,0.6,2,12,0.6,3,16,0.8,3,12,0.6,2,12,0.6,3,18,0.9,4
S03489,Fraction to Decimal,3,10,0.5,2,14,0.7,3,16,0.8,4,4,0.2,1,12,0.6,2,14,0.7,3,16,0.8,4,18,0.9,4
S03730,Subtraction,7,12,0.6,3,16,0.8,4,14,0.7,3,16,0.8,3,16,0.8,3,18,0.9,4,16,0.8,4,8,0.4,2
S02098,Simplifying Fractions,6,12,0.6,2,14,0.7,3,6,0.3,1,12,0.6,2,4,0.2,0,16,0.8,4,4,0.2,1,10,0.5,2
S04718,Comparing Fractions,1,16,0.8,4,4,0.2,1,16,0.8,4,10,0.5,2,12,0.6,2,16,0.8,4,6,0.3,1,8,0.4,2
S01256,Simplifying Fractions,6,12,0.6,3,18,0.9,4,12,0.6,3,18,0.9,4,16,0.8,4,16,0.8,4,8,0.4,2,16,0.8,4
S04649,Subtraction,7,16,0.8,4,14,0.7,2,8,0.4,1,10,0.5,1,12,0.6,3,8,0.4,2,16,0.8,4,2,0.1,0
S02974,Fraction to Decimal,3,16,0.8,3,16,0.8,4,16,0.8,4,10,0.5,1,12,0.6,3,16,0.8,4,16,0.8,4,12,0.6,3
S03259,Ordering Fractions,5,10,0.5,2,14,0.7,3,12,0.6,3,12,0.6,2,14,0.7,3,6,0.3,1,12,0.6,3,8,0.4,2
S04367,Addition,0,6,0.3,1,14,0.7,3,8,0.4,2,12,0.6,3,16,0.8,4,8,0.4,2,10,0.5,2,10,0.5,2
S04083,Ordering Fractions,5,10,0.5,2,12,0.6,3,10,0.5,2,8,0.4,1,16,0.8,3,4,0.2,1,14,0.7,3,4,0.2,1
S06158,Division,2,8,0.4,2,12,0.6,3,0,0.0,0,0,0.0,0,8,0.4,2,8,0.4,2,8,0.4,2,4,0.2,1
S04578,Multiplication,4,16,0.8,4,16,0.8,4,10,0.5,2,16,0.8,4,8,0.4,2,14,0.7,3,12,0.6,3,16,0.8,4
S05563,Ordering Fractions,5,8,0.4,2,8,0.4,2,8,0.4,2,14,0.7,3,6,0.3,1,0,0.0,0,8,0.4,2,0,0.0,0
S01043,Multiplication,4,16,0.8,4,8,0.4,1,6,0.3,1,6,0.3,1,4,0.2,0,14,0.7,3,8,0.4,2,12,0.6,2
S02465,Fraction to Decimal,3,10,0.5,1,12,0.6,3,14,0.7,3,2,0.1,0,16,0.8,3,8,0.4,1,16,0.8,3,10,0.5,2
S05984,Comparing Fractions,1,6,0.3,1,4,0.2,1,4,0.2,1,16,0.8,4,10,0.5,2,12,0.6,3,4,0.2,1,14,0.7,3
S05665,Fraction to Decimal,3,8,0.4,2,10,0.5,2,8,0.4,2,4,0.2,1,18,0.9,4,14,0.7,3,12,0.6,3,12,0.6,3
S01642,Addition,0,6,0.3,1,8,0.4,2,10,0.5,2,10,0.5,2,12,0.6,3,6,0.3,1,12,0.6,3,6,0.3,1
S00983,Fraction to Decimal,3,12,0.6,3,12,0.6,3,20,1.0,5,2,0.1,0,16,0.8,4,14,0.7,3,20,1.0,5,16,0.8,4
S02909,Subtraction,7,16,0.8,4,16,0.8,4,12,0.6,3,12,0.6,3,12,0.6,3,18,0.9,4,16,0.8,3,6,0.3,1
S03456,Multiplication,4,6,0.3,1,8,0.4,1,18,0.9,4,16,0.8,3,4,0.2,1,8,0.4,1,8,0.4,1,12,0.6,2
S03937,Multiplication,4,20,1.0,5,8,0.4,2,12,0.6,2,10,0.5,2,2,0.1,0,10,0.5,1,8,0.4,1,4,0.2,1
S04599,Comparing Fractions,1,14,0.7,3,6,0.3,1,14,0.7,3,8,0.4,2,8,0.4,1,16,0.8,4,16,0.8,3,16,0.8,4
S00695,Multiplication,4,10,0.5,2,10,0.5,2,12,0.6,2,8,0.4,1,6,0.3,1,8,0.4,1,10,0.5,2,8,0.4,2
S04444,Division,2,10,0.5,2,12,0.6,3,4,0.2,0,14,0.7,2,10,0.5,2,8,0.4,2,12,0.6,2,10,0.5,2
S03038,Ordering Fractions,5,10,0.5,2,10,0.5,1,14,0.7,3,16,0.8,4,16,0.8,4,2,0.1,0,4,0.2,1,16,0.8,4
S05278,Ordering Fractions,5,16,0.8,4,0,0.0,0,4,0.2,1,4,0.2,1,10,0.5,2,0,0.0,0,12,0.6,3,8,0.4,2
S02166,Subtraction,7,12,0.6,2,10,0.5,2,18,0.9,4,8,0.4,2,14,0.7,3,12,0.6,3,14,0.7,3,8,0.4,1
S04024,Multiplication,4,16,0.8,4,14,0.7,3,6,0.3,1,16,0.8,3,4,0.2,0,14,0.7,3,8,0.4,1,8,0.4,1
S01402,Division,2,16,0.8,4,14,0.7,3,4,0.2,0,14,0.7,3,14,0.7,3,14,0.7,3,14,0.7,3,8,0.4,2
S03554,Division,2,10,0.5,2,10,0.5,2,8,0.4,1,8,0.4,2,16,0.8,4,12,0.6,2,12,0.6,2,16,0.8,4
S03439,Multiplication,4,16,0.8,4,20,1.0,5,12,0.6,3,14,0.7,3,4,0.2,0,14,0.7,3,16,0.8,4,10,0.5,2
S04646,Simplifying Fractions,6,18,0.9,4,14,0.7,3,16,0.8,3,10,0.5,1,20,1.0,5,18,0.9,4,2,0.1,0,14,0.7,3
S05967,Ordering Fractions,5,12,0.6,3,8,0.4,2,0,0.0,0,18,0.9,4,16,0.8,4,0,0.0,0,2,0.1,0,12,0.6,3
S04188,Ordering Fractions,5,14,0.7,3,12,0.6,3,6,0.3,1,10,0.5,2,14,0.7,3,4,0.2,1,12,0.6,3,16,0.8,4
S05516,Ordering Fractions,5,4,0.2,1,10,0.5,2,4,0.2,1,12,0.6,3,20,1.0,5,0,0.0,0,14,0.7,3,10,0.5,2
S01807,Ordering Fractions,5,6,0.3,1,14,0.7,3,14,0.7,3,8,0.4,2,10,0.5,2,4,0.2,1,8,0.4,2,12,0.6,3
S00891,Addition,0,8,0.4,1,14,0.7,3,14,0.7,2,20,1.0,5,12,0.6,3,14,0.7,2,10,0.5,2,8,0.4,2
S06287,Comparing Fractions,1,16,0.8,4,0,0.0,0,8,0.4,2,16,0.8,4,4,0.2,1,8,0.4,2,4,0.2,1,8,0.4,2
S03197,Fraction to Decimal,3,10,0.5,1,8,0.4,1,10,0.5,2,4,0.2,0,14,0.7,3,20,1.0,5,14,0.7,3,4,0.2,1
S03051,Ordering Fractions,5,16,0.8,4,18,0.9,4,10,0.5,2,12,0.6,3,16,0.8,4,8,0.4,2,10,0.5,1,18,0.9,4
S01657,Simplifying Fractions,6,12,0.6,2,14,0.7,3,12,0.6,2,18,0.9,4,10,0.5,2,16,0.8,4,8,0.4,2,18,0.9,4
S00253,Addition,0,8,0.4,1,12,0.6,2,20,1.0,5,10,0.5,1,10,0.5,2,20,1.0,5,16,0.8,3,18,0.9,4
S00289,Multiplication,4,10,0.5,2,14,0.7,3,20,1.0,5,14,0.7,3,8,0.4,1,8,0.4,2,8,0.4,2,18,0.9,4
S00441,Simplifying Fractions,6,10,0.5,2,12,0.6,2,8,0.4,2,14,0.7,3,12,0.6,2,12,0.6,3,6,0.3,1,20,1.0,5
S00039,Addition,0,8,0.4,2,8,0.4,2,10,0.5,2,10,0.5,2,12,0.6,3,14,0.7,3,20,1.0,5,14,0.7,3
S04239,Simplifying Fractions,6,0,0.0,0,16,0.8,3,10,0.5,2,12,0.6,3,14,0.7,3,10,0.5,1,0,0.0,0,14,0.7,3
S02366,Simplifying Fractions,6,20,1.0,5,14,0.7,3,18,0.9,4,16,0.8,4,10,0.5,2,16,0.8,3,4,0.2,1,18,0.9,4
S04945,Multiplication,4,20,1.0,5,8,0.4,2,10,0.5,2,8,0.4,2,0,0.0,0,8,0.4,2,14,0.7,3,14,0.7,3
S05857,Ordering Fractions,5,20,1.0,5,12,0.6,3,8,0.4,2,4,0.2,1,14,0.7,3,4,0.2,1,4,0.2,1,6,0.3,1
S05414,Division,2,18,0.9,4,8,0.4,2,8,0.4,2,20,1.0,5,16,0.8,4,20,1.0,5,14,0.7,3,16,0.8,4
S03251,Multiplication,4,16,0.8,4,16,0.8,4,14,0.7,3,14,0.7,3,6,0.3,1,10,0.5,2,10,0.5,2,12,0.6,3
S02881,Addition,0,6,0.3,1,8,0.4,2,14,0.7,3,8,0.4,2,12,0.6,3,14,0.7,3,14,0.7,3,12,0.6,2
S00207,Subtraction,7,10,0.5,2,20,1.0,5,10,0.5,2,10,0.5,2,6,0.3,1,8,0.4,2,6,0.3,0,6,0.3,1
S03744,Ordering Fractions,5,20,1.0,5,12,0.6,2,10,0.5,2,16,0.8,4,14,0.7,3,4,0.2,1,18,0.9,4,16,0.8,4
S00360,Multiplication,4,16,0.8,3,12,0.6,3,16,0.8,4,16,0.8,4,10,0.5,2,14,0.7,3,18,0.9,4,12,0.6,3
S06015,Comparing Fractions,1,12,0.6,3,4,0.2,1,8,0.4,2,8,0.4,2,16,0.8,4,12,0.6,3,20,1.0,5,20,1.0,5
S01780,Division,2,14,0.7,3,14,0.7,3,2,0.1,0,6,0.3,1,18,0.9,4,16,0.8,3,16,0.8,4,18,0.9,4
S05700,Simplifying Fractions,6,10,0.5,2,4,0.2,1,10,0.5,2,6,0.3,1,18,0.9,4,6,0.3,1,0,0.0,0,12,0.6,3
S04712,Multiplication,4,16,0.8,4,8,0.4,2,18,0.9,4,14,0.7,3,8,0.4,1,12,0.6,3,14,0.7,3,18,0.9,4
S01481,Comparing Fractions,1,8,0.4,2,6,0.3,1,14,0.7,3,8,0.4,2,14,0.7,3,14,0.7,3,20,1.0,5,10,0.5,2
S02809,Ordering Fractions,5,14,0.7,3,12,0.6,3,18,0.9,4,14,0.7,3,16,0.8,4,2,0.1,0,12,0.6,3,10,0.5,2
S01092,Subtraction,7,12,0.6,3,14,0.7,3,10,0.5,2,14,0.7,3,12,0.6,3,12,0.6,2,18,0.9,4,8,0.4,2
S01017,Simplifying Fractions,6,10,0.5,2,10,0.5,2,12,0.6,3,10,0.5,2,14,0.7,3,16,0.8,3,8,0.4,1,18,0.9,4
S02035,Fraction to Decimal,3,4,0.2,1,8,0.4,1,14,0.7,3,0,0.0,0,14,0.7,3,16,0.8,4,8,0.4,0,14,0.7,3
S05126,Subtraction,7,4,0.2,1,18,0.9,4,18,0.9,4,8,0.4,2,8,0.4,2,10,0.5,2,20,1.0,5,0,0.0,0
S01850,Fraction to Decimal,3,8,0.4,1,14,0.7,3,12,0.6,3,6,0.3,1,12,0.6,3,14,0.7,2,12,0.6,3,12,0.6,2
S00470,Addition,0,8,0.4,1,12,0.6,3,14,0.7,3,12,0.6,3,20,1.0,5,8,0.4,2,16,0.8,3,16,0.8,3
S00129,Fraction to Decimal,3,18,0.9,4,12,0.6,3,10,0.5,2,8,0.4,1,16,0.8,4,16,0.8,4,10,0.5,2,14,0.7,3
S01551,Addition,0,8,0.4,1,12,0.6,2,10,0.5,2,8,0.4,2,12,0.6,2,8,0.4,2,10,0.5,2,12,0.6,3
S00943,Simplifying Fractions,6,20,1.0,5,8,0.4,2,12,0.6,3,4,0.2,1,12,0.6,3,10,0.5,2,4,0.2,1,20,1.0,5
S03759,Subtraction,7,12,0.6,3,12,0.6,3,16,0.8,4,12,0.6,3,16,0.8,4,16,0.8,3,16,0.8,4,10,0.5,2
S02168,Comparing Fractions,1,10,0.5,2,4,0.2,0,20,1.0,5,8,0.4,1,12,0.6,3,14,0.7,3,8,0.4,2,14,0.7,3
S05141,Ordering Fractions,5,16,0.8,4,14,0.7,3,18,0.9,4,8,0.4,2,12,0.6,3,8,0.4,2,16,0.8,4,8,0.4,2
S02589,Subtraction,7,14,0.7,3,14,0.7,3,12,0.6,2,14,0.7,3,10,0.5,2,16,0.8,3,14,0.7,3,10,0.5,1
S02734,Subtraction,7,10,0.5,2,14,0.7,3,8,0.4,1,8,0.4,1,16,0.8,4,16,0.8,4,16,0.8,4,8,0.4,2
S05248,Simplifying Fractions,6,16,0.8,4,4,0.2,1,20,1.0,5,8,0.4,2,8,0.4,2,16,0.8,4,4,0.2,1,12,0.6,3
S01105,Ordering Fractions,5,12,0.6,3,12,0.6,2,16,0.8,4,14,0.7,3,6,0.3,1,2,0.1,0,6,0.3,1,12,0.6,3
S02651,Addition,0,4,0.2,1,12,0.6,2,8,0.4,2,8,0.4,2,8,0.4,1,10,0.5,2,14,0.7,3,4,0.2,1
S05781,Division,2,8,0.4,2,10,0.5,2,0,0.0,0,4,0.2,1,14,0.7,3,12,0.6,3,10,0.5,2,10,0.5,2
S00086,Fraction to Decimal,3,10,0.5,2,12,0.6,3,12,0.6,3,8,0.4,2,16,0.8,4,8,0.4,1,14,0.7,3,14,0.7,3
S00094,Subtraction,7,12,0.6,3,14,0.7,3,10,0.5,2,10,0.5,1,10,0.5,2,8,0.4,1,8,0.4,2,6,0.3,0
S02437,Division,2,12,0.6,2,6,0.3,1,4,0.2,0,10,0.5,2,10,0.5,2,6,0.3,1,8,0.4,0,12,0.6,3
S01922,Comparing Fractions,1,16,0.8,3,12,0.6,3,16,0.8,4,16,0.8,4,16,0.8,4,16,0.8,4,14,0.7,3,18,0.9,4
S01622,Ordering Fractions,5,14,0.7,3,20,1.0,5,14,0.7,3,14,0.7,3,12,0.6,2,10,0.5,2,12,0.6,3,12,0.6,3
S03559,Subtraction,7,16,0.8,3,14,0.7,3,16,0.8,4,10,0.5,2,12,0.6,3,20,1.0,5,20,1.0,5,10,0.5,2
S02212,Multiplication,4,14,0.7,3,18,0.9,4,14,0.7,3,16,0.8,4,8,0.4,1,20,1.0,5,16,0.8,4,10,0.5,2
S00038,Multiplication,4,14,0.7,3,10,0.5,1,12,0.6,3,8,0.4,1,6,0.3,1,14,0.7,2,14,0.7,3,8,0.4,1
S02010,Addition,0,8,0.4,1,14,0.7,3,10,0.5,2,18,0.9,4,16,0.8,4,12,0.6,2,12,0.6,3,20,1.0,5
S01227,Simplifying Fractions,6,14,0.7,3,12,0.6,3,10,0.5,2,4,0.2,1,12,0.6,3,16,0.8,4,0,0.0,0,12,0.6,2
S01563,Addition,0,2,0.1,0,12,0.6,2,12,0.6,2,10,0.5,2,8,0.4,2,16,0.8,4,10,0.5,2,16,0.8,4
S01571,Simplifying Fractions,6,8,0.4,2,6,0.3,0,6,0.3,1,8,0.4,2,16,0.8,4,12,0.6,3,4,0.2,0,4,0.2,1
S03130,Multiplication,4,10,0.5,1,16,0.8,4,4,0.2,0,10,0.5,2,0,0.0,0,16,0.8,3,12,0.6,2,16,0.8,4
S01895,Fraction to Decimal,3,8,0.4,2,18,0.9,4,8,0.4,1,4,0.2,1,20,1.0,5,8,0.4,2,20,1.0,5,18,0.9,4
S00538,Fraction to Decimal,3,10,0.5,2,10,0.5,2,12,0.6,3,6,0.3,1,14,0.7,3,14,0.7,3,10,0.5,2,16,0.8,4
S02185,Subtraction,7,14,0.7,3,14,0.7,3,14,0.7,3,16,0.8,4,8,0.4,2,12,0.6,3,10,0.5,2,8,0.4,1
S04699,Ordering Fractions,5,10,0.5,2,8,0.4,1,10,0.5,2,12,0.6,1,20,1.0,5,6,0.3,1,14,0.7,3,12,0.6,2
S03690,Subtraction,7,16,0.8,4,10,0.5,2,20,1.0,5,16,0.8,4,12,0.6,3,16,0.8,4,10,0.5,2,8,0.4,1
S02842,Ordering Fractions,5,16,0.8,4,4,0.2,1,6,0.3,1,12,0.6,3,12,0.6,3,4,0.2,1,12,0.6,3,12,0.6,2
S02799,Subtraction,7,16,0.8,4,12,0.6,3,12,0.6,3,12,0.6,2,14,0.7,2,12,0.6,2,8,0.4,2,8,0.4,1
S00960,Simplifying Fractions,6,14,0.7,3,10,0.5,2,16,0.8,4,8,0.4,2,2,0.1,0,8,0.4,2,0,0.0,0,10,0.5,2
S00723,Multiplication,4,12,0.6,3,16,0.8,4,12,0.6,3,12,0.6,3,8,0.4,2,14,0.7,3,14,0.7,3,16,0.8,4
S04994,Fraction to Decimal,3,10,0.5,2,16,0.8,4,8,0.4,2,6,0.3,1,8,0.4,2,10,0.5,2,20,1.0,5,20,1.0,5
S02777,Fraction to Decimal,3,16,0.8,4,10,0.5,2,16,0.8,4,6,0.3,1,12,0.6,3,12,0.6,3,12,0.6,2,14,0.7,3
S02503,Fraction to Decimal,3,14,0.7,3,4,0.2,0,16,0.8,3,4,0.2,0,14,0.7,3,12,0.6,2,14,0.7,3,14,0.7,3
S00613,Comparing Fractions,1,10,0.5,1,8,0.4,1,16,0.8,3,12,0.6,2,16,0.8,4,14,0.7,3,14,0.7,3,14,0.7,3
S04903,Ordering Fractions,5,10,0.5,1,14,0.7,3,8,0.4,2,10,0.5,2,4,0.2,1,4,0.2,0,8,0.4,1,18,0.9,4
S01982,Fraction to Decimal,3,16,0.8,4,16,0.8,4,10,0.5,1,6,0.3,1,16,0.8,4,12,0.6,3,14,0.7,2,12,0.6,3
S05374,Multiplication,4,8,0.4,2,16,0.8,4,18,0.9,4,4,0.2,1,4,0.2,1,16,0.8,4,12,0.6,3,12,0.6,3
S01377,Subtraction,7,10,0.5,2,12,0.6,3,14,0.7,3,10,0.5,2,16,0.8,4,14,0.7,3,16,0.8,4,6,0.3,1
S02050,Multiplication,4,8,0.4,1,14,0.7,3,6,0.3,1,10,0.5,2,6,0.3,1,16,0.8,3,12,0.6,3,12,0.6,3
S05229,Fraction to Decimal,3,4,0.2,1,8,0.4,2,4,0.2,1,4,0.2,1,14,0.7,3,12,0.6,3,4,0.2,1,8,0.4,2
S01208,Division,2,16,0.8,4,12,0.6,3,4,0.2,1,14,0.7,3,16,0.8,4,10,0.5,2,18,0.9,4,8,0.4,1
S01101,Addition,0,2,0.1,0,8,0.4,2,12,0.6,3,20,1.0,5,8,0.4,2,12,0.6,3,14,0.7,3,2,0.1,0
S04476,Ordering Fractions,5,16,0.8,4,18,0.9,4,14,0.7,3,6,0.3,1,18,0.9,4,4,0.2,0,6,0.3,1,10,0.5,2
S00149,Fraction to Decimal,3,8,0.4,2,12,0.6,2,10,0.5,1,4,0.2,0,8,0.4,2,12,0.6,2,4,0.2,1,6,0.3,1
S04582,Multiplication,4,10,0.5,2,8,0.4,1,14,0.7,3,14,0.7,3,6,0.3,0,16,0.8,4,10,0.5,2,10,0.5,2
S03614,Fraction to Decimal,3,8,0.4,2,12,0.6,3,14,0.7,3,2,0.1,0,10,0.5,1,12,0.6,2,12,0.6,3,12,0.6,2
S03831,Division,2,12,0.6,2,14,0.7,3,4,0.2,0,8,0.4,1,20,1.0,5,10,0.5,2,18,0.9,4,12,0.6,3
S02912,Fraction to Decimal,3,14,0.7,2,10,0.5,2,14,0.7,3,4,0.2,1,10,0.5,2,14,0.7,3,8,0.4,2,14,0.7,3
S04271,Comparing Fractions,1,18,0.9,4,10,0.5,2,16,0.8,4,12,0.6,1,10,0.5,2,10,0.5,2,16,0.8,3,18,0.9,4
S05874,Ordering Fractions,5,4,0.2,1,8,0.4,2,16,0.8,4,18,0.9,4,8,0.4,2,4,0.2,1,10,0.5,2,8,0.4,2
S04725,Multiplication,4,18,0.9,4,6,0.3,1,8,0.4,1,8,0.4,2,4,0.2,0,12,0.6,3,12,0.6,2,16,0.8,4
S05259,Multiplication,4,2,0.1,0,6,0.3,1,8,0.4,2,0,0.0,0,0,0.0,0,4,0.2,1,8,0.4,2,18,0.9,4
S05152,Comparing Fractions,1,12,0.6,3,8,0.4,2,8,0.4,2,12,0.6,3,8,0.4,2,20,1.0,5,20,1.0,5,14,0.7,3
S01015,Multiplication,4,6,0.3,1,16,0.8,4,16,0.8,3,18,0.9,4,6,0.3,0,12,0.6,2,14,0.7,3,14,0.7,3
S05151,Fraction to Decimal,3,12,0.6,3,8,0.4,2,20,1.0,5,0,0.0,0,16,0.8,4,8,0.4,2,14,0.7,3,8,0.4,2
S02591,Addition,0,2,0.1,0,16,0.8,4,6,0.3,1,12,0.6,3,14,0.7,3,8,0.4,1,10,0.5,2,16,0.8,4
S03855,Comparing Fractions,1,18,0.9,4,6,0.3,1,20,1.0,5,16,0.8,4,8,0.4,2,14,0.7,3,14,0.7,3,12,0.6,2
S05071,Division,2,18,0.9,4,12,0.6,3,4,0.2,1,12,0.6,3,14,0.7,3,20,1.0,5,10,0.5,2,10,0.5,2
S05802,Addition,0,4,0.2,1,12,0.6,3,8,0.4,2,16,0.8,4,12,0.6,3,12,0.6,3,16,0.8,4,16,0.8,4
S01273,Fraction to Decimal,3,14,0.7,3,12,0.6,2,16,0.8,4,6,0.3,1,12,0.6,2,8,0.4,1,10,0.5,2,10,0.5,1
S00664,Comparing Fractions,1,12,0.6,3,8,0.4,0,16,0.8,4,12,0.6,2,10,0.5,2,18,0.9,4,8,0.4,1,12,0.6,2
S01174,Multiplication,4,18,0.9,4,10,0.5,2,20,1.0,5,12,0.6,3,8,0.4,1,16,0.8,4,8,0.4,2,16,0.8,4
S01896,Subtraction,7,14,0.7,3,16,0.8,4,16,0.8,4,16,0.8,4,16,0.8,4,16,0.8,4,14,0.7,3,8,0.4,1
S00977,Fraction to Decimal,3,8,0.4,1,18,0.9,4,12,0.6,3,6,0.3,1,14,0.7,3,10,0.5,2,16,0.8,4,10,0.5,2
S04829,Ordering Fractions,5,16,0.8,4,10,0.5,2,14,0.7,3,12,0.6,2,14,0.7,3,10,0.5,2,10,0.5,2,20,1.0,5
S04035,Simplifying Fractions,6,14,0.7,3,6,0.3,1,8,0.4,2,6,0.3,1,20,1.0,5,14,0.7,2,2,0.1,0,12,0.6,2
S02782,Fraction to Decimal,3,12,0.6,3,8,0.4,2,8,0.4,2,8,0.4,2,12,0.6,1,16,0.8,4,14,0.7,3,20,1.0,5
S06186,Ordering Fractions,5,12,0.6,3,20,1.0,5,0,0.0,0,0,0.0,0,8,0.4,2,0,0.0,0,4,0.2,1,4,0.2,1
S01616,Fraction to Decimal,3,12,0.6,2,12,0.6,3,16,0.8,4,4,0.2,1,10,0.5,2,16,0.8,4,6,0.3,1,10,0.5,2
S04938,Simplifying Fractions,6,18,0.9,4,12,0.6,3,8,0.4,1,10,0.5,2,10,0.5,1,14,0.7,3,8,0.4,2,12,0.6,2
S02908,Multiplication,4,16,0.8,4,16,0.8,3,12,0.6,2,10,0.5,2,4,0.2,1,8,0.4,2,12,0.6,3,16,0.8,4
S00956,Division,2,8,0.4,1,12,0.6,3,2,0.1,0,8,0.4,1,8,0.4,1,12,0.6,3,6,0.3,1,14,0.7,3
S03689,Fraction to Decimal,3,12,0.6,2,12,0.6,3,14,0.7,3,8,0.4,1,14,0.7,3,16,0.8,4,16,0.8,4,14,0.7,3
S02258,Multiplication,4,12,0.6,2,12,0.6,3,12,0.6,3,8,0.4,2,4,0.2,0,12,0.6,2,10,0.5,2,12,0.6,2
S05646,Comparing Fractions,1,12,0.6,3,10,0.5,2,14,0.7,3,14,0.7,3,12,0.6,3,16,0.8,4,20,1.0,5,20,1.0,5
S00870,Fraction to Decimal,3,14,0.7,3,16,0.8,4,8,0.4,2,4,0.2,0,16,0.8,4,14,0.7,3,14,0.7,3,10,0.5,2
S06279,Simplifying Fractions,6,8,0.4,2,20,1.0,5,8,0.4,2,8,0.4,2,8,0.4,2,20,1.0,5,4,0.2,1,20,1.0,5
S01366,Ordering Fractions,5,14,0.7,3,18,0.9,4,14,0.7,3,10,0.5,2,4,0.2,0,2,0.1,0,8,0.4,2,12,0.6,2
S03666,Division,2,12,0.6,3,18,0.9,4,10,0.5,2,12,0.6,3,16,0.8,4,20,1.0,5,18,0.9,4,12,0.6,2
S01535,Fraction to Decimal,3,10,0.5,2,12,0.6,3,16,0.8,3,4,0.2,1,14,0.7,3,4,0.2,0,6,0.3,1,16,0.8,4
S05409,Fraction to Decimal,3,16,0.8,4,16,0.8,4,12,0.6,3,8,0.4,2,16,0.8,4,8,0.4,2,16,0.8,4,12,0.6,3
S03586,Fraction to Decimal,3,16,0.8,3,18,0.9,4,8,0.4,2,6,0.3,0,10,0.5,2,8,0.4,1,12,0.6,2,16,0.8,3
S05242,Fraction to Decimal,3,20,1.0,5,14,0.7,3,14,0.7,3,0,0.0,0,18,0.9,4,16,0.8,4,20,1.0,5,16,0.8,4
S00499,Comparing Fractions,1,14,0.7,3,8,0.4,0,12,0.6,3,20,1.0,5,12,0.6,2,16,0.8,3,16,0.8,4,12,0.6,3
S04871,Subtraction,7,16,0.8,3,14,0.7,3,12,0.6,2,12,0.6,3,10,0.5,2,18,0.9,4,12,0.6,3,6,0.3,1
S04155,Multiplication,4,16,0.8,3,12,0.6,3,12,0.6,2,14,0.7,3,8,0.4,1,18,0.9,4,16,0.8,4,14,0.7,3
S03075,Addition,0,2,0.1,0,6,0.3,1,14,0.7,3,10,0.5,2,20,1.0,5,10,0.5,2,8,0.4,2,14,0.7,3
S05358,Multiplication,4,12,0.6,3,16,0.8,4,0,0.0,0,8,0.4,2,0,0.0,0,8,0.4,2,14,0.7,3,12,0.6,3
S04573,Division,2,8,0.4,1,14,0.7,3,4,0.2,1,12,0.6,3,10,0.5,2,6,0.3,1,18,0.9,4,14,0.7,2
S02331,Subtraction,7,8,0.4,0,10,0.5,2,16,0.8,4,12,0.6,3,14,0.7,3,18,0.9,4,12,0.6,3,6,0.3,1
S02993,Comparing Fractions,1,10,0.5,2,6,0.3,1,12,0.6,3,10,0.5,2,10,0.5,1,16,0.8,4,18,0.9,4,12,0.6,3
S01528,Simplifying Fractions,6,12,0.6,3,12,0.6,3,14,0.7,2,10,0.5,2,14,0.7,3,10,0.5,1,2,0.1,0,12,0.6,3
S00894,Subtraction,7,16,0.8,4,12,0.6,3,14,0.7,3,14,0.7,2,16,0.8,3,16,0.8,4,14,0.7,3,8,0.4,2
S03861,Multiplication,4,14,0.7,3,14,0.7,3,10,0.5,2,8,0.4,1,8,0.4,1,12,0.6,3,14,0.7,3,12,0.6,2
S05292,Ordering Fractions,5,8,0.4,2,12,0.6,3,4,0.2,1,4,0.2,1,10,0.5,2,2,0.1,0,2,0.1,0,16,0.8,4
S03213,Multiplication,4,14,0.7,3,16,0.8,4,14,0.7,3,16,0.8,4,8,0.4,2,12,0.6,3,16,0.8,3,12,0.6,2
S02947,Subtraction,7,14,0.7,3,8,0.4,2,14,0.7,3,12,0.6,3,16,0.8,4,14,0.7,3,16,0.8,4,4,0.2,1
S02978,Multiplication,4,16,0.8,4,14,0.7,3,20,1.0,5,10,0.5,2,0,0.0,0,12,0.6,3,12,0.6,3,14,0.7,3
S05630,Ordering Fractions,5,8,0.4,2,16,0.8,4,6,0.3,1,12,0.6,3,10,0.5,2,4,0.2,1,16,0.8,4,16,0.8,4
S03988,Addition,0,6,0.3,1,16,0.8,4,8,0.4,2,12,0.6,3,16,0.8,4,18,0.9,4,12,0.6,3,12,0.6,3
S02886,Fraction to Decimal,3,8,0.4,2,12,0.6,3,12,0.6,3,6,0.3,0,12,0.6,2,8,0.4,2,16,0.8,3,12,0.6,2
S02796,Subtraction,7,14,0.7,3,8,0.4,2,12,0.6,3,10,0.5,1,16,0.8,4,12,0.6,3,12,0.6,2,2,0.1,0
S05772,Subtraction,7,16,0.8,4,20,1.0,5,8,0.4,2,12,0.6,3,14,0.7,3,4,0.2,1,18,0.9,4,4,0.2,1
S02791,Simplifying Fractions,6,10,0.5,2,10,0.5,2,14,0.7,3,12,0.6,3,20,1.0,5,16,0.8,4,8,0.4,1,12,0.6,3
S03800,Division,2,10,0.5,2,12,0.6,2,4,0.2,0,6,0.3,1,10,0.5,2,20,1.0,5,6,0.3,0,12,0.6,3
S01859,Comparing Fractions,1,12,0.6,3,6,0.3,1,12,0.6,3,12,0.6,3,14,0.7,3,14,0.7,3,10,0.5,2,10,0.5,2
S04150,Ordering Fractions,5,10,0.5,2,8,0.4,2,16,0.8,3,8,0.4,2,16,0.8,4,6,0.3,1,16,0.8,4,10,0.5,2
S05721,Ordering Fractions,5,6,0.3,1,8,0.4,2,16,0.8,4,12,0.6,3,12,0.6,3,6,0.3,1,12,0.6,3,14,0.7,3
S00686,Subtraction,7,8,0.4,2,6,0.3,1,6,0.3,1,14,0.7,3,18,0.9,4,10,0.5,2,12,0.6,3,4,0.2,1
S03756,Multiplication,4,18,0.9,4,12,0.6,3,18,0.9,4,12,0.6,3,4,0.2,1,16,0.8,4,18,0.9,4,18,0.9,4
S00382,Fraction to Decimal,3,12,0.6,3,12,0.6,3,12,0.6,2,8,0.4,1,8,0.4,2,16,0.8,3,12,0.6,3,18,0.9,4
S01076,Subtraction,7,14,0.7,3,10,0.5,2,12,0.6,3,10,0.5,2,16,0.8,3,16,0.8,4,14,0.7,3,8,0.4,2
S06368,Simplifying Fractions,6,8,0.4,2,8,0.4,2,12,0.6,3,12,0.6,3,16,0.8,4,12,0.6,3,0,0.0,0,12,0.6,3
S05889,Fraction to Decimal,3,12,0.6,3,12,0.6,3,12,0.6,3,0,0.0,0,8,0.4,2,12,0.6,3,8,0.4,2,8,0.4,2
S03040,Division,2,10,0.5,1,18,0.9,4,10,0.5,2,16,0.8,4,12,0.6,3,14,0.7,3,10,0.5,2,12,0.6,3
S04774,Addition,0,4,0.2,1,18,0.9,4,8,0.4,1,12,0.6,2,10,0.5,2,20,1.0,5,10,0.5,2,18,0.9,4
S04930,Division,2,16,0.8,4,20,1.0,5,4,0.2,0,12,0.6,3,14,0.7,3,12,0.6,2,20,1.0,5,14,0.7,3
S00034,Simplifying Fractions,6,16,0.8,4,12,0.6,3,20,1.0,5,6,0.3,1,12,0.6,3,14,0.7,3,6,0.3,1,16,0.8,4
S03150,Fraction to Decimal,3,20,1.0,5,18,0.9,4,14,0.7,3,6,0.3,0,20,1.0,5,12,0.6,3,16,0.8,4,12,0.6,3
S02378,Fraction to Decimal,3,10,0.5,2,10,0.5,2,16,0.8,4,4,0.2,1,12,0.6,2,4,0.2,1,8,0.4,1,10,0.5,2
S05208,Division,2,20,1.0,5,12,0.6,3,4,0.2,1,18,0.9,4,14,0.7,3,4,0.2,1,16,0.8,4,16,0.8,4
S06203,Addition,0,0,0.0,0,12,0.6,3,4,0.2,1,12,0.6,3,8,0.4,2,8,0.4,2,20,1.0,5,12,0.6,3
S04642,Subtraction,7,8,0.4,1,14,0.7,3,14,0.7,3,4,0.2,0,12,0.6,2,16,0.8,4,12,0.6,3,4,0.2,0
S00031,Fraction to Decimal,3,8,0.4,1,14,0.7,2,6,0.3,1,2,0.1,0,12,0.6,3,12,0.6,3,16,0.8,4,14,0.7,3
S01052,Comparing Fractions,1,6,0.3,1,4,0.2,1,4,0.2,0,6,0.3,1,10,0.5,2,12,0.6,2,10,0.5,1,10,0.5,2
S04390,Simplifying Fractions,6,14,0.7,3,14,0.7,2,14,0.7,3,14,0.7,3,12,0.6,2,14,0.7,3,10,0.5,2,10,0.5,2
S05194,Fraction to Decimal,3,20,1.0,5,12,0.6,3,12,0.6,3,4,0.2,1,14,0.7,3,8,0.4,2,12,0.6,3,12,0.6,3
S03751,Fraction to Decimal,3,10,0.5,2,18,0.9,4,8,0.4,1,4,0.2,1,8,0.4,2,12,0.6,2,16,0.8,4,10,0.5,2
S02755,Division,2,14,0.7,3,20,1.0,5,4,0.2,1,10,0.5,2,16,0.8,4,12,0.6,3,10,0.5,2,14,0.7,3
S02294,Division,2,14,0.7,2,12,0.6,3,6,0.3,1,12,0.6,3,8,0.4,1,6,0.3,1,16,0.8,4,14,0.7,3
S02276,Subtraction,7,18,0.9,4,16,0.8,4,12,0.6,3,12,0.6,2,20,1.0,5,14,0.7,3,20,1.0,5,8,0.4,1
S00680,Addition,0,4,0.2,0,14,0.7,3,16,0.8,3,12,0.6,3,12,0.6,2,12,0.6,3,16,0.8,4,8,0.4,2
S03837,Comparing Fractions,1,18,0.9,4,4,0.2,0,10,0.5,1,14,0.7,3,10,0.5,2,14,0.7,3,16,0.8,4,16,0.8,4
S04581,Subtraction,7,18,0.9,4,14,0.7,3,12,0.6,3,14,0.7,3,20,1.0,5,8,0.4,1,14,0.7,2,8,0.4,2
S03009,Comparing Fractions,1,16,0.8,4,4,0.2,1,12,0.6,3,14,0.7,3,16,0.8,4,12,0.6,3,12,0.6,3,14,0.7,3
S04998,Multiplication,4,14,0.7,3,10,0.5,1,16,0.8,3,10,0.5,2,4,0.2,0,6,0.3,1,14,0.7,3,20,1.0,5
S05819,Comparing Fractions,1,4,0.2,1,0,0.0,0,8,0.4,2,4,0.2,1,12,0.6,3,12,0.6,3,14,0.7,3,4,0.2,1
S02065,Multiplication,4,8,0.4,2,12,0.6,3,16,0.8,4,18,0.9,4,4,0.2,1,12,0.6,3,6,0.3,1,8,0.4,1
S06304,Multiplication,4,12,0.6,3,16,0.8,4,12,0.6,3,12,0.6,3,8,0.4,2,20,1.0,5,12,0.6,3,20,1.0,5
S03810,Addition,0,4,0.2,0,8,0.4,2,10,0.5,2,12,0.6,1,16,0.8,3,16,0.8,4,6,0.3,1,16,0.8,3
S03285,Comparing Fractions,1,10,0.5,2,2,0.1,0,6,0.3,0,10,0.5,1,10,0.5,2,12,0.6,2,2,0.1,0,16,0.8,4
S03256,Addition,0,4,0.2,1,16,0.8,3,16,0.8,4,12,0.6,3,16,0.8,3,12,0.6,3,10,0.5,2,4,0.2,1
S03876,Simplifying Fractions,6,8,0.4,1,10,0.5,2,16,0.8,3,12,0.6,3,14,0.7,3,12,0.6,3,6,0.3,1,10,0.5,2
S06167,Addition,0,4,0.2,1,16,0.8,4,4,0.2,1,8,0.4,2,4,0.2,1,16,0.8,4,12,0.6,3,16,0.8,4
S05590,Addition,0,0,0.0,0,20,1.0,5,14,0.7,3,6,0.3,1,4,0.2,1,10,0.5,2,10,0.5,2,4,0.2,1
S06246,Comparing Fractions,1,20,1.0,5,8,0.4,2,16,0.8,4,16,0.8,4,12,0.6,3,16,0.8,4,16,0.8,4,20,1.0,5
S05882,Multiplication,4,8,0.4,2,8,0.4,2,16,0.8,4,4,0.2,1,2,0.1,0,12,0.6,3,12,0.6,3,12,0.6,3
S01415,Comparing Fractions,1,12,0.6,3,10,0.5,2,14,0.7,3,12,0.6,2,20,1.0,5,20,1.0,5,14,0.7,3,14,0.7,3
S02312,Multiplication,4,16,0.8,4,10,0.5,2,12,0.6,3,6,0.3,1,4,0.2,1,14,0.7,3,12,0.6,3,16,0.8,4
S04103,Addition,0,4,0.2,0,14,0.7,3,16,0.8,4,8,0.4,2,12,0.6,2,12,0.6,2,18,0.9,4,16,0.8,4
S02770,Comparing Fractions,1,8,0.4,2,6,0.3,1,8,0.4,2,12,0.6,2,8,0.4,1,6,0.3,1,12,0.6,3,10,0.5,2
S03284,Multiplication,4,12,0.6,3,16,0.8,4,12,0.6,3,10,0.5,2,6,0.3,1,16,0.8,4,16,0.8,4,10,0.5,2
S00735,Simplifying Fractions,6,8,0.4,2,20,1.0,5,12,0.6,2,12,0.6,3,12,0.6,2,18,0.9,4,4,0.2,1,20,1.0,5
S06193,Fraction to Decimal,3,12,0.6,3,16,0.8,4,4,0.2,1,4,0.2,1,8,0.4,2,12,0.6,3,12,0.6,3,12,0.6,3
S01517,Ordering Fractions,5,6,0.3,1,10,0.5,1,16,0.8,4,6,0.3,1,12,0.6,3,4,0.2,1,12,0.6,3,16,0.8,4
S03395,Ordering Fractions,5,20,1.0,5,14,0.7,3,20,1.0,5,16,0.8,4,10,0.5,2,8,0.4,2,14,0.7,3,18,0.9,4
S04308,Multiplication,4,12,0.6,3,8,0.4,2,16,0.8,4,10,0.5,2,4,0.2,0,14,0.7,3,16,0.8,4,16,0.8,4
S02047,Division,2,8,0.4,2,16,0.8,4,4,0.2,1,10,0.5,1,14,0.7,3,10,0.5,2,14,0.7,3,14,0.7,3
S00817,Subtraction,7,12,0.6,2,20,1.0,5,14,0.7,3,2,0.1,0,10,0.5,2,16,0.8,3,20,1.0,5,2,0.1,0
S05483,Fraction to Decimal,3,8,0.4,2,8,0.4,2,12,0.6,3,4,0.2,1,14,0.7,3,10,0.5,2,8,0.4,2,14,0.7,3
S06257,Multiplication,4,8,0.4,2,16,0.8,4,4,0.2,1,20,1.0,5,4,0.2,1,8,0.4,2,12,0.6,3,16,0.8,4
S05835,Subtraction,7,4,0.2,1,20,1.0,5,12,0.6,3,8,0.4,2,16,0.8,4,2,0.1,0,12,0.6,3,0,0.0,0
S05854,Division,2,12,0.6,3,20,1.0,5,8,0.4,2,12,0.6,3,14,0.7,3,14,0.7,3,12,0.6,3,12,0.6,3
S00492,Ordering Fractions,5,18,0.9,4,12,0.6,2,18,0.9,4,6,0.3,1,12,0.6,3,6,0.3,1,16,0.8,4,20,1.0,5
S04486,Simplifying Fractions,6,12,0.6,3,10,0.5,2,12,0.6,3,14,0.7,3,16,0.8,4,18,0.9,4,10,0.5,2,14,0.7,3
S05855,Subtraction,7,16,0.8,4,14,0.7,3,10,0.5,2,12,0.6,3,16,0.8,4,12,0.6,3,20,1.0,5,8,0.4,2
S05546,Fraction to Decimal,3,16,0.8,4,2,0.1,0,12,0.6,3,0,0.0,0,16,0.8,4,4,0.2,1,12,0.6,3,4,0.2,1
S02356,Fraction to Decimal,3,14,0.7,3,8,0.4,2,14,0.7,3,4,0.2,1,10,0.5,2,10,0.5,2,12,0.6,3,14,0.7,3
S04043,Ordering Fractions,5,14,0.7,3,18,0.9,4,14,0.7,3,18,0.9,4,14,0.7,2,10,0.5,2,12,0.6,3,14,0.7,3
S02998,Division,2,12,0.6,2,8,0.4,1,8,0.4,2,14,0.7,3,14,0.7,3,12,0.6,3,12,0.6,3,12,0.6,3
S02506,Multiplication,4,8,0.4,1,10,0.5,2,16,0.8,3,12,0.6,3,8,0.4,2,12,0.6,3,18,0.9,4,16,0.8,4
S00009,Subtraction,7,12,0.6,3,12,0.6,3,14,0.7,3,10,0.5,1,20,1.0,5,20,1.0,5,8,0.4,2,6,0.3,1
S05007,Multiplication,4,10,0.5,2,16,0.8,4,20,1.0,5,4,0.2,1,4,0.2,1,14,0.7,3,8,0.4,2,16,0.8,4
S02093,Simplifying Fractions,6,8,0.4,1,10,0.5,2,14,0.7,3,10,0.5,1,16,0.8,4,12,0.6,3,8,0.4,2,14,0.7,3
S04478,Division,2,12,0.6,3,10,0.5,2,10,0.5,2,12,0.6,2,14,0.7,3,14,0.7,3,10,0.5,2,12,0.6,3
S03536,Simplifying Fractions,6,8,0.4,2,8,0.4,2,14,0.7,3,8,0.4,2,10,0.5,2,8,0.4,2,4,0.2,1,10,0.5,2
S00838,Fraction to Decimal,3,8,0.4,2,6,0.3,1,12,0.6,2,6,0.3,1,12,0.6,3,16,0.8,3,20,1.0,5,8,0.4,2
S02615,Comparing Fractions,1,16,0.8,4,6,0.3,1,18,0.9,4,16,0.8,4,12,0.6,3,8,0.4,2,8,0.4,1,8,0.4,2
S02587,Subtraction,7,16,0.8,3,16,0.8,4,8,0.4,2,14,0.7,3,8,0.4,1,10,0.5,2,10,0.5,2,8,0.4,1
S01689,Addition,0,0,0.0,0,14,0.7,3,10,0.5,2,18,0.9,4,8,0.4,2,12,0.6,2,10,0.5,1,10,0.5,2
S05322,Addition,0,2,0.1,0,12,0.6,3,14,0.7,3,4,0.2,1,20,1.0,5,14,0.7,3,20,1.0,5,6,0.3,1
S02997,Division,2,10,0.5,2,6,0.3,0,4,0.2,1,8,0.4,2,14,0.7,3,8,0.4,2,6,0.3,1,8,0.4,2
S04661,Ordering Fractions,5,4,0.2,1,16,0.8,4,18,0.9,4,16,0.8,4,12,0.6,2,4,0.2,1,18,0.9,4,6,0.3,1
S04522,Ordering Fractions,5,8,0.4,0,8,0.4,2,14,0.7,3,10,0.5,2,18,0.9,4,4,0.2,1,12,0.6,2,10,0.5,2
S02092,Addition,0,6,0.3,1,14,0.7,2,12,0.6,2,10,0.5,2,10,0.5,1,6,0.3,1,12,0.6,3,14,0.7,2
S03723,Division,2,12,0.6,2,12,0.6,3,2,0.1,0,12,0.6,3,14,0.7,3,8,0.4,2,8,0.4,1,20,1.0,5
S00787,Fraction to Decimal,3,12,0.6,2,12,0.6,3,14,0.7,3,2,0.1,0,12,0.6,2,12,0.6,2,6,0.3,1,12,0.6,2
S02829,Subtraction,7,16,0.8,4,10,0.5,2,14,0.7,2,10,0.5,2,14,0.7,2,14,0.7,3,20,1.0,5,6,0.3,1
S02543,Subtraction,7,8,0.4,1,6,0.3,1,8,0.4,2,10,0.5,2,10,0.5,2,14,0.7,3,10,0.5,2,6,0.3,1
S00708,Fraction to Decimal,3,12,0.6,3,16,0.8,4,12,0.6,3,12,0.6,2,12,0.6,3,14,0.7,2,14,0.7,3,16,0.8,4
S05708,Ordering Fractions,5,8,0.4,2,16,0.8,4,20,1.0,5,8,0.4,2,12,0.6,3,4,0.2,1,18,0.9,4,14,0.7,3
S03915,Simplifying Fractions,6,14,0.7,3,8,0.4,2,6,0.3,1,18,0.9,4,8,0.4,1,8,0.4,1,4,0.2,1,8,0.4,0
S04628,Ordering Fractions,5,18,0.9,4,10,0.5,2,8,0.4,1,14,0.7,3,10,0.5,2,4,0.2,0,20,1.0,5,14,0.7,3
S03198,Subtraction,7,4,0.2,1,10,0.5,2,10,0.5,2,10,0.5,1,12,0.6,1,6,0.3,1,16,0.8,4,4,0.2,0
S04672,Multiplication,4,12,0.6,3,14,0.7,3,18,0.9,4,14,0.7,3,8,0.4,2,18,0.9,4,14,0.7,3,12,0.6,3
S05980,Comparing Fractions,1,20,1.0,5,4,0.2,1,16,0.8,4,4,0.2,1,12,0.6,3,12,0.6,3,16,0.8,4,12,0.6,3
S04121,Division,2,20,1.0,5,16,0.8,4,8,0.4,2,20,1.0,5,18,0.9,4,18,0.9,4,12,0.6,3,16,0.8,4
S04130,Addition,0,6,0.3,1,14,0.7,3,16,0.8,4,10,0.5,2,14,0.7,3,16,0.8,4,16,0.8,4,12,0.6,3
S00364,Ordering Fractions,5,20,1.0,5,16,0.8,4,8,0.4,2,8,0.4,2,8,0.4,1,6,0.3,1,16,0.8,4,12,0.6,3
S03083,Fraction to Decimal,3,8,0.4,1,16,0.8,4,6,0.3,1,4,0.2,1,10,0.5,2,10,0.5,2,12,0.6,3,10,0.5,2
S01351,Simplifying Fractions,6,10,0.5,2,10,0.5,2,12,0.6,3,8,0.4,1,14,0.7,3,10,0.5,2,8,0.4,2,18,0.9,4
S04078,Addition,0,6,0.3,1,8,0.4,2,10,0.5,2,16,0.8,4,12,0.6,3,8,0.4,1,12,0.6,3,12,0.6,3
S01701,Addition,0,6,0.3,1,10,0.5,2,16,0.8,4,14,0.7,3,8,0.4,1,14,0.7,3,14,0.7,3,12,0.6,3
S04389,Comparing Fractions,1,14,0.7,3,12,0.6,2,16,0.8,3,20,1.0,5,14,0.7,3,20,1.0,5,12,0.6,3,18,0.9,4
S05581,Addition,0,0,0.0,0,12,0.6,3,6,0.3,1,12,0.6,3,12,0.6,3,12,0.6,3,12,0.6,3,12,0.6,3
S02141,Multiplication,4,10,0.5,2,16,0.8,4,16,0.8,3,6,0.3,1,4,0.2,1,20,1.0,5,8,0.4,2,14,0.7,3
S01480,Division,2,14,0.7,3,12,0.6,3,10,0.5,2,16,0.8,4,14,0.7,3,12,0.6,3,14,0.7,3,16,0.8,4
S01492,Fraction to Decimal,3,14,0.7,2,20,1.0,5,10,0.5,2,4,0.2,1,8,0.4,2,16,0.8,3,8,0.4,2,14,0.7,3
S00879,Ordering Fractions,5,8,0.4,1,18,0.9,4,10,0.5,1,16,0.8,4,10,0.5,2,8,0.4,2,16,0.8,3,18,0.9,4
S03441,Simplifying Fractions,6,12,0.6,2,12,0.6,3,8,0.4,2,14,0.7,3,12,0.6,2,10,0.5,2,4,0.2,0,8,0.4,1
S04063,Multiplication,4,16,0.8,3,12,0.6,2,10,0.5,2,8,0.4,1,2,0.1,0,18,0.9,4,14,0.7,3,14,0.7,3
S00310,Simplifying Fractions,6,8,0.4,2,20,1.0,5,20,1.0,5,18,0.9,4,12,0.6,3,10,0.5,2,8,0.4,2,14,0.7,3
S02028,Fraction to Decimal,3,10,0.5,2,18,0.9,4,12,0.6,2,6,0.3,1,12,0.6,3,14,0.7,3,18,0.9,4,14,0.7,3
S04515,Fraction to Decimal,3,10,0.5,2,16,0.8,4,12,0.6,3,4,0.2,0,20,1.0,5,16,0.8,3,10,0.5,2,12,0.6,3
S04813,Fraction to Decimal,3,14,0.7,3,12,0.6,3,14,0.7,3,6,0.3,1,16,0.8,4,20,1.0,5,12,0.6,3,10,0.5,2
S04211,Division,2,12,0.6,2,10,0.5,2,6,0.3,1,10,0.5,2,12,0.6,3,8,0.4,1,8,0.4,2,20,1.0,5
S04284,Fraction to Decimal,3,10,0.5,2,10,0.5,2,8,0.4,1,6,0.3,1,12,0.6,3,16,0.8,4,16,0.8,4,8,0.4,1
S00350,Simplifying Fractions,6,16,0.8,3,16,0.8,4,16,0.8,3,14,0.7,3,16,0.8,4,14,0.7,3,10,0.5,2,20,1.0,5
S00626,Ordering Fractions,5,10,0.5,2,16,0.8,4,12,0.6,3,20,1.0,5,12,0.6,3,8,0.4,2,12,0.6,3,10,0.5,2
S04855,Fraction to Decimal,3,14,0.7,3,14,0.7,3,12,0.6,3,8,0.4,1,8,0.4,1,14,0.7,3,12,0.6,3,10,0.5,1
S04359,Addition,0,6,0.3,1,12,0.6,2,12,0.6,3,12,0.6,3,16,0.8,4,8,0.4,2,14,0.7,3,8,0.4,1
S01951,Simplifying Fractions,6,16,0.8,3,6,0.3,1,20,1.0,5,8,0.4,1,8,0.4,2,14,0.7,3,6,0.3,1,14,0.7,3
S03611,Ordering Fractions,5,16,0.8,4,18,0.9,4,20,1.0,5,12,0.6,3,20,1.0,5,10,0.5,2,14,0.7,3,12,0.6,3
S04129,Simplifying Fractions,6,16,0.8,4,16,0.8,4,16,0.8,4,10,0.5,2,20,1.0,5,14,0.7,3,8,0.4,1,14,0.7,3
S03725,Fraction to Decimal,3,12,0.6,3,4,0.2,0,12,0.6,3,2,0.1,0,18,0.9,4,12,0.6,3,6,0.3,1,18,0.9,4
S03085,Comparing Fractions,1,20,1.0,5,4,0.2,0,8,0.4,2,12,0.6,2,10,0.5,2,16,0.8,4,12,0.6,3,12,0.6,3
S05747,Simplifying Fractions,6,12,0.6,3,16,0.8,4,20,1.0,5,12,0.6,3,20,1.0,5,12,0.6,3,8,0.4,2,12,0.6,3
S05806,Comparing Fractions,1,12,0.6,3,0,0.0,0,18,0.9,4,14,0.7,3,18,0.9,4,20,1.0,5,10,0.5,2,18,0.9,4
S01032,Simplifying Fractions,6,16,0.8,4,14,0.7,3,12,0.6,3,10,0.5,2,12,0.6,3,16,0.8,3,0,0.0,0,14,0.7,3
S05355,Fraction to Decimal,3,10,0.5,2,8,0.4,2,12,0.6,3,8,0.4,2,12,0.6,3,12,0.6,3,12,0.6,3,8,0.4,2
S00872,Ordering Fractions,5,16,0.8,4,18,0.9,4,10,0.5,2,18,0.9,4,12,0.6,2,8,0.4,2,20,1.0,5,18,0.9,4
S03900,Addition,0,8,0.4,1,10,0.5,2,14,0.7,3,12,0.6,3,16,0.8,3,12,0.6,3,16,0.8,4,12,0.6,3
S01574,Division,2,12,0.6,2,18,0.9,4,4,0.2,1,14,0.7,3,14,0.7,3,12,0.6,3,8,0.4,2,12,0.6,3
S05948,Multiplication,4,12,0.6,3,6,0.3,1,14,0.7,3,8,0.4,2,2,0.1,0,6,0.3,1,10,0.5,2,16,0.8,4
S04667,Comparing Fractions,1,10,0.5,2,4,0.2,0,12,0.6,2,8,0.4,2,4,0.2,1,16,0.8,4,6,0.3,1,8,0.4,1
S06098,Subtraction,7,8,0.4,2,8,0.4,2,4,0.2,1,8,0.4,2,4,0.2,1,16,0.8,4,8,0.4,2,0,0.0,0
S01734,Comparing Fractions,1,10,0.5,2,6,0.3,1,14,0.7,3,6,0.3,1,20,1.0,5,12,0.6,3,14,0.7,3,10,0.5,2
S01526,Fraction to Decimal,3,8,0.4,2,8,0.4,1,10,0.5,2,6,0.3,1,10,0.5,2,16,0.8,4,12,0.6,2,18,0.9,4
S04636,Simplifying Fractions,6,12,0.6,3,10,0.5,1,12,0.6,2,14,0.7,3,10,0.5,2,14,0.7,3,8,0.4,0,10,0.5,2
S06351,Simplifying Fractions,6,16,0.8,4,12,0.6,3,12,0.6,3,4,0.2,1,12,0.6,3,20,1.0,5,0,0.0,0,12,0.6,3
S01323,Simplifying Fractions,6,12,0.6,3,4,0.2,1,12,0.6,1,10,0.5,1,6,0.3,0,2,0.1,0,2,0.1,0,6,0.3,1
S06378,Simplifying Fractions,6,12,0.6,3,12,0.6,3,8,0.4,2,0,0.0,0,12,0.6,3,12,0.6,3,0,0.0,0,16,0.8,4
S05778,Multiplication,4,8,0.4,2,16,0.8,4,8,0.4,2,20,1.0,5,6,0.3,1,8,0.4,2,14,0.7,3,12,0.6,3
S04913,Simplifying Fractions,6,10,0.5,2,14,0.7,3,12,0.6,3,4,0.2,1,14,0.7,2,14,0.7,3,2,0.1,0,8,0.4,1
S00152,Multiplication,4,16,0.8,3,14,0.7,3,12,0.6,2,18,0.9,4,10,0.5,2,12,0.6,2,12,0.6,3,16,0.8,3
S05116,Ordering Fractions,5,16,0.8,4,12,0.6,3,8,0.4,2,16,0.8,4,16,0.8,4,4,0.2,1,16,0.8,4,16,0.8,4
S01683,Multiplication,4,10,0.5,2,12,0.6,3,10,0.5,2,8,0.4,1,8,0.4,1,10,0.5,1,12,0.6,3,16,0.8,4
S05659,Ordering Fractions,5,18,0.9,4,4,0.2,1,10,0.5,2,14,0.7,3,12,0.6,3,0,0.0,0,20,1.0,5,8,0.4,2
S02539,Addition,0,2,0.1,0,14,0.7,3,6,0.3,1,6,0.3,0,6,0.3,1,14,0.7,3,12,0.6,3,12,0.6,2
S04767,Fraction to Decimal,3,8,0.4,2,8,0.4,1,18,0.9,4,4,0.2,1,8,0.4,0,8,0.4,1,8,0.4,2,16,0.8,4
S01393,Fraction to Decimal,3,16,0.8,4,16,0.8,4,16,0.8,4,8,0.4,1,20,1.0,5,18,0.9,4,16,0.8,4,20,1.0,5
S05306,Ordering Fractions,5,4,0.2,1,10,0.5,2,8,0.4,2,12,0.6,3,10,0.5,2,0,0.0,0,2,0.1,0,4,0.2,1
S02763,Simplifying Fractions,6,12,0.6,3,14,0.7,3,10,0.5,2,12,0.6,2,14,0.7,3,16,0.8,4,6,0.3,1,14,0.7,3
S03384,Simplifying Fractions,6,12,0.6,3,12,0.6,2,18,0.9,4,4,0.2,0,8,0.4,1,6,0.3,1,2,0.1,0,12,0.6,3
S03717,Division,2,8,0.4,2,6,0.3,1,4,0.2,1,6,0.3,1,10,0.5,2,8,0.4,2,8,0.4,2,10,0.5,2
S03842,Fraction to Decimal,3,8,0.4,1,14,0.7,3,16,0.8,4,4,0.2,1,10,0.5,2,12,0.6,3,6,0.3,1,8,0.4,2
S04100,Multiplication,4,12,0.6,3,12,0.6,3,12,0.6,2,16,0.8,3,6,0.3,1,10,0.5,2,6,0.3,1,14,0.7,3
S05981,Division,2,8,0.4,2,10,0.5,2,0,0.0,0,20,1.0,5,2,0.1,0,14,0.7,3,10,0.5,2,18,0.9,4
S02818,Division,2,6,0.3,1,14,0.7,3,4,0.2,0,4,0.2,1,6,0.3,1,10,0.5,2,10,0.5,2,12,0.6,3
S02109,Fraction to Decimal,3,8,0.4,2,14,0.7,3,12,0.6,3,6,0.3,1,12,0.6,2,12,0.6,3,14,0.7,3,18,0.9,4
S06070,Fraction to Decimal,3,12,0.6,3,4,0.2,1,8,0.4,2,0,0.0,0,4,0.2,1,16,0.8,4,12,0.6,3,16,0.8,4
S02951,Simplifying Fractions,6,12,0.6,2,8,0.4,1,6,0.3,1,8,0.4,1,14,0.7,3,10,0.5,2,2,0.1,0,10,0.5,2
S05676,Division,2,16,0.8,4,20,1.0,5,10,0.5,2,12,0.6,3,20,1.0,5,12,0.6,3,20,1.0,5,16,0.8,4
S05167,Ordering Fractions,5,6,0.3,1,12,0.6,3,12,0.6,3,0,0.0,0,8,0.4,2,0,0.0,0,4,0.2,1,4,0.2,1
S00609,Ordering Fractions,5,14,0.7,3,14,0.7,3,10,0.5,2,12,0.6,2,16,0.8,3,8,0.4,2,16,0.8,4,8,0.4,2
S03023,Multiplication,4,18,0.9,4,10,0.5,2,12,0.6,2,12,0.6,3,8,0.4,1,16,0.8,3,10,0.5,1,8,0.4,1
S03230,Fraction to Decimal,3,12,0.6,3,16,0.8,4,16,0.8,4,6,0.3,1,8,0.4,2,6,0.3,1,16,0.8,4,16,0.8,4
S06395,Multiplication,4,16,0.8,4,12,0.6,3,16,0.8,4,20,1.0,5,8,0.4,2,12,0.6,3,12,0.6,3,20,1.0,5
S03070,Addition,0,4,0.2,0,10,0.5,2,18,0.9,4,14,0.7,3,8,0.4,2,12,0.6,2,12,0.6,3,10,0.5,2
S02492,Addition,0,8,0.4,1,10,0.5,2,14,0.7,3,18,0.9,4,10,0.5,2,12,0.6,3,12,0.6,2,12,0.6,3
S01661,Comparing Fractions,1,16,0.8,4,8,0.4,2,12,0.6,3,12,0.6,3,16,0.8,4,14,0.7,3,14,0.7,2,16,0.8,4
S05345,Fraction to Decimal,3,20,1.0,5,16,0.8,4,8,0.4,2,6,0.3,1,14,0.7,3,8,0.4,2,20,1.0,5,8,0.4,2
S02863,Simplifying Fractions,6,14,0.7,3,12,0.6,1,16,0.8,4,12,0.6,3,8,0.4,1,10,0.5,2,6,0.3,1,16,0.8,4
S00500,Comparing Fractions,1,16,0.8,3,6,0.3,1,12,0.6,3,10,0.5,2,18,0.9,4,10,0.5,2,10,0.5,2,18,0.9,4
S00427,Fraction to Decimal,3,16,0.8,3,12,0.6,3,12,0.6,3,8,0.4,2,10,0.5,2,12,0.6,2,8,0.4,1,18,0.9,4
S02747,Comparing Fractions,1,14,0.7,3,2,0.1,0,10,0.5,2,14,0.7,3,12,0.6,3,16,0.8,3,18,0.9,4,12,0.6,2
S00079,Addition,0,10,0.5,2,14,0.7,3,14,0.7,3,18,0.9,4,16,0.8,4,20,1.0,5,20,1.0,5,14,0.7,2
S02470,Division,2,12,0.6,2,10,0.5,2,8,0.4,0,10,0.5,2,8,0.4,2,10,0.5,2,14,0.7,3,14,0.7,2
S02524,Ordering Fractions,5,14,0.7,3,18,0.9,4,8,0.4,2,14,0.7,3,14,0.7,3,8,0.4,2,8,0.4,2,12,0.6,3
S02406,Fraction to Decimal,3,12,0.6,1,10,0.5,2,8,0.4,1,4,0.2,0,18,0.9,4,18,0.9,4,4,0.2,0,6,0.3,1
S05822,Division,2,2,0.1,0,12,0.6,3,0,0.0,0,8,0.4,2,12,0.6,3,20,1.0,5,20,1.0,5,18,0.9,4
S02703,Comparing Fractions,1,12,0.6,3,8,0.4,1,12,0.6,2,12,0.6,3,14,0.7,3,10,0.5,2,12,0.6,2,18,0.9,4
S01793,Subtraction,7,10,0.5,2,16,0.8,3,14,0.7,3,6,0.3,1,4,0.2,1,16,0.8,4,18,0.9,4,2,0.1,0
S01417,Fraction to Decimal,3,16,0.8,3,12,0.6,3,14,0.7,2,4,0.2,1,16,0.8,4,8,0.4,2,20,1.0,5,8,0.4,2
S04027,Simplifying Fractions,6,14,0.7,3,10,0.5,2,16,0.8,4,16,0.8,4,18,0.9,4,14,0.7,3,8,0.4,1,14,0.7,3
S04644,Multiplication,4,8,0.4,2,10,0.5,1,8,0.4,1,10,0.5,2,6,0.3,1,12,0.6,3,12,0.6,3,16,0.8,4
S02178,Subtraction,7,8,0.4,1,18,0.9,4,18,0.9,4,6,0.3,1,14,0.7,3,10,0.5,2,12,0.6,3,2,0.1,0
S02487,Division,2,10,0.5,2,8,0.4,2,4,0.2,0,8,0.4,2,20,1.0,5,12,0.6,3,16,0.8,3,16,0.8,4
S02196,Division,2,6,0.3,1,6,0.3,1,4,0.2,0,8,0.4,1,14,0.7,3,12,0.6,3,14,0.7,3,16,0.8,4
S00417,Multiplication,4,6,0.3,0,14,0.7,3,10,0.5,2,10,0.5,1,4,0.2,1,12,0.6,3,4,0.2,1,18,0.9,4
S00516,Fraction to Decimal,3,4,0.2,1,8,0.4,2,6,0.3,1,2,0.1,0,10,0.5,2,14,0.7,3,10,0.5,2,6,0.3,1
S04643,Addition,0,6,0.3,1,16,0.8,4,16,0.8,3,12,0.6,3,16,0.8,4,18,0.9,4,16,0.8,4,16,0.8,4
S01218,Addition,0,4,0.2,0,14,0.7,3,8,0.4,2,6,0.3,0,14,0.7,3,10,0.5,2,14,0.7,2,14,0.7,3
S01120,Subtraction,7,14,0.7,3,14,0.7,3,18,0.9,4,6,0.3,1,8,0.4,1,12,0.6,1,12,0.6,3,2,0.1,0
S00666,Fraction to Decimal,3,16,0.8,4,10,0.5,2,12,0.6,2,8,0.4,2,20,1.0,5,12,0.6,3,16,0.8,4,8,0.4,2
S03850,Division,2,10,0.5,1,12,0.6,3,4,0.2,1,8,0.4,1,12,0.6,3,16,0.8,4,8,0.4,2,8,0.4,2
S00989,Subtraction,7,10,0.5,2,12,0.6,3,14,0.7,3,8,0.4,1,16,0.8,4,8,0.4,1,18,0.9,4,8,0.4,2
S03566,Simplifying Fractions,6,18,0.9,4,16,0.8,4,18,0.9,4,20,1.0,5,20,1.0,5,20,1.0,5,10,0.5,2,18,0.9,4
S01152,Simplifying Fractions,6,10,0.5,2,8,0.4,1,16,0.8,4,12,0.6,3,14,0.7,3,8,0.4,2,6,0.3,0,16,0.8,4
S06122,Addition,0,0,0.0,0,8,0.4,2,8,0.4,2,4,0.2,1,8,0.4,2,12,0.6,3,8,0.4,2,4,0.2,1
S04328,Fraction to Decimal,3,16,0.8,4,12,0.6,3,12,0.6,3,8,0.4,2,14,0.7,3,12,0.6,3,10,0.5,1,20,1.0,5
S05061,Ordering Fractions,5,4,0.2,1,16,0.8,4,8,0.4,2,4,0.2,1,8,0.4,2,0,0.0,0,12,0.6,3,2,0.1,0
S00245,Division,2,10,0.5,1,12,0.6,3,8,0.4,1,10,0.5,2,10,0.5,2,16,0.8,4,16,0.8,4,8,0.4,1
S01312,Subtraction,7,12,0.6,2,6,0.3,1,12,0.6,3,8,0.4,1,8,0.4,2,8,0.4,2,16,0.8,4,0,0.0,0
S03504,Comparing Fractions,1,10,0.5,2,6,0.3,1,10,0.5,2,20,1.0,5,10,0.5,2,10,0.5,2,16,0.8,3,16,0.8,4
S01997,Multiplication,4,20,1.0,5,16,0.8,4,6,0.3,1,6,0.3,1,2,0.1,0,6,0.3,1,10,0.5,2,12,0.6,3
S02927,Addition,0,2,0.1,0,6,0.3,1,10,0.5,2,8,0.4,2,14,0.7,3,18,0.9,4,16,0.8,4,12,0.6,3
S05504,Fraction to Decimal,3,14,0.7,3,2,0.1,0,8,0.4,2,0,0.0,0,4,0.2,1,18,0.9,4,12,0.6,3,8,0.4,2
S02844,Division,2,4,0.2,1,8,0.4,2,4,0.2,1,12,0.6,3,12,0.6,3,8,0.4,1,14,0.7,3,6,0.3,1
S03415,Addition,0,4,0.2,0,12,0.6,2,14,0.7,3,16,0.8,3,16,0.8,4,8,0.4,2,8,0.4,2,12,0.6,2
S05582,Subtraction,7,14,0.7,3,12,0.6,3,12,0.6,3,12,0.6,3,16,0.8,4,20,1.0,5,8,0.4,2,4,0.2,1
S04139,Division,2,16,0.8,4,10,0.5,2,6,0.3,1,16,0.8,3,16,0.8,4,16,0.8,4,6,0.3,1,14,0.7,3
S02599,Multiplication,4,10,0.5,2,12,0.6,1,10,0.5,1,6,0.3,0,6,0.3,1,6,0.3,0,12,0.6,3,12,0.6,3
S05238,Comparing Fractions,1,12,0.6,3,0,0.0,0,14,0.7,3,8,0.4,2,4,0.2,1,12,0.6,3,14,0.7,3,20,1.0,5
S04287,Subtraction,7,20,1.0,5,14,0.7,3,10,0.5,2,8,0.4,1,14,0.7,3,10,0.5,1,14,0.7,3,6,0.3,1
S03346,Multiplication,4,10,0.5,2,8,0.4,2,14,0.7,3,12,0.6,2,0,0.0,0,8,0.4,2,16,0.8,4,10,0.5,1
S04033,Simplifying Fractions,6,12,0.6,3,14,0.7,3,16,0.8,4,6,0.3,1,16,0.8,3,4,0.2,1,4,0.2,1,12,0.6,3
S03271,Simplifying Fractions,6,10,0.5,2,12,0.6,3,16,0.8,4,16,0.8,4,12,0.6,3,14,0.7,3,8,0.4,1,14,0.7,2
S02717,Multiplication,4,4,0.2,1,8,0.4,1,4,0.2,0,12,0.6,2,4,0.2,0,6,0.3,0,12,0.6,2,10,0.5,2
S03594,Addition,0,0,0.0,0,8,0.4,2,12,0.6,3,12,0.6,3,8,0.4,2,8,0.4,2,12,0.6,3,10,0.5,2
S01455,Multiplication,4,8,0.4,2,8,0.4,2,10,0.5,2,14,0.7,3,8,0.4,2,14,0.7,3,10,0.5,2,20,1.0,5
S04212,Subtraction,7,14,0.7,3,16,0.8,4,14,0.7,3,14,0.7,3,12,0.6,3,16,0.8,4,16,0.8,3,4,0.2,1
S05991,Subtraction,7,18,0.9,4,16,0.8,4,16,0.8,4,8,0.4,2,12,0.6,3,16,0.8,4,14,0.7,3,8,0.4,2
S02699,Comparing Fractions,1,10,0.5,2,4,0.2,1,8,0.4,1,14,0.7,3,14,0.7,3,16,0.8,4,12,0.6,3,12,0.6,2
S02893,Comparing Fractions,1,8,0.4,1,4,0.2,1,14,0.7,3,10,0.5,2,20,1.0,5,14,0.7,3,8,0.4,2,16,0.8,4
S04463,Multiplication,4,14,0.7,3,8,0.4,2,8,0.4,1,12,0.6,2,2,0.1,0,14,0.7,3,10,0.5,1,6,0.3,0
S01790,Addition,0,8,0.4,2,10,0.5,2,16,0.8,4,8,0.4,2,14,0.7,3,14,0.7,3,14,0.7,3,16,0.8,4
S00365,Multiplication,4,14,0.7,3,10,0.5,2,10,0.5,2,14,0.7,3,8,0.4,1,16,0.8,3,12,0.6,2,14,0.7,3
S01718,Multiplication,4,10,0.5,2,12,0.6,2,20,1.0,5,12,0.6,2,8,0.4,2,12,0.6,3,12,0.6,3,14,0.7,3
S05451,Division,2,18,0.9,4,20,1.0,5,4,0.2,1,12,0.6,3,14,0.7,3,20,1.0,5,18,0.9,4,14,0.7,3
S04290,Addition,0,8,0.4,2,14,0.7,3,16,0.8,4,8,0.4,2,18,0.9,4,12,0.6,3,16,0.8,3,12,0.6,2
S00487,Multiplication,4,16,0.8,4,14,0.7,2,10,0.5,2,12,0.6,3,2,0.1,0,16,0.8,4,4,0.2,1,6,0.3,1
S02771,Ordering Fractions,5,14,0.7,3,12,0.6,3,8,0.4,1,18,0.9,4,12,0.6,3,6,0.3,1,14,0.7,3,12,0.6,3
S04391,Ordering Fractions,5,14,0.7,3,20,1.0,5,16,0.8,4,20,1.0,5,16,0.8,4,10,0.5,2,16,0.8,3,18,0.9,4
S02866,Division,2,8,0.4,1,6,0.3,1,4,0.2,1,8,0.4,1,12,0.6,3,16,0.8,4,6,0.3,1,16,0.8,3
S03442,Ordering Fractions,5,10,0.5,2,10,0.5,2,14,0.7,3,12,0.6,3,12,0.6,2,8,0.4,2,12,0.6,2,18,0.9,4
S00394,Subtraction,7,16,0.8,4,16,0.8,3,20,1.0,5,10,0.5,2,12,0.6,3,10,0.5,2,14,0.7,3,10,0.5,2
S01959,Ordering Fractions,5,12,0.6,2,8,0.4,1,14,0.7,3,12,0.6,2,10,0.5,2,2,0.1,0,16,0.8,3,4,0.2,1
S01198,Division,2,12,0.6,2,10,0.5,2,10,0.5,2,18,0.9,4,12,0.6,3,14,0.7,3,18,0.9,4,20,1.0,5
S05579,Ordering Fractions,5,4,0.2,1,12,0.6,3,12,0.6,3,18,0.9,4,4,0.2,1,2,0.1,0,10,0.5,2,6,0.3,1
S06196,Division,2,12,0.6,3,4,0.2,1,0,0.0,0,8,0.4,2,20,1.0,5,4,0.2,1,4,0.2,1,20,1.0,5
S03300,Subtraction,7,20,1.0,5,18,0.9,4,14,0.7,3,12,0.6,2,12,0.6,2,12,0.6,3,14,0.7,3,4,0.2,0
S04001,Simplifying Fractions,6,4,0.2,1,12,0.6,2,16,0.8,4,16,0.8,4,4,0.2,0,12,0.6,2,2,0.1,0,14,0.7,3
S05437,Ordering Fractions,5,16,0.8,4,8,0.4,2,8,0.4,2,8,0.4,2,8,0.4,2,4,0.2,1,8,0.4,2,8,0.4,2
S03782,Multiplication,4,10,0.5,2,8,0.4,2,20,1.0,5,10,0.5,2,4,0.2,1,14,0.7,3,16,0.8,4,16,0.8,4
S00692,Simplifying Fractions,6,12,0.6,3,10,0.5,2,20,1.0,5,10,0.5,2,16,0.8,4,10,0.5,2,10,0.5,2,10,0.5,2
S02784,Fraction to Decimal,3,10,0.5,2,12,0.6,2,8,0.4,2,6,0.3,1,16,0.8,4,8,0.4,2,6,0.3,1,16,0.8,4
S00363,Subtraction,7,20,1.0,5,12,0.6,2,4,0.2,0,10,0.5,2,16,0.8,4,18,0.9,4,10,0.5,2,4,0.2,0
S03231,Fraction to Decimal,3,12,0.6,2,14,0.7,2,16,0.8,4,2,0.1,0,10,0.5,2,12,0.6,3,18,0.9,4,8,0.4,2
S00551,Addition,0,4,0.2,0,18,0.9,4,10,0.5,2,8,0.4,1,12,0.6,2,6,0.3,1,6,0.3,1,10,0.5,2
S01459,Comparing Fractions,1,12,0.6,3,4,0.2,1,10,0.5,2,10,0.5,2,12,0.6,3,8,0.4,2,10,0.5,2,10,0.5,2
S05919,Comparing Fractions,1,16,0.8,4,6,0.3,1,12,0.6,3,14,0.7,3,10,0.5,2,8,0.4,2,8,0.4,2,8,0.4,2
S02899,Subtraction,7,6,0.3,1,20,1.0,5,14,0.7,3,8,0.4,1,10,0.5,2,20,1.0,5,20,1.0,5,6,0.3,0
S05299,Division,2,16,0.8,4,12,0.6,3,0,0.0,0,8,0.4,2,18,0.9,4,20,1.0,5,4,0.2,1,14,0.7,3
S03858,Comparing Fractions,1,14,0.7,3,8,0.4,1,14,0.7,3,12,0.6,3,12,0.6,2,12,0.6,3,14,0.7,3,8,0.4,1
S01210,Addition,0,0,0.0,0,14,0.7,3,8,0.4,1,8,0.4,2,10,0.5,2,20,1.0,5,16,0.8,4,16,0.8,4
S02811,Simplifying Fractions,6,6,0.3,1,16,0.8,4,14,0.7,3,20,1.0,5,16,0.8,3,8,0.4,2,4,0.2,0,8,0.4,1
S04279,Fraction to Decimal,3,16,0.8,4,16,0.8,4,12,0.6,3,8,0.4,1,10,0.5,2,12,0.6,3,12,0.6,3,16,0.8,3
S02937,Multiplication,4,16,0.8,4,8,0.4,2,12,0.6,3,8,0.4,2,4,0.2,1,20,1.0,5,16,0.8,4,4,0.2,1
S05608,Fraction to Decimal,3,16,0.8,4,12,0.6,3,20,1.0,5,6,0.3,1,6,0.3,1,8,0.4,2,14,0.7,3,16,0.8,4
S01203,Division,2,18,0.9,4,18,0.9,4,8,0.4,2,12,0.6,3,12,0.6,3,14,0.7,3,18,0.9,4,20,1.0,5
S01036,Comparing Fractions,1,12,0.6,2,4,0.2,1,4,0.2,1,12,0.6,3,14,0.7,3,14,0.7,3,18,0.9,4,14,0.7,3
S02364,Addition,0,4,0.2,1,14,0.7,3,10,0.5,2,8,0.4,1,20,1.0,5,20,1.0,5,10,0.5,2,12,0.6,3
S03109,Subtraction,7,10,0.5,2,18,0.9,4,18,0.9,4,16,0.8,3,18,0.9,4,16,0.8,4,18,0.9,4,10,0.5,2
S02229,Simplifying Fractions,6,12,0.6,2,18,0.9,4,14,0.7,3,12,0.6,2,14,0.7,3,8,0.4,2,4,0.2,0,10,0.5,2
S01972,Subtraction,7,16,0.8,4,10,0.5,2,18,0.9,4,14,0.7,3,8,0.4,2,8,0.4,1,8,0.4,1,4,0.2,1
S05583,Simplifying Fractions,6,18,0.9,4,12,0.6,3,4,0.2,1,6,0.3,1,12,0.6,3,4,0.2,1,2,0.1,0,8,0.4,2
S03734,Ordering Fractions,5,16,0.8,4,16,0.8,3,8,0.4,1,16,0.8,4,16,0.8,4,6,0.3,1,10,0.5,2,16,0.8,4
S03629,Simplifying Fractions,6,16,0.8,4,10,0.5,2,12,0.6,2,10,0.5,2,14,0.7,3,12,0.6,2,4,0.2,0,18,0.9,4
S03911,Ordering Fractions,5,14,0.7,3,12,0.6,2,16,0.8,4,12,0.6,2,14,0.7,3,8,0.4,2,16,0.8,4,14,0.7,2
S00309,Comparing Fractions,1,12,0.6,3,8,0.4,2,14,0.7,3,10,0.5,2,14,0.7,3,10,0.5,2,14,0.7,3,12,0.6,3
S04169,Simplifying Fractions,6,16,0.8,4,18,0.9,4,14,0.7,2,12,0.6,3,16,0.8,4,10,0.5,2,8,0.4,2,20,1.0,5
S05287,Fraction to Decimal,3,12,0.6,3,20,1.0,5,14,0.7,3,4,0.2,1,16,0.8,4,18,0.9,4,8,0.4,2,8,0.4,2
S04146,Multiplication,4,12,0.6,3,20,1.0,5,12,0.6,3,12,0.6,2,4,0.2,1,4,0.2,0,8,0.4,2,14,0.7,3
S02519,Division,2,14,0.7,3,14,0.7,3,8,0.4,1,16,0.8,4,12,0.6,3,18,0.9,4,16,0.8,4,10,0.5,2
S02905,Ordering Fractions,5,12,0.6,3,16,0.8,4,14,0.7,3,14,0.7,3,20,1.0,5,8,0.4,2,20,1.0,5,12,0.6,2
S04320,Ordering Fractions,5,10,0.5,2,16,0.8,3,2,0.1,0,12,0.6,2,10,0.5,2,0,0.0,0,10,0.5,1,14,0.7,3
S01465,Division,2,12,0.6,1,10,0.5,2,6,0.3,1,16,0.8,4,10,0.5,2,8,0.4,1,16,0.8,4,8,0.4,1
S00080,Comparing Fractions,1,10,0.5,2,2,0.1,0,18,0.9,4,12,0.6,2,4,0.2,0,14,0.7,3,12,0.6,3,14,0.7,3
S05365,Division,2,6,0.3,1,12,0.6,3,4,0.2,1,6,0.3,1,8,0.4,2,10,0.5,2,18,0.9,4,14,0.7,3
S02767,Subtraction,7,20,1.0,5,10,0.5,2,10,0.5,2,12,0.6,3,12,0.6,2,12,0.6,2,12,0.6,3,2,0.1,0
S05353,Addition,0,0,0.0,0,12,0.6,3,8,0.4,2,8,0.4,2,16,0.8,4,20,1.0,5,0,0.0,0,8,0.4,2
S05000,Division,2,12,0.6,3,16,0.8,3,4,0.2,0,8,0.4,2,18,0.9,4,16,0.8,4,12,0.6,3,8,0.4,2
S01995,Addition,0,6,0.3,1,12,0.6,2,12,0.6,2,12,0.6,3,12,0.6,3,12,0.6,2,18,0.9,4,12,0.6,3
S05275,Subtraction,7,0,0.0,0,8,0.4,2,8,0.4,2,14,0.7,3,4,0.2,1,2,0.1,0,16,0.8,4,0,0.0,0
S00906,Fraction to Decimal,3,12,0.6,2,12,0.6,2,8,0.4,2,4,0.2,1,16,0.8,4,16,0.8,4,12,0.6,3,16,0.8,4
S03191,Division,2,8,0.4,0,12,0.6,3,6,0.3,1,12,0.6,3,10,0.5,1,14,0.7,3,16,0.8,4,8,0.4,2
S02610,Simplifying Fractions,6,18,0.9,4,8,0.4,1,14,0.7,3,10,0.5,1,8,0.4,1,10,0.5,1,6,0.3,0,10,0.5,2
S04679,Fraction to Decimal,3,14,0.7,3,10,0.5,2,12,0.6,3,6,0.3,1,6,0.3,1,14,0.7,3,10,0.5,2,16,0.8,3
S06355,Ordering Fractions,5,12,0.6,3,8,0.4,2,12,0.6,3,12,0.6,3,16,0.8,4,4,0.2,1,4,0.2,1,16,0.8,4
S00255,Division,2,14,0.7,2,8,0.4,2,2,0.1,0,12,0.6,2,16,0.8,3,6,0.3,1,12,0.6,3,12,0.6,3
S04452,Comparing Fractions,1,16,0.8,4,6,0.3,1,14,0.7,3,10,0.5,2,8,0.4,1,6,0.3,1,8,0.4,1,10,0.5,2
S05920,Multiplication,4,6,0.3,1,20,1.0,5,8,0.4,2,8,0.4,2,0,0.0,0,4,0.2,1,12,0.6,3,20,1.0,5
S06075,Multiplication,4,16,0.8,4,8,0.4,2,16,0.8,4,8,0.4,2,8,0.4,2,8,0.4,2,12,0.6,3,12,0.6,3
S05868,Comparing Fractions,1,8,0.4,2,0,0.0,0,8,0.4,2,8,0.4,2,0,0.0,0,4,0.2,1,16,0.8,4,18,0.9,4
S01564,Division,2,14,0.7,3,16,0.8,4,6,0.3,1,12,0.6,3,14,0.7,3,14,0.7,3,8,0.4,1,10,0.5,2
S05788,Ordering Fractions,5,4,0.2,1,12,0.6,3,8,0.4,2,8,0.4,2,6,0.3,1,4,0.2,1,12,0.6,3,10,0.5,2
S04060,Ordering Fractions,5,18,0.9,4,6,0.3,1,8,0.4,2,8,0.4,2,12,0.6,2,4,0.2,0,12,0.6,2,12,0.6,2
S04612,Multiplication,4,18,0.9,4,16,0.8,4,12,0.6,3,16,0.8,3,6,0.3,1,18,0.9,4,8,0.4,2,20,1.0,5
S02860,Comparing Fractions,1,6,0.3,1,4,0.2,0,8,0.4,2,8,0.4,2,20,1.0,5,10,0.5,2,8,0.4,2,10,0.5,2
S02009,Subtraction,7,14,0.7,3,12,0.6,2,18,0.9,4,10,0.5,2,18,0.9,4,12,0.6,3,20,1.0,5,4,0.2,1
S02694,Comparing Fractions,1,16,0.8,4,10,0.5,2,14,0.7,3,10,0.5,2,12,0.6,3,10,0.5,2,12,0.6,2,16,0.8,4
S05185,Comparing Fractions,1,4,0.2,1,4,0.2,1,8,0.4,2,16,0.8,4,8,0.4,2,12,0.6,3,8,0.4,2,6,0.3,1
S03389,Ordering Fractions,5,8,0.4,2,18,0.9,4,16,0.8,4,10,0.5,1,18,0.9,4,4,0.2,1,10,0.5,2,14,0.7,3
S00090,Multiplication,4,16,0.8,3,10,0.5,2,10,0.5,2,16,0.8,4,10,0.5,2,18,0.9,4,20,1.0,5,12,0.6,3
S00476,Fraction to Decimal,3,14,0.7,3,10,0.5,2,12,0.6,3,6,0.3,1,18,0.9,4,20,1.0,5,16,0.8,4,8,0.4,1
S04745,Comparing Fractions,1,16,0.8,4,8,0.4,2,8,0.4,2,12,0.6,3,8,0.4,0,14,0.7,3,10,0.5,2,12,0.6,2
S04822,Multiplication,4,16,0.8,4,12,0.6,2,20,1.0,5,10,0.5,2,8,0.4,2,18,0.9,4,12,0.6,3,12,0.6,3
S02958,Comparing Fractions,1,16,0.8,3,4,0.2,1,16,0.8,4,12,0.6,2,12,0.6,2,16,0.8,3,8,0.4,2,14,0.7,3
S03573,Ordering Fractions,5,12,0.6,3,10,0.5,2,12,0.6,2,4,0.2,0,8,0.4,2,4,0.2,0,12,0.6,3,10,0.5,2
S03182,Ordering Fractions,5,16,0.8,4,14,0.7,3,16,0.8,4,16,0.8,4,10,0.5,2,4,0.2,1,8,0.4,2,20,1.0,5
S02851,Multiplication,4,12,0.6,3,16,0.8,4,8,0.4,2,8,0.4,2,8,0.4,2,16,0.8,4,16,0.8,4,12,0.6,3
S03966,Ordering Fractions,5,18,0.9,4,18,0.9,4,14,0.7,3,10,0.5,2,18,0.9,4,6,0.3,1,14,0.7,3,10,0.5,2
S04825,Addition,0,6,0.3,1,14,0.7,3,20,1.0,5,16,0.8,4,18,0.9,4,8,0.4,2,12,0.6,2,16,0.8,3
S00130,Ordering Fractions,5,12,0.6,3,16,0.8,4,20,1.0,5,14,0.7,2,14,0.7,3,8,0.4,2,12,0.6,3,8,0.4,1
S03238,Multiplication,4,6,0.3,0,12,0.6,3,10,0.5,2,4,0.2,0,4,0.2,0,14,0.7,3,8,0.4,2,10,0.5,2
S02301,Comparing Fractions,1,16,0.8,4,6,0.3,1,14,0.7,3,8,0.4,2,12,0.6,2,6,0.3,1,8,0.4,2,12,0.6,2
S03567,Division,2,14,0.7,3,10,0.5,2,6,0.3,1,6,0.3,1,16,0.8,4,10,0.5,2,14,0.7,3,18,0.9,4
S00341,Multiplication,4,16,0.8,4,20,1.0,5,14,0.7,3,12,0.6,2,4,0.2,0,8,0.4,2,6,0.3,0,12,0.6,3
S01907,Subtraction,7,8,0.4,2,14,0.7,3,14,0.7,3,10,0.5,1,12,0.6,3,16,0.8,4,10,0.5,2,2,0.1,0
S01829,Simplifying Fractions,6,14,0.7,3,12,0.6,3,12,0.6,2,12,0.6,3,18,0.9,4,8,0.4,2,8,0.4,2,12,0.6,3
S03210,Addition,0,8,0.4,1,14,0.7,3,8,0.4,1,16,0.8,3,16,0.8,3,10,0.5,1,10,0.5,2,8,0.4,2
S03727,Subtraction,7,8,0.4,1,16,0.8,3,14,0.7,3,10,0.5,1,14,0.7,3,18,0.9,4,12,0.6,2,6,0.3,1
S05990,Division,2,12,0.6,3,20,1.0,5,8,0.4,2,12,0.6,3,20,1.0,5,20,1.0,5,16,0.8,4,20,1.0,5
S01954,Subtraction,7,8,0.4,1,10,0.5,2,18,0.9,4,8,0.4,1,16,0.8,4,10,0.5,0,12,0.6,3,4,0.2,0
S04084,Addition,0,8,0.4,0,10,0.5,2,8,0.4,1,12,0.6,3,16,0.8,4,16,0.8,3,8,0.4,1,10,0.5,2
S04608,Simplifying Fractions,6,8,0.4,2,12,0.6,2,8,0.4,2,10,0.5,2,12,0.6,3,12,0.6,3,8,0.4,1,14,0.7,3
S00160,Multiplication,4,14,0.7,3,8,0.4,1,8,0.4,2,16,0.8,4,8,0.4,1,12,0.6,2,8,0.4,1,14,0.7,3
S05974,Fraction to Decimal,3,14,0.7,3,6,0.3,1,8,0.4,2,0,0.0,0,18,0.9,4,16,0.8,4,8,0.4,2,10,0.5,2
S00338,Simplifying Fractions,6,12,0.6,3,16,0.8,4,18,0.9,4,8,0.4,2,18,0.9,4,8,0.4,2,8,0.4,1,14,0.7,3
S00912,Ordering Fractions,5,10,0.5,2,16,0.8,4,12,0.6,3,12,0.6,3,14,0.7,3,8,0.4,1,12,0.6,2,14,0.7,3
S05139,Simplifying Fractions,6,12,0.6,3,16,0.8,4,20,1.0,5,10,0.5,2,8,0.4,2,12,0.6,3,4,0.2,1,20,1.0,5
S03885,Simplifying Fractions,6,8,0.4,2,12,0.6,3,14,0.7,3,8,0.4,2,8,0.4,2,8,0.4,2,2,0.1,0,12,0.6,3
S01682,Subtraction,7,14,0.7,3,14,0.7,3,12,0.6,3,10,0.5,2,16,0.8,4,16,0.8,4,12,0.6,3,10,0.5,2
S03173,Fraction to Decimal,3,14,0.7,3,12,0.6,3,14,0.7,3,8,0.4,2,14,0.7,3,18,0.9,4,10,0.5,2,12,0.6,3
S06128,Division,2,12,0.6,3,4,0.2,1,0,0.0,0,12,0.6,3,16,0.8,4,12,0.6,3,8,0.4,2,12,0.6,3
S01639,Simplifying Fractions,6,18,0.9,4,12,0.6,3,6,0.3,1,8,0.4,2,10,0.5,2,20,1.0,5,6,0.3,1,18,0.9,4
S00212,Comparing Fractions,1,12,0.6,2,6,0.3,1,12,0.6,2,10,0.5,2,12,0.6,3,14,0.7,3,20,1.0,5,16,0.8,4
S01697,Multiplication,4,14,0.7,3,12,0.6,3,10,0.5,2,16,0.8,3,2,0.1,0,12,0.6,2,12,0.6,3,10,0.5,2
S03337,Multiplication,4,10,0.5,2,12,0.6,3,10,0.5,2,6,0.3,1,2,0.1,0,10,0.5,2,12,0.6,3,10,0.5,2
S04662,Multiplication,4,8,0.4,2,14,0.7,3,6,0.3,1,8,0.4,2,4,0.2,1,6,0.3,1,10,0.5,2,8,0.4,2
S03813,Ordering Fractions,5,10,0.5,2,12,0.6,2,4,0.2,1,6,0.3,1,10,0.5,2,4,0.2,1,12,0.6,2,8,0.4,2
S03828,Comparing Fractions,1,14,0.7,3,4,0.2,0,16,0.8,4,10,0.5,2,14,0.7,3,12,0.6,3,12,0.6,3,4,0.2,1
S01784,Multiplication,4,12,0.6,2,6,0.3,1,8,0.4,1,12,0.6,3,4,0.2,1,14,0.7,2,12,0.6,2,16,0.8,4
S01761,Ordering Fractions,5,8,0.4,2,8,0.4,1,6,0.3,1,14,0.7,3,14,0.7,3,4,0.2,1,10,0.5,2,10,0.5,2
S02302,Comparing Fractions,1,16,0.8,4,6,0.3,1,10,0.5,2,10,0.5,1,8,0.4,2,14,0.7,3,12,0.6,2,10,0.5,2
S01401,Addition,0,0,0.0,0,10,0.5,2,16,0.8,4,8,0.4,2,6,0.3,1,8,0.4,1,10,0.5,2,10,0.5,2
S04970,Ordering Fractions,5,20,1.0,5,8,0.4,1,12,0.6,3,12,0.6,3,14,0.7,3,6,0.3,1,10,0.5,2,10,0.5,2
S06125,Division,2,12,0.6,3,8,0.4,2,0,0.0,0,8,0.4,2,16,0.8,4,16,0.8,4,4,0.2,1,8,0.4,2
S06071,Comparing Fractions,1,16,0.8,4,8,0.4,2,20,1.0,5,12,0.6,3,16,0.8,4,16,0.8,4,12,0.6,3,16,0.8,4
S03277,Ordering Fractions,5,8,0.4,1,8,0.4,2,6,0.3,0,10,0.5,2,6,0.3,1,4,0.2,0,12,0.6,2,8,0.4,2
S00396,Simplifying Fractions,6,8,0.4,1,12,0.6,2,12,0.6,2,10,0.5,2,14,0.7,3,8,0.4,2,6,0.3,1,6,0.3,1
S02075,Comparing Fractions,1,16,0.8,3,6,0.3,0,14,0.7,3,18,0.9,4,14,0.7,3,12,0.6,2,8,0.4,1,8,0.4,1
S02942,Addition,0,2,0.1,0,14,0.7,3,18,0.9,4,12,0.6,3,16,0.8,4,6,0.3,1,20,1.0,5,16,0.8,4
S01856,Addition,0,6,0.3,1,10,0.5,2,14,0.7,3,16,0.8,3,18,0.9,4,12,0.6,2,18,0.9,4,16,0.8,3
S00373,Multiplication,4,6,0.3,0,12,0.6,2,18,0.9,4,6,0.3,1,4,0.2,1,10,0.5,2,8,0.4,2,8,0.4,2
S03168,Division,2,14,0.7,3,18,0.9,4,2,0.1,0,12,0.6,2,10,0.5,2,10,0.5,2,14,0.7,3,12,0.6,3
S00440,Subtraction,7,10,0.5,2,10,0.5,2,18,0.9,4,14,0.7,3,16,0.8,4,18,0.9,4,16,0.8,4,8,0.4,2
S00282,Simplifying Fractions,6,18,0.9,4,6,0.3,0,12,0.6,2,8,0.4,2,12,0.6,3,8,0.4,2,4,0.2,0,10,0.5,1
S00783,Multiplication,4,14,0.7,3,18,0.9,4,20,1.0,5,16,0.8,4,8,0.4,2,10,0.5,2,16,0.8,4,8,0.4,2
S01891,Subtraction,7,10,0.5,2,8,0.4,2,18,0.9,4,4,0.2,0,12,0.6,3,12,0.6,3,10,0.5,2,4,0.2,0
S05215,Fraction to Decimal,3,12,0.6,3,16,0.8,4,16,0.8,4,4,0.2,1,4,0.2,1,12,0.6,3,4,0.2,1,12,0.6,3
S00579,Comparing Fractions,1,4,0.2,0,2,0.1,0,16,0.8,4,8,0.4,2,10,0.5,1,6,0.3,1,12,0.6,2,14,0.7,3
S02132,Multiplication,4,18,0.9,4,12,0.6,3,12,0.6,3,16,0.8,4,8,0.4,1,16,0.8,4,14,0.7,3,8,0.4,1
S04910,Simplifying Fractions,6,12,0.6,3,16,0.8,3,16,0.8,3,14,0.7,3,10,0.5,2,12,0.6,3,8,0.4,2,12,0.6,2
S03699,Ordering Fractions,5,12,0.6,3,16,0.8,4,12,0.6,1,14,0.7,3,16,0.8,3,8,0.4,2,12,0.6,3,20,1.0,5
S03471,Simplifying Fractions,6,8,0.4,1,6,0.3,1,14,0.7,3,8,0.4,2,10,0.5,2,16,0.8,4,4,0.2,1,20,1.0,5
S00900,Fraction to Decimal,3,6,0.3,1,8,0.4,2,12,0.6,3,4,0.2,0,12,0.6,3,12,0.6,3,12,0.6,3,16,0.8,4
S05983,Subtraction,7,12,0.6,3,8,0.4,2,8,0.4,2,20,1.0,5,16,0.8,4,20,1.0,5,20,1.0,5,4,0.2,1
S04863,Comparing Fractions,1,14,0.7,2,2,0.1,0,8,0.4,2,8,0.4,1,10,0.5,2,8,0.4,1,12,0.6,3,8,0.4,1
S00072,Simplifying Fractions,6,14,0.7,3,8,0.4,2,10,0.5,2,16,0.8,3,8,0.4,2,20,1.0,5,4,0.2,1,10,0.5,2
S02552,Ordering Fractions,5,10,0.5,2,14,0.7,3,16,0.8,4,6,0.3,1,16,0.8,4,6,0.3,1,10,0.5,2,12,0.6,3
S03875,Multiplication,4,20,1.0,5,10,0.5,2,14,0.7,3,12,0.6,3,10,0.5,2,12,0.6,2,12,0.6,2,14,0.7,3
S01958,Simplifying Fractions,6,14,0.7,2,14,0.7,3,12,0.6,3,16,0.8,4,18,0.9,4,14,0.7,3,10,0.5,2,14,0.7,3
S06108,Division,2,8,0.4,2,20,1.0,5,4,0.2,1,4,0.2,1,8,0.4,2,12,0.6,3,12,0.6,3,8,0.4,2
S01382,Fraction to Decimal,3,14,0.7,3,10,0.5,2,14,0.7,3,8,0.4,2,12,0.6,3,14,0.7,3,18,0.9,4,12,0.6,3
S01473,Simplifying Fractions,6,20,1.0,5,8,0.4,2,16,0.8,4,16,0.8,4,18,0.9,4,14,0.7,3,6,0.3,1,16,0.8,4
S05525,Subtraction,7,18,0.9,4,8,0.4,2,4,0.2,1,6,0.3,1,16,0.8,4,2,0.1,0,8,0.4,2,0,0.0,0
S04857,Division,2,6,0.3,1,14,0.7,3,6,0.3,1,10,0.5,2,10,0.5,2,18,0.9,4,12,0.6,3,16,0.8,4
S04125,Comparing Fractions,1,10,0.5,2,6,0.3,1,14,0.7,3,6,0.3,1,8,0.4,1,12,0.6,3,18,0.9,4,8,0.4,2
S02924,Ordering Fractions,5,10,0.5,2,8,0.4,2,6,0.3,1,14,0.7,3,16,0.8,4,4,0.2,1,10,0.5,2,12,0.6,2
S04721,Comparing Fractions,1,12,0.6,3,4,0.2,1,4,0.2,0,8,0.4,1,10,0.5,2,18,0.9,4,18,0.9,4,16,0.8,4
S03528,Addition,0,6,0.3,0,10,0.5,2,20,1.0,5,8,0.4,1,12,0.6,3,8,0.4,1,16,0.8,4,12,0.6,2
S02335,Multiplication,4,8,0.4,2,16,0.8,4,10,0.5,2,12,0.6,2,6,0.3,0,8,0.4,1,10,0.5,2,18,0.9,4
S00069,Ordering Fractions,5,10,0.5,2,14,0.7,3,16,0.8,3,8,0.4,2,14,0.7,2,4,0.2,0,16,0.8,4,12,0.6,3
S04840,Division,2,18,0.9,4,10,0.5,2,6,0.3,1,12,0.6,2,16,0.8,4,8,0.4,2,8,0.4,1,16,0.8,4
S01870,Comparing Fractions,1,16,0.8,3,10,0.5,2,20,1.0,5,12,0.6,2,16,0.8,4,20,1.0,5,18,0.9,4,20,1.0,5
S01981,Multiplication,4,10,0.5,2,18,0.9,4,8,0.4,1,8,0.4,2,8,0.4,2,10,0.5,2,12,0.6,3,16,0.8,4
S02399,Division,2,14,0.7,3,8,0.4,1,4,0.2,1,8,0.4,1,8,0.4,1,10,0.5,2,10,0.5,2,10,0.5,1
S05127,Multiplication,4,8,0.4,2,0,0.0,0,4,0.2,1,8,0.4,2,0,0.0,0,16,0.8,4,12,0.6,3,20,1.0,5
S02449,Simplifying Fractions,6,8,0.4,2,6,0.3,1,8,0.4,1,8,0.4,1,10,0.5,1,20,1.0,5,0,0.0,0,4,0.2,1
S03874,Ordering Fractions,5,12,0.6,3,18,0.9,4,16,0.8,3,10,0.5,2,14,0.7,2,10,0.5,2,16,0.8,4,10,0.5,2
S00491,Subtraction,7,20,1.0,5,20,1.0,5,10,0.5,1,18,0.9,4,14,0.7,3,10,0.5,2,14,0.7,3,4,0.2,0
S04606,Fraction to Decimal,3,14,0.7,2,18,0.9,4,12,0.6,3,10,0.5,2,16,0.8,4,16,0.8,4,12,0.6,3,14,0.7,2
S01276,Subtraction,7,12,0.6,2,12,0.6,2,8,0.4,1,16,0.8,4,14,0.7,2,16,0.8,4,16,0.8,3,6,0.3,1
S04854,Subtraction,7,14,0.7,3,8,0.4,1,10,0.5,2,12,0.6,2,14,0.7,3,8,0.4,1,8,0.4,2,4,0.2,1
S00495,Division,2,12,0.6,3,6,0.3,0,4,0.2,1,14,0.7,3,10,0.5,2,12,0.6,3,14,0.7,2,4,0.2,1
S05727,Multiplication,4,12,0.6,3,16,0.8,4,8,0.4,2,16,0.8,4,0,0.0,0,10,0.5,2,12,0.6,3,8,0.4,2
S03720,Fraction to Decimal,3,12,0.6,3,14,0.7,3,20,1.0,5,4,0.2,1,12,0.6,3,12,0.6,3,10,0.5,2,12,0.6,3
S01255,Multiplication,4,12,0.6,3,12,0.6,3,16,0.8,4,12,0.6,3,8,0.4,1,20,1.0,5,20,1.0,5,12,0.6,3
S00412,Multiplication,4,10,0.5,2,14,0.7,3,14,0.7,3,12,0.6,2,4,0.2,0,10,0.5,1,8,0.4,2,10,0.5,2
S03580,Fraction to Decimal,3,14,0.7,3,16,0.8,4,10,0.5,2,4,0.2,1,6,0.3,0,8,0.4,2,14,0.7,3,8,0.4,1
S06255,Ordering Fractions,5,8,0.4,2,12,0.6,3,12,0.6,3,8,0.4,2,12,0.6,3,4,0.2,1,8,0.4,2,8,0.4,2
S02202,Subtraction,7,20,1.0,5,8,0.4,2,16,0.8,3,10,0.5,2,8,0.4,2,8,0.4,2,18,0.9,4,4,0.2,1
S01546,Simplifying Fractions,6,18,0.9,4,14,0.7,3,16,0.8,4,6,0.3,0,16,0.8,3,20,1.0,5,4,0.2,1,8,0.4,1
S03421,Ordering Fractions,5,20,1.0,5,12,0.6,3,12,0.6,3,8,0.4,2,16,0.8,4,8,0.4,2,16,0.8,4,20,1.0,5
S01875,Multiplication,4,16,0.8,4,12,0.6,2,14,0.7,3,12,0.6,2,4,0.2,1,6,0.3,1,10,0.5,1,14,0.7,3
S03560,Ordering Fractions,5,14,0.7,3,6,0.3,1,16,0.8,4,12,0.6,3,16,0.8,4,4,0.2,1,14,0.7,3,18,0.9,4
S06106,Division,2,8,0.4,2,4,0.2,1,4,0.2,1,12,0.6,3,8,0.4,2,16,0.8,4,16,0.8,4,8,0.4,2
S01925,Simplifying Fractions,6,10,0.5,2,14,0.7,3,8,0.4,1,10,0.5,2,14,0.7,3,16,0.8,4,2,0.1,0,10,0.5,2
S05280,Ordering Fractions,5,18,0.9,4,8,0.4,2,8,0.4,2,12,0.6,3,4,0.2,1,0,0.0,0,16,0.8,4,8,0.4,2
S01785,Fraction to Decimal,3,16,0.8,4,20,1.0,5,12,0.6,3,4,0.2,0,20,1.0,5,8,0.4,2,8,0.4,2,14,0.7,2
S02825,Addition,0,8,0.4,2,14,0.7,3,10,0.5,2,14,0.7,3,8,0.4,2,10,0.5,2,18,0.9,4,18,0.9,4
S03361,Division,2,14,0.7,3,14,0.7,3,2,0.1,0,10,0.5,2,6,0.3,1,16,0.8,4,20,1.0,5,12,0.6,3
S04627,Simplifying Fractions,6,10,0.5,2,6,0.3,1,12,0.6,2,10,0.5,2,8,0.4,1,4,0.2,1,4,0.2,0,16,0.8,3
S02445,Ordering Fractions,5,12,0.6,3,10,0.5,2,18,0.9,4,14,0.7,3,12,0.6,3,10,0.5,2,14,0.7,3,12,0.6,3
S02112,Ordering Fractions,5,16,0.8,3,12,0.6,3,12,0.6,3,10,0.5,2,12,0.6,3,8,0.4,2,16,0.8,4,16,0.8,4
S01539,Addition,0,8,0.4,1,14,0.7,3,16,0.8,4,10,0.5,2,16,0.8,4,16,0.8,4,16,0.8,4,20,1.0,5
S05014,Multiplication,4,2,0.1,0,18,0.9,4,12,0.6,3,16,0.8,4,0,0.0,0,16,0.8,4,12,0.6,3,8,0.4,2
S03615,Addition,0,8,0.4,1,10,0.5,2,16,0.8,4,10,0.5,2,8,0.4,2,18,0.9,4,14,0.7,3,12,0.6,3
S04041,Comparing Fractions,1,8,0.4,2,4,0.2,0,10,0.5,2,12,0.6,3,14,0.7,3,12,0.6,2,12,0.6,3,14,0.7,3
S05695,Division,2,8,0.4,2,16,0.8,4,6,0.3,1,8,0.4,2,12,0.6,3,8,0.4,2,12,0.6,3,12,0.6,3
S05077,Comparing Fractions,1,6,0.3,1,4,0.2,1,6,0.3,1,4,0.2,1,16,0.8,4,16,0.8,4,4,0.2,1,12,0.6,3
S03604,Fraction to Decimal,3,14,0.7,3,10,0.5,2,16,0.8,4,4,0.2,1,10,0.5,2,8,0.4,1,10,0.5,2,8,0.4,2
S02264,Comparing Fractions,1,10,0.5,2,8,0.4,2,18,0.9,4,16,0.8,4,12,0.6,3,10,0.5,2,16,0.8,4,12,0.6,2
S03990,Multiplication,4,18,0.9,4,16,0.8,4,20,1.0,5,16,0.8,4,10,0.5,2,10,0.5,2,16,0.8,3,12,0.6,3
S03113,Addition,0,2,0.1,0,8,0.4,2,4,0.2,1,16,0.8,3,6,0.3,1,16,0.8,4,18,0.9,4,8,0.4,1
S02706,Comparing Fractions,1,16,0.8,4,6,0.3,1,10,0.5,2,10,0.5,2,10,0.5,2,8,0.4,2,10,0.5,2,6,0.3,1
S03958,Subtraction,7,10,0.5,2,16,0.8,4,12,0.6,3,6,0.3,1,10,0.5,2,18,0.9,4,16,0.8,4,4,0.2,0
S05489,Ordering Fractions,5,12,0.6,3,18,0.9,4,8,0.4,2,12,0.6,3,20,1.0,5,4,0.2,1,12,0.6,3,16,0.8,4
S04318,Comparing Fractions,1,14,0.7,3,6,0.3,1,6,0.3,1,14,0.7,3,16,0.8,4,18,0.9,4,12,0.6,2,14,0.7,3
S00578,Addition,0,8,0.4,2,16,0.8,4,16,0.8,4,18,0.9,4,14,0.7,3,20,1.0,5,12,0.6,3,16,0.8,4
S05460,Subtraction,7,14,0.7,3,8,0.4,2,16,0.8,4,8,0.4,2,20,1.0,5,4,0.2,1,16,0.8,4,0,0.0,0
S06200,Subtraction,7,12,0.6,3,12,0.6,3,12,0.6,3,12,0.6,3,12,0.6,3,12,0.6,3,12,0.6,3,8,0.4,2
S01484,Comparing Fractions,1,20,1.0,5,8,0.4,2,10,0.5,1,16,0.8,3,8,0.4,1,14,0.7,3,14,0.7,3,14,0.7,3
S00823,Subtraction,7,8,0.4,2,16,0.8,4,14,0.7,3,16,0.8,4,16,0.8,3,12,0.6,2,10,0.5,2,8,0.4,2
S04914,Subtraction,7,14,0.7,2,6,0.3,1,6,0.3,1,12,0.6,2,12,0.6,3,16,0.8,4,12,0.6,3,6,0.3,1
S03844,Simplifying Fractions,6,14,0.7,2,8,0.4,1,16,0.8,4,14,0.7,3,10,0.5,2,16,0.8,4,4,0.2,0,16,0.8,3
S03008,Comparing Fractions,1,10,0.5,2,6,0.3,1,12,0.6,3,6,0.3,0,18,0.9,4,12,0.6,3,10,0.5,2,8,0.4,2
S04818,Comparing Fractions,1,10,0.5,2,8,0.4,2,20,1.0,5,16,0.8,3,8,0.4,1,14,0.7,3,14,0.7,3,18,0.9,4
S02808,Addition,0,0,0.0,0,12,0.6,3,16,0.8,4,4,0.2,0,4,0.2,0,10,0.5,2,4,0.2,0,4,0.2,0
S02031,Multiplication,4,20,1.0,5,10,0.5,2,6,0.3,0,4,0.2,1,0,0.0,0,12,0.6,2,10,0.5,2,12,0.6,2
S06305,Ordering Fractions,5,12,0.6,3,16,0.8,4,16,0.8,4,12,0.6,3,20,1.0,5,4,0.2,1,4,0.2,1,16,0.8,4
S00641,Multiplication,4,10,0.5,2,10,0.5,2,6,0.3,1,12,0.6,3,4,0.2,0,16,0.8,3,6,0.3,1,8,0.4,2
S03646,Multiplication,4,16,0.8,4,8,0.4,2,12,0.6,3,18,0.9,4,8,0.4,1,10,0.5,2,12,0.6,3,16,0.8,4
S03315,Simplifying Fractions,6,12,0.6,3,8,0.4,1,8,0.4,2,14,0.7,2,12,0.6,2,16,0.8,3,8,0.4,2,10,0.5,2
S00156,Division,2,20,1.0,5,12,0.6,3,4,0.2,1,10,0.5,2,12,0.6,3,10,0.5,1,8,0.4,2,14,0.7,3
S00473,Comparing Fractions,1,16,0.8,4,6,0.3,0,12,0.6,2,12,0.6,3,8,0.4,1,14,0.7,3,16,0.8,3,14,0.7,3
S04770,Ordering Fractions,5,12,0.6,3,12,0.6,3,14,0.7,2,14,0.7,3,10,0.5,2,8,0.4,2,8,0.4,2,20,1.0,5
S02749,Addition,0,6,0.3,1,8,0.4,2,12,0.6,2,16,0.8,4,14,0.7,3,18,0.9,4,12,0.6,2,16,0.8,4
S05595,Simplifying Fractions,6,14,0.7,3,8,0.4,2,18,0.9,4,4,0.2,1,20,1.0,5,16,0.8,4,0,0.0,0,12,0.6,3
S03672,Simplifying Fractions,6,8,0.4,1,16,0.8,4,16,0.8,4,16,0.8,4,18,0.9,4,18,0.9,4,4,0.2,1,16,0.8,4
S00564,Simplifying Fractions,6,8,0.4,2,8,0.4,2,10,0.5,2,8,0.4,1,16,0.8,4,20,1.0,5,4,0.2,1,14,0.7,3
S04934,Comparing Fractions,1,12,0.6,2,4,0.2,0,16,0.8,4,6,0.3,1,16,0.8,4,14,0.7,3,14,0.7,3,14,0.7,3
S05730,Fraction to Decimal,3,16,0.8,4,12,0.6,3,16,0.8,4,2,0.1,0,8,0.4,2,4,0.2,1,16,0.8,4,12,0.6,3
S00834,Multiplication,4,10,0.5,2,14,0.7,3,14,0.7,2,16,0.8,4,10,0.5,1,16,0.8,4,16,0.8,4,16,0.8,4
S06054,Comparing Fractions,1,8,0.4,2,0,0.0,0,4,0.2,1,16,0.8,4,20,1.0,5,8,0.4,2,20,1.0,5,4,0.2,1
S05334,Comparing Fractions,1,8,0.4,2,8,0.4,2,8,0.4,2,14,0.7,3,10,0.5,2,16,0.8,4,12,0.6,3,20,1.0,5
S01700,Multiplication,4,20,1.0,5,10,0.5,2,12,0.6,3,10,0.5,2,8,0.4,1,18,0.9,4,18,0.9,4,12,0.6,3
S02164,Subtraction,7,10,0.5,2,18,0.9,4,14,0.7,3,10,0.5,2,12,0.6,3,10,0.5,1,12,0.6,2,6,0.3,1
S00002,Simplifying Fractions,6,16,0.8,4,18,0.9,4,20,1.0,5,14,0.7,3,14,0.7,3,12,0.6,3,10,0.5,2,20,1.0,5
S03890,Fraction to Decimal,3,8,0.4,2,18,0.9,4,14,0.7,3,6,0.3,0,12,0.6,2,8,0.4,1,10,0.5,2,14,0.7,3
S02447,Simplifying Fractions,6,10,0.5,2,4,0.2,1,14,0.7,3,12,0.6,2,4,0.2,1,12,0.6,3,4,0.2,1,18,0.9,4
S05307,Simplifying Fractions,6,8,0.4,2,8,0.4,2,8,0.4,2,14,0.7,3,20,1.0,5,16,0.8,4,0,0.0,0,16,0.8,4
S02473,Multiplication,4,16,0.8,4,14,0.7,3,14,0.7,3,14,0.7,3,8,0.4,1,14,0.7,3,20,1.0,5,14,0.7,3
S00656,Addition,0,4,0.2,1,8,0.4,2,6,0.3,1,12,0.6,2,12,0.6,3,14,0.7,3,8,0.4,2,10,0.5,2
S00203,Fraction to Decimal,3,10,0.5,2,10,0.5,2,12,0.6,3,4,0.2,1,10,0.5,2,10,0.5,1,8,0.4,2,10,0.5,2
S01962,Division,2,18,0.9,4,12,0.6,2,6,0.3,1,10,0.5,2,14,0.7,2,10,0.5,2,14,0.7,3,18,0.9,4
S05653,Addition,0,4,0.2,1,16,0.8,4,8,0.4,2,6,0.3,1,8,0.4,2,8,0.4,2,12,0.6,3,20,1.0,5
S04457,Multiplication,4,8,0.4,2,6,0.3,1,16,0.8,4,8,0.4,1,2,0.1,0,16,0.8,4,6,0.3,1,18,0.9,4
S05427,Subtraction,7,12,0.6,3,16,0.8,4,16,0.8,4,12,0.6,3,16,0.8,4,20,1.0,5,12,0.6,3,10,0.5,2
S01066,Ordering Fractions,5,14,0.7,3,14,0.7,3,18,0.9,4,16,0.8,4,18,0.9,4,10,0.5,2,16,0.8,4,14,0.7,3
S03278,Comparing Fractions,1,10,0.5,2,6,0.3,1,14,0.7,3,12,0.6,2,14,0.7,3,20,1.0,5,8,0.4,1,12,0.6,2
S01911,Simplifying Fractions,6,10,0.5,1,10,0.5,2,12,0.6,3,10,0.5,2,18,0.9,4,8,0.4,1,4,0.2,1,14,0.7,2
S04630,Division,2,16,0.8,3,2,0.1,0,0,0.0,0,2,0.1,0,6,0.3,1,12,0.6,3,20,1.0,5,8,0.4,2
S01536,Multiplication,4,10,0.5,2,16,0.8,4,16,0.8,4,14,0.7,3,8,0.4,1,12,0.6,3,12,0.6,2,14,0.7,3
S03454,Addition,0,4,0.2,0,18,0.9,4,16,0.8,4,12,0.6,1,10,0.5,2,6,0.3,0,6,0.3,0,16,0.8,3
S03207,Multiplication,4,6,0.3,0,18,0.9,4,10,0.5,2,6,0.3,1,4,0.2,1,10,0.5,1,6,0.3,1,16,0.8,4
S01038,Division,2,10,0.5,2,12,0.6,3,8,0.4,1,12,0.6,2,12,0.6,3,10,0.5,2,14,0.7,3,12,0.6,2
S05200,Multiplication,4,8,0.4,2,12,0.6,3,2,0.1,0,8,0.4,2,2,0.1,0,6,0.3,1,8,0.4,2,12,0.6,3
S01625,Subtraction,7,20,1.0,5,16,0.8,4,16,0.8,4,8,0.4,1,14,0.7,3,20,1.0,5,12,0.6,3,6,0.3,1
S03217,Simplifying Fractions,6,14,0.7,3,12,0.6,3,8,0.4,1,8,0.4,2,8,0.4,2,16,0.8,4,6,0.3,1,14,0.7,2
S02114,Multiplication,4,16,0.8,4,14,0.7,3,12,0.6,3,14,0.7,2,6,0.3,1,14,0.7,3,10,0.5,2,12,0.6,2
S02983,Fraction to Decimal,3,16,0.8,4,10,0.5,2,14,0.7,3,8,0.4,2,10,0.5,2,14,0.7,3,16,0.8,4,14,0.7,2
S04183,Addition,0,10,0.5,2,12,0.6,2,12,0.6,3,14,0.7,3,18,0.9,4,14,0.7,3,12,0.6,2,14,0.7,3
S00109,Division,2,8,0.4,1,12,0.6,2,8,0.4,1,8,0.4,2,8,0.4,1,14,0.7,3,18,0.9,4,12,0.6,3
S04484,Fraction to Decimal,3,14,0.7,3,14,0.7,3,12,0.6,3,10,0.5,2,16,0.8,4,12,0.6,3,18,0.9,4,20,1.0,5
S01190,Addition,0,10,0.5,2,12,0.6,2,12,0.6,3,12,0.6,3,18,0.9,4,18,0.9,4,12,0.6,3,20,1.0,5
S03371,Ordering Fractions,5,8,0.4,2,16,0.8,4,6,0.3,1,6,0.3,1,12,0.6,2,6,0.3,1,10,0.5,2,6,0.3,1
S01631,Ordering Fractions,5,8,0.4,1,18,0.9,4,18,0.9,4,16,0.8,3,8,0.4,2,6,0.3,1,8,0.4,2,8,0.4,1
S00919,Subtraction,7,14,0.7,3,18,0.9,4,12,0.6,2,14,0.7,3,16,0.8,3,12,0.6,3,14,0.7,3,12,0.6,3
S00087,Multiplication,4,14,0.7,3,14,0.7,3,16,0.8,4,10,0.5,2,4,0.2,1,6,0.3,1,8,0.4,1,12,0.6,3
S03597,Comparing Fractions,1,16,0.8,4,6,0.3,1,12,0.6,3,14,0.7,3,12,0.6,2,6,0.3,1,10,0.5,2,10,0.5,2
S04853,Fraction to Decimal,3,12,0.6,3,8,0.4,1,6,0.3,1,6,0.3,0,10,0.5,2,8,0.4,1,12,0.6,3,8,0.4,2
S04834,Addition,0,4,0.2,1,12,0.6,3,12,0.6,3,10,0.5,2,6,0.3,1,6,0.3,1,12,0.6,3,10,0.5,2
S06076,Comparing Fractions,1,8,0.4,2,4,0.2,1,8,0.4,2,12,0.6,3,16,0.8,4,12,0.6,3,12,0.6,3,8,0.4,2
S05517,Comparing Fractions,1,8,0.4,2,4,0.2,1,12,0.6,3,8,0.4,2,12,0.6,3,8,0.4,2,10,0.5,2,8,0.4,2
S04738,Subtraction,7,6,0.3,1,6,0.3,1,10,0.5,2,6,0.3,1,12,0.6,2,10,0.5,1,12,0.6,3,2,0.1,0
S00472,Addition,0,0,0.0,0,16,0.8,4,4,0.2,1,12,0.6,3,18,0.9,4,16,0.8,3,10,0.5,2,16,0.8,3
S05407,Simplifying Fractions,6,12,0.6,3,8,0.4,2,16,0.8,4,12,0.6,3,12,0.6,3,14,0.7,3,8,0.4,2,8,0.4,2
S03220,Addition,0,4,0.2,0,14,0.7,3,12,0.6,2,12,0.6,2,14,0.7,3,16,0.8,4,12,0.6,3,8,0.4,2
S05635,Ordering Fractions,5,10,0.5,2,16,0.8,4,8,0.4,2,12,0.6,3,4,0.2,1,2,0.1,0,8,0.4,2,12,0.6,3
S02756,Subtraction,7,14,0.7,2,12,0.6,2,10,0.5,2,16,0.8,4,10,0.5,2,12,0.6,3,8,0.4,1,4,0.2,1
S01027,Comparing Fractions,1,10,0.5,2,10,0.5,2,14,0.7,3,12,0.6,2,16,0.8,4,10,0.5,2,16,0.8,3,12,0.6,3
S04286,Multiplication,4,12,0.6,3,16,0.8,4,14,0.7,3,12,0.6,2,8,0.4,1,12,0.6,2,14,0.7,3,10,0.5,2
S04117,Subtraction,7,8,0.4,2,8,0.4,1,14,0.7,3,6,0.3,1,16,0.8,4,4,0.2,1,2,0.1,0,0,0.0,0
S02601,Comparing Fractions,1,10,0.5,2,8,0.4,1,20,1.0,5,18,0.9,4,10,0.5,2,16,0.8,3,14,0.7,3,14,0.7,3
S01175,Multiplication,4,8,0.4,1,12,0.6,3,14,0.7,3,10,0.5,1,6,0.3,1,12,0.6,2,12,0.6,3,14,0.7,3
S05076,Fraction to Decimal,3,18,0.9,4,4,0.2,1,12,0.6,3,0,0.0,0,14,0.7,3,8,0.4,2,12,0.6,3,16,0.8,4
S06208,Division,2,12,0.6,3,20,1.0,5,0,0.0,0,8,0.4,2,8,0.4,2,4,0.2,1,8,0.4,2,16,0.8,4
S01388,Addition,0,2,0.1,0,18,0.9,4,10,0.5,2,10,0.5,2,10,0.5,1,12,0.6,2,14,0.7,3,12,0.6,3
S05349,Ordering Fractions,5,20,1.0,5,16,0.8,4,10,0.5,2,12,0.6,3,14,0.7,3,4,0.2,1,8,0.4,2,18,0.9,4
S03963,Subtraction,7,12,0.6,3,14,0.7,2,8,0.4,2,14,0.7,3,14,0.7,3,20,1.0,5,14,0.7,3,8,0.4,1
S06061,Comparing Fractions,1,8,0.4,2,0,0.0,0,16,0.8,4,8,0.4,2,4,0.2,1,12,0.6,3,12,0.6,3,8,0.4,2
S04451,Multiplication,4,18,0.9,4,12,0.6,3,16,0.8,4,10,0.5,2,6,0.3,1,14,0.7,3,8,0.4,1,8,0.4,2
S01434,Subtraction,7,8,0.4,1,8,0.4,1,14,0.7,3,10,0.5,2,14,0.7,3,14,0.7,3,20,1.0,5,4,0.2,0
S00046,Comparing Fractions,1,14,0.7,3,8,0.4,2,16,0.8,4,10,0.5,2,14,0.7,3,8,0.4,2,14,0.7,3,14,0.7,3
S02667,Addition,0,2,0.1,0,12,0.6,3,8,0.4,2,10,0.5,2,10,0.5,2,12,0.6,2,16,0.8,4,16,0.8,4
S03588,Ordering Fractions,5,10,0.5,2,8,0.4,2,12,0.6,3,12,0.6,2,14,0.7,3,0,0.0,0,10,0.5,2,18,0.9,4
S02339,Multiplication,4,14,0.7,3,12,0.6,3,12,0.6,2,10,0.5,2,8,0.4,2,16,0.8,4,8,0.4,1,14,0.7,3
S00307,Addition,0,4,0.2,1,16,0.8,4,10,0.5,2,6,0.3,0,12,0.6,2,12,0.6,2,16,0.8,4,14,0.7,3
S04949,Ordering Fractions,5,8,0.4,1,8,0.4,2,6,0.3,1,8,0.4,2,10,0.5,2,6,0.3,1,8,0.4,2,8,0.4,1
S02300,Division,2,14,0.7,3,16,0.8,4,6,0.3,1,10,0.5,2,6,0.3,1,8,0.4,2,12,0.6,3,10,0.5,2
S06176,Comparing Fractions,1,12,0.6,3,4,0.2,1,8,0.4,2,8,0.4,2,16,0.8,4,12,0.6,3,12,0.6,3,16,0.8,4
S02517,Ordering Fractions,5,8,0.4,1,14,0.7,3,16,0.8,4,10,0.5,2,8,0.4,2,6,0.3,1,12,0.6,3,14,0.7,3
S01081,Subtraction,7,18,0.9,4,6,0.3,1,10,0.5,2,10,0.5,2,8,0.4,2,10,0.5,2,14,0.7,3,6,0.3,1
S01084,Comparing Fractions,1,12,0.6,3,4,0.2,0,10,0.5,2,6,0.3,1,10,0.5,2,4,0.2,1,6,0.3,1,16,0.8,3
S01292,Subtraction,7,12,0.6,3,12,0.6,3,16,0.8,4,14,0.7,3,16,0.8,3,16,0.8,4,16,0.8,4,4,0.2,1
S05976,Multiplication,4,8,0.4,2,16,0.8,4,14,0.7,3,12,0.6,3,0,0.0,0,10,0.5,2,20,1.0,5,14,0.7,3
S04126,Subtraction,7,8,0.4,1,10,0.5,2,6,0.3,1,14,0.7,3,10,0.5,2,12,0.6,3,8,0.4,2,4,0.2,0
S04778,Subtraction,7,14,0.7,3,10,0.5,2,12,0.6,3,12,0.6,2,16,0.8,4,8,0.4,2,12,0.6,3,6,0.3,1
S00439,Comparing Fractions,1,14,0.7,3,8,0.4,2,10,0.5,1,20,1.0,5,16,0.8,4,14,0.7,3,12,0.6,2,20,1.0,5
S04064,Division,2,12,0.6,3,8,0.4,2,4,0.2,1,10,0.5,1,8,0.4,2,12,0.6,2,20,1.0,5,12,0.6,3
S01164,Simplifying Fractions,6,8,0.4,2,12,0.6,2,14,0.7,2,16,0.8,4,16,0.8,4,20,1.0,5,0,0.0,0,4,0.2,1
S01755,Division,2,16,0.8,4,16,0.8,4,8,0.4,2,16,0.8,4,16,0.8,3,20,1.0,5,16,0.8,4,16,0.8,4
S04044,Subtraction,7,12,0.6,3,18,0.9,4,16,0.8,4,6,0.3,1,10,0.5,2,14,0.7,3,10,0.5,2,6,0.3,1
S05514,Addition,0,0,0.0,0,8,0.4,2,18,0.9,4,8,0.4,2,4,0.2,1,16,0.8,4,12,0.6,3,8,0.4,2
S01018,Simplifying Fractions,6,12,0.6,3,12,0.6,2,12,0.6,2,14,0.7,3,8,0.4,2,10,0.5,2,2,0.1,0,12,0.6,2
S04232,Comparing Fractions,1,14,0.7,3,8,0.4,2,12,0.6,3,14,0.7,3,12,0.6,2,12,0.6,3,12,0.6,3,12,0.6,2
S04572,Simplifying Fractions,6,8,0.4,2,10,0.5,2,12,0.6,3,8,0.4,2,16,0.8,4,10,0.5,2,4,0.2,0,12,0.6,3
S05836,Ordering Fractions,5,12,0.6,3,12,0.6,3,4,0.2,1,4,0.2,1,12,0.6,3,0,0.0,0,16,0.8,4,8,0.4,2
S06250,Multiplication,4,8,0.4,2,12,0.6,3,8,0.4,2,8,0.4,2,4,0.2,1,8,0.4,2,8,0.4,2,16,0.8,4
S05096,Simplifying Fractions,6,8,0.4,2,10,0.5,2,6,0.3,1,8,0.4,2,12,0.6,3,16,0.8,4,4,0.2,1,8,0.4,2
S04110,Subtraction,7,8,0.4,1,14,0.7,3,8,0.4,2,10,0.5,2,10,0.5,2,6,0.3,1,14,0.7,3,6,0.3,1
S05017,Multiplication,4,12,0.6,3,8,0.4,2,12,0.6,3,4,0.2,1,4,0.2,1,12,0.6,3,16,0.8,4,12,0.6,3
S00774,Fraction to Decimal,3,6,0.3,1,12,0.6,3,12,0.6,2,0,0.0,0,16,0.8,4,14,0.7,3,4,0.2,1,14,0.7,3
S02638,Addition,0,8,0.4,2,10,0.5,1,14,0.7,2,12,0.6,3,12,0.6,2,16,0.8,4,10,0.5,2,12,0.6,2
S05703,Multiplication,4,8,0.4,2,14,0.7,3,8,0.4,2,8,0.4,2,6,0.3,1,8,0.4,2,20,1.0,5,8,0.4,2
S02143,Ordering Fractions,5,16,0.8,4,18,0.9,4,12,0.6,3,12,0.6,2,14,0.7,3,8,0.4,2,10,0.5,2,16,0.8,3
S02737,Addition,0,6,0.3,1,12,0.6,3,14,0.7,3,12,0.6,3,18,0.9,4,14,0.7,3,18,0.9,4,14,0.7,3
S01283,Simplifying Fractions,6,16,0.8,4,12,0.6,3,20,1.0,5,8,0.4,1,12,0.6,2,8,0.4,2,4,0.2,1,16,0.8,3
S00608,Simplifying Fractions,6,16,0.8,3,18,0.9,4,10,0.5,2,12,0.6,2,12,0.6,2,6,0.3,1,0,0.0,0,8,0.4,1
S06014,Division,2,12,0.6,3,12,0.6,3,8,0.4,2,8,0.4,2,8,0.4,2,16,0.8,4,12,0.6,3,12,0.6,3
S01814,Division,2,12,0.6,3,16,0.8,4,6,0.3,1,8,0.4,2,14,0.7,3,18,0.9,4,16,0.8,4,14,0.7,3
S02467,Subtraction,7,10,0.5,2,8,0.4,2,16,0.8,4,12,0.6,2,8,0.4,2,20,1.0,5,20,1.0,5,8,0.4,2
S01365,Simplifying Fractions,6,12,0.6,3,12,0.6,2,12,0.6,2,8,0.4,1,12,0.6,3,14,0.7,3,2,0.1,0,16,0.8,3
S04613,Division,2,16,0.8,4,14,0.7,3,8,0.4,2,12,0.6,2,8,0.4,2,10,0.5,2,16,0.8,4,14,0.7,3
S01917,Ordering Fractions,5,18,0.9,4,18,0.9,4,12,0.6,3,12,0.6,3,14,0.7,3,10,0.5,2,12,0.6,3,16,0.8,4
S05840,Subtraction,7,8,0.4,2,16,0.8,4,6,0.3,1,20,1.0,5,12,0.6,3,12,0.6,3,14,0.7,3,0,0.0,0
S01558,Comparing Fractions,1,14,0.7,3,8,0.4,1,14,0.7,3,14,0.7,3,12,0.6,3,12,0.6,2,10,0.5,2,18,0.9,4
S03116,Fraction to Decimal,3,20,1.0,5,12,0.6,3,10,0.5,2,4,0.2,1,14,0.7,3,18,0.9,4,12,0.6,2,8,0.4,2
S02106,Division,2,20,1.0,5,16,0.8,4,10,0.5,2,18,0.9,4,12,0.6,3,18,0.9,4,16,0.8,4,16,0.8,4
S02330,Ordering Fractions,5,18,0.9,4,10,0.5,2,10,0.5,2,12,0.6,2,12,0.6,3,2,0.1,0,12,0.6,2,6,0.3,1
S03475,Fraction to Decimal,3,14,0.7,2,6,0.3,1,12,0.6,3,6,0.3,1,10,0.5,2,10,0.5,2,10,0.5,2,14,0.7,3
S00121,Simplifying Fractions,6,6,0.3,1,10,0.5,2,14,0.7,2,4,0.2,0,10,0.5,2,10,0.5,2,4,0.2,0,16,0.8,4
S01277,Ordering Fractions,5,16,0.8,4,18,0.9,4,14,0.7,3,16,0.8,3,12,0.6,3,10,0.5,1,14,0.7,3,16,0.8,3
S02375,Subtraction,7,8,0.4,0,10,0.5,2,10,0.5,2,10,0.5,1,12,0.6,3,20,1.0,5,8,0.4,1,8,0.4,2
S05289,Simplifying Fractions,6,20,1.0,5,12,0.6,3,8,0.4,2,8,0.4,2,10,0.5,2,8,0.4,2,4,0.2,1,16,0.8,4
S05824,Fraction to Decimal,3,12,0.6,3,4,0.2,1,14,0.7,3,2,0.1,0,8,0.4,2,8,0.4,2,8,0.4,2,10,0.5,2
S02980,Ordering Fractions,5,12,0.6,3,16,0.8,4,12,0.6,3,6,0.3,1,12,0.6,2,6,0.3,1,12,0.6,2,10,0.5,2
S04179,Subtraction,7,10,0.5,2,16,0.8,3,10,0.5,2,12,0.6,2,10,0.5,2,16,0.8,4,12,0.6,3,4,0.2,0
S03752,Comparing Fractions,1,10,0.5,0,6,0.3,0,12,0.6,2,10,0.5,2,6,0.3,1,16,0.8,3,10,0.5,1,18,0.9,4
S02580,Addition,0,6,0.3,1,10,0.5,2,10,0.5,2,12,0.6,3,8,0.4,2,12,0.6,3,8,0.4,1,14,0.7,2
S01046,Ordering Fractions,5,16,0.8,4,12,0.6,3,12,0.6,3,16,0.8,4,14,0.7,3,10,0.5,2,14,0.7,3,16,0.8,3
S05712,Simplifying Fractions,6,10,0.5,2,20,1.0,5,16,0.8,4,20,1.0,5,14,0.7,3,8,0.4,2,4,0.2,1,12,0.6,3
S05909,Division,2,16,0.8,4,6,0.3,1,4,0.2,1,12,0.6,3,14,0.7,3,8,0.4,2,4,0.2,1,16,0.8,4
S04034,Subtraction,7,6,0.3,1,6,0.3,0,8,0.4,1,12,0.6,3,4,0.2,1,12,0.6,2,14,0.7,3,4,0.2,1
S00059,Fraction to Decimal,3,14,0.7,2,16,0.8,3,8,0.4,2,4,0.2,0,8,0.4,1,14,0.7,3,6,0.3,1,10,0.5,1
S04552,Fraction to Decimal,3,10,0.5,2,16,0.8,4,14,0.7,3,4,0.2,0,8,0.4,2,16,0.8,4,20,1.0,5,14,0.7,3
S05705,Multiplication,4,14,0.7,3,6,0.3,1,14,0.7,3,16,0.8,4,2,0.1,0,10,0.5,2,12,0.6,3,12,0.6,3
S03834,Addition,0,8,0.4,2,16,0.8,3,10,0.5,2,12,0.6,2,12,0.6,3,10,0.5,2,10,0.5,2,10,0.5,2
S05684,Division,2,14,0.7,3,16,0.8,4,2,0.1,0,10,0.5,2,4,0.2,1,4,0.2,1,6,0.3,1,2,0.1,0
S02045,Division,2,4,0.2,0,12,0.6,3,2,0.1,0,12,0.6,3,12,0.6,3,18,0.9,4,12,0.6,2,18,0.9,4
S02938,Multiplication,4,16,0.8,4,8,0.4,2,12,0.6,3,10,0.5,2,8,0.4,2,16,0.8,4,14,0.7,3,10,0.5,2
S05226,Ordering Fractions,5,8,0.4,2,18,0.9,4,16,0.8,4,12,0.6,3,20,1.0,5,8,0.4,2,20,1.0,5,14,0.7,3
S02334,Addition,0,6,0.3,1,8,0.4,2,16,0.8,4,12,0.6,2,12,0.6,3,12,0.6,2,14,0.7,3,12,0.6,3
S03577,Fraction to Decimal,3,12,0.6,2,14,0.7,3,10,0.5,2,4,0.2,1,14,0.7,3,8,0.4,2,10,0.5,2,8,0.4,2
S01435,Division,2,20,1.0,5,8,0.4,2,6,0.3,1,12,0.6,1,8,0.4,2,14,0.7,3,8,0.4,0,8,0.4,1
S06271,Multiplication,4,12,0.6,3,12,0.6,3,12,0.6,3,12,0.6,3,4,0.2,1,12,0.6,3,4,0.2,1,12,0.6,3
S02836,Comparing Fractions,1,12,0.6,3,8,0.4,1,12,0.6,3,8,0.4,2,12,0.6,3,16,0.8,3,20,1.0,5,12,0.6,2
S02193,Division,2,16,0.8,4,12,0.6,2,8,0.4,2,12,0.6,3,8,0.4,2,18,0.9,4,12,0.6,2,18,0.9,4
S00816,Multiplication,4,8,0.4,2,12,0.6,3,12,0.6,3,8,0.4,2,4,0.2,1,10,0.5,2,20,1.0,5,16,0.8,4
S05070,Ordering Fractions,5,16,0.8,4,6,0.3,1,12,0.6,3,16,0.8,4,10,0.5,2,2,0.1,0,8,0.4,2,18,0.9,4
S03950,Simplifying Fractions,6,8,0.4,1,14,0.7,3,8,0.4,1,16,0.8,3,12,0.6,2,16,0.8,4,4,0.2,0,16,0.8,4
S05593,Comparing Fractions,1,12,0.6,3,8,0.4,2,12,0.6,3,12,0.6,3,12,0.6,3,14,0.7,3,12,0.6,3,12,0.6,3
S01653,Ordering Fractions,5,12,0.6,3,12,0.6,3,12,0.6,3,20,1.0,5,12,0.6,3,4,0.2,1,10,0.5,2,12,0.6,3
S03111,Addition,0,4,0.2,1,6,0.3,1,12,0.6,3,16,0.8,3,8,0.4,2,6,0.3,1,14,0.7,3,6,0.3,1
S05845,Ordering Fractions,5,8,0.4,2,6,0.3,1,8,0.4,2,10,0.5,2,6,0.3,1,4,0.2,1,8,0.4,2,8,0.4,2
S04488,Fraction to Decimal,3,12,0.6,3,16,0.8,4,18,0.9,4,4,0.2,1,4,0.2,0,20,1.0,5,6,0.3,1,14,0.7,3
S04194,Addition,0,4,0.2,1,10,0.5,2,6,0.3,1,12,0.6,3,10,0.5,2,10,0.5,2,16,0.8,3,14,0.7,3
S02788,Multiplication,4,12,0.6,3,16,0.8,4,8,0.4,2,10,0.5,2,6,0.3,1,20,1.0,5,16,0.8,4,8,0.4,2
S01791,Fraction to Decimal,3,20,1.0,5,12,0.6,3,8,0.4,1,4,0.2,1,18,0.9,4,14,0.7,3,8,0.4,1,18,0.9,4
S00460,Subtraction,7,16,0.8,4,16,0.8,4,14,0.7,3,12,0.6,2,8,0.4,2,10,0.5,2,10,0.5,2,6,0.3,1
S00426,Comparing Fractions,1,12,0.6,2,4,0.2,1,10,0.5,2,10,0.5,2,14,0.7,3,8,0.4,1,16,0.8,4,20,1.0,5
S00565,Subtraction,7,20,1.0,5,12,0.6,3,8,0.4,2,12,0.6,3,20,1.0,5,18,0.9,4,14,0.7,3,8,0.4,2
S02619,Simplifying Fractions,6,14,0.7,3,8,0.4,1,14,0.7,3,16,0.8,4,16,0.8,4,10,0.5,2,6,0.3,0,8,0.4,1
S00883,Ordering Fractions,5,16,0.8,3,10,0.5,2,12,0.6,2,10,0.5,2,14,0.7,3,8,0.4,1,16,0.8,4,18,0.9,4
S00062,Addition,0,10,0.5,2,16,0.8,4,12,0.6,3,16,0.8,4,18,0.9,4,14,0.7,2,14,0.7,3,16,0.8,4
S03225,Ordering Fractions,5,18,0.9,4,14,0.7,3,10,0.5,2,10,0.5,1,18,0.9,4,6,0.3,1,12,0.6,3,20,1.0,5
S04754,Division,2,6,0.3,1,12,0.6,2,2,0.1,0,6,0.3,1,12,0.6,3,12,0.6,2,16,0.8,4,6,0.3,1
S00602,Multiplication,4,12,0.6,2,10,0.5,2,12,0.6,2,12,0.6,2,8,0.4,1,12,0.6,3,12,0.6,2,10,0.5,2
S04441,Division,2,10,0.5,2,16,0.8,3,4,0.2,1,10,0.5,2,8,0.4,2,8,0.4,1,12,0.6,2,10,0.5,2
S02577,Ordering Fractions,5,10,0.5,2,14,0.7,3,10,0.5,2,8,0.4,2,8,0.4,1,6,0.3,1,10,0.5,2,16,0.8,4
S02797,Comparing Fractions,1,20,1.0,5,8,0.4,2,10,0.5,2,18,0.9,4,12,0.6,3,10,0.5,2,18,0.9,4,18,0.9,4
S03273,Subtraction,7,14,0.7,3,6,0.3,1,12,0.6,2,8,0.4,2,18,0.9,4,8,0.4,2,10,0.5,2,6,0.3,1
S05033,Simplifying Fractions,6,16,0.8,4,6,0.3,1,12,0.6,3,8,0.4,2,6,0.3,1,8,0.4,2,0,0.0,0,4,0.2,1
S05674,Fraction to Decimal,3,6,0.3,1,12,0.6,3,8,0.4,2,6,0.3,1,20,1.0,5,12,0.6,3,16,0.8,4,16,0.8,4
S00911,Comparing Fractions,1,16,0.8,3,6,0.3,1,8,0.4,1,12,0.6,3,6,0.3,1,12,0.6,2,8,0.4,1,10,0.5,2
S04955,Subtraction,7,12,0.6,3,10,0.5,2,12,0.6,2,10,0.5,2,12,0.6,2,6,0.3,1,10,0.5,2,4,0.2,1
S03147,Multiplication,4,8,0.4,2,6,0.3,1,10,0.5,2,6,0.3,1,6,0.3,0,6,0.3,1,14,0.7,3,6,0.3,1
S06394,Simplifying Fractions,6,12,0.6,3,12,0.6,3,8,0.4,2,0,0.0,0,12,0.6,3,12,0.6,3,0,0.0,0,16,0.8,4
S04113,Division,2,18,0.9,4,16,0.8,4,2,0.1,0,4,0.2,1,16,0.8,4,16,0.8,4,10,0.5,2,18,0.9,4
S01928,Ordering Fractions,5,14,0.7,3,20,1.0,5,20,1.0,5,16,0.8,3,14,0.7,3,12,0.6,3,12,0.6,2,12,0.6,2
S04468,Ordering Fractions,5,8,0.4,1,4,0.2,1,12,0.6,3,16,0.8,4,10,0.5,1,2,0.1,0,6,0.3,1,14,0.7,3
S04416,Division,2,16,0.8,3,20,1.0,5,6,0.3,1,6,0.3,1,14,0.7,3,16,0.8,4,14,0.7,3,16,0.8,4
S05297,Subtraction,7,8,0.4,2,12,0.6,3,20,1.0,5,12,0.6,3,18,0.9,4,8,0.4,2,8,0.4,2,4,0.2,1
S02790,Fraction to Decimal,3,8,0.4,2,12,0.6,2,14,0.7,3,8,0.4,2,12,0.6,3,12,0.6,2,12,0.6,3,14,0.7,3
S03154,Simplifying Fractions,6,8,0.4,1,20,1.0,5,10,0.5,1,10,0.5,2,14,0.7,3,12,0.6,3,4,0.2,0,12,0.6,3
S06251,Ordering Fractions,5,12,0.6,3,12,0.6,3,8,0.4,2,12,0.6,3,12,0.6,3,4,0.2,1,12,0.6,3,8,0.4,2
S04511,Subtraction,7,16,0.8,4,14,0.7,3,16,0.8,4,16,0.8,4,16,0.8,3,10,0.5,2,14,0.7,3,10,0.5,2
S00423,Simplifying Fractions,6,10,0.5,2,18,0.9,4,8,0.4,2,14,0.7,3,12,0.6,2,8,0.4,2,6,0.3,1,8,0.4,1
S05907,Ordering Fractions,5,0,0.0,0,12,0.6,3,8,0.4,2,4,0.2,1,6,0.3,1,0,0.0,0,12,0.6,3,8,0.4,2
S05461,Fraction to Decimal,3,8,0.4,2,8,0.4,2,8,0.4,2,4,0.2,1,6,0.3,1,16,0.8,4,10,0.5,2,8,0.4,2
S03178,Comparing Fractions,1,10,0.5,1,4,0.2,1,6,0.3,1,6,0.3,1,10,0.5,2,18,0.9,4,8,0.4,2,8,0.4,1
S02039,Simplifying Fractions,6,10,0.5,2,16,0.8,4,14,0.7,3,14,0.7,3,6,0.3,1,14,0.7,3,4,0.2,0,16,0.8,4
S01338,Subtraction,7,10,0.5,2,16,0.8,3,2,0.1,0,4,0.2,0,10,0.5,2,4,0.2,1,16,0.8,4,0,0.0,0
S00400,Subtraction,7,16,0.8,4,10,0.5,2,10,0.5,1,10,0.5,2,16,0.8,3,18,0.9,4,16,0.8,4,8,0.4,2
S05896,Comparing Fractions,1,16,0.8,4,0,0.0,0,8,0.4,2,14,0.7,3,8,0.4,2,12,0.6,3,8,0.4,2,8,0.4,2
S05670,Division,2,20,1.0,5,8,0.4,2,8,0.4,2,12,0.6,3,14,0.7,3,16,0.8,4,12,0.6,3,14,0.7,3
S03351,Multiplication,4,16,0.8,4,12,0.6,3,16,0.8,3,12,0.6,2,10,0.5,2,12,0.6,1,12,0.6,3,12,0.6,3
S02462,Simplifying Fractions,6,8,0.4,1,6,0.3,1,12,0.6,3,16,0.8,4,10,0.5,1,12,0.6,3,4,0.2,1,10,0.5,1
S03215,Division,2,18,0.9,4,8,0.4,1,4,0.2,1,8,0.4,1,8,0.4,2,14,0.7,3,8,0.4,1,18,0.9,4
S03359,Fraction to Decimal,3,16,0.8,4,18,0.9,4,10,0.5,2,8,0.4,2,14,0.7,3,16,0.8,4,18,0.9,4,10,0.5,1
S02423,Ordering Fractions,5,12,0.6,3,20,1.0,5,14,0.7,3,10,0.5,2,14,0.7,3,8,0.4,1,20,1.0,5,12,0.6,3
S00984,Fraction to Decimal,3,14,0.7,3,14,0.7,3,18,0.9,4,14,0.7,3,16,0.8,4,16,0.8,4,16,0.8,4,14,0.7,3
S05977,Division,2,6,0.3,1,12,0.6,3,4,0.2,1,12,0.6,3,16,0.8,4,16,0.8,4,8,0.4,2,10,0.5,2
S02732,Division,2,10,0.5,1,12,0.6,3,4,0.2,0,4,0.2,0,16,0.8,4,10,0.5,2,8,0.4,1,8,0.4,2
S04889,Subtraction,7,12,0.6,2,10,0.5,2,8,0.4,2,16,0.8,4,12,0.6,2,8,0.4,2,12,0.6,2,6,0.3,1
S01336,Subtraction,7,12,0.6,2,16,0.8,3,16,0.8,4,12,0.6,3,18,0.9,4,14,0.7,2,18,0.9,4,6,0.3,0
S05694,Ordering Fractions,5,8,0.4,2,14,0.7,3,12,0.6,3,4,0.2,1,20,1.0,5,4,0.2,1,12,0.6,3,12,0.6,3
S00042,Multiplication,4,10,0.5,2,14,0.7,3,8,0.4,1,10,0.5,1,6,0.3,1,10,0.5,1,10,0.5,1,16,0.8,4
S01085,Multiplication,4,10,0.5,2,14,0.7,3,14,0.7,3,16,0.8,4,8,0.4,1,10,0.5,2,12,0.6,3,14,0.7,3
S04395,Division,2,12,0.6,2,16,0.8,4,8,0.4,1,14,0.7,3,10,0.5,2,12,0.6,3,16,0.8,4,12,0.6,3
S01353,Multiplication,4,8,0.4,2,10,0.5,2,10,0.5,2,14,0.7,3,2,0.1,0,14,0.7,3,10,0.5,2,6,0.3,1
S05285,Multiplication,4,12,0.6,3,4,0.2,1,6,0.3,1,10,0.5,2,2,0.1,0,12,0.6,3,10,0.5,2,8,0.4,2
S05209,Ordering Fractions,5,8,0.4,2,10,0.5,2,8,0.4,2,18,0.9,4,20,1.0,5,4,0.2,1,20,1.0,5,20,1.0,5
S02668,Ordering Fractions,5,18,0.9,4,12,0.6,3,14,0.7,3,16,0.8,4,10,0.5,2,8,0.4,2,8,0.4,2,12,0.6,3
S04967,Division,2,20,1.0,5,10,0.5,1,4,0.2,1,6,0.3,1,12,0.6,3,20,1.0,5,16,0.8,4,14,0.7,2
S04356,Comparing Fractions,1,14,0.7,2,8,0.4,1,16,0.8,4,16,0.8,4,18,0.9,4,12,0.6,3,10,0.5,2,14,0.7,3
S05331,Subtraction,7,8,0.4,2,4,0.2,1,8,0.4,2,18,0.9,4,4,0.2,1,18,0.9,4,4,0.2,1,0,0.0,0
S06002,Ordering Fractions,5,8,0.4,2,12,0.6,3,8,0.4,2,8,0.4,2,12,0.6,3,4,0.2,1,20,1.0,5,12,0.6,3
S05515,Division,2,8,0.4,2,12,0.6,3,2,0.1,0,8,0.4,2,10,0.5,2,8,0.4,2,12,0.6,3,4,0.2,1
S04976,Division,2,12,0.6,2,8,0.4,2,4,0.2,1,6,0.3,1,14,0.7,3,10,0.5,2,10,0.5,2,12,0.6,3
S01677,Simplifying Fractions,6,18,0.9,4,12,0.6,3,10,0.5,2,8,0.4,2,12,0.6,2,8,0.4,1,4,0.2,0,16,0.8,4
S05245,Addition,0,6,0.3,1,12,0.6,3,16,0.8,4,12,0.6,3,16,0.8,4,8,0.4,2,10,0.5,2,8,0.4,2
S04637,Multiplication,4,8,0.4,2,8,0.4,2,18,0.9,4,10,0.5,1,6,0.3,1,16,0.8,3,12,0.6,2,6,0.3,1
S00549,Comparing Fractions,1,8,0.4,1,4,0.2,1,18,0.9,4,8,0.4,2,10,0.5,2,10,0.5,2,4,0.2,1,10,0.5,2
S01592,Division,2,14,0.7,3,12,0.6,2,4,0.2,1,16,0.8,4,4,0.2,1,16,0.8,4,8,0.4,1,14,0.7,3
S03392,Addition,0,4,0.2,1,6,0.3,1,14,0.7,3,12,0.6,3,12,0.6,3,16,0.8,4,10,0.5,2,14,0.7,3
S00690,Subtraction,7,12,0.6,2,10,0.5,1,18,0.9,4,6,0.3,1,10,0.5,2,8,0.4,2,14,0.7,3,4,0.2,1
S03852,Comparing Fractions,1,16,0.8,4,12,0.6,2,14,0.7,3,16,0.8,4,12,0.6,3,20,1.0,5,14,0.7,3,18,0.9,4
S04579,Subtraction,7,16,0.8,4,12,0.6,2,16,0.8,4,14,0.7,3,16,0.8,4,12,0.6,3,18,0.9,4,10,0.5,2
S03920,Addition,0,6,0.3,1,12,0.6,2,12,0.6,2,14,0.7,3,10,0.5,2,10,0.5,2,10,0.5,2,12,0.6,3
S05419,Comparing Fractions,1,16,0.8,4,4,0.2,1,12,0.6,3,20,1.0,5,4,0.2,1,20,1.0,5,12,0.6,3,20,1.0,5
S02042,Simplifying Fractions,6,12,0.6,3,12,0.6,2,8,0.4,2,8,0.4,1,10,0.5,2,8,0.4,2,4,0.2,0,18,0.9,4
S01088,Multiplication,4,12,0.6,3,14,0.7,3,12,0.6,3,14,0.7,3,12,0.6,3,14,0.7,3,20,1.0,5,16,0.8,4
S00933,Division,2,10,0.5,2,20,1.0,5,8,0.4,2,12,0.6,3,12,0.6,3,16,0.8,4,16,0.8,4,14,0.7,3
S00131,Multiplication,4,8,0.4,1,14,0.7,2,16,0.8,4,10,0.5,2,6,0.3,0,14,0.7,3,16,0.8,4,12,0.6,3
S04852,Multiplication,4,12,0.6,3,12,0.6,3,16,0.8,4,18,0.9,4,6,0.3,1,8,0.4,1,10,0.5,2,12,0.6,2
S05235,Comparing Fractions,1,8,0.4,2,4,0.2,1,8,0.4,2,18,0.9,4,16,0.8,4,12,0.6,3,20,1.0,5,20,1.0,5
S04036,Ordering Fractions,5,10,0.5,1,12,0.6,3,12,0.6,3,16,0.8,4,8,0.4,1,8,0.4,2,14,0.7,3,12,0.6,3
S05363,Fraction to Decimal,3,20,1.0,5,12,0.6,3,8,0.4,2,0,0.0,0,16,0.8,4,18,0.9,4,12,0.6,3,16,0.8,4
S00477,Subtraction,7,14,0.7,3,14,0.7,3,10,0.5,2,12,0.6,3,14,0.7,3,14,0.7,3,14,0.7,3,8,0.4,2
S02960,Ordering Fractions,5,8,0.4,2,10,0.5,2,10,0.5,2,12,0.6,2,6,0.3,1,6,0.3,0,6,0.3,1,10,0.5,2
S01297,Addition,0,4,0.2,0,16,0.8,4,16,0.8,3,10,0.5,2,8,0.4,1,8,0.4,2,10,0.5,2,10,0.5,2
S04858,Ordering Fractions,5,6,0.3,1,12,0.6,3,14,0.7,3,16,0.8,4,10,0.5,2,2,0.1,0,16,0.8,3,12,0.6,2
S05025,Fraction to Decimal,3,12,0.6,3,8,0.4,2,8,0.4,2,4,0.2,1,8,0.4,2,18,0.9,4,6,0.3,1,8,0.4,2
S05296,Ordering Fractions,5,16,0.8,4,20,1.0,5,10,0.5,2,8,0.4,2,18,0.9,4,0,0.0,0,12,0.6,3,12,0.6,3
S06062,Subtraction,7,12,0.6,3,8,0.4,2,8,0.4,2,8,0.4,2,16,0.8,4,20,1.0,5,8,0.4,2,4,0.2,1
S03515,Subtraction,7,12,0.6,3,10,0.5,2,12,0.6,3,12,0.6,3,14,0.7,3,10,0.5,1,12,0.6,2,8,0.4,2
S02235,Addition,0,6,0.3,1,10,0.5,1,8,0.4,1,14,0.7,3,16,0.8,4,10,0.5,2,20,1.0,5,12,0.6,3
S02545,Division,2,10,0.5,2,16,0.8,3,4,0.2,1,12,0.6,2,10,0.5,2,16,0.8,4,12,0.6,3,16,0.8,3
S01090,Multiplication,4,12,0.6,3,14,0.7,3,12,0.6,2,6,0.3,1,2,0.1,0,8,0.4,2,10,0.5,2,4,0.2,0
S03267,Fraction to Decimal,3,6,0.3,1,12,0.6,3,12,0.6,3,4,0.2,1,10,0.5,2,12,0.6,3,6,0.3,1,12,0.6,2
S02785,Multiplication,4,16,0.8,4,16,0.8,4,12,0.6,3,12,0.6,2,12,0.6,2,16,0.8,4,20,1.0,5,16,0.8,4
S01009,Addition,0,8,0.4,1,12,0.6,3,12,0.6,3,16,0.8,3,8,0.4,1,10,0.5,1,12,0.6,3,10,0.5,2
S01740,Simplifying Fractions,6,8,0.4,1,18,0.9,4,14,0.7,3,14,0.7,3,14,0.7,3,16,0.8,4,6,0.3,1,8,0.4,2
S01943,Fraction to Decimal,3,12,0.6,3,18,0.9,4,20,1.0,5,12,0.6,3,14,0.7,3,18,0.9,4,12,0.6,3,16,0.8,3
S01229,Addition,0,2,0.1,0,12,0.6,3,12,0.6,2,6,0.3,1,8,0.4,0,8,0.4,2,16,0.8,3,10,0.5,1
S04656,Addition,0,2,0.1,0,14,0.7,3,12,0.6,2,12,0.6,2,10,0.5,2,14,0.7,3,8,0.4,1,14,0.7,3
S05216,Simplifying Fractions,6,12,0.6,3,8,0.4,2,8,0.4,2,10,0.5,2,4,0.2,1,16,0.8,4,4,0.2,1,6,0.3,1
S02004,Comparing Fractions,1,8,0.4,2,4,0.2,1,8,0.4,1,6,0.3,1,8,0.4,2,14,0.7,3,14,0.7,3,20,1.0,5
S00946,Comparing Fractions,1,10,0.5,2,8,0.4,1,10,0.5,2,14,0.7,3,16,0.8,4,12,0.6,3,12,0.6,2,16,0.8,3
S05474,Addition,0,8,0.4,2,16,0.8,4,8,0.4,2,14,0.7,3,20,1.0,5,16,0.8,4,16,0.8,4,18,0.9,4
S01901,Comparing Fractions,1,12,0.6,3,2,0.1,0,6,0.3,1,8,0.4,1,6,0.3,1,8,0.4,1,18,0.9,4,12,0.6,3
S04393,Division,2,18,0.9,4,10,0.5,2,6,0.3,1,14,0.7,3,10,0.5,2,10,0.5,2,14,0.7,3,12,0.6,3
S04466,Simplifying Fractions,6,12,0.6,3,10,0.5,2,14,0.7,3,16,0.8,3,16,0.8,3,12,0.6,3,2,0.1,0,14,0.7,3
S01685,Subtraction,7,8,0.4,2,8,0.4,2,16,0.8,4,10,0.5,2,10,0.5,2,16,0.8,4,8,0.4,2,6,0.3,1
S01244,Ordering Fractions,5,20,1.0,5,10,0.5,2,12,0.6,3,10,0.5,2,10,0.5,2,6,0.3,1,8,0.4,1,8,0.4,2
S02240,Comparing Fractions,1,12,0.6,3,6,0.3,1,20,1.0,5,12,0.6,3,14,0.7,2,12,0.6,2,16,0.8,4,12,0.6,3
S04102,Fraction to Decimal,3,8,0.4,2,12,0.6,3,6,0.3,0,6,0.3,1,8,0.4,0,12,0.6,2,10,0.5,2,12,0.6,3
S06284,Simplifying Fractions,6,16,0.8,4,12,0.6,3,8,0.4,2,20,1.0,5,8,0.4,2,8,0.4,2,4,0.2,1,12,0.6,3
S02100,Addition,0,8,0.4,1,12,0.6,3,14,0.7,3,10,0.5,1,16,0.8,4,10,0.5,2,16,0.8,4,14,0.7,3
S01916,Subtraction,7,10,0.5,2,16,0.8,4,12,0.6,2,8,0.4,1,16,0.8,3,8,0.4,2,12,0.6,2,4,0.2,1
S04274,Division,2,10,0.5,2,20,1.0,5,6,0.3,1,12,0.6,2,12,0.6,3,14,0.7,3,14,0.7,3,20,1.0,5
S04190,Simplifying Fractions,6,18,0.9,4,16,0.8,3,20,1.0,5,12,0.6,3,16,0.8,4,12,0.6,3,4,0.2,1,14,0.7,3
S00194,Multiplication,4,10,0.5,2,10,0.5,2,6,0.3,1,12,0.6,2,4,0.2,1,10,0.5,2,8,0.4,1,20,1.0,5
S04886,Ordering Fractions,5,14,0.7,3,14,0.7,3,10,0.5,2,20,1.0,5,20,1.0,5,4,0.2,1,14,0.7,3,18,0.9,4
S06220,Comparing Fractions,1,8,0.4,2,0,0.0,0,12,0.6,3,12,0.6,3,0,0.0,0,4,0.2,1,0,0.0,0,16,0.8,4
S06387,Multiplication,4,8,0.4,2,16,0.8,4,8,0.4,2,8,0.4,2,4,0.2,1,16,0.8,4,8,0.4,2,12,0.6,3
S03669,Simplifying Fractions,6,2,0.1,0,4,0.2,1,8,0.4,1,10,0.5,1,12,0.6,3,10,0.5,1,0,0.0,0,4,0.2,1
S02348,Division,2,10,0.5,1,18,0.9,4,6,0.3,1,14,0.7,3,14,0.7,3,12,0.6,2,8,0.4,1,12,0.6,3
S03994,Fraction to Decimal,3,16,0.8,4,14,0.7,3,16,0.8,4,4,0.2,1,6,0.3,1,12,0.6,3,12,0.6,3,20,1.0,5
S01921,Ordering Fractions,5,12,0.6,3,14,0.7,3,16,0.8,4,14,0.7,3,12,0.6,2,8,0.4,1,16,0.8,4,12,0.6,3
S01902,Addition,0,2,0.1,0,16,0.8,4,20,1.0,5,8,0.4,0,18,0.9,4,18,0.9,4,14,0.7,3,8,0.4,2
S05518,Simplifying Fractions,6,10,0.5,2,12,0.6,3,16,0.8,4,4,0.2,1,10,0.5,2,12,0.6,3,0,0.0,0,4,0.2,1
S03902,Comparing Fractions,1,12,0.6,3,12,0.6,2,14,0.7,3,16,0.8,3,20,1.0,5,16,0.8,4,18,0.9,4,14,0.7,3
S04512,Multiplication,4,8,0.4,2,18,0.9,4,10,0.5,2,16,0.8,4,4,0.2,1,10,0.5,2,20,1.0,5,14,0.7,3
S05189,Division,2,10,0.5,2,16,0.8,4,10,0.5,2,16,0.8,4,16,0.8,4,20,1.0,5,14,0.7,3,16,0.8,4
S03383,Division,2,16,0.8,4,16,0.8,3,8,0.4,1,20,1.0,5,10,0.5,2,16,0.8,4,10,0.5,2,18,0.9,4
S02822,Multiplication,4,14,0.7,3,14,0.7,3,12,0.6,2,12,0.6,3,12,0.6,3,14,0.7,2,16,0.8,4,20,1.0,5
S00301,Multiplication,4,10,0.5,2,12,0.6,3,12,0.6,3,18,0.9,4,4,0.2,1,12,0.6,3,10,0.5,2,20,1.0,5
S01841,Fraction to Decimal,3,16,0.8,4,12,0.6,2,18,0.9,4,8,0.4,1,10,0.5,2,16,0.8,4,16,0.8,4,14,0.7,3
S01521,Addition,0,4,0.2,1,10,0.5,2,12,0.6,3,12,0.6,2,14,0.7,3,8,0.4,2,10,0.5,2,12,0.6,2
S03329,Fraction to Decimal,3,12,0.6,3,6,0.3,1,18,0.9,4,0,0.0,0,10,0.5,2,12,0.6,3,16,0.8,3,12,0.6,3
S01404,Fraction to Decimal,3,14,0.7,3,8,0.4,1,16,0.8,3,4,0.2,0,12,0.6,2,18,0.9,4,4,0.2,1,12,0.6,3
S04340,Addition,0,2,0.1,0,12,0.6,3,6,0.3,1,10,0.5,2,10,0.5,1,6,0.3,1,16,0.8,4,10,0.5,2
S03816,Fraction to Decimal,3,14,0.7,3,12,0.6,3,8,0.4,1,6,0.3,1,16,0.8,3,8,0.4,1,10,0.5,2,14,0.7,3
S00489,Multiplication,4,20,1.0,5,16,0.8,4,14,0.7,3,10,0.5,2,8,0.4,2,12,0.6,3,12,0.6,3,16,0.8,4
S01955,Comparing Fractions,1,12,0.6,3,8,0.4,1,18,0.9,4,16,0.8,4,8,0.4,1,20,1.0,5,12,0.6,3,12,0.6,3
S03435,Simplifying Fractions,6,14,0.7,3,8,0.4,1,14,0.7,2,12,0.6,2,8,0.4,2,10,0.5,2,6,0.3,1,12,0.6,3
S01988,Ordering Fractions,5,6,0.3,1,12,0.6,3,6,0.3,0,12,0.6,3,12,0.6,2,6,0.3,1,8,0.4,1,10,0.5,2
S04570,Ordering Fractions,5,16,0.8,3,16,0.8,4,18,0.9,4,18,0.9,4,20,1.0,5,14,0.7,3,20,1.0,5,16,0.8,4
S03399,Division,2,14,0.7,3,16,0.8,4,8,0.4,2,18,0.9,4,10,0.5,2,12,0.6,3,14,0.7,3,16,0.8,4
S02332,Division,2,10,0.5,2,16,0.8,4,2,0.1,0,2,0.1,0,10,0.5,2,12,0.6,3,14,0.7,3,8,0.4,1
S05903,Fraction to Decimal,3,20,1.0,5,12,0.6,3,16,0.8,4,12,0.6,3,12,0.6,3,16,0.8,4,16,0.8,4,14,0.7,3
S01851,Subtraction,7,12,0.6,2,8,0.4,1,4,0.2,1,10,0.5,1,10,0.5,2,8,0.4,1,6,0.3,1,2,0.1,0
S03079,Multiplication,4,12,0.6,2,14,0.7,3,12,0.6,2,14,0.7,3,8,0.4,2,10,0.5,1,10,0.5,2,10,0.5,2
S03830,Multiplication,4,10,0.5,2,16,0.8,4,12,0.6,3,18,0.9,4,4,0.2,0,14,0.7,3,8,0.4,2,12,0.6,3
S03463,Addition,0,8,0.4,1,16,0.8,4,12,0.6,3,20,1.0,5,12,0.6,3,10,0.5,2,8,0.4,2,20,1.0,5
S06095,Division,2,20,1.0,5,12,0.6,3,8,0.4,2,16,0.8,4,16,0.8,4,16,0.8,4,16,0.8,4,12,0.6,3
S01566,Comparing Fractions,1,18,0.9,4,6,0.3,0,14,0.7,3,8,0.4,2,14,0.7,3,20,1.0,5,10,0.5,2,12,0.6,3
S03618,Multiplication,4,8,0.4,1,8,0.4,1,6,0.3,1,12,0.6,3,2,0.1,0,20,1.0,5,8,0.4,1,10,0.5,2
S00459,Fraction to Decimal,3,12,0.6,2,10,0.5,2,20,1.0,5,4,0.2,1,12,0.6,3,10,0.5,2,8,0.4,2,12,0.6,3
S05810,Multiplication,4,12,0.6,3,12,0.6,3,8,0.4,2,20,1.0,5,8,0.4,2,12,0.6,3,20,1.0,5,16,0.8,4
S06016,Comparing Fractions,1,20,1.0,5,4,0.2,1,20,1.0,5,8,0.4,2,8,0.4,2,16,0.8,4,12,0.6,3,12,0.6,3
S04420,Addition,0,6,0.3,1,8,0.4,2,18,0.9,4,14,0.7,3,14,0.7,3,8,0.4,1,12,0.6,3,14,0.7,3
S02055,Multiplication,4,6,0.3,1,8,0.4,2,16,0.8,4,10,0.5,2,4,0.2,1,20,1.0,5,16,0.8,4,14,0.7,3
S02642,Subtraction,7,10,0.5,1,16,0.8,3,20,1.0,5,12,0.6,2,10,0.5,1,14,0.7,3,14,0.7,3,8,0.4,2
S05043,Simplifying Fractions,6,14,0.7,3,16,0.8,4,12,0.6,3,12,0.6,3,8,0.4,2,14,0.7,3,4,0.2,1,20,1.0,5
S03431,Ordering Fractions,5,20,1.0,5,4,0.2,1,8,0.4,1,14,0.7,3,18,0.9,4,0,0.0,0,10,0.5,2,18,0.9,4
S05052,Subtraction,7,8,0.4,2,8,0.4,2,20,1.0,5,8,0.4,2,4,0.2,1,14,0.7,3,8,0.4,2,4,0.2,1
S06087,Comparing Fractions,1,8,0.4,2,0,0.0,0,0,0.0,0,12,0.6,3,12,0.6,3,8,0.4,2,8,0.4,2,8,0.4,2
S05782,Fraction to Decimal,3,16,0.8,4,16,0.8,4,12,0.6,3,8,0.4,2,14,0.7,3,16,0.8,4,14,0.7,3,12,0.6,3
S01487,Fraction to Decimal,3,18,0.9,4,10,0.5,2,14,0.7,3,2,0.1,0,8,0.4,1,6,0.3,0,20,1.0,5,10,0.5,2
S05166,Comparing Fractions,1,16,0.8,4,4,0.2,1,8,0.4,2,6,0.3,1,12,0.6,3,10,0.5,2,8,0.4,2,4,0.2,1
S06214,Division,2,8,0.4,2,8,0.4,2,0,0.0,0,0,0.0,0,0,0.0,0,12,0.6,3,20,1.0,5,12,0.6,3
S02477,Addition,0,6,0.3,1,8,0.4,2,20,1.0,5,14,0.7,2,16,0.8,3,10,0.5,1,14,0.7,3,10,0.5,1
S04916,Multiplication,4,16,0.8,4,14,0.7,3,16,0.8,3,10,0.5,2,8,0.4,2,12,0.6,3,16,0.8,4,16,0.8,3
S02611,Ordering Fractions,5,16,0.8,4,16,0.8,4,16,0.8,3,8,0.4,2,16,0.8,3,4,0.2,0,10,0.5,2,6,0.3,1
S04141,Ordering Fractions,5,12,0.6,2,10,0.5,1,6,0.3,1,4,0.2,1,16,0.8,4,2,0.1,0,16,0.8,3,10,0.5,2
S05392,Subtraction,7,16,0.8,4,8,0.4,2,8,0.4,2,12,0.6,3,10,0.5,2,6,0.3,1,6,0.3,1,0,0.0,0
S05702,Addition,0,8,0.4,2,18,0.9,4,12,0.6,3,18,0.9,4,12,0.6,3,20,1.0,5,16,0.8,4,20,1.0,5
S05198,Ordering Fractions,5,4,0.2,1,12,0.6,3,16,0.8,4,16,0.8,4,0,0.0,0,0,0.0,0,12,0.6,3,12,0.6,3
S06073,Simplifying Fractions,6,8,0.4,2,12,0.6,3,16,0.8,4,8,0.4,2,12,0.6,3,8,0.4,2,4,0.2,1,8,0.4,2
S00325,Comparing Fractions,1,10,0.5,1,6,0.3,1,18,0.9,4,8,0.4,1,10,0.5,2,20,1.0,5,12,0.6,2,12,0.6,3
